3808 2026-04-08 02:33:00,143 webull.core.http.initializer.client_initializer INFO _check_token_enable result is True
3808 2026-04-08 02:33:00,251 webull.core.http.initializer.token.token_storage INFO storage_token uses the default configuration, conf.
3808 2026-04-08 02:33:00,252 webull.core.http.initializer.token.token_storage INFO storage_token initialized path:C:\Users\yalil\OneDrive\Desktop\AI-projects\quantitivestocks\conf\token.txt.
3808 2026-04-08 02:33:00,252 webull.core.http.initializer.token.token_manager INFO load_token_from_local file not exists, file:C:\Users\yalil\OneDrive\Desktop\AI-projects\quantitivestocks\conf\token.txt.
3808 2026-04-08 02:33:00,750 webull.core.http.initializer.token.token_manager INFO fetch_token_from_server create_token result. token:581fa8******6f228c expires:1775641139809 status:PENDING
3808 2026-04-08 02:33:00,781 webull.core.http.initializer.token.token_manager INFO fetch_token_from_server started check_token loop. token:581fa8******6f228c duration_seconds:300 interval_seconds:5
3808 2026-04-08 02:33:00,964 webull.core.http.initializer.token.token_manager INFO fetch_token_from_server result of current check_token loop. token:581fa8******6f228c expires:1775641139809 status:PENDING
3808 2026-04-08 02:33:00,964 webull.core.http.initializer.token.token_manager INFO fetch_token_from_server status not verified, check_token loop will start, waiting 5 seconds... (elapsed 0s / 300s). For more details, please visit the OpenAPI official website.
3808 2026-04-08 02:33:06,136 webull.core.http.initializer.token.token_manager INFO fetch_token_from_server result of current check_token loop. token:581fa8******6f228c expires:1775641139809 status:PENDING
3808 2026-04-08 02:33:06,136 webull.core.http.initializer.token.token_manager INFO fetch_token_from_server status not verified, check_token loop will start, waiting 5 seconds... (elapsed 5s / 300s). For more details, please visit the OpenAPI official website.
3808 2026-04-08 02:33:11,046 webull.core.http.initializer.token.token_manager INFO fetch_token_from_server result of current check_token loop. token:581fa8******6f228c expires:1775641139809 status:PENDING
3808 2026-04-08 02:33:11,046 webull.core.http.initializer.token.token_manager INFO fetch_token_from_server status not verified, check_token loop will start, waiting 5 seconds... (elapsed 10s / 300s). For more details, please visit the OpenAPI official website.
3808 2026-04-08 02:33:16,087 webull.core.http.initializer.token.token_manager INFO fetch_token_from_server result of current check_token loop. token:581fa8******6f228c expires:1775641139809 status:PENDING
3808 2026-04-08 02:33:16,087 webull.core.http.initializer.token.token_manager INFO fetch_token_from_server status not verified, check_token loop will start, waiting 5 seconds... (elapsed 15s / 300s). For more details, please visit the OpenAPI official website.
3808 2026-04-08 02:33:21,047 webull.core.http.initializer.token.token_manager INFO fetch_token_from_server result of current check_token loop. token:581fa8******6f228c expires:1775641139809 status:PENDING
3808 2026-04-08 02:33:21,047 webull.core.http.initializer.token.token_manager INFO fetch_token_from_server status not verified, check_token loop will start, waiting 5 seconds... (elapsed 20s / 300s). For more details, please visit the OpenAPI official website.
3808 2026-04-08 02:33:26,661 webull.core.http.initializer.token.token_manager INFO fetch_token_from_server result of current check_token loop. token:581fa8******6f228c expires:1775641139809 status:PENDING
3808 2026-04-08 02:33:26,661 webull.core.http.initializer.token.token_manager INFO fetch_token_from_server status not verified, check_token loop will start, waiting 5 seconds... (elapsed 25s / 300s). For more details, please visit the OpenAPI official website.
3808 2026-04-08 02:33:31,185 webull.core.http.initializer.token.token_manager INFO fetch_token_from_server result of current check_token loop. token:581fa8******6f228c expires:1775641139809 status:PENDING
3808 2026-04-08 02:33:31,185 webull.core.http.initializer.token.token_manager INFO fetch_token_from_server status not verified, check_token loop will start, waiting 5 seconds... (elapsed 30s / 300s). For more details, please visit the OpenAPI official website.
3808 2026-04-08 02:33:36,215 webull.core.http.initializer.token.token_manager INFO fetch_token_from_server result of current check_token loop. token:581fa8******6f228c expires:1775641139809 status:PENDING
3808 2026-04-08 02:33:36,235 webull.core.http.initializer.token.token_manager INFO fetch_token_from_server status not verified, check_token loop will start, waiting 5 seconds... (elapsed 35s / 300s). For more details, please visit the OpenAPI official website.
1964 2026-04-08 02:33:38,725 webull.core.http.initializer.client_initializer INFO _check_token_enable result is True
1964 2026-04-08 02:33:38,727 webull.core.http.initializer.token.token_storage INFO storage_token uses the default configuration, conf.
1964 2026-04-08 02:33:38,728 webull.core.http.initializer.token.token_storage INFO storage_token initialized path:C:\Users\yalil\OneDrive\Desktop\AI-projects\quantitivestocks\conf\token.txt.
1964 2026-04-08 02:33:38,728 webull.core.http.initializer.token.token_manager INFO load_token_from_local file not exists, file:C:\Users\yalil\OneDrive\Desktop\AI-projects\quantitivestocks\conf\token.txt.
1964 2026-04-08 02:33:39,072 webull.core.http.initializer.token.token_manager INFO fetch_token_from_server create_token result. token:5a1752******b3a98d expires:1775641178130 status:PENDING
1964 2026-04-08 02:33:39,074 webull.core.http.initializer.token.token_manager INFO fetch_token_from_server started check_token loop. token:5a1752******b3a98d duration_seconds:300 interval_seconds:5
1964 2026-04-08 02:33:39,254 webull.core.http.initializer.token.token_manager INFO fetch_token_from_server result of current check_token loop. token:5a1752******b3a98d expires:1775641178130 status:PENDING
1964 2026-04-08 02:33:39,255 webull.core.http.initializer.token.token_manager INFO fetch_token_from_server status not verified, check_token loop will start, waiting 5 seconds... (elapsed 0s / 300s). For more details, please visit the OpenAPI official website.
3808 2026-04-08 02:33:41,179 webull.core.http.initializer.token.token_manager INFO fetch_token_from_server result of current check_token loop. token:581fa8******6f228c expires:1775641139809 status:PENDING
3808 2026-04-08 02:33:41,179 webull.core.http.initializer.token.token_manager INFO fetch_token_from_server status not verified, check_token loop will start, waiting 5 seconds... (elapsed 40s / 300s). For more details, please visit the OpenAPI official website.
1964 2026-04-08 02:33:44,453 webull.core.http.initializer.token.token_manager INFO fetch_token_from_server result of current check_token loop. token:5a1752******b3a98d expires:1775641178130 status:PENDING
1964 2026-04-08 02:33:44,453 webull.core.http.initializer.token.token_manager INFO fetch_token_from_server status not verified, check_token loop will start, waiting 5 seconds... (elapsed 5s / 300s). For more details, please visit the OpenAPI official website.
3808 2026-04-08 02:33:46,114 webull.core.http.initializer.token.token_manager INFO fetch_token_from_server result of current check_token loop. token:581fa8******6f228c expires:1775641139809 status:PENDING
3808 2026-04-08 02:33:46,115 webull.core.http.initializer.token.token_manager INFO fetch_token_from_server status not verified, check_token loop will start, waiting 5 seconds... (elapsed 45s / 300s). For more details, please visit the OpenAPI official website.
1964 2026-04-08 02:33:49,506 webull.core.http.initializer.token.token_manager INFO fetch_token_from_server result of current check_token loop. token:5a1752******b3a98d expires:1775641178130 status:PENDING
1964 2026-04-08 02:33:49,507 webull.core.http.initializer.token.token_manager INFO fetch_token_from_server status not verified, check_token loop will start, waiting 5 seconds... (elapsed 10s / 300s). For more details, please visit the OpenAPI official website.
3808 2026-04-08 02:33:50,984 webull.core.http.initializer.token.token_manager INFO fetch_token_from_server result of current check_token loop. token:581fa8******6f228c expires:1775641139809 status:PENDING
3808 2026-04-08 02:33:50,984 webull.core.http.initializer.token.token_manager INFO fetch_token_from_server status not verified, check_token loop will start, waiting 5 seconds... (elapsed 50s / 300s). For more details, please visit the OpenAPI official website.
1964 2026-04-08 02:33:54,253 webull.core.client ERROR ServerException occurred. Host:api.webull.com SDK-Version:2.0.2 Request:{
  "_version": "v2",
  "_action_name": "/openapi/auth/token/check",
  "_protocol_type": "https",
  "_accept_format": "JSON",
  "_params": {},
  "_method": "POST",
  "_header": {
    "x-version": "v2",
    "Accept-Encoding": "gzip",
    "x-app-key": "1641c88f481543a9f7ccf425d19d94ed",
    "x-timestamp": "2026-04-08T09:33:54Z",
    "x-signature-version": "1.0",
    "x-signature-algorithm": "HMAC-SHA1",
    "x-signature-nonce": "13e81c50-7cb5-5cfa-839e-ecd10da956f9",
    "x-signature": "aHRChQ1wmuclScKHmdqcVA7nVQg=",
    "User-Agent": "WebullApiSDK (Windows 11;AMD64) Python/3.12.12 Core/2.0.2 python-requests/2.33.1",
    "Content-Length": "44",
    "Content-Type": "application/json"
  },
  "_body_params": {
    "token": "5a17521554c64243b2077290b9b3a98d"
  },
  "_uri_pattern": null,
  "_uri_params": null,
  "_content": "{\"token\":\"5a17521554c64243b2077290b9b3a98d\"}",
  "_extra_user_agent": {},
  "string_to_sign": "",
  "_request_connect_timeout": null,
  "_request_read_timeout": null,
  "endpoint": "api.webull.com",
  "_signer_spec": "<module 'webull.core.auth.algorithm.sha_hmac1' from 'C:\\\\Users\\\\yalil\\\\OneDrive\\\\Desktop\\\\AI-projects\\\\quantitivestocks\\\\.venv\\\\Lib\\\\site-packages\\\\webull\\\\core\\\\auth\\\\algorithm\\\\sha_hmac1.py'>"
} Response:{'error_code': 'TOO_MANY_REQUESTS', 'message': 'to many requests'} ServerException:HTTP Status: 429, Code: TOO_MANY_REQUESTS, Msg: to many requests, RequestID: 2cfaaf21-13da-448e-ae12-47c7a056555a
1964 2026-04-08 02:33:54,254 webull.core.client ERROR get_response exception. {
  "error_code": "TOO_MANY_REQUESTS",
  "error_msg": "to many requests",
  "http_status": 429,
  "request_id": "2cfaaf21-13da-448e-ae12-47c7a056555a"
}
3808 2026-04-08 02:33:55,996 webull.core.http.initializer.token.token_manager INFO fetch_token_from_server result of current check_token loop. token:581fa8******6f228c expires:1775641139809 status:PENDING
3808 2026-04-08 02:33:55,996 webull.core.http.initializer.token.token_manager INFO fetch_token_from_server status not verified, check_token loop will start, waiting 5 seconds... (elapsed 55s / 300s). For more details, please visit the OpenAPI official website.
3808 2026-04-08 02:34:01,002 webull.core.http.initializer.token.token_manager INFO fetch_token_from_server result of current check_token loop. token:581fa8******6f228c expires:1775641139809 status:PENDING
3808 2026-04-08 02:34:01,002 webull.core.http.initializer.token.token_manager INFO fetch_token_from_server status not verified, check_token loop will start, waiting 5 seconds... (elapsed 60s / 300s). For more details, please visit the OpenAPI official website.
3808 2026-04-08 02:34:06,123 webull.core.http.initializer.token.token_manager INFO fetch_token_from_server result of current check_token loop. token:581fa8******6f228c expires:1775641139809 status:PENDING
3808 2026-04-08 02:34:06,123 webull.core.http.initializer.token.token_manager INFO fetch_token_from_server status not verified, check_token loop will start, waiting 5 seconds... (elapsed 65s / 300s). For more details, please visit the OpenAPI official website.
3808 2026-04-08 02:34:10,984 webull.core.http.initializer.token.token_manager INFO fetch_token_from_server result of current check_token loop. token:581fa8******6f228c expires:1775641139809 status:PENDING
3808 2026-04-08 02:34:10,985 webull.core.http.initializer.token.token_manager INFO fetch_token_from_server status not verified, check_token loop will start, waiting 5 seconds... (elapsed 70s / 300s). For more details, please visit the OpenAPI official website.
3808 2026-04-08 02:34:16,174 webull.core.http.initializer.token.token_manager INFO fetch_token_from_server result of current check_token loop. token:581fa8******6f228c expires:1775641139809 status:PENDING
3808 2026-04-08 02:34:16,175 webull.core.http.initializer.token.token_manager INFO fetch_token_from_server status not verified, check_token loop will start, waiting 5 seconds... (elapsed 75s / 300s). For more details, please visit the OpenAPI official website.
3808 2026-04-08 02:34:20,977 webull.core.http.initializer.token.token_manager INFO fetch_token_from_server result of current check_token loop. token:581fa8******6f228c expires:1775641139809 status:PENDING
3808 2026-04-08 02:34:20,978 webull.core.http.initializer.token.token_manager INFO fetch_token_from_server status not verified, check_token loop will start, waiting 5 seconds... (elapsed 80s / 300s). For more details, please visit the OpenAPI official website.
3808 2026-04-08 02:34:26,126 webull.core.http.initializer.token.token_manager INFO fetch_token_from_server result of current check_token loop. token:581fa8******6f228c expires:1775641139809 status:PENDING
3808 2026-04-08 02:34:26,127 webull.core.http.initializer.token.token_manager INFO fetch_token_from_server status not verified, check_token loop will start, waiting 5 seconds... (elapsed 85s / 300s). For more details, please visit the OpenAPI official website.
3808 2026-04-08 02:34:31,120 webull.core.http.initializer.token.token_manager INFO fetch_token_from_server result of current check_token loop. token:581fa8******6f228c expires:1775641139809 status:PENDING
3808 2026-04-08 02:34:31,120 webull.core.http.initializer.token.token_manager INFO fetch_token_from_server status not verified, check_token loop will start, waiting 5 seconds... (elapsed 90s / 300s). For more details, please visit the OpenAPI official website.
3808 2026-04-08 02:34:36,040 webull.core.http.initializer.token.token_manager INFO fetch_token_from_server result of current check_token loop. token:581fa8******6f228c expires:1775641139809 status:PENDING
3808 2026-04-08 02:34:36,040 webull.core.http.initializer.token.token_manager INFO fetch_token_from_server status not verified, check_token loop will start, waiting 5 seconds... (elapsed 95s / 300s). For more details, please visit the OpenAPI official website.
3808 2026-04-08 02:34:41,139 webull.core.http.initializer.token.token_manager INFO fetch_token_from_server result of current check_token loop. token:581fa8******6f228c expires:1775641139809 status:PENDING
3808 2026-04-08 02:34:41,139 webull.core.http.initializer.token.token_manager INFO fetch_token_from_server status not verified, check_token loop will start, waiting 5 seconds... (elapsed 100s / 300s). For more details, please visit the OpenAPI official website.
3808 2026-04-08 02:34:45,998 webull.core.http.initializer.token.token_manager INFO fetch_token_from_server result of current check_token loop. token:581fa8******6f228c expires:1775641139809 status:PENDING
3808 2026-04-08 02:34:45,998 webull.core.http.initializer.token.token_manager INFO fetch_token_from_server status not verified, check_token loop will start, waiting 5 seconds... (elapsed 105s / 300s). For more details, please visit the OpenAPI official website.
3808 2026-04-08 02:34:51,010 webull.core.http.initializer.token.token_manager INFO fetch_token_from_server result of current check_token loop. token:581fa8******6f228c expires:1775641139809 status:PENDING
3808 2026-04-08 02:34:51,010 webull.core.http.initializer.token.token_manager INFO fetch_token_from_server status not verified, check_token loop will start, waiting 5 seconds... (elapsed 110s / 300s). For more details, please visit the OpenAPI official website.
3808 2026-04-08 02:34:56,067 webull.core.http.initializer.token.token_manager INFO fetch_token_from_server result of current check_token loop. token:581fa8******6f228c expires:1775641139809 status:PENDING
3808 2026-04-08 02:34:56,067 webull.core.http.initializer.token.token_manager INFO fetch_token_from_server status not verified, check_token loop will start, waiting 5 seconds... (elapsed 115s / 300s). For more details, please visit the OpenAPI official website.
3808 2026-04-08 02:35:01,173 webull.core.http.initializer.token.token_manager INFO fetch_token_from_server result of current check_token loop. token:581fa8******6f228c expires:1775641139809 status:PENDING
3808 2026-04-08 02:35:01,174 webull.core.http.initializer.token.token_manager INFO fetch_token_from_server status not verified, check_token loop will start, waiting 5 seconds... (elapsed 120s / 300s). For more details, please visit the OpenAPI official website.
3808 2026-04-08 02:35:06,141 webull.core.http.initializer.token.token_manager INFO fetch_token_from_server result of current check_token loop. token:581fa8******6f228c expires:1775641139809 status:PENDING
3808 2026-04-08 02:35:06,141 webull.core.http.initializer.token.token_manager INFO fetch_token_from_server status not verified, check_token loop will start, waiting 5 seconds... (elapsed 125s / 300s). For more details, please visit the OpenAPI official website.
3808 2026-04-08 02:35:11,000 webull.core.http.initializer.token.token_manager INFO fetch_token_from_server result of current check_token loop. token:581fa8******6f228c expires:1775641139809 status:PENDING
3808 2026-04-08 02:35:11,001 webull.core.http.initializer.token.token_manager INFO fetch_token_from_server status not verified, check_token loop will start, waiting 5 seconds... (elapsed 130s / 300s). For more details, please visit the OpenAPI official website.
3808 2026-04-08 02:35:16,009 webull.core.http.initializer.token.token_manager INFO fetch_token_from_server result of current check_token loop. token:581fa8******6f228c expires:1775641139809 status:PENDING
3808 2026-04-08 02:35:16,009 webull.core.http.initializer.token.token_manager INFO fetch_token_from_server status not verified, check_token loop will start, waiting 5 seconds... (elapsed 135s / 300s). For more details, please visit the OpenAPI official website.
3808 2026-04-08 02:35:21,004 webull.core.http.initializer.token.token_manager INFO fetch_token_from_server result of current check_token loop. token:581fa8******6f228c expires:1775641139809 status:PENDING
3808 2026-04-08 02:35:21,004 webull.core.http.initializer.token.token_manager INFO fetch_token_from_server status not verified, check_token loop will start, waiting 5 seconds... (elapsed 140s / 300s). For more details, please visit the OpenAPI official website.
3808 2026-04-08 02:35:26,048 webull.core.http.initializer.token.token_manager INFO fetch_token_from_server result of current check_token loop. token:581fa8******6f228c expires:1775641139809 status:PENDING
3808 2026-04-08 02:35:26,048 webull.core.http.initializer.token.token_manager INFO fetch_token_from_server status not verified, check_token loop will start, waiting 5 seconds... (elapsed 145s / 300s). For more details, please visit the OpenAPI official website.
3808 2026-04-08 02:35:31,155 webull.core.http.initializer.token.token_manager INFO fetch_token_from_server result of current check_token loop. token:581fa8******6f228c expires:1775641139809 status:PENDING
3808 2026-04-08 02:35:31,155 webull.core.http.initializer.token.token_manager INFO fetch_token_from_server status not verified, check_token loop will start, waiting 5 seconds... (elapsed 150s / 300s). For more details, please visit the OpenAPI official website.
3808 2026-04-08 02:35:36,103 webull.core.http.initializer.token.token_manager INFO fetch_token_from_server result of current check_token loop. token:581fa8******6f228c expires:1775641139809 status:PENDING
3808 2026-04-08 02:35:36,103 webull.core.http.initializer.token.token_manager INFO fetch_token_from_server status not verified, check_token loop will start, waiting 5 seconds... (elapsed 155s / 300s). For more details, please visit the OpenAPI official website.
3808 2026-04-08 02:35:41,000 webull.core.http.initializer.token.token_manager INFO fetch_token_from_server result of current check_token loop. token:581fa8******6f228c expires:1775641139809 status:PENDING
3808 2026-04-08 02:35:41,000 webull.core.http.initializer.token.token_manager INFO fetch_token_from_server status not verified, check_token loop will start, waiting 5 seconds... (elapsed 160s / 300s). For more details, please visit the OpenAPI official website.
3808 2026-04-08 02:35:46,126 webull.core.http.initializer.token.token_manager INFO fetch_token_from_server result of current check_token loop. token:581fa8******6f228c expires:1775641139809 status:PENDING
3808 2026-04-08 02:35:46,127 webull.core.http.initializer.token.token_manager INFO fetch_token_from_server status not verified, check_token loop will start, waiting 5 seconds... (elapsed 165s / 300s). For more details, please visit the OpenAPI official website.
3808 2026-04-08 02:35:51,145 webull.core.http.initializer.token.token_manager INFO fetch_token_from_server result of current check_token loop. token:581fa8******6f228c expires:1775641139809 status:PENDING
3808 2026-04-08 02:35:51,145 webull.core.http.initializer.token.token_manager INFO fetch_token_from_server status not verified, check_token loop will start, waiting 5 seconds... (elapsed 170s / 300s). For more details, please visit the OpenAPI official website.
3808 2026-04-08 02:35:56,102 webull.core.http.initializer.token.token_manager INFO fetch_token_from_server result of current check_token loop. token:581fa8******6f228c expires:1775641139809 status:PENDING
3808 2026-04-08 02:35:56,102 webull.core.http.initializer.token.token_manager INFO fetch_token_from_server status not verified, check_token loop will start, waiting 5 seconds... (elapsed 175s / 300s). For more details, please visit the OpenAPI official website.
3808 2026-04-08 02:36:01,194 webull.core.http.initializer.token.token_manager INFO fetch_token_from_server result of current check_token loop. token:581fa8******6f228c expires:1775641139809 status:PENDING
3808 2026-04-08 02:36:01,195 webull.core.http.initializer.token.token_manager INFO fetch_token_from_server status not verified, check_token loop will start, waiting 5 seconds... (elapsed 180s / 300s). For more details, please visit the OpenAPI official website.
3808 2026-04-08 02:36:06,201 webull.core.http.initializer.token.token_manager INFO fetch_token_from_server result of current check_token loop. token:581fa8******6f228c expires:1775641139809 status:PENDING
3808 2026-04-08 02:36:06,201 webull.core.http.initializer.token.token_manager INFO fetch_token_from_server status not verified, check_token loop will start, waiting 5 seconds... (elapsed 185s / 300s). For more details, please visit the OpenAPI official website.
3808 2026-04-08 02:36:11,068 webull.core.http.initializer.token.token_manager INFO fetch_token_from_server result of current check_token loop. token:581fa8******6f228c expires:1775641139809 status:PENDING
3808 2026-04-08 02:36:11,068 webull.core.http.initializer.token.token_manager INFO fetch_token_from_server status not verified, check_token loop will start, waiting 5 seconds... (elapsed 190s / 300s). For more details, please visit the OpenAPI official website.
3808 2026-04-08 02:36:16,243 webull.core.http.initializer.token.token_manager INFO fetch_token_from_server result of current check_token loop. token:581fa8******6f228c expires:1775641139809 status:PENDING
3808 2026-04-08 02:36:16,243 webull.core.http.initializer.token.token_manager INFO fetch_token_from_server status not verified, check_token loop will start, waiting 5 seconds... (elapsed 195s / 300s). For more details, please visit the OpenAPI official website.
3808 2026-04-08 02:36:21,180 webull.core.http.initializer.token.token_manager INFO fetch_token_from_server result of current check_token loop. token:581fa8******6f228c expires:1775641139809 status:PENDING
3808 2026-04-08 02:36:21,180 webull.core.http.initializer.token.token_manager INFO fetch_token_from_server status not verified, check_token loop will start, waiting 5 seconds... (elapsed 200s / 300s). For more details, please visit the OpenAPI official website.
3808 2026-04-08 02:36:26,190 webull.core.http.initializer.token.token_manager INFO fetch_token_from_server result of current check_token loop. token:581fa8******6f228c expires:1775641139809 status:PENDING
3808 2026-04-08 02:36:26,190 webull.core.http.initializer.token.token_manager INFO fetch_token_from_server status not verified, check_token loop will start, waiting 5 seconds... (elapsed 205s / 300s). For more details, please visit the OpenAPI official website.
3808 2026-04-08 02:36:31,092 webull.core.http.initializer.token.token_manager INFO fetch_token_from_server result of current check_token loop. token:581fa8******6f228c expires:1775641139809 status:PENDING
3808 2026-04-08 02:36:31,093 webull.core.http.initializer.token.token_manager INFO fetch_token_from_server status not verified, check_token loop will start, waiting 5 seconds... (elapsed 210s / 300s). For more details, please visit the OpenAPI official website.
3808 2026-04-08 02:36:36,201 webull.core.http.initializer.token.token_manager INFO fetch_token_from_server result of current check_token loop. token:581fa8******6f228c expires:1775641139809 status:PENDING
3808 2026-04-08 02:36:36,202 webull.core.http.initializer.token.token_manager INFO fetch_token_from_server status not verified, check_token loop will start, waiting 5 seconds... (elapsed 215s / 300s). For more details, please visit the OpenAPI official website.
3808 2026-04-08 02:36:41,081 webull.core.http.initializer.token.token_manager INFO fetch_token_from_server result of current check_token loop. token:581fa8******6f228c expires:1775641139809 status:PENDING
3808 2026-04-08 02:36:41,082 webull.core.http.initializer.token.token_manager INFO fetch_token_from_server status not verified, check_token loop will start, waiting 5 seconds... (elapsed 220s / 300s). For more details, please visit the OpenAPI official website.
3808 2026-04-08 02:36:46,242 webull.core.http.initializer.token.token_manager INFO fetch_token_from_server result of current check_token loop. token:581fa8******6f228c expires:1775641139809 status:PENDING
3808 2026-04-08 02:36:46,242 webull.core.http.initializer.token.token_manager INFO fetch_token_from_server status not verified, check_token loop will start, waiting 5 seconds... (elapsed 225s / 300s). For more details, please visit the OpenAPI official website.
3808 2026-04-08 02:36:51,056 webull.core.http.initializer.token.token_manager INFO fetch_token_from_server result of current check_token loop. token:581fa8******6f228c expires:1775641139809 status:PENDING
3808 2026-04-08 02:36:51,056 webull.core.http.initializer.token.token_manager INFO fetch_token_from_server status not verified, check_token loop will start, waiting 5 seconds... (elapsed 230s / 300s). For more details, please visit the OpenAPI official website.
3808 2026-04-08 02:36:56,191 webull.core.http.initializer.token.token_manager INFO fetch_token_from_server result of current check_token loop. token:581fa8******6f228c expires:1775641139809 status:PENDING
3808 2026-04-08 02:36:56,191 webull.core.http.initializer.token.token_manager INFO fetch_token_from_server status not verified, check_token loop will start, waiting 5 seconds... (elapsed 235s / 300s). For more details, please visit the OpenAPI official website.
3808 2026-04-08 02:37:01,245 webull.core.http.initializer.token.token_manager INFO fetch_token_from_server result of current check_token loop. token:581fa8******6f228c expires:1775641139809 status:PENDING
3808 2026-04-08 02:37:01,245 webull.core.http.initializer.token.token_manager INFO fetch_token_from_server status not verified, check_token loop will start, waiting 5 seconds... (elapsed 240s / 300s). For more details, please visit the OpenAPI official website.
3808 2026-04-08 02:37:06,417 webull.core.http.initializer.token.token_manager INFO fetch_token_from_server result of current check_token loop. token:581fa8******6f228c expires:1775641139809 status:PENDING
3808 2026-04-08 02:37:06,417 webull.core.http.initializer.token.token_manager INFO fetch_token_from_server status not verified, check_token loop will start, waiting 5 seconds... (elapsed 245s / 300s). For more details, please visit the OpenAPI official website.
3808 2026-04-08 02:37:11,417 webull.core.http.initializer.token.token_manager INFO fetch_token_from_server result of current check_token loop. token:581fa8******6f228c expires:1775641139809 status:PENDING
3808 2026-04-08 02:37:11,417 webull.core.http.initializer.token.token_manager INFO fetch_token_from_server status not verified, check_token loop will start, waiting 5 seconds... (elapsed 250s / 300s). For more details, please visit the OpenAPI official website.
3808 2026-04-08 02:37:18,101 webull.core.http.initializer.token.token_manager INFO fetch_token_from_server result of current check_token loop. token:581fa8******6f228c expires:1775641139809 status:PENDING
3808 2026-04-08 02:37:18,102 webull.core.http.initializer.token.token_manager INFO fetch_token_from_server status not verified, check_token loop will start, waiting 5 seconds... (elapsed 257s / 300s). For more details, please visit the OpenAPI official website.
3808 2026-04-08 02:37:21,354 webull.core.http.initializer.token.token_manager INFO fetch_token_from_server result of current check_token loop. token:581fa8******6f228c expires:1775641139809 status:PENDING
3808 2026-04-08 02:37:21,355 webull.core.http.initializer.token.token_manager INFO fetch_token_from_server status not verified, check_token loop will start, waiting 5 seconds... (elapsed 260s / 300s). For more details, please visit the OpenAPI official website.
3808 2026-04-08 02:37:26,090 webull.core.http.initializer.token.token_manager INFO fetch_token_from_server result of current check_token loop. token:581fa8******6f228c expires:1775641139809 status:PENDING
3808 2026-04-08 02:37:26,090 webull.core.http.initializer.token.token_manager INFO fetch_token_from_server status not verified, check_token loop will start, waiting 5 seconds... (elapsed 265s / 300s). For more details, please visit the OpenAPI official website.
3808 2026-04-08 02:37:31,194 webull.core.http.initializer.token.token_manager INFO fetch_token_from_server result of current check_token loop. token:581fa8******6f228c expires:1775641139809 status:PENDING
3808 2026-04-08 02:37:31,194 webull.core.http.initializer.token.token_manager INFO fetch_token_from_server status not verified, check_token loop will start, waiting 5 seconds... (elapsed 270s / 300s). For more details, please visit the OpenAPI official website.
3808 2026-04-08 02:37:36,205 webull.core.http.initializer.token.token_manager INFO fetch_token_from_server result of current check_token loop. token:581fa8******6f228c expires:1775641139809 status:PENDING
3808 2026-04-08 02:37:36,205 webull.core.http.initializer.token.token_manager INFO fetch_token_from_server status not verified, check_token loop will start, waiting 5 seconds... (elapsed 275s / 300s). For more details, please visit the OpenAPI official website.
3808 2026-04-08 02:37:41,078 webull.core.http.initializer.token.token_manager INFO fetch_token_from_server result of current check_token loop. token:581fa8******6f228c expires:1775641139809 status:PENDING
3808 2026-04-08 02:37:41,078 webull.core.http.initializer.token.token_manager INFO fetch_token_from_server status not verified, check_token loop will start, waiting 5 seconds... (elapsed 280s / 300s). For more details, please visit the OpenAPI official website.
3808 2026-04-08 02:37:46,096 webull.core.http.initializer.token.token_manager INFO fetch_token_from_server result of current check_token loop. token:581fa8******6f228c expires:1775641139809 status:PENDING
3808 2026-04-08 02:37:46,096 webull.core.http.initializer.token.token_manager INFO fetch_token_from_server status not verified, check_token loop will start, waiting 5 seconds... (elapsed 285s / 300s). For more details, please visit the OpenAPI official website.
3808 2026-04-08 02:37:51,086 webull.core.http.initializer.token.token_manager INFO fetch_token_from_server result of current check_token loop. token:581fa8******6f228c expires:1775641139809 status:PENDING
3808 2026-04-08 02:37:51,087 webull.core.http.initializer.token.token_manager INFO fetch_token_from_server status not verified, check_token loop will start, waiting 5 seconds... (elapsed 290s / 300s). For more details, please visit the OpenAPI official website.
3808 2026-04-08 02:37:56,221 webull.core.http.initializer.token.token_manager INFO fetch_token_from_server result of current check_token loop. token:581fa8******6f228c expires:1775641139809 status:PENDING
3808 2026-04-08 02:37:56,221 webull.core.http.initializer.token.token_manager INFO fetch_token_from_server status not verified, check_token loop will start, waiting 5 seconds... (elapsed 295s / 300s). For more details, please visit the OpenAPI official website.
3808 2026-04-08 02:38:01,173 webull.core.http.initializer.token.token_manager INFO fetch_token_from_server result of current check_token loop. token:581fa8******6f228c expires:1775641139809 status:EXPIRED
3808 2026-04-08 02:38:01,173 webull.core.http.initializer.token.token_manager ERROR fetch_token_from_server check_token status invalidate. status:EXPIRED
28860 2026-04-08 02:39:03,412 webull.core.http.initializer.client_initializer INFO _check_token_enable result is True
28860 2026-04-08 02:39:03,414 webull.core.http.initializer.token.token_storage INFO storage_token uses the default configuration, conf.
28860 2026-04-08 02:39:03,415 webull.core.http.initializer.token.token_storage INFO storage_token initialized path:C:\Users\yalil\OneDrive\Desktop\AI-projects\quantitivestocks\conf\token.txt.
28860 2026-04-08 02:39:03,415 webull.core.http.initializer.token.token_manager INFO load_token_from_local file not exists, file:C:\Users\yalil\OneDrive\Desktop\AI-projects\quantitivestocks\conf\token.txt.
28860 2026-04-08 02:39:03,952 webull.core.http.initializer.token.token_manager INFO fetch_token_from_server create_token result. token:a8391a******03689b expires:1775641503001 status:PENDING
28860 2026-04-08 02:39:03,957 webull.core.http.initializer.token.token_manager INFO fetch_token_from_server started check_token loop. token:a8391a******03689b duration_seconds:300 interval_seconds:5
28860 2026-04-08 02:39:04,296 webull.core.http.initializer.token.token_manager INFO fetch_token_from_server result of current check_token loop. token:a8391a******03689b expires:1775641503001 status:PENDING
28860 2026-04-08 02:39:04,296 webull.core.http.initializer.token.token_manager INFO fetch_token_from_server status not verified, check_token loop will start, waiting 5 seconds... (elapsed 0s / 300s). For more details, please visit the OpenAPI official website.
28860 2026-04-08 02:39:09,444 webull.core.http.initializer.token.token_manager INFO fetch_token_from_server result of current check_token loop. token:a8391a******03689b expires:1775641503001 status:PENDING
28860 2026-04-08 02:39:09,444 webull.core.http.initializer.token.token_manager INFO fetch_token_from_server status not verified, check_token loop will start, waiting 5 seconds... (elapsed 5s / 300s). For more details, please visit the OpenAPI official website.
28860 2026-04-08 02:39:14,767 webull.core.http.initializer.token.token_manager INFO fetch_token_from_server result of current check_token loop. token:a8391a******03689b expires:1775641503001 status:PENDING
28860 2026-04-08 02:39:14,767 webull.core.http.initializer.token.token_manager INFO fetch_token_from_server status not verified, check_token loop will start, waiting 5 seconds... (elapsed 10s / 300s). For more details, please visit the OpenAPI official website.
28860 2026-04-08 02:39:19,644 webull.core.http.initializer.token.token_manager INFO fetch_token_from_server result of current check_token loop. token:a8391a******03689b expires:1775641503001 status:PENDING
28860 2026-04-08 02:39:19,644 webull.core.http.initializer.token.token_manager INFO fetch_token_from_server status not verified, check_token loop will start, waiting 5 seconds... (elapsed 15s / 300s). For more details, please visit the OpenAPI official website.
28860 2026-04-08 02:39:24,345 webull.core.http.initializer.token.token_manager INFO fetch_token_from_server result of current check_token loop. token:a8391a******03689b expires:1775641503001 status:PENDING
28860 2026-04-08 02:39:24,345 webull.core.http.initializer.token.token_manager INFO fetch_token_from_server status not verified, check_token loop will start, waiting 5 seconds... (elapsed 20s / 300s). For more details, please visit the OpenAPI official website.
28860 2026-04-08 02:39:29,561 webull.core.http.initializer.token.token_manager INFO fetch_token_from_server result of current check_token loop. token:a8391a******03689b expires:1775641503001 status:PENDING
28860 2026-04-08 02:39:29,561 webull.core.http.initializer.token.token_manager INFO fetch_token_from_server status not verified, check_token loop will start, waiting 5 seconds... (elapsed 25s / 300s). For more details, please visit the OpenAPI official website.
28860 2026-04-08 02:39:34,240 webull.core.http.initializer.token.token_manager INFO fetch_token_from_server result of current check_token loop. token:a8391a******03689b expires:1776937170799 status:NORMAL
28860 2026-04-08 02:39:34,240 webull.core.http.initializer.token.token_manager INFO fetch_token_from_server check_token status is verified, no further check required, returning directly. token:a8391a******03689b expires:1775641503001 status:PENDING
28860 2026-04-08 02:39:34,241 webull.core.http.initializer.token.token_manager INFO save_token_to_local writing token to local file. token:a8391a******03689b expires:1776937170799 status:NORMAL
28860 2026-04-08 02:39:34,243 webull.core.http.initializer.token.token_manager INFO save_token_to_local writing token to file completed.
28860 2026-04-08 02:39:34,243 webull.core.http.initializer.token.token_manager INFO init_token finished. token:a8391a******03689b expires:1776937170799 status:NORMAL
28456 2026-04-08 02:41:02,083 webull.core.http.initializer.client_initializer INFO _check_token_enable result is True
28456 2026-04-08 02:41:02,085 webull.core.http.initializer.token.token_storage INFO storage_token uses the default configuration, conf.
28456 2026-04-08 02:41:02,086 webull.core.http.initializer.token.token_storage INFO storage_token initialized path:C:\Users\yalil\OneDrive\Desktop\AI-projects\quantitivestocks\conf\token.txt.
28456 2026-04-08 02:41:02,087 webull.core.http.initializer.token.token_storage WARNING storage_token Note: The token file already exists, the latest token configuration will be overwritten and written to the token file after successful 2FA verification. path:C:\Users\yalil\OneDrive\Desktop\AI-projects\quantitivestocks\conf\token.txt.
28456 2026-04-08 02:41:02,087 webull.core.http.initializer.token.token_manager INFO load_token_from_local reading token from file...
28456 2026-04-08 02:41:02,088 webull.core.http.initializer.token.token_manager INFO load_token_from_local read local token result. token:a8391a******03689b expires:1776937170799 status:NORMAL
28456 2026-04-08 02:41:02,463 webull.core.http.initializer.token.token_manager INFO fetch_token_from_server create_token result. token:a8391a******03689b expires:1776937170799 status:NORMAL
28456 2026-04-08 02:41:02,466 webull.core.http.initializer.token.token_manager INFO fetch_token_from_server create_token status is verified, no further check required, returning directly. token:a8391a******03689b expires:1776937170799 status:NORMAL
28456 2026-04-08 02:41:02,466 webull.core.http.initializer.token.token_manager INFO save_token_to_local writing token to local file. token:a8391a******03689b expires:1776937170799 status:NORMAL
28456 2026-04-08 02:41:02,467 webull.core.http.initializer.token.token_manager INFO save_token_to_local writing token to file completed.
28456 2026-04-08 02:41:02,467 webull.core.http.initializer.token.token_manager INFO init_token finished. token:a8391a******03689b expires:1776937170799 status:NORMAL
3496 2026-04-08 02:41:26,994 webull.core.http.initializer.client_initializer INFO _check_token_enable result is True
3496 2026-04-08 02:41:26,997 webull.core.http.initializer.token.token_storage INFO storage_token uses the default configuration, conf.
3496 2026-04-08 02:41:26,998 webull.core.http.initializer.token.token_storage INFO storage_token initialized path:C:\Users\yalil\OneDrive\Desktop\AI-projects\quantitivestocks\conf\token.txt.
3496 2026-04-08 02:41:26,998 webull.core.http.initializer.token.token_storage WARNING storage_token Note: The token file already exists, the latest token configuration will be overwritten and written to the token file after successful 2FA verification. path:C:\Users\yalil\OneDrive\Desktop\AI-projects\quantitivestocks\conf\token.txt.
3496 2026-04-08 02:41:26,999 webull.core.http.initializer.token.token_manager INFO load_token_from_local reading token from file...
3496 2026-04-08 02:41:26,999 webull.core.http.initializer.token.token_manager INFO load_token_from_local read local token result. token:a8391a******03689b expires:1776937170799 status:NORMAL
3496 2026-04-08 02:41:27,345 webull.core.http.initializer.token.token_manager INFO fetch_token_from_server create_token result. token:a8391a******03689b expires:1776937170799 status:NORMAL
3496 2026-04-08 02:41:27,346 webull.core.http.initializer.token.token_manager INFO fetch_token_from_server create_token status is verified, no further check required, returning directly. token:a8391a******03689b expires:1776937170799 status:NORMAL
3496 2026-04-08 02:41:27,347 webull.core.http.initializer.token.token_manager INFO save_token_to_local writing token to local file. token:a8391a******03689b expires:1776937170799 status:NORMAL
3496 2026-04-08 02:41:27,347 webull.core.http.initializer.token.token_manager INFO save_token_to_local writing token to file completed.
3496 2026-04-08 02:41:27,348 webull.core.http.initializer.token.token_manager INFO init_token finished. token:a8391a******03689b expires:1776937170799 status:NORMAL
29184 2026-04-08 02:43:01,256 webull.core.http.initializer.client_initializer INFO _check_token_enable result is True
29184 2026-04-08 02:43:01,257 webull.core.http.initializer.token.token_storage INFO storage_token uses the default configuration, conf.
29184 2026-04-08 02:43:01,258 webull.core.http.initializer.token.token_storage INFO storage_token initialized path:C:\Users\yalil\OneDrive\Desktop\AI-projects\quantitivestocks\conf\token.txt.
29184 2026-04-08 02:43:01,258 webull.core.http.initializer.token.token_storage WARNING storage_token Note: The token file already exists, the latest token configuration will be overwritten and written to the token file after successful 2FA verification. path:C:\Users\yalil\OneDrive\Desktop\AI-projects\quantitivestocks\conf\token.txt.
29184 2026-04-08 02:43:01,259 webull.core.http.initializer.token.token_manager INFO load_token_from_local reading token from file...
29184 2026-04-08 02:43:01,259 webull.core.http.initializer.token.token_manager INFO load_token_from_local read local token result. token:a8391a******03689b expires:1776937170799 status:NORMAL
29184 2026-04-08 02:43:01,545 webull.core.http.initializer.token.token_manager INFO fetch_token_from_server create_token result. token:a8391a******03689b expires:1776937170799 status:NORMAL
29184 2026-04-08 02:43:01,547 webull.core.http.initializer.token.token_manager INFO fetch_token_from_server create_token status is verified, no further check required, returning directly. token:a8391a******03689b expires:1776937170799 status:NORMAL
29184 2026-04-08 02:43:01,547 webull.core.http.initializer.token.token_manager INFO save_token_to_local writing token to local file. token:a8391a******03689b expires:1776937170799 status:NORMAL
29184 2026-04-08 02:43:01,548 webull.core.http.initializer.token.token_manager INFO save_token_to_local writing token to file completed.
29184 2026-04-08 02:43:01,548 webull.core.http.initializer.token.token_manager INFO init_token finished. token:a8391a******03689b expires:1776937170799 status:NORMAL
28120 2026-04-08 02:43:52,467 webull.core.http.initializer.client_initializer INFO _check_token_enable result is True
28120 2026-04-08 02:43:52,471 webull.core.http.initializer.token.token_storage INFO storage_token uses the default configuration, conf.
28120 2026-04-08 02:43:52,472 webull.core.http.initializer.token.token_storage INFO storage_token initialized path:C:\Users\yalil\OneDrive\Desktop\AI-projects\quantitivestocks\conf\token.txt.
28120 2026-04-08 02:43:52,472 webull.core.http.initializer.token.token_storage WARNING storage_token Note: The token file already exists, the latest token configuration will be overwritten and written to the token file after successful 2FA verification. path:C:\Users\yalil\OneDrive\Desktop\AI-projects\quantitivestocks\conf\token.txt.
28120 2026-04-08 02:43:52,473 webull.core.http.initializer.token.token_manager INFO load_token_from_local reading token from file...
28120 2026-04-08 02:43:52,473 webull.core.http.initializer.token.token_manager INFO load_token_from_local read local token result. token:a8391a******03689b expires:1776937170799 status:NORMAL
28120 2026-04-08 02:43:52,648 webull.core.http.initializer.token.token_manager INFO fetch_token_from_server create_token result. token:a8391a******03689b expires:1776937170799 status:NORMAL
28120 2026-04-08 02:43:52,650 webull.core.http.initializer.token.token_manager INFO fetch_token_from_server create_token status is verified, no further check required, returning directly. token:a8391a******03689b expires:1776937170799 status:NORMAL
28120 2026-04-08 02:43:52,650 webull.core.http.initializer.token.token_manager INFO save_token_to_local writing token to local file. token:a8391a******03689b expires:1776937170799 status:NORMAL
28120 2026-04-08 02:43:52,651 webull.core.http.initializer.token.token_manager INFO save_token_to_local writing token to file completed.
28120 2026-04-08 02:43:52,651 webull.core.http.initializer.token.token_manager INFO init_token finished. token:a8391a******03689b expires:1776937170799 status:NORMAL
19800 2026-04-08 02:45:01,438 webull.core.http.initializer.client_initializer INFO _check_token_enable result is True
19800 2026-04-08 02:45:01,440 webull.core.http.initializer.token.token_storage INFO storage_token uses the default configuration, conf.
19800 2026-04-08 02:45:01,440 webull.core.http.initializer.token.token_storage INFO storage_token initialized path:C:\Users\yalil\OneDrive\Desktop\AI-projects\quantitivestocks\conf\token.txt.
19800 2026-04-08 02:45:01,440 webull.core.http.initializer.token.token_storage WARNING storage_token Note: The token file already exists, the latest token configuration will be overwritten and written to the token file after successful 2FA verification. path:C:\Users\yalil\OneDrive\Desktop\AI-projects\quantitivestocks\conf\token.txt.
19800 2026-04-08 02:45:01,441 webull.core.http.initializer.token.token_manager INFO load_token_from_local reading token from file...
19800 2026-04-08 02:45:01,441 webull.core.http.initializer.token.token_manager INFO load_token_from_local read local token result. token:a8391a******03689b expires:1776937170799 status:NORMAL
19800 2026-04-08 02:45:01,731 webull.core.http.initializer.token.token_manager INFO fetch_token_from_server create_token result. token:a8391a******03689b expires:1776937170799 status:NORMAL
19800 2026-04-08 02:45:01,734 webull.core.http.initializer.token.token_manager INFO fetch_token_from_server create_token status is verified, no further check required, returning directly. token:a8391a******03689b expires:1776937170799 status:NORMAL
19800 2026-04-08 02:45:01,734 webull.core.http.initializer.token.token_manager INFO save_token_to_local writing token to local file. token:a8391a******03689b expires:1776937170799 status:NORMAL
19800 2026-04-08 02:45:01,735 webull.core.http.initializer.token.token_manager INFO save_token_to_local writing token to file completed.
19800 2026-04-08 02:45:01,735 webull.core.http.initializer.token.token_manager INFO init_token finished. token:a8391a******03689b expires:1776937170799 status:NORMAL
16612 2026-04-08 02:49:52,858 webull.core.http.initializer.client_initializer INFO _check_token_enable result is True
16612 2026-04-08 02:49:52,969 webull.core.http.initializer.token.token_storage INFO storage_token uses the default configuration, conf.
16612 2026-04-08 02:49:52,985 webull.core.http.initializer.token.token_storage INFO storage_token initialized path:C:\Users\yalil\OneDrive\Desktop\AI-projects\quantitivestocks\conf\token.txt.
16612 2026-04-08 02:49:53,001 webull.core.http.initializer.token.token_storage WARNING storage_token Note: The token file already exists, the latest token configuration will be overwritten and written to the token file after successful 2FA verification. path:C:\Users\yalil\OneDrive\Desktop\AI-projects\quantitivestocks\conf\token.txt.
16612 2026-04-08 02:49:53,001 webull.core.http.initializer.token.token_manager INFO load_token_from_local reading token from file...
16612 2026-04-08 02:49:53,002 webull.core.http.initializer.token.token_manager INFO load_token_from_local read local token result. token:a8391a******03689b expires:1776937170799 status:NORMAL
16612 2026-04-08 02:49:55,076 webull.core.http.initializer.token.token_manager INFO fetch_token_from_server create_token result. token:a8391a******03689b expires:1776937170799 status:NORMAL
16612 2026-04-08 02:49:55,077 webull.core.http.initializer.token.token_manager INFO fetch_token_from_server create_token status is verified, no further check required, returning directly. token:a8391a******03689b expires:1776937170799 status:NORMAL
16612 2026-04-08 02:49:55,077 webull.core.http.initializer.token.token_manager INFO save_token_to_local writing token to local file. token:a8391a******03689b expires:1776937170799 status:NORMAL
16612 2026-04-08 02:49:55,078 webull.core.http.initializer.token.token_manager INFO save_token_to_local writing token to file completed.
16612 2026-04-08 02:49:55,079 webull.core.http.initializer.token.token_manager INFO init_token finished. token:a8391a******03689b expires:1776937170799 status:NORMAL
1940 2026-04-08 02:50:45,345 webull.core.http.initializer.client_initializer INFO _check_token_enable result is True
1940 2026-04-08 02:50:45,349 webull.core.http.initializer.token.token_storage INFO storage_token uses the default configuration, conf.
1940 2026-04-08 02:50:45,349 webull.core.http.initializer.token.token_storage INFO storage_token initialized path:C:\Users\yalil\OneDrive\Desktop\AI-projects\quantitivestocks\conf\token.txt.
1940 2026-04-08 02:50:45,350 webull.core.http.initializer.token.token_storage WARNING storage_token Note: The token file already exists, the latest token configuration will be overwritten and written to the token file after successful 2FA verification. path:C:\Users\yalil\OneDrive\Desktop\AI-projects\quantitivestocks\conf\token.txt.
1940 2026-04-08 02:50:45,350 webull.core.http.initializer.token.token_manager INFO load_token_from_local reading token from file...
1940 2026-04-08 02:50:45,350 webull.core.http.initializer.token.token_manager INFO load_token_from_local read local token result. token:a8391a******03689b expires:1776937170799 status:NORMAL
1940 2026-04-08 02:50:45,513 webull.core.http.initializer.token.token_manager INFO fetch_token_from_server create_token result. token:a8391a******03689b expires:1776937170799 status:NORMAL
1940 2026-04-08 02:50:45,515 webull.core.http.initializer.token.token_manager INFO fetch_token_from_server create_token status is verified, no further check required, returning directly. token:a8391a******03689b expires:1776937170799 status:NORMAL
1940 2026-04-08 02:50:45,515 webull.core.http.initializer.token.token_manager INFO save_token_to_local writing token to local file. token:a8391a******03689b expires:1776937170799 status:NORMAL
1940 2026-04-08 02:50:45,516 webull.core.http.initializer.token.token_manager INFO save_token_to_local writing token to file completed.
1940 2026-04-08 02:50:45,516 webull.core.http.initializer.token.token_manager INFO init_token finished. token:a8391a******03689b expires:1776937170799 status:NORMAL
28268 2026-04-08 02:53:34,839 webull.core.http.initializer.client_initializer INFO _check_token_enable result is True
28268 2026-04-08 02:53:34,883 webull.core.http.initializer.token.token_storage INFO storage_token uses the default configuration, conf.
28268 2026-04-08 02:53:34,885 webull.core.http.initializer.token.token_storage INFO storage_token initialized path:C:\Users\yalil\OneDrive\Desktop\AI-projects\quantitivestocks\conf\token.txt.
28268 2026-04-08 02:53:34,886 webull.core.http.initializer.token.token_storage WARNING storage_token Note: The token file already exists, the latest token configuration will be overwritten and written to the token file after successful 2FA verification. path:C:\Users\yalil\OneDrive\Desktop\AI-projects\quantitivestocks\conf\token.txt.
28268 2026-04-08 02:53:34,886 webull.core.http.initializer.token.token_manager INFO load_token_from_local reading token from file...
28268 2026-04-08 02:53:34,886 webull.core.http.initializer.token.token_manager INFO load_token_from_local read local token result. token:a8391a******03689b expires:1776937170799 status:NORMAL
28268 2026-04-08 02:53:35,146 webull.core.http.initializer.token.token_manager INFO fetch_token_from_server create_token result. token:a8391a******03689b expires:1776937170799 status:NORMAL
28268 2026-04-08 02:53:35,147 webull.core.http.initializer.token.token_manager INFO fetch_token_from_server create_token status is verified, no further check required, returning directly. token:a8391a******03689b expires:1776937170799 status:NORMAL
28268 2026-04-08 02:53:35,147 webull.core.http.initializer.token.token_manager INFO save_token_to_local writing token to local file. token:a8391a******03689b expires:1776937170799 status:NORMAL
28268 2026-04-08 02:53:35,148 webull.core.http.initializer.token.token_manager INFO save_token_to_local writing token to file completed.
28268 2026-04-08 02:53:35,148 webull.core.http.initializer.token.token_manager INFO init_token finished. token:a8391a******03689b expires:1776937170799 status:NORMAL
24960 2026-04-08 02:54:48,333 webull.core.http.initializer.client_initializer INFO _check_token_enable result is True
24960 2026-04-08 02:54:48,335 webull.core.http.initializer.token.token_storage INFO storage_token uses the default configuration, conf.
24960 2026-04-08 02:54:48,335 webull.core.http.initializer.token.token_storage INFO storage_token initialized path:C:\Users\yalil\OneDrive\Desktop\AI-projects\quantitivestocks\conf\token.txt.
24960 2026-04-08 02:54:48,336 webull.core.http.initializer.token.token_storage WARNING storage_token Note: The token file already exists, the latest token configuration will be overwritten and written to the token file after successful 2FA verification. path:C:\Users\yalil\OneDrive\Desktop\AI-projects\quantitivestocks\conf\token.txt.
24960 2026-04-08 02:54:48,336 webull.core.http.initializer.token.token_manager INFO load_token_from_local reading token from file...
24960 2026-04-08 02:54:48,336 webull.core.http.initializer.token.token_manager INFO load_token_from_local read local token result. token:a8391a******03689b expires:1776937170799 status:NORMAL
24960 2026-04-08 02:54:48,505 webull.core.http.initializer.token.token_manager INFO fetch_token_from_server create_token result. token:a8391a******03689b expires:1776937170799 status:NORMAL
24960 2026-04-08 02:54:48,506 webull.core.http.initializer.token.token_manager INFO fetch_token_from_server create_token status is verified, no further check required, returning directly. token:a8391a******03689b expires:1776937170799 status:NORMAL
24960 2026-04-08 02:54:48,506 webull.core.http.initializer.token.token_manager INFO save_token_to_local writing token to local file. token:a8391a******03689b expires:1776937170799 status:NORMAL
24960 2026-04-08 02:54:48,507 webull.core.http.initializer.token.token_manager INFO save_token_to_local writing token to file completed.
24960 2026-04-08 02:54:48,507 webull.core.http.initializer.token.token_manager INFO init_token finished. token:a8391a******03689b expires:1776937170799 status:NORMAL
18108 2026-04-08 02:58:02,653 webull.core.http.initializer.client_initializer INFO _check_token_enable result is True
18108 2026-04-08 02:58:02,656 webull.core.http.initializer.token.token_storage INFO storage_token uses the default configuration, conf.
18108 2026-04-08 02:58:02,657 webull.core.http.initializer.token.token_storage INFO storage_token initialized path:C:\Users\yalil\OneDrive\Desktop\AI-projects\quantitivestocks\conf\token.txt.
18108 2026-04-08 02:58:02,658 webull.core.http.initializer.token.token_storage WARNING storage_token Note: The token file already exists, the latest token configuration will be overwritten and written to the token file after successful 2FA verification. path:C:\Users\yalil\OneDrive\Desktop\AI-projects\quantitivestocks\conf\token.txt.
18108 2026-04-08 02:58:02,658 webull.core.http.initializer.token.token_manager INFO load_token_from_local reading token from file...
18108 2026-04-08 02:58:02,658 webull.core.http.initializer.token.token_manager INFO load_token_from_local read local token result. token:a8391a******03689b expires:1776937170799 status:NORMAL
18108 2026-04-08 02:58:02,990 webull.core.http.initializer.token.token_manager INFO fetch_token_from_server create_token result. token:a8391a******03689b expires:1776937170799 status:NORMAL
18108 2026-04-08 02:58:02,991 webull.core.http.initializer.token.token_manager INFO fetch_token_from_server create_token status is verified, no further check required, returning directly. token:a8391a******03689b expires:1776937170799 status:NORMAL
18108 2026-04-08 02:58:02,991 webull.core.http.initializer.token.token_manager INFO save_token_to_local writing token to local file. token:a8391a******03689b expires:1776937170799 status:NORMAL
18108 2026-04-08 02:58:02,992 webull.core.http.initializer.token.token_manager INFO save_token_to_local writing token to file completed.
18108 2026-04-08 02:58:02,992 webull.core.http.initializer.token.token_manager INFO init_token finished. token:a8391a******03689b expires:1776937170799 status:NORMAL
27092 2026-04-08 03:02:56,323 webull.core.http.initializer.client_initializer INFO _check_token_enable result is True
27092 2026-04-08 03:02:56,353 webull.core.http.initializer.token.token_storage INFO storage_token uses the default configuration, conf.
27092 2026-04-08 03:02:56,355 webull.core.http.initializer.token.token_storage INFO storage_token initialized path:C:\Users\yalil\OneDrive\Desktop\AI-projects\quantitivestocks\conf\token.txt.
27092 2026-04-08 03:02:56,355 webull.core.http.initializer.token.token_storage WARNING storage_token Note: The token file already exists, the latest token configuration will be overwritten and written to the token file after successful 2FA verification. path:C:\Users\yalil\OneDrive\Desktop\AI-projects\quantitivestocks\conf\token.txt.
27092 2026-04-08 03:02:56,356 webull.core.http.initializer.token.token_manager INFO load_token_from_local reading token from file...
27092 2026-04-08 03:02:56,356 webull.core.http.initializer.token.token_manager INFO load_token_from_local read local token result. token:a8391a******03689b expires:1776937170799 status:NORMAL
27092 2026-04-08 03:02:56,533 webull.core.http.initializer.token.token_manager INFO fetch_token_from_server create_token result. token:a8391a******03689b expires:1776937170799 status:NORMAL
27092 2026-04-08 03:02:56,535 webull.core.http.initializer.token.token_manager INFO fetch_token_from_server create_token status is verified, no further check required, returning directly. token:a8391a******03689b expires:1776937170799 status:NORMAL
27092 2026-04-08 03:02:56,535 webull.core.http.initializer.token.token_manager INFO save_token_to_local writing token to local file. token:a8391a******03689b expires:1776937170799 status:NORMAL
27092 2026-04-08 03:02:56,536 webull.core.http.initializer.token.token_manager INFO save_token_to_local writing token to file completed.
27092 2026-04-08 03:02:56,536 webull.core.http.initializer.token.token_manager INFO init_token finished. token:a8391a******03689b expires:1776937170799 status:NORMAL
23908 2026-04-08 03:06:26,956 webull.core.http.initializer.client_initializer INFO _check_token_enable result is True
23908 2026-04-08 03:06:26,960 webull.core.http.initializer.token.token_storage INFO storage_token uses the default configuration, conf.
23908 2026-04-08 03:06:26,962 webull.core.http.initializer.token.token_storage INFO storage_token initialized path:C:\Users\yalil\OneDrive\Desktop\AI-projects\quantitivestocks\conf\token.txt.
23908 2026-04-08 03:06:26,962 webull.core.http.initializer.token.token_storage WARNING storage_token Note: The token file already exists, the latest token configuration will be overwritten and written to the token file after successful 2FA verification. path:C:\Users\yalil\OneDrive\Desktop\AI-projects\quantitivestocks\conf\token.txt.
23908 2026-04-08 03:06:26,963 webull.core.http.initializer.token.token_manager INFO load_token_from_local reading token from file...
23908 2026-04-08 03:06:26,963 webull.core.http.initializer.token.token_manager INFO load_token_from_local read local token result. token:a8391a******03689b expires:1776937170799 status:NORMAL
23908 2026-04-08 03:06:27,171 webull.core.http.initializer.token.token_manager INFO fetch_token_from_server create_token result. token:a8391a******03689b expires:1776937170799 status:NORMAL
23908 2026-04-08 03:06:27,172 webull.core.http.initializer.token.token_manager INFO fetch_token_from_server create_token status is verified, no further check required, returning directly. token:a8391a******03689b expires:1776937170799 status:NORMAL
23908 2026-04-08 03:06:27,172 webull.core.http.initializer.token.token_manager INFO save_token_to_local writing token to local file. token:a8391a******03689b expires:1776937170799 status:NORMAL
23908 2026-04-08 03:06:27,173 webull.core.http.initializer.token.token_manager INFO save_token_to_local writing token to file completed.
23908 2026-04-08 03:06:27,173 webull.core.http.initializer.token.token_manager INFO init_token finished. token:a8391a******03689b expires:1776937170799 status:NORMAL
16320 2026-04-08 03:12:01,193 webull.core.http.initializer.client_initializer INFO _check_token_enable result is True
16320 2026-04-08 03:12:01,196 webull.core.http.initializer.token.token_storage INFO storage_token uses the default configuration, conf.
16320 2026-04-08 03:12:01,197 webull.core.http.initializer.token.token_storage INFO storage_token initialized path:C:\Users\yalil\OneDrive\Desktop\AI-projects\quantitivestocks\conf\token.txt.
16320 2026-04-08 03:12:01,197 webull.core.http.initializer.token.token_storage WARNING storage_token Note: The token file already exists, the latest token configuration will be overwritten and written to the token file after successful 2FA verification. path:C:\Users\yalil\OneDrive\Desktop\AI-projects\quantitivestocks\conf\token.txt.
16320 2026-04-08 03:12:01,198 webull.core.http.initializer.token.token_manager INFO load_token_from_local reading token from file...
16320 2026-04-08 03:12:01,198 webull.core.http.initializer.token.token_manager INFO load_token_from_local read local token result. token:a8391a******03689b expires:1776937170799 status:NORMAL
16320 2026-04-08 03:12:01,423 webull.core.http.initializer.token.token_manager INFO fetch_token_from_server create_token result. token:a8391a******03689b expires:1776937170799 status:NORMAL
16320 2026-04-08 03:12:01,424 webull.core.http.initializer.token.token_manager INFO fetch_token_from_server create_token status is verified, no further check required, returning directly. token:a8391a******03689b expires:1776937170799 status:NORMAL
16320 2026-04-08 03:12:01,424 webull.core.http.initializer.token.token_manager INFO save_token_to_local writing token to local file. token:a8391a******03689b expires:1776937170799 status:NORMAL
16320 2026-04-08 03:12:01,426 webull.core.http.initializer.token.token_manager INFO save_token_to_local writing token to file completed.
16320 2026-04-08 03:12:01,426 webull.core.http.initializer.token.token_manager INFO init_token finished. token:a8391a******03689b expires:1776937170799 status:NORMAL
18152 2026-04-08 03:14:10,403 webull.core.http.initializer.client_initializer INFO _check_token_enable result is True
18152 2026-04-08 03:14:10,408 webull.core.http.initializer.token.token_storage INFO storage_token uses the default configuration, conf.
18152 2026-04-08 03:14:10,409 webull.core.http.initializer.token.token_storage INFO storage_token initialized path:C:\Users\yalil\OneDrive\Desktop\AI-projects\quantitivestocks\conf\token.txt.
18152 2026-04-08 03:14:10,409 webull.core.http.initializer.token.token_storage WARNING storage_token Note: The token file already exists, the latest token configuration will be overwritten and written to the token file after successful 2FA verification. path:C:\Users\yalil\OneDrive\Desktop\AI-projects\quantitivestocks\conf\token.txt.
18152 2026-04-08 03:14:10,410 webull.core.http.initializer.token.token_manager INFO load_token_from_local reading token from file...
18152 2026-04-08 03:14:10,410 webull.core.http.initializer.token.token_manager INFO load_token_from_local read local token result. token:a8391a******03689b expires:1776937170799 status:NORMAL
18152 2026-04-08 03:14:10,656 webull.core.http.initializer.token.token_manager INFO fetch_token_from_server create_token result. token:a8391a******03689b expires:1776937170799 status:NORMAL
18152 2026-04-08 03:14:10,657 webull.core.http.initializer.token.token_manager INFO fetch_token_from_server create_token status is verified, no further check required, returning directly. token:a8391a******03689b expires:1776937170799 status:NORMAL
18152 2026-04-08 03:14:10,657 webull.core.http.initializer.token.token_manager INFO save_token_to_local writing token to local file. token:a8391a******03689b expires:1776937170799 status:NORMAL
18152 2026-04-08 03:14:10,658 webull.core.http.initializer.token.token_manager INFO save_token_to_local writing token to file completed.
18152 2026-04-08 03:14:10,658 webull.core.http.initializer.token.token_manager INFO init_token finished. token:a8391a******03689b expires:1776937170799 status:NORMAL
9320 2026-04-08 03:18:56,512 webull.core.http.initializer.client_initializer INFO _check_token_enable result is True
9320 2026-04-08 03:18:56,721 webull.core.http.initializer.token.token_storage INFO storage_token uses the default configuration, conf.
9320 2026-04-08 03:18:56,722 webull.core.http.initializer.token.token_storage INFO storage_token initialized path:C:\Users\yalil\OneDrive\Desktop\AI-projects\quantitivestocks\conf\token.txt.
9320 2026-04-08 03:18:56,722 webull.core.http.initializer.token.token_storage WARNING storage_token Note: The token file already exists, the latest token configuration will be overwritten and written to the token file after successful 2FA verification. path:C:\Users\yalil\OneDrive\Desktop\AI-projects\quantitivestocks\conf\token.txt.
9320 2026-04-08 03:18:56,825 webull.core.http.initializer.token.token_manager INFO load_token_from_local reading token from file...
9320 2026-04-08 03:18:56,825 webull.core.http.initializer.token.token_manager INFO load_token_from_local read local token result. token:a8391a******03689b expires:1776937170799 status:NORMAL
9320 2026-04-08 03:18:57,257 webull.core.http.initializer.token.token_manager INFO fetch_token_from_server create_token result. token:a8391a******03689b expires:1776937170799 status:NORMAL
9320 2026-04-08 03:18:57,258 webull.core.http.initializer.token.token_manager INFO fetch_token_from_server create_token status is verified, no further check required, returning directly. token:a8391a******03689b expires:1776937170799 status:NORMAL
9320 2026-04-08 03:18:57,258 webull.core.http.initializer.token.token_manager INFO save_token_to_local writing token to local file. token:a8391a******03689b expires:1776937170799 status:NORMAL
9320 2026-04-08 03:18:57,259 webull.core.http.initializer.token.token_manager INFO save_token_to_local writing token to file completed.
9320 2026-04-08 03:18:57,259 webull.core.http.initializer.token.token_manager INFO init_token finished. token:a8391a******03689b expires:1776937170799 status:NORMAL
8864 2026-04-08 03:20:43,658 webull.core.http.initializer.client_initializer INFO _check_token_enable result is True
8864 2026-04-08 03:20:43,661 webull.core.http.initializer.token.token_storage INFO storage_token uses the default configuration, conf.
8864 2026-04-08 03:20:43,662 webull.core.http.initializer.token.token_storage INFO storage_token initialized path:C:\Users\yalil\OneDrive\Desktop\AI-projects\quantitivestocks\conf\token.txt.
8864 2026-04-08 03:20:43,663 webull.core.http.initializer.token.token_storage WARNING storage_token Note: The token file already exists, the latest token configuration will be overwritten and written to the token file after successful 2FA verification. path:C:\Users\yalil\OneDrive\Desktop\AI-projects\quantitivestocks\conf\token.txt.
8864 2026-04-08 03:20:43,663 webull.core.http.initializer.token.token_manager INFO load_token_from_local reading token from file...
8864 2026-04-08 03:20:43,665 webull.core.http.initializer.token.token_manager INFO load_token_from_local read local token result. token:a8391a******03689b expires:1776937170799 status:NORMAL
8864 2026-04-08 03:20:43,953 webull.core.http.initializer.token.token_manager INFO fetch_token_from_server create_token result. token:a8391a******03689b expires:1776937170799 status:NORMAL
8864 2026-04-08 03:20:43,955 webull.core.http.initializer.token.token_manager INFO fetch_token_from_server create_token status is verified, no further check required, returning directly. token:a8391a******03689b expires:1776937170799 status:NORMAL
8864 2026-04-08 03:20:43,955 webull.core.http.initializer.token.token_manager INFO save_token_to_local writing token to local file. token:a8391a******03689b expires:1776937170799 status:NORMAL
8864 2026-04-08 03:20:43,956 webull.core.http.initializer.token.token_manager INFO save_token_to_local writing token to file completed.
8864 2026-04-08 03:20:43,956 webull.core.http.initializer.token.token_manager INFO init_token finished. token:a8391a******03689b expires:1776937170799 status:NORMAL
24868 2026-04-08 03:22:43,589 webull.core.http.initializer.client_initializer INFO _check_token_enable result is True
24868 2026-04-08 03:22:43,592 webull.core.http.initializer.token.token_storage INFO storage_token uses the default configuration, conf.
24868 2026-04-08 03:22:43,593 webull.core.http.initializer.token.token_storage INFO storage_token initialized path:C:\Users\yalil\OneDrive\Desktop\AI-projects\quantitivestocks\conf\token.txt.
24868 2026-04-08 03:22:43,593 webull.core.http.initializer.token.token_storage WARNING storage_token Note: The token file already exists, the latest token configuration will be overwritten and written to the token file after successful 2FA verification. path:C:\Users\yalil\OneDrive\Desktop\AI-projects\quantitivestocks\conf\token.txt.
24868 2026-04-08 03:22:43,594 webull.core.http.initializer.token.token_manager INFO load_token_from_local reading token from file...
24868 2026-04-08 03:22:43,595 webull.core.http.initializer.token.token_manager INFO load_token_from_local read local token result. token:a8391a******03689b expires:1776937170799 status:NORMAL
24868 2026-04-08 03:22:44,059 webull.core.http.initializer.token.token_manager INFO fetch_token_from_server create_token result. token:a8391a******03689b expires:1776937170799 status:NORMAL
24868 2026-04-08 03:22:44,060 webull.core.http.initializer.token.token_manager INFO fetch_token_from_server create_token status is verified, no further check required, returning directly. token:a8391a******03689b expires:1776937170799 status:NORMAL
24868 2026-04-08 03:22:44,060 webull.core.http.initializer.token.token_manager INFO save_token_to_local writing token to local file. token:a8391a******03689b expires:1776937170799 status:NORMAL
24868 2026-04-08 03:22:44,061 webull.core.http.initializer.token.token_manager INFO save_token_to_local writing token to file completed.
24868 2026-04-08 03:22:44,061 webull.core.http.initializer.token.token_manager INFO init_token finished. token:a8391a******03689b expires:1776937170799 status:NORMAL
24792 2026-04-08 03:24:43,150 webull.core.http.initializer.client_initializer INFO _check_token_enable result is True
24792 2026-04-08 03:24:43,190 webull.core.http.initializer.token.token_storage INFO storage_token uses the default configuration, conf.
24792 2026-04-08 03:24:43,194 webull.core.http.initializer.token.token_storage INFO storage_token initialized path:C:\Users\yalil\OneDrive\Desktop\AI-projects\quantitivestocks\conf\token.txt.
24792 2026-04-08 03:24:43,198 webull.core.http.initializer.token.token_storage WARNING storage_token Note: The token file already exists, the latest token configuration will be overwritten and written to the token file after successful 2FA verification. path:C:\Users\yalil\OneDrive\Desktop\AI-projects\quantitivestocks\conf\token.txt.
24792 2026-04-08 03:24:43,201 webull.core.http.initializer.token.token_manager INFO load_token_from_local reading token from file...
24792 2026-04-08 03:24:43,202 webull.core.http.initializer.token.token_manager INFO load_token_from_local read local token result. token:a8391a******03689b expires:1776937170799 status:NORMAL
24792 2026-04-08 03:24:43,377 webull.core.http.initializer.token.token_manager INFO fetch_token_from_server create_token result. token:a8391a******03689b expires:1776937170799 status:NORMAL
24792 2026-04-08 03:24:43,378 webull.core.http.initializer.token.token_manager INFO fetch_token_from_server create_token status is verified, no further check required, returning directly. token:a8391a******03689b expires:1776937170799 status:NORMAL
24792 2026-04-08 03:24:43,378 webull.core.http.initializer.token.token_manager INFO save_token_to_local writing token to local file. token:a8391a******03689b expires:1776937170799 status:NORMAL
24792 2026-04-08 03:24:43,379 webull.core.http.initializer.token.token_manager INFO save_token_to_local writing token to file completed.
24792 2026-04-08 03:24:43,379 webull.core.http.initializer.token.token_manager INFO init_token finished. token:a8391a******03689b expires:1776937170799 status:NORMAL
10136 2026-04-08 03:26:42,989 webull.core.http.initializer.client_initializer INFO _check_token_enable result is True
10136 2026-04-08 03:26:42,993 webull.core.http.initializer.token.token_storage INFO storage_token uses the default configuration, conf.
10136 2026-04-08 03:26:42,994 webull.core.http.initializer.token.token_storage INFO storage_token initialized path:C:\Users\yalil\OneDrive\Desktop\AI-projects\quantitivestocks\conf\token.txt.
10136 2026-04-08 03:26:42,994 webull.core.http.initializer.token.token_storage WARNING storage_token Note: The token file already exists, the latest token configuration will be overwritten and written to the token file after successful 2FA verification. path:C:\Users\yalil\OneDrive\Desktop\AI-projects\quantitivestocks\conf\token.txt.
10136 2026-04-08 03:26:42,995 webull.core.http.initializer.token.token_manager INFO load_token_from_local reading token from file...
10136 2026-04-08 03:26:42,996 webull.core.http.initializer.token.token_manager INFO load_token_from_local read local token result. token:a8391a******03689b expires:1776937170799 status:NORMAL
10136 2026-04-08 03:26:43,233 webull.core.http.initializer.token.token_manager INFO fetch_token_from_server create_token result. token:a8391a******03689b expires:1776937170799 status:NORMAL
10136 2026-04-08 03:26:43,234 webull.core.http.initializer.token.token_manager INFO fetch_token_from_server create_token status is verified, no further check required, returning directly. token:a8391a******03689b expires:1776937170799 status:NORMAL
10136 2026-04-08 03:26:43,234 webull.core.http.initializer.token.token_manager INFO save_token_to_local writing token to local file. token:a8391a******03689b expires:1776937170799 status:NORMAL
10136 2026-04-08 03:26:43,235 webull.core.http.initializer.token.token_manager INFO save_token_to_local writing token to file completed.
10136 2026-04-08 03:26:43,235 webull.core.http.initializer.token.token_manager INFO init_token finished. token:a8391a******03689b expires:1776937170799 status:NORMAL
15932 2026-04-08 03:28:45,809 webull.core.http.initializer.client_initializer INFO _check_token_enable result is True
15932 2026-04-08 03:28:45,812 webull.core.http.initializer.token.token_storage INFO storage_token uses the default configuration, conf.
15932 2026-04-08 03:28:45,813 webull.core.http.initializer.token.token_storage INFO storage_token initialized path:C:\Users\yalil\OneDrive\Desktop\AI-projects\quantitivestocks\conf\token.txt.
15932 2026-04-08 03:28:45,813 webull.core.http.initializer.token.token_storage WARNING storage_token Note: The token file already exists, the latest token configuration will be overwritten and written to the token file after successful 2FA verification. path:C:\Users\yalil\OneDrive\Desktop\AI-projects\quantitivestocks\conf\token.txt.
15932 2026-04-08 03:28:45,813 webull.core.http.initializer.token.token_manager INFO load_token_from_local reading token from file...
15932 2026-04-08 03:28:45,819 webull.core.http.initializer.token.token_manager INFO load_token_from_local read local token result. token:a8391a******03689b expires:1776937170799 status:NORMAL
15932 2026-04-08 03:28:45,972 webull.core.http.initializer.token.token_manager INFO fetch_token_from_server create_token result. token:a8391a******03689b expires:1776937170799 status:NORMAL
15932 2026-04-08 03:28:45,974 webull.core.http.initializer.token.token_manager INFO fetch_token_from_server create_token status is verified, no further check required, returning directly. token:a8391a******03689b expires:1776937170799 status:NORMAL
15932 2026-04-08 03:28:45,974 webull.core.http.initializer.token.token_manager INFO save_token_to_local writing token to local file. token:a8391a******03689b expires:1776937170799 status:NORMAL
15932 2026-04-08 03:28:45,974 webull.core.http.initializer.token.token_manager INFO save_token_to_local writing token to file completed.
15932 2026-04-08 03:28:45,975 webull.core.http.initializer.token.token_manager INFO init_token finished. token:a8391a******03689b expires:1776937170799 status:NORMAL
24508 2026-04-08 03:30:43,879 webull.core.http.initializer.client_initializer INFO _check_token_enable result is True
24508 2026-04-08 03:30:43,881 webull.core.http.initializer.token.token_storage INFO storage_token uses the default configuration, conf.
24508 2026-04-08 03:30:43,882 webull.core.http.initializer.token.token_storage INFO storage_token initialized path:C:\Users\yalil\OneDrive\Desktop\AI-projects\quantitivestocks\conf\token.txt.
24508 2026-04-08 03:30:43,883 webull.core.http.initializer.token.token_storage WARNING storage_token Note: The token file already exists, the latest token configuration will be overwritten and written to the token file after successful 2FA verification. path:C:\Users\yalil\OneDrive\Desktop\AI-projects\quantitivestocks\conf\token.txt.
24508 2026-04-08 03:30:43,883 webull.core.http.initializer.token.token_manager INFO load_token_from_local reading token from file...
24508 2026-04-08 03:30:43,884 webull.core.http.initializer.token.token_manager INFO load_token_from_local read local token result. token:a8391a******03689b expires:1776937170799 status:NORMAL
24508 2026-04-08 03:30:44,217 webull.core.http.initializer.token.token_manager INFO fetch_token_from_server create_token result. token:a8391a******03689b expires:1776937170799 status:NORMAL
24508 2026-04-08 03:30:44,218 webull.core.http.initializer.token.token_manager INFO fetch_token_from_server create_token status is verified, no further check required, returning directly. token:a8391a******03689b expires:1776937170799 status:NORMAL
24508 2026-04-08 03:30:44,218 webull.core.http.initializer.token.token_manager INFO save_token_to_local writing token to local file. token:a8391a******03689b expires:1776937170799 status:NORMAL
24508 2026-04-08 03:30:44,219 webull.core.http.initializer.token.token_manager INFO save_token_to_local writing token to file completed.
24508 2026-04-08 03:30:44,220 webull.core.http.initializer.token.token_manager INFO init_token finished. token:a8391a******03689b expires:1776937170799 status:NORMAL
25300 2026-04-08 03:32:43,311 webull.core.http.initializer.client_initializer INFO _check_token_enable result is True
25300 2026-04-08 03:32:43,313 webull.core.http.initializer.token.token_storage INFO storage_token uses the default configuration, conf.
25300 2026-04-08 03:32:43,314 webull.core.http.initializer.token.token_storage INFO storage_token initialized path:C:\Users\yalil\OneDrive\Desktop\AI-projects\quantitivestocks\conf\token.txt.
25300 2026-04-08 03:32:43,314 webull.core.http.initializer.token.token_storage WARNING storage_token Note: The token file already exists, the latest token configuration will be overwritten and written to the token file after successful 2FA verification. path:C:\Users\yalil\OneDrive\Desktop\AI-projects\quantitivestocks\conf\token.txt.
25300 2026-04-08 03:32:43,315 webull.core.http.initializer.token.token_manager INFO load_token_from_local reading token from file...
25300 2026-04-08 03:32:43,316 webull.core.http.initializer.token.token_manager INFO load_token_from_local read local token result. token:a8391a******03689b expires:1776937170799 status:NORMAL
25300 2026-04-08 03:32:43,600 webull.core.http.initializer.token.token_manager INFO fetch_token_from_server create_token result. token:a8391a******03689b expires:1776937170799 status:NORMAL
25300 2026-04-08 03:32:43,601 webull.core.http.initializer.token.token_manager INFO fetch_token_from_server create_token status is verified, no further check required, returning directly. token:a8391a******03689b expires:1776937170799 status:NORMAL
25300 2026-04-08 03:32:43,601 webull.core.http.initializer.token.token_manager INFO save_token_to_local writing token to local file. token:a8391a******03689b expires:1776937170799 status:NORMAL
25300 2026-04-08 03:32:43,602 webull.core.http.initializer.token.token_manager INFO save_token_to_local writing token to file completed.
25300 2026-04-08 03:32:43,602 webull.core.http.initializer.token.token_manager INFO init_token finished. token:a8391a******03689b expires:1776937170799 status:NORMAL
20004 2026-04-08 03:34:43,258 webull.core.http.initializer.client_initializer INFO _check_token_enable result is True
20004 2026-04-08 03:34:43,259 webull.core.http.initializer.token.token_storage INFO storage_token uses the default configuration, conf.
20004 2026-04-08 03:34:43,260 webull.core.http.initializer.token.token_storage INFO storage_token initialized path:C:\Users\yalil\OneDrive\Desktop\AI-projects\quantitivestocks\conf\token.txt.
20004 2026-04-08 03:34:43,260 webull.core.http.initializer.token.token_storage WARNING storage_token Note: The token file already exists, the latest token configuration will be overwritten and written to the token file after successful 2FA verification. path:C:\Users\yalil\OneDrive\Desktop\AI-projects\quantitivestocks\conf\token.txt.
20004 2026-04-08 03:34:43,311 webull.core.http.initializer.token.token_manager INFO load_token_from_local reading token from file...
20004 2026-04-08 03:34:43,312 webull.core.http.initializer.token.token_manager INFO load_token_from_local read local token result. token:a8391a******03689b expires:1776937170799 status:NORMAL
20004 2026-04-08 03:34:43,580 webull.core.http.initializer.token.token_manager INFO fetch_token_from_server create_token result. token:a8391a******03689b expires:1776937170799 status:NORMAL
20004 2026-04-08 03:34:43,582 webull.core.http.initializer.token.token_manager INFO fetch_token_from_server create_token status is verified, no further check required, returning directly. token:a8391a******03689b expires:1776937170799 status:NORMAL
20004 2026-04-08 03:34:43,582 webull.core.http.initializer.token.token_manager INFO save_token_to_local writing token to local file. token:a8391a******03689b expires:1776937170799 status:NORMAL
20004 2026-04-08 03:34:43,582 webull.core.http.initializer.token.token_manager INFO save_token_to_local writing token to file completed.
20004 2026-04-08 03:34:43,583 webull.core.http.initializer.token.token_manager INFO init_token finished. token:a8391a******03689b expires:1776937170799 status:NORMAL
21684 2026-04-08 03:36:43,474 webull.core.http.initializer.client_initializer INFO _check_token_enable result is True
21684 2026-04-08 03:36:43,476 webull.core.http.initializer.token.token_storage INFO storage_token uses the default configuration, conf.
21684 2026-04-08 03:36:43,477 webull.core.http.initializer.token.token_storage INFO storage_token initialized path:C:\Users\yalil\OneDrive\Desktop\AI-projects\quantitivestocks\conf\token.txt.
21684 2026-04-08 03:36:43,477 webull.core.http.initializer.token.token_storage WARNING storage_token Note: The token file already exists, the latest token configuration will be overwritten and written to the token file after successful 2FA verification. path:C:\Users\yalil\OneDrive\Desktop\AI-projects\quantitivestocks\conf\token.txt.
21684 2026-04-08 03:36:43,478 webull.core.http.initializer.token.token_manager INFO load_token_from_local reading token from file...
21684 2026-04-08 03:36:43,480 webull.core.http.initializer.token.token_manager INFO load_token_from_local read local token result. token:a8391a******03689b expires:1776937170799 status:NORMAL
21684 2026-04-08 03:36:43,833 webull.core.http.initializer.token.token_manager INFO fetch_token_from_server create_token result. token:a8391a******03689b expires:1776937170799 status:NORMAL
21684 2026-04-08 03:36:43,835 webull.core.http.initializer.token.token_manager INFO fetch_token_from_server create_token status is verified, no further check required, returning directly. token:a8391a******03689b expires:1776937170799 status:NORMAL
21684 2026-04-08 03:36:43,835 webull.core.http.initializer.token.token_manager INFO save_token_to_local writing token to local file. token:a8391a******03689b expires:1776937170799 status:NORMAL
21684 2026-04-08 03:36:43,835 webull.core.http.initializer.token.token_manager INFO save_token_to_local writing token to file completed.
21684 2026-04-08 03:36:43,835 webull.core.http.initializer.token.token_manager INFO init_token finished. token:a8391a******03689b expires:1776937170799 status:NORMAL
24544 2026-04-08 03:38:43,444 webull.core.http.initializer.client_initializer INFO _check_token_enable result is True
24544 2026-04-08 03:38:43,445 webull.core.http.initializer.token.token_storage INFO storage_token uses the default configuration, conf.
24544 2026-04-08 03:38:43,446 webull.core.http.initializer.token.token_storage INFO storage_token initialized path:C:\Users\yalil\OneDrive\Desktop\AI-projects\quantitivestocks\conf\token.txt.
24544 2026-04-08 03:38:43,446 webull.core.http.initializer.token.token_storage WARNING storage_token Note: The token file already exists, the latest token configuration will be overwritten and written to the token file after successful 2FA verification. path:C:\Users\yalil\OneDrive\Desktop\AI-projects\quantitivestocks\conf\token.txt.
24544 2026-04-08 03:38:43,447 webull.core.http.initializer.token.token_manager INFO load_token_from_local reading token from file...
24544 2026-04-08 03:38:43,449 webull.core.http.initializer.token.token_manager INFO load_token_from_local read local token result. token:a8391a******03689b expires:1776937170799 status:NORMAL
24544 2026-04-08 03:38:43,677 webull.core.http.initializer.token.token_manager INFO fetch_token_from_server create_token result. token:a8391a******03689b expires:1776937170799 status:NORMAL
24544 2026-04-08 03:38:43,678 webull.core.http.initializer.token.token_manager INFO fetch_token_from_server create_token status is verified, no further check required, returning directly. token:a8391a******03689b expires:1776937170799 status:NORMAL
24544 2026-04-08 03:38:43,678 webull.core.http.initializer.token.token_manager INFO save_token_to_local writing token to local file. token:a8391a******03689b expires:1776937170799 status:NORMAL
24544 2026-04-08 03:38:43,679 webull.core.http.initializer.token.token_manager INFO save_token_to_local writing token to file completed.
24544 2026-04-08 03:38:43,680 webull.core.http.initializer.token.token_manager INFO init_token finished. token:a8391a******03689b expires:1776937170799 status:NORMAL
4028 2026-04-08 03:40:43,677 webull.core.http.initializer.client_initializer INFO _check_token_enable result is True
4028 2026-04-08 03:40:43,679 webull.core.http.initializer.token.token_storage INFO storage_token uses the default configuration, conf.
4028 2026-04-08 03:40:43,680 webull.core.http.initializer.token.token_storage INFO storage_token initialized path:C:\Users\yalil\OneDrive\Desktop\AI-projects\quantitivestocks\conf\token.txt.
4028 2026-04-08 03:40:43,681 webull.core.http.initializer.token.token_storage WARNING storage_token Note: The token file already exists, the latest token configuration will be overwritten and written to the token file after successful 2FA verification. path:C:\Users\yalil\OneDrive\Desktop\AI-projects\quantitivestocks\conf\token.txt.
4028 2026-04-08 03:40:43,682 webull.core.http.initializer.token.token_manager INFO load_token_from_local reading token from file...
4028 2026-04-08 03:40:43,683 webull.core.http.initializer.token.token_manager INFO load_token_from_local read local token result. token:a8391a******03689b expires:1776937170799 status:NORMAL
4028 2026-04-08 03:40:43,861 webull.core.http.initializer.token.token_manager INFO fetch_token_from_server create_token result. token:a8391a******03689b expires:1776937170799 status:NORMAL
4028 2026-04-08 03:40:43,863 webull.core.http.initializer.token.token_manager INFO fetch_token_from_server create_token status is verified, no further check required, returning directly. token:a8391a******03689b expires:1776937170799 status:NORMAL
4028 2026-04-08 03:40:43,863 webull.core.http.initializer.token.token_manager INFO save_token_to_local writing token to local file. token:a8391a******03689b expires:1776937170799 status:NORMAL
4028 2026-04-08 03:40:43,864 webull.core.http.initializer.token.token_manager INFO save_token_to_local writing token to file completed.
4028 2026-04-08 03:40:43,864 webull.core.http.initializer.token.token_manager INFO init_token finished. token:a8391a******03689b expires:1776937170799 status:NORMAL
7288 2026-04-08 03:42:43,756 webull.core.http.initializer.client_initializer INFO _check_token_enable result is True
7288 2026-04-08 03:42:43,758 webull.core.http.initializer.token.token_storage INFO storage_token uses the default configuration, conf.
7288 2026-04-08 03:42:43,759 webull.core.http.initializer.token.token_storage INFO storage_token initialized path:C:\Users\yalil\OneDrive\Desktop\AI-projects\quantitivestocks\conf\token.txt.
7288 2026-04-08 03:42:43,760 webull.core.http.initializer.token.token_storage WARNING storage_token Note: The token file already exists, the latest token configuration will be overwritten and written to the token file after successful 2FA verification. path:C:\Users\yalil\OneDrive\Desktop\AI-projects\quantitivestocks\conf\token.txt.
7288 2026-04-08 03:42:43,761 webull.core.http.initializer.token.token_manager INFO load_token_from_local reading token from file...
7288 2026-04-08 03:42:43,763 webull.core.http.initializer.token.token_manager INFO load_token_from_local read local token result. token:a8391a******03689b expires:1776937170799 status:NORMAL
7288 2026-04-08 03:42:44,101 webull.core.http.initializer.token.token_manager INFO fetch_token_from_server create_token result. token:a8391a******03689b expires:1776937170799 status:NORMAL
7288 2026-04-08 03:42:44,103 webull.core.http.initializer.token.token_manager INFO fetch_token_from_server create_token status is verified, no further check required, returning directly. token:a8391a******03689b expires:1776937170799 status:NORMAL
7288 2026-04-08 03:42:44,104 webull.core.http.initializer.token.token_manager INFO save_token_to_local writing token to local file. token:a8391a******03689b expires:1776937170799 status:NORMAL
7288 2026-04-08 03:42:44,105 webull.core.http.initializer.token.token_manager INFO save_token_to_local writing token to file completed.
7288 2026-04-08 03:42:44,105 webull.core.http.initializer.token.token_manager INFO init_token finished. token:a8391a******03689b expires:1776937170799 status:NORMAL
16692 2026-04-08 03:44:43,882 webull.core.http.initializer.client_initializer INFO _check_token_enable result is True
16692 2026-04-08 03:44:43,884 webull.core.http.initializer.token.token_storage INFO storage_token uses the default configuration, conf.
16692 2026-04-08 03:44:43,885 webull.core.http.initializer.token.token_storage INFO storage_token initialized path:C:\Users\yalil\OneDrive\Desktop\AI-projects\quantitivestocks\conf\token.txt.
16692 2026-04-08 03:44:43,885 webull.core.http.initializer.token.token_storage WARNING storage_token Note: The token file already exists, the latest token configuration will be overwritten and written to the token file after successful 2FA verification. path:C:\Users\yalil\OneDrive\Desktop\AI-projects\quantitivestocks\conf\token.txt.
16692 2026-04-08 03:44:43,886 webull.core.http.initializer.token.token_manager INFO load_token_from_local reading token from file...
16692 2026-04-08 03:44:43,888 webull.core.http.initializer.token.token_manager INFO load_token_from_local read local token result. token:a8391a******03689b expires:1776937170799 status:NORMAL
16692 2026-04-08 03:44:44,165 webull.core.http.initializer.token.token_manager INFO fetch_token_from_server create_token result. token:a8391a******03689b expires:1776937170799 status:NORMAL
16692 2026-04-08 03:44:44,167 webull.core.http.initializer.token.token_manager INFO fetch_token_from_server create_token status is verified, no further check required, returning directly. token:a8391a******03689b expires:1776937170799 status:NORMAL
16692 2026-04-08 03:44:44,167 webull.core.http.initializer.token.token_manager INFO save_token_to_local writing token to local file. token:a8391a******03689b expires:1776937170799 status:NORMAL
16692 2026-04-08 03:44:44,168 webull.core.http.initializer.token.token_manager INFO save_token_to_local writing token to file completed.
16692 2026-04-08 03:44:44,168 webull.core.http.initializer.token.token_manager INFO init_token finished. token:a8391a******03689b expires:1776937170799 status:NORMAL
20712 2026-04-08 03:46:43,890 webull.core.http.initializer.client_initializer INFO _check_token_enable result is True
20712 2026-04-08 03:46:43,891 webull.core.http.initializer.token.token_storage INFO storage_token uses the default configuration, conf.
20712 2026-04-08 03:46:43,892 webull.core.http.initializer.token.token_storage INFO storage_token initialized path:C:\Users\yalil\OneDrive\Desktop\AI-projects\quantitivestocks\conf\token.txt.
20712 2026-04-08 03:46:43,893 webull.core.http.initializer.token.token_storage WARNING storage_token Note: The token file already exists, the latest token configuration will be overwritten and written to the token file after successful 2FA verification. path:C:\Users\yalil\OneDrive\Desktop\AI-projects\quantitivestocks\conf\token.txt.
20712 2026-04-08 03:46:43,894 webull.core.http.initializer.token.token_manager INFO load_token_from_local reading token from file...
20712 2026-04-08 03:46:43,895 webull.core.http.initializer.token.token_manager INFO load_token_from_local read local token result. token:a8391a******03689b expires:1776937170799 status:NORMAL
20712 2026-04-08 03:46:44,068 webull.core.http.initializer.token.token_manager INFO fetch_token_from_server create_token result. token:a8391a******03689b expires:1776937170799 status:NORMAL
20712 2026-04-08 03:46:44,069 webull.core.http.initializer.token.token_manager INFO fetch_token_from_server create_token status is verified, no further check required, returning directly. token:a8391a******03689b expires:1776937170799 status:NORMAL
20712 2026-04-08 03:46:44,070 webull.core.http.initializer.token.token_manager INFO save_token_to_local writing token to local file. token:a8391a******03689b expires:1776937170799 status:NORMAL
20712 2026-04-08 03:46:44,070 webull.core.http.initializer.token.token_manager INFO save_token_to_local writing token to file completed.
20712 2026-04-08 03:46:44,071 webull.core.http.initializer.token.token_manager INFO init_token finished. token:a8391a******03689b expires:1776937170799 status:NORMAL
25008 2026-04-08 03:48:44,063 webull.core.http.initializer.client_initializer INFO _check_token_enable result is True
25008 2026-04-08 03:48:44,065 webull.core.http.initializer.token.token_storage INFO storage_token uses the default configuration, conf.
25008 2026-04-08 03:48:44,065 webull.core.http.initializer.token.token_storage INFO storage_token initialized path:C:\Users\yalil\OneDrive\Desktop\AI-projects\quantitivestocks\conf\token.txt.
25008 2026-04-08 03:48:44,066 webull.core.http.initializer.token.token_storage WARNING storage_token Note: The token file already exists, the latest token configuration will be overwritten and written to the token file after successful 2FA verification. path:C:\Users\yalil\OneDrive\Desktop\AI-projects\quantitivestocks\conf\token.txt.
25008 2026-04-08 03:48:44,067 webull.core.http.initializer.token.token_manager INFO load_token_from_local reading token from file...
25008 2026-04-08 03:48:44,068 webull.core.http.initializer.token.token_manager INFO load_token_from_local read local token result. token:a8391a******03689b expires:1776937170799 status:NORMAL
25008 2026-04-08 03:48:44,321 webull.core.http.initializer.token.token_manager INFO fetch_token_from_server create_token result. token:a8391a******03689b expires:1776937170799 status:NORMAL
25008 2026-04-08 03:48:44,323 webull.core.http.initializer.token.token_manager INFO fetch_token_from_server create_token status is verified, no further check required, returning directly. token:a8391a******03689b expires:1776937170799 status:NORMAL
25008 2026-04-08 03:48:44,323 webull.core.http.initializer.token.token_manager INFO save_token_to_local writing token to local file. token:a8391a******03689b expires:1776937170799 status:NORMAL
25008 2026-04-08 03:48:44,324 webull.core.http.initializer.token.token_manager INFO save_token_to_local writing token to file completed.
25008 2026-04-08 03:48:44,324 webull.core.http.initializer.token.token_manager INFO init_token finished. token:a8391a******03689b expires:1776937170799 status:NORMAL
18772 2026-04-08 03:50:45,342 webull.core.http.initializer.client_initializer INFO _check_token_enable result is True
18772 2026-04-08 03:50:45,346 webull.core.http.initializer.token.token_storage INFO storage_token uses the default configuration, conf.
18772 2026-04-08 03:50:45,347 webull.core.http.initializer.token.token_storage INFO storage_token initialized path:C:\Users\yalil\OneDrive\Desktop\AI-projects\quantitivestocks\conf\token.txt.
18772 2026-04-08 03:50:45,349 webull.core.http.initializer.token.token_storage WARNING storage_token Note: The token file already exists, the latest token configuration will be overwritten and written to the token file after successful 2FA verification. path:C:\Users\yalil\OneDrive\Desktop\AI-projects\quantitivestocks\conf\token.txt.
18772 2026-04-08 03:50:45,350 webull.core.http.initializer.token.token_manager INFO load_token_from_local reading token from file...
18772 2026-04-08 03:50:45,351 webull.core.http.initializer.token.token_manager INFO load_token_from_local read local token result. token:a8391a******03689b expires:1776937170799 status:NORMAL
18772 2026-04-08 03:50:45,750 webull.core.http.initializer.token.token_manager INFO fetch_token_from_server create_token result. token:a8391a******03689b expires:1776937170799 status:NORMAL
18772 2026-04-08 03:50:45,751 webull.core.http.initializer.token.token_manager INFO fetch_token_from_server create_token status is verified, no further check required, returning directly. token:a8391a******03689b expires:1776937170799 status:NORMAL
18772 2026-04-08 03:50:45,751 webull.core.http.initializer.token.token_manager INFO save_token_to_local writing token to local file. token:a8391a******03689b expires:1776937170799 status:NORMAL
18772 2026-04-08 03:50:45,752 webull.core.http.initializer.token.token_manager INFO save_token_to_local writing token to file completed.
18772 2026-04-08 03:50:45,753 webull.core.http.initializer.token.token_manager INFO init_token finished. token:a8391a******03689b expires:1776937170799 status:NORMAL
4024 2026-04-08 03:52:45,151 webull.core.http.initializer.client_initializer INFO _check_token_enable result is True
4024 2026-04-08 03:52:45,155 webull.core.http.initializer.token.token_storage INFO storage_token uses the default configuration, conf.
4024 2026-04-08 03:52:45,156 webull.core.http.initializer.token.token_storage INFO storage_token initialized path:C:\Users\yalil\OneDrive\Desktop\AI-projects\quantitivestocks\conf\token.txt.
4024 2026-04-08 03:52:45,157 webull.core.http.initializer.token.token_storage WARNING storage_token Note: The token file already exists, the latest token configuration will be overwritten and written to the token file after successful 2FA verification. path:C:\Users\yalil\OneDrive\Desktop\AI-projects\quantitivestocks\conf\token.txt.
4024 2026-04-08 03:52:45,157 webull.core.http.initializer.token.token_manager INFO load_token_from_local reading token from file...
4024 2026-04-08 03:52:45,159 webull.core.http.initializer.token.token_manager INFO load_token_from_local read local token result. token:a8391a******03689b expires:1776937170799 status:NORMAL
4024 2026-04-08 03:52:45,375 webull.core.http.initializer.token.token_manager INFO fetch_token_from_server create_token result. token:a8391a******03689b expires:1776937170799 status:NORMAL
4024 2026-04-08 03:52:45,376 webull.core.http.initializer.token.token_manager INFO fetch_token_from_server create_token status is verified, no further check required, returning directly. token:a8391a******03689b expires:1776937170799 status:NORMAL
4024 2026-04-08 03:52:45,377 webull.core.http.initializer.token.token_manager INFO save_token_to_local writing token to local file. token:a8391a******03689b expires:1776937170799 status:NORMAL
4024 2026-04-08 03:52:45,377 webull.core.http.initializer.token.token_manager INFO save_token_to_local writing token to file completed.
4024 2026-04-08 03:52:45,377 webull.core.http.initializer.token.token_manager INFO init_token finished. token:a8391a******03689b expires:1776937170799 status:NORMAL
3844 2026-04-08 03:54:44,390 webull.core.http.initializer.client_initializer INFO _check_token_enable result is True
3844 2026-04-08 03:54:44,392 webull.core.http.initializer.token.token_storage INFO storage_token uses the default configuration, conf.
3844 2026-04-08 03:54:44,393 webull.core.http.initializer.token.token_storage INFO storage_token initialized path:C:\Users\yalil\OneDrive\Desktop\AI-projects\quantitivestocks\conf\token.txt.
3844 2026-04-08 03:54:44,393 webull.core.http.initializer.token.token_storage WARNING storage_token Note: The token file already exists, the latest token configuration will be overwritten and written to the token file after successful 2FA verification. path:C:\Users\yalil\OneDrive\Desktop\AI-projects\quantitivestocks\conf\token.txt.
3844 2026-04-08 03:54:44,394 webull.core.http.initializer.token.token_manager INFO load_token_from_local reading token from file...
3844 2026-04-08 03:54:44,395 webull.core.http.initializer.token.token_manager INFO load_token_from_local read local token result. token:a8391a******03689b expires:1776937170799 status:NORMAL
3844 2026-04-08 03:54:44,566 webull.core.http.initializer.token.token_manager INFO fetch_token_from_server create_token result. token:a8391a******03689b expires:1776937170799 status:NORMAL
3844 2026-04-08 03:54:44,568 webull.core.http.initializer.token.token_manager INFO fetch_token_from_server create_token status is verified, no further check required, returning directly. token:a8391a******03689b expires:1776937170799 status:NORMAL
3844 2026-04-08 03:54:44,568 webull.core.http.initializer.token.token_manager INFO save_token_to_local writing token to local file. token:a8391a******03689b expires:1776937170799 status:NORMAL
3844 2026-04-08 03:54:44,569 webull.core.http.initializer.token.token_manager INFO save_token_to_local writing token to file completed.
3844 2026-04-08 03:54:44,569 webull.core.http.initializer.token.token_manager INFO init_token finished. token:a8391a******03689b expires:1776937170799 status:NORMAL
2772 2026-04-08 03:56:44,453 webull.core.http.initializer.client_initializer INFO _check_token_enable result is True
2772 2026-04-08 03:56:44,454 webull.core.http.initializer.token.token_storage INFO storage_token uses the default configuration, conf.
2772 2026-04-08 03:56:44,455 webull.core.http.initializer.token.token_storage INFO storage_token initialized path:C:\Users\yalil\OneDrive\Desktop\AI-projects\quantitivestocks\conf\token.txt.
2772 2026-04-08 03:56:44,455 webull.core.http.initializer.token.token_storage WARNING storage_token Note: The token file already exists, the latest token configuration will be overwritten and written to the token file after successful 2FA verification. path:C:\Users\yalil\OneDrive\Desktop\AI-projects\quantitivestocks\conf\token.txt.
2772 2026-04-08 03:56:44,456 webull.core.http.initializer.token.token_manager INFO load_token_from_local reading token from file...
2772 2026-04-08 03:56:44,457 webull.core.http.initializer.token.token_manager INFO load_token_from_local read local token result. token:a8391a******03689b expires:1776937170799 status:NORMAL
2772 2026-04-08 03:56:44,748 webull.core.http.initializer.token.token_manager INFO fetch_token_from_server create_token result. token:a8391a******03689b expires:1776937170799 status:NORMAL
2772 2026-04-08 03:56:44,749 webull.core.http.initializer.token.token_manager INFO fetch_token_from_server create_token status is verified, no further check required, returning directly. token:a8391a******03689b expires:1776937170799 status:NORMAL
2772 2026-04-08 03:56:44,749 webull.core.http.initializer.token.token_manager INFO save_token_to_local writing token to local file. token:a8391a******03689b expires:1776937170799 status:NORMAL
2772 2026-04-08 03:56:44,750 webull.core.http.initializer.token.token_manager INFO save_token_to_local writing token to file completed.
2772 2026-04-08 03:56:44,750 webull.core.http.initializer.token.token_manager INFO init_token finished. token:a8391a******03689b expires:1776937170799 status:NORMAL
5208 2026-04-08 03:58:44,589 webull.core.http.initializer.client_initializer INFO _check_token_enable result is True
5208 2026-04-08 03:58:44,591 webull.core.http.initializer.token.token_storage INFO storage_token uses the default configuration, conf.
5208 2026-04-08 03:58:44,592 webull.core.http.initializer.token.token_storage INFO storage_token initialized path:C:\Users\yalil\OneDrive\Desktop\AI-projects\quantitivestocks\conf\token.txt.
5208 2026-04-08 03:58:44,593 webull.core.http.initializer.token.token_storage WARNING storage_token Note: The token file already exists, the latest token configuration will be overwritten and written to the token file after successful 2FA verification. path:C:\Users\yalil\OneDrive\Desktop\AI-projects\quantitivestocks\conf\token.txt.
5208 2026-04-08 03:58:44,593 webull.core.http.initializer.token.token_manager INFO load_token_from_local reading token from file...
5208 2026-04-08 03:58:44,595 webull.core.http.initializer.token.token_manager INFO load_token_from_local read local token result. token:a8391a******03689b expires:1776937170799 status:NORMAL
5208 2026-04-08 03:58:44,897 webull.core.http.initializer.token.token_manager INFO fetch_token_from_server create_token result. token:a8391a******03689b expires:1776937170799 status:NORMAL
5208 2026-04-08 03:58:44,899 webull.core.http.initializer.token.token_manager INFO fetch_token_from_server create_token status is verified, no further check required, returning directly. token:a8391a******03689b expires:1776937170799 status:NORMAL
5208 2026-04-08 03:58:44,899 webull.core.http.initializer.token.token_manager INFO save_token_to_local writing token to local file. token:a8391a******03689b expires:1776937170799 status:NORMAL
5208 2026-04-08 03:58:44,900 webull.core.http.initializer.token.token_manager INFO save_token_to_local writing token to file completed.
5208 2026-04-08 03:58:44,901 webull.core.http.initializer.token.token_manager INFO init_token finished. token:a8391a******03689b expires:1776937170799 status:NORMAL
22920 2026-04-08 04:00:45,231 webull.core.http.initializer.client_initializer INFO _check_token_enable result is True
22920 2026-04-08 04:00:45,235 webull.core.http.initializer.token.token_storage INFO storage_token uses the default configuration, conf.
22920 2026-04-08 04:00:45,236 webull.core.http.initializer.token.token_storage INFO storage_token initialized path:C:\Users\yalil\OneDrive\Desktop\AI-projects\quantitivestocks\conf\token.txt.
22920 2026-04-08 04:00:45,237 webull.core.http.initializer.token.token_storage WARNING storage_token Note: The token file already exists, the latest token configuration will be overwritten and written to the token file after successful 2FA verification. path:C:\Users\yalil\OneDrive\Desktop\AI-projects\quantitivestocks\conf\token.txt.
22920 2026-04-08 04:00:45,237 webull.core.http.initializer.token.token_manager INFO load_token_from_local reading token from file...
22920 2026-04-08 04:00:45,239 webull.core.http.initializer.token.token_manager INFO load_token_from_local read local token result. token:a8391a******03689b expires:1776937170799 status:NORMAL
22920 2026-04-08 04:00:45,478 webull.core.http.initializer.token.token_manager INFO fetch_token_from_server create_token result. token:a8391a******03689b expires:1776937170799 status:NORMAL
22920 2026-04-08 04:00:45,480 webull.core.http.initializer.token.token_manager INFO fetch_token_from_server create_token status is verified, no further check required, returning directly. token:a8391a******03689b expires:1776937170799 status:NORMAL
22920 2026-04-08 04:00:45,480 webull.core.http.initializer.token.token_manager INFO save_token_to_local writing token to local file. token:a8391a******03689b expires:1776937170799 status:NORMAL
22920 2026-04-08 04:00:45,480 webull.core.http.initializer.token.token_manager INFO save_token_to_local writing token to file completed.
22920 2026-04-08 04:00:45,481 webull.core.http.initializer.token.token_manager INFO init_token finished. token:a8391a******03689b expires:1776937170799 status:NORMAL
12256 2026-04-08 04:02:44,918 webull.core.http.initializer.client_initializer INFO _check_token_enable result is True
12256 2026-04-08 04:02:44,919 webull.core.http.initializer.token.token_storage INFO storage_token uses the default configuration, conf.
12256 2026-04-08 04:02:44,920 webull.core.http.initializer.token.token_storage INFO storage_token initialized path:C:\Users\yalil\OneDrive\Desktop\AI-projects\quantitivestocks\conf\token.txt.
12256 2026-04-08 04:02:44,920 webull.core.http.initializer.token.token_storage WARNING storage_token Note: The token file already exists, the latest token configuration will be overwritten and written to the token file after successful 2FA verification. path:C:\Users\yalil\OneDrive\Desktop\AI-projects\quantitivestocks\conf\token.txt.
12256 2026-04-08 04:02:44,921 webull.core.http.initializer.token.token_manager INFO load_token_from_local reading token from file...
12256 2026-04-08 04:02:44,923 webull.core.http.initializer.token.token_manager INFO load_token_from_local read local token result. token:a8391a******03689b expires:1776937170799 status:NORMAL
12256 2026-04-08 04:02:45,155 webull.core.http.initializer.token.token_manager INFO fetch_token_from_server create_token result. token:a8391a******03689b expires:1776937170799 status:NORMAL
12256 2026-04-08 04:02:45,156 webull.core.http.initializer.token.token_manager INFO fetch_token_from_server create_token status is verified, no further check required, returning directly. token:a8391a******03689b expires:1776937170799 status:NORMAL
12256 2026-04-08 04:02:45,156 webull.core.http.initializer.token.token_manager INFO save_token_to_local writing token to local file. token:a8391a******03689b expires:1776937170799 status:NORMAL
12256 2026-04-08 04:02:45,157 webull.core.http.initializer.token.token_manager INFO save_token_to_local writing token to file completed.
12256 2026-04-08 04:02:45,157 webull.core.http.initializer.token.token_manager INFO init_token finished. token:a8391a******03689b expires:1776937170799 status:NORMAL
15900 2026-04-08 04:04:45,290 webull.core.http.initializer.client_initializer INFO _check_token_enable result is True
15900 2026-04-08 04:04:45,293 webull.core.http.initializer.token.token_storage INFO storage_token uses the default configuration, conf.
15900 2026-04-08 04:04:45,295 webull.core.http.initializer.token.token_storage INFO storage_token initialized path:C:\Users\yalil\OneDrive\Desktop\AI-projects\quantitivestocks\conf\token.txt.
15900 2026-04-08 04:04:45,295 webull.core.http.initializer.token.token_storage WARNING storage_token Note: The token file already exists, the latest token configuration will be overwritten and written to the token file after successful 2FA verification. path:C:\Users\yalil\OneDrive\Desktop\AI-projects\quantitivestocks\conf\token.txt.
15900 2026-04-08 04:04:45,295 webull.core.http.initializer.token.token_manager INFO load_token_from_local reading token from file...
15900 2026-04-08 04:04:45,297 webull.core.http.initializer.token.token_manager INFO load_token_from_local read local token result. token:a8391a******03689b expires:1776937170799 status:NORMAL
15900 2026-04-08 04:04:45,452 webull.core.http.initializer.token.token_manager INFO fetch_token_from_server create_token result. token:a8391a******03689b expires:1776937170799 status:NORMAL
15900 2026-04-08 04:04:45,454 webull.core.http.initializer.token.token_manager INFO fetch_token_from_server create_token status is verified, no further check required, returning directly. token:a8391a******03689b expires:1776937170799 status:NORMAL
15900 2026-04-08 04:04:45,454 webull.core.http.initializer.token.token_manager INFO save_token_to_local writing token to local file. token:a8391a******03689b expires:1776937170799 status:NORMAL
15900 2026-04-08 04:04:45,454 webull.core.http.initializer.token.token_manager INFO save_token_to_local writing token to file completed.
15900 2026-04-08 04:04:45,455 webull.core.http.initializer.token.token_manager INFO init_token finished. token:a8391a******03689b expires:1776937170799 status:NORMAL
21632 2026-04-08 04:06:45,524 webull.core.http.initializer.client_initializer INFO _check_token_enable result is True
21632 2026-04-08 04:06:45,528 webull.core.http.initializer.token.token_storage INFO storage_token uses the default configuration, conf.
21632 2026-04-08 04:06:45,529 webull.core.http.initializer.token.token_storage INFO storage_token initialized path:C:\Users\yalil\OneDrive\Desktop\AI-projects\quantitivestocks\conf\token.txt.
21632 2026-04-08 04:06:45,529 webull.core.http.initializer.token.token_storage WARNING storage_token Note: The token file already exists, the latest token configuration will be overwritten and written to the token file after successful 2FA verification. path:C:\Users\yalil\OneDrive\Desktop\AI-projects\quantitivestocks\conf\token.txt.
21632 2026-04-08 04:06:45,530 webull.core.http.initializer.token.token_manager INFO load_token_from_local reading token from file...
21632 2026-04-08 04:06:45,532 webull.core.http.initializer.token.token_manager INFO load_token_from_local read local token result. token:a8391a******03689b expires:1776937170799 status:NORMAL
21632 2026-04-08 04:06:45,844 webull.core.http.initializer.token.token_manager INFO fetch_token_from_server create_token result. token:a8391a******03689b expires:1776937170799 status:NORMAL
21632 2026-04-08 04:06:45,845 webull.core.http.initializer.token.token_manager INFO fetch_token_from_server create_token status is verified, no further check required, returning directly. token:a8391a******03689b expires:1776937170799 status:NORMAL
21632 2026-04-08 04:06:45,845 webull.core.http.initializer.token.token_manager INFO save_token_to_local writing token to local file. token:a8391a******03689b expires:1776937170799 status:NORMAL
21632 2026-04-08 04:06:45,846 webull.core.http.initializer.token.token_manager INFO save_token_to_local writing token to file completed.
21632 2026-04-08 04:06:45,846 webull.core.http.initializer.token.token_manager INFO init_token finished. token:a8391a******03689b expires:1776937170799 status:NORMAL
22396 2026-04-08 04:08:45,588 webull.core.http.initializer.client_initializer INFO _check_token_enable result is True
22396 2026-04-08 04:08:45,591 webull.core.http.initializer.token.token_storage INFO storage_token uses the default configuration, conf.
22396 2026-04-08 04:08:45,593 webull.core.http.initializer.token.token_storage INFO storage_token initialized path:C:\Users\yalil\OneDrive\Desktop\AI-projects\quantitivestocks\conf\token.txt.
22396 2026-04-08 04:08:45,593 webull.core.http.initializer.token.token_storage WARNING storage_token Note: The token file already exists, the latest token configuration will be overwritten and written to the token file after successful 2FA verification. path:C:\Users\yalil\OneDrive\Desktop\AI-projects\quantitivestocks\conf\token.txt.
22396 2026-04-08 04:08:45,593 webull.core.http.initializer.token.token_manager INFO load_token_from_local reading token from file...
22396 2026-04-08 04:08:45,594 webull.core.http.initializer.token.token_manager INFO load_token_from_local read local token result. token:a8391a******03689b expires:1776937170799 status:NORMAL
22396 2026-04-08 04:08:45,948 webull.core.http.initializer.token.token_manager INFO fetch_token_from_server create_token result. token:a8391a******03689b expires:1776937170799 status:NORMAL
22396 2026-04-08 04:08:45,949 webull.core.http.initializer.token.token_manager INFO fetch_token_from_server create_token status is verified, no further check required, returning directly. token:a8391a******03689b expires:1776937170799 status:NORMAL
22396 2026-04-08 04:08:45,949 webull.core.http.initializer.token.token_manager INFO save_token_to_local writing token to local file. token:a8391a******03689b expires:1776937170799 status:NORMAL
22396 2026-04-08 04:08:45,950 webull.core.http.initializer.token.token_manager INFO save_token_to_local writing token to file completed.
22396 2026-04-08 04:08:45,950 webull.core.http.initializer.token.token_manager INFO init_token finished. token:a8391a******03689b expires:1776937170799 status:NORMAL
19500 2026-04-08 04:10:45,671 webull.core.http.initializer.client_initializer INFO _check_token_enable result is True
19500 2026-04-08 04:10:45,674 webull.core.http.initializer.token.token_storage INFO storage_token uses the default configuration, conf.
19500 2026-04-08 04:10:45,675 webull.core.http.initializer.token.token_storage INFO storage_token initialized path:C:\Users\yalil\OneDrive\Desktop\AI-projects\quantitivestocks\conf\token.txt.
19500 2026-04-08 04:10:45,675 webull.core.http.initializer.token.token_storage WARNING storage_token Note: The token file already exists, the latest token configuration will be overwritten and written to the token file after successful 2FA verification. path:C:\Users\yalil\OneDrive\Desktop\AI-projects\quantitivestocks\conf\token.txt.
19500 2026-04-08 04:10:45,675 webull.core.http.initializer.token.token_manager INFO load_token_from_local reading token from file...
19500 2026-04-08 04:10:45,677 webull.core.http.initializer.token.token_manager INFO load_token_from_local read local token result. token:a8391a******03689b expires:1776937170799 status:NORMAL
19500 2026-04-08 04:10:45,960 webull.core.http.initializer.token.token_manager INFO fetch_token_from_server create_token result. token:a8391a******03689b expires:1776937170799 status:NORMAL
19500 2026-04-08 04:10:45,961 webull.core.http.initializer.token.token_manager INFO fetch_token_from_server create_token status is verified, no further check required, returning directly. token:a8391a******03689b expires:1776937170799 status:NORMAL
19500 2026-04-08 04:10:45,961 webull.core.http.initializer.token.token_manager INFO save_token_to_local writing token to local file. token:a8391a******03689b expires:1776937170799 status:NORMAL
19500 2026-04-08 04:10:45,962 webull.core.http.initializer.token.token_manager INFO save_token_to_local writing token to file completed.
19500 2026-04-08 04:10:45,962 webull.core.http.initializer.token.token_manager INFO init_token finished. token:a8391a******03689b expires:1776937170799 status:NORMAL
20748 2026-04-08 04:12:45,786 webull.core.http.initializer.client_initializer INFO _check_token_enable result is True
20748 2026-04-08 04:12:45,793 webull.core.http.initializer.token.token_storage INFO storage_token uses the default configuration, conf.
20748 2026-04-08 04:12:45,794 webull.core.http.initializer.token.token_storage INFO storage_token initialized path:C:\Users\yalil\OneDrive\Desktop\AI-projects\quantitivestocks\conf\token.txt.
20748 2026-04-08 04:12:45,795 webull.core.http.initializer.token.token_storage WARNING storage_token Note: The token file already exists, the latest token configuration will be overwritten and written to the token file after successful 2FA verification. path:C:\Users\yalil\OneDrive\Desktop\AI-projects\quantitivestocks\conf\token.txt.
20748 2026-04-08 04:12:45,796 webull.core.http.initializer.token.token_manager INFO load_token_from_local reading token from file...
20748 2026-04-08 04:12:45,797 webull.core.http.initializer.token.token_manager INFO load_token_from_local read local token result. token:a8391a******03689b expires:1776937170799 status:NORMAL
20748 2026-04-08 04:12:46,015 webull.core.http.initializer.token.token_manager INFO fetch_token_from_server create_token result. token:a8391a******03689b expires:1776937170799 status:NORMAL
20748 2026-04-08 04:12:46,017 webull.core.http.initializer.token.token_manager INFO fetch_token_from_server create_token status is verified, no further check required, returning directly. token:a8391a******03689b expires:1776937170799 status:NORMAL
20748 2026-04-08 04:12:46,017 webull.core.http.initializer.token.token_manager INFO save_token_to_local writing token to local file. token:a8391a******03689b expires:1776937170799 status:NORMAL
20748 2026-04-08 04:12:46,018 webull.core.http.initializer.token.token_manager INFO save_token_to_local writing token to file completed.
20748 2026-04-08 04:12:46,018 webull.core.http.initializer.token.token_manager INFO init_token finished. token:a8391a******03689b expires:1776937170799 status:NORMAL
24948 2026-04-08 04:14:45,830 webull.core.http.initializer.client_initializer INFO _check_token_enable result is True
24948 2026-04-08 04:14:45,834 webull.core.http.initializer.token.token_storage INFO storage_token uses the default configuration, conf.
24948 2026-04-08 04:14:45,835 webull.core.http.initializer.token.token_storage INFO storage_token initialized path:C:\Users\yalil\OneDrive\Desktop\AI-projects\quantitivestocks\conf\token.txt.
24948 2026-04-08 04:14:45,835 webull.core.http.initializer.token.token_storage WARNING storage_token Note: The token file already exists, the latest token configuration will be overwritten and written to the token file after successful 2FA verification. path:C:\Users\yalil\OneDrive\Desktop\AI-projects\quantitivestocks\conf\token.txt.
24948 2026-04-08 04:14:45,836 webull.core.http.initializer.token.token_manager INFO load_token_from_local reading token from file...
24948 2026-04-08 04:14:45,837 webull.core.http.initializer.token.token_manager INFO load_token_from_local read local token result. token:a8391a******03689b expires:1776937170799 status:NORMAL
24948 2026-04-08 04:14:46,141 webull.core.http.initializer.token.token_manager INFO fetch_token_from_server create_token result. token:a8391a******03689b expires:1776937170799 status:NORMAL
24948 2026-04-08 04:14:46,142 webull.core.http.initializer.token.token_manager INFO fetch_token_from_server create_token status is verified, no further check required, returning directly. token:a8391a******03689b expires:1776937170799 status:NORMAL
24948 2026-04-08 04:14:46,143 webull.core.http.initializer.token.token_manager INFO save_token_to_local writing token to local file. token:a8391a******03689b expires:1776937170799 status:NORMAL
24948 2026-04-08 04:14:46,143 webull.core.http.initializer.token.token_manager INFO save_token_to_local writing token to file completed.
24948 2026-04-08 04:14:46,144 webull.core.http.initializer.token.token_manager INFO init_token finished. token:a8391a******03689b expires:1776937170799 status:NORMAL
2808 2026-04-08 04:16:45,982 webull.core.http.initializer.client_initializer INFO _check_token_enable result is True
2808 2026-04-08 04:16:45,987 webull.core.http.initializer.token.token_storage INFO storage_token uses the default configuration, conf.
2808 2026-04-08 04:16:45,988 webull.core.http.initializer.token.token_storage INFO storage_token initialized path:C:\Users\yalil\OneDrive\Desktop\AI-projects\quantitivestocks\conf\token.txt.
2808 2026-04-08 04:16:45,988 webull.core.http.initializer.token.token_storage WARNING storage_token Note: The token file already exists, the latest token configuration will be overwritten and written to the token file after successful 2FA verification. path:C:\Users\yalil\OneDrive\Desktop\AI-projects\quantitivestocks\conf\token.txt.
2808 2026-04-08 04:16:45,989 webull.core.http.initializer.token.token_manager INFO load_token_from_local reading token from file...
2808 2026-04-08 04:16:45,990 webull.core.http.initializer.token.token_manager INFO load_token_from_local read local token result. token:a8391a******03689b expires:1776937170799 status:NORMAL
2808 2026-04-08 04:16:46,265 webull.core.http.initializer.token.token_manager INFO fetch_token_from_server create_token result. token:a8391a******03689b expires:1776937170799 status:NORMAL
2808 2026-04-08 04:16:46,266 webull.core.http.initializer.token.token_manager INFO fetch_token_from_server create_token status is verified, no further check required, returning directly. token:a8391a******03689b expires:1776937170799 status:NORMAL
2808 2026-04-08 04:16:46,266 webull.core.http.initializer.token.token_manager INFO save_token_to_local writing token to local file. token:a8391a******03689b expires:1776937170799 status:NORMAL
2808 2026-04-08 04:16:46,267 webull.core.http.initializer.token.token_manager INFO save_token_to_local writing token to file completed.
2808 2026-04-08 04:16:46,267 webull.core.http.initializer.token.token_manager INFO init_token finished. token:a8391a******03689b expires:1776937170799 status:NORMAL
23892 2026-04-08 04:18:45,939 webull.core.http.initializer.client_initializer INFO _check_token_enable result is True
23892 2026-04-08 04:18:45,943 webull.core.http.initializer.token.token_storage INFO storage_token uses the default configuration, conf.
23892 2026-04-08 04:18:45,944 webull.core.http.initializer.token.token_storage INFO storage_token initialized path:C:\Users\yalil\OneDrive\Desktop\AI-projects\quantitivestocks\conf\token.txt.
23892 2026-04-08 04:18:45,944 webull.core.http.initializer.token.token_storage WARNING storage_token Note: The token file already exists, the latest token configuration will be overwritten and written to the token file after successful 2FA verification. path:C:\Users\yalil\OneDrive\Desktop\AI-projects\quantitivestocks\conf\token.txt.
23892 2026-04-08 04:18:45,944 webull.core.http.initializer.token.token_manager INFO load_token_from_local reading token from file...
23892 2026-04-08 04:18:45,946 webull.core.http.initializer.token.token_manager INFO load_token_from_local read local token result. token:a8391a******03689b expires:1776937170799 status:NORMAL
23892 2026-04-08 04:18:46,119 webull.core.http.initializer.token.token_manager INFO fetch_token_from_server create_token result. token:a8391a******03689b expires:1776937170799 status:NORMAL
23892 2026-04-08 04:18:46,120 webull.core.http.initializer.token.token_manager INFO fetch_token_from_server create_token status is verified, no further check required, returning directly. token:a8391a******03689b expires:1776937170799 status:NORMAL
23892 2026-04-08 04:18:46,121 webull.core.http.initializer.token.token_manager INFO save_token_to_local writing token to local file. token:a8391a******03689b expires:1776937170799 status:NORMAL
23892 2026-04-08 04:18:46,121 webull.core.http.initializer.token.token_manager INFO save_token_to_local writing token to file completed.
23892 2026-04-08 04:18:46,121 webull.core.http.initializer.token.token_manager INFO init_token finished. token:a8391a******03689b expires:1776937170799 status:NORMAL
8268 2026-04-08 04:21:01,644 webull.core.http.initializer.client_initializer INFO _check_token_enable result is True
8268 2026-04-08 04:21:01,674 webull.core.http.initializer.token.token_storage INFO storage_token uses the default configuration, conf.
8268 2026-04-08 04:21:01,701 webull.core.http.initializer.token.token_storage INFO storage_token initialized path:C:\Users\yalil\OneDrive\Desktop\AI-projects\quantitivestocks\conf\token.txt.
8268 2026-04-08 04:21:01,701 webull.core.http.initializer.token.token_storage WARNING storage_token Note: The token file already exists, the latest token configuration will be overwritten and written to the token file after successful 2FA verification. path:C:\Users\yalil\OneDrive\Desktop\AI-projects\quantitivestocks\conf\token.txt.
8268 2026-04-08 04:21:01,702 webull.core.http.initializer.token.token_manager INFO load_token_from_local reading token from file...
8268 2026-04-08 04:21:01,703 webull.core.http.initializer.token.token_manager INFO load_token_from_local read local token result. token:a8391a******03689b expires:1776937170799 status:NORMAL
8268 2026-04-08 04:21:02,077 webull.core.http.initializer.token.token_manager INFO fetch_token_from_server create_token result. token:a8391a******03689b expires:1776937170799 status:NORMAL
8268 2026-04-08 04:21:02,078 webull.core.http.initializer.token.token_manager INFO fetch_token_from_server create_token status is verified, no further check required, returning directly. token:a8391a******03689b expires:1776937170799 status:NORMAL
8268 2026-04-08 04:21:02,078 webull.core.http.initializer.token.token_manager INFO save_token_to_local writing token to local file. token:a8391a******03689b expires:1776937170799 status:NORMAL
8268 2026-04-08 04:21:02,079 webull.core.http.initializer.token.token_manager INFO save_token_to_local writing token to file completed.
8268 2026-04-08 04:21:02,079 webull.core.http.initializer.token.token_manager INFO init_token finished. token:a8391a******03689b expires:1776937170799 status:NORMAL
17352 2026-04-08 04:22:47,056 webull.core.http.initializer.client_initializer INFO _check_token_enable result is True
17352 2026-04-08 04:22:47,059 webull.core.http.initializer.token.token_storage INFO storage_token uses the default configuration, conf.
17352 2026-04-08 04:22:47,060 webull.core.http.initializer.token.token_storage INFO storage_token initialized path:C:\Users\yalil\OneDrive\Desktop\AI-projects\quantitivestocks\conf\token.txt.
17352 2026-04-08 04:22:47,061 webull.core.http.initializer.token.token_storage WARNING storage_token Note: The token file already exists, the latest token configuration will be overwritten and written to the token file after successful 2FA verification. path:C:\Users\yalil\OneDrive\Desktop\AI-projects\quantitivestocks\conf\token.txt.
17352 2026-04-08 04:22:47,061 webull.core.http.initializer.token.token_manager INFO load_token_from_local reading token from file...
17352 2026-04-08 04:22:47,063 webull.core.http.initializer.token.token_manager INFO load_token_from_local read local token result. token:a8391a******03689b expires:1776937170799 status:NORMAL
17352 2026-04-08 04:22:47,242 webull.core.http.initializer.token.token_manager INFO fetch_token_from_server create_token result. token:a8391a******03689b expires:1776937170799 status:NORMAL
17352 2026-04-08 04:22:47,243 webull.core.http.initializer.token.token_manager INFO fetch_token_from_server create_token status is verified, no further check required, returning directly. token:a8391a******03689b expires:1776937170799 status:NORMAL
17352 2026-04-08 04:22:47,243 webull.core.http.initializer.token.token_manager INFO save_token_to_local writing token to local file. token:a8391a******03689b expires:1776937170799 status:NORMAL
17352 2026-04-08 04:22:47,244 webull.core.http.initializer.token.token_manager INFO save_token_to_local writing token to file completed.
17352 2026-04-08 04:22:47,244 webull.core.http.initializer.token.token_manager INFO init_token finished. token:a8391a******03689b expires:1776937170799 status:NORMAL
15080 2026-04-08 04:24:56,864 webull.core.http.initializer.client_initializer INFO _check_token_enable result is True
15080 2026-04-08 04:24:58,186 webull.core.http.initializer.token.token_storage INFO storage_token uses the default configuration, conf.
15080 2026-04-08 04:24:58,202 webull.core.http.initializer.token.token_storage INFO storage_token initialized path:C:\Users\yalil\OneDrive\Desktop\AI-projects\quantitivestocks\conf\token.txt.
15080 2026-04-08 04:24:58,202 webull.core.http.initializer.token.token_storage WARNING storage_token Note: The token file already exists, the latest token configuration will be overwritten and written to the token file after successful 2FA verification. path:C:\Users\yalil\OneDrive\Desktop\AI-projects\quantitivestocks\conf\token.txt.
15080 2026-04-08 04:24:58,203 webull.core.http.initializer.token.token_manager INFO load_token_from_local reading token from file...
15080 2026-04-08 04:24:58,209 webull.core.http.initializer.token.token_manager INFO load_token_from_local read local token result. token:a8391a******03689b expires:1776937170799 status:NORMAL
15080 2026-04-08 04:24:58,529 webull.core.http.initializer.token.token_manager INFO fetch_token_from_server create_token result. token:a8391a******03689b expires:1776937170799 status:NORMAL
15080 2026-04-08 04:24:58,530 webull.core.http.initializer.token.token_manager INFO fetch_token_from_server create_token status is verified, no further check required, returning directly. token:a8391a******03689b expires:1776937170799 status:NORMAL
15080 2026-04-08 04:24:58,530 webull.core.http.initializer.token.token_manager INFO save_token_to_local writing token to local file. token:a8391a******03689b expires:1776937170799 status:NORMAL
15080 2026-04-08 04:24:58,531 webull.core.http.initializer.token.token_manager INFO save_token_to_local writing token to file completed.
15080 2026-04-08 04:24:58,531 webull.core.http.initializer.token.token_manager INFO init_token finished. token:a8391a******03689b expires:1776937170799 status:NORMAL
24532 2026-04-08 04:26:49,852 webull.core.http.initializer.client_initializer INFO _check_token_enable result is True
24532 2026-04-08 04:26:49,855 webull.core.http.initializer.token.token_storage INFO storage_token uses the default configuration, conf.
24532 2026-04-08 04:26:49,857 webull.core.http.initializer.token.token_storage INFO storage_token initialized path:C:\Users\yalil\OneDrive\Desktop\AI-projects\quantitivestocks\conf\token.txt.
24532 2026-04-08 04:26:49,857 webull.core.http.initializer.token.token_storage WARNING storage_token Note: The token file already exists, the latest token configuration will be overwritten and written to the token file after successful 2FA verification. path:C:\Users\yalil\OneDrive\Desktop\AI-projects\quantitivestocks\conf\token.txt.
24532 2026-04-08 04:26:49,857 webull.core.http.initializer.token.token_manager INFO load_token_from_local reading token from file...
24532 2026-04-08 04:26:49,859 webull.core.http.initializer.token.token_manager INFO load_token_from_local read local token result. token:a8391a******03689b expires:1776937170799 status:NORMAL
24532 2026-04-08 04:26:50,224 webull.core.http.initializer.token.token_manager INFO fetch_token_from_server create_token result. token:a8391a******03689b expires:1776937170799 status:NORMAL
24532 2026-04-08 04:26:50,226 webull.core.http.initializer.token.token_manager INFO fetch_token_from_server create_token status is verified, no further check required, returning directly. token:a8391a******03689b expires:1776937170799 status:NORMAL
24532 2026-04-08 04:26:50,226 webull.core.http.initializer.token.token_manager INFO save_token_to_local writing token to local file. token:a8391a******03689b expires:1776937170799 status:NORMAL
24532 2026-04-08 04:26:50,227 webull.core.http.initializer.token.token_manager INFO save_token_to_local writing token to file completed.
24532 2026-04-08 04:26:50,227 webull.core.http.initializer.token.token_manager INFO init_token finished. token:a8391a******03689b expires:1776937170799 status:NORMAL
17136 2026-04-08 04:28:56,359 webull.core.http.initializer.client_initializer INFO _check_token_enable result is True
17136 2026-04-08 04:28:56,385 webull.core.http.initializer.token.token_storage INFO storage_token uses the default configuration, conf.
17136 2026-04-08 04:28:56,386 webull.core.http.initializer.token.token_storage INFO storage_token initialized path:C:\Users\yalil\OneDrive\Desktop\AI-projects\quantitivestocks\conf\token.txt.
17136 2026-04-08 04:28:56,386 webull.core.http.initializer.token.token_storage WARNING storage_token Note: The token file already exists, the latest token configuration will be overwritten and written to the token file after successful 2FA verification. path:C:\Users\yalil\OneDrive\Desktop\AI-projects\quantitivestocks\conf\token.txt.
17136 2026-04-08 04:28:56,387 webull.core.http.initializer.token.token_manager INFO load_token_from_local reading token from file...
17136 2026-04-08 04:28:56,392 webull.core.http.initializer.token.token_manager INFO load_token_from_local read local token result. token:a8391a******03689b expires:1776937170799 status:NORMAL
17136 2026-04-08 04:28:56,552 webull.core.http.initializer.token.token_manager INFO fetch_token_from_server create_token result. token:a8391a******03689b expires:1776937170799 status:NORMAL
17136 2026-04-08 04:28:56,554 webull.core.http.initializer.token.token_manager INFO fetch_token_from_server create_token status is verified, no further check required, returning directly. token:a8391a******03689b expires:1776937170799 status:NORMAL
17136 2026-04-08 04:28:56,554 webull.core.http.initializer.token.token_manager INFO save_token_to_local writing token to local file. token:a8391a******03689b expires:1776937170799 status:NORMAL
17136 2026-04-08 04:28:56,555 webull.core.http.initializer.token.token_manager INFO save_token_to_local writing token to file completed.
17136 2026-04-08 04:28:56,555 webull.core.http.initializer.token.token_manager INFO init_token finished. token:a8391a******03689b expires:1776937170799 status:NORMAL
23708 2026-04-08 04:30:49,851 webull.core.http.initializer.client_initializer INFO _check_token_enable result is True
23708 2026-04-08 04:30:49,869 webull.core.http.initializer.token.token_storage INFO storage_token uses the default configuration, conf.
23708 2026-04-08 04:30:49,871 webull.core.http.initializer.token.token_storage INFO storage_token initialized path:C:\Users\yalil\OneDrive\Desktop\AI-projects\quantitivestocks\conf\token.txt.
23708 2026-04-08 04:30:49,871 webull.core.http.initializer.token.token_storage WARNING storage_token Note: The token file already exists, the latest token configuration will be overwritten and written to the token file after successful 2FA verification. path:C:\Users\yalil\OneDrive\Desktop\AI-projects\quantitivestocks\conf\token.txt.
23708 2026-04-08 04:30:49,872 webull.core.http.initializer.token.token_manager INFO load_token_from_local reading token from file...
23708 2026-04-08 04:30:49,873 webull.core.http.initializer.token.token_manager INFO load_token_from_local read local token result. token:a8391a******03689b expires:1776937170799 status:NORMAL
23708 2026-04-08 04:30:50,104 webull.core.http.initializer.token.token_manager INFO fetch_token_from_server create_token result. token:a8391a******03689b expires:1776937170799 status:NORMAL
23708 2026-04-08 04:30:50,106 webull.core.http.initializer.token.token_manager INFO fetch_token_from_server create_token status is verified, no further check required, returning directly. token:a8391a******03689b expires:1776937170799 status:NORMAL
23708 2026-04-08 04:30:50,107 webull.core.http.initializer.token.token_manager INFO save_token_to_local writing token to local file. token:a8391a******03689b expires:1776937170799 status:NORMAL
23708 2026-04-08 04:30:50,108 webull.core.http.initializer.token.token_manager INFO save_token_to_local writing token to file completed.
23708 2026-04-08 04:30:50,108 webull.core.http.initializer.token.token_manager INFO init_token finished. token:a8391a******03689b expires:1776937170799 status:NORMAL
8908 2026-04-08 04:32:55,019 webull.core.http.initializer.client_initializer INFO _check_token_enable result is True
8908 2026-04-08 04:32:55,022 webull.core.http.initializer.token.token_storage INFO storage_token uses the default configuration, conf.
8908 2026-04-08 04:32:55,023 webull.core.http.initializer.token.token_storage INFO storage_token initialized path:C:\Users\yalil\OneDrive\Desktop\AI-projects\quantitivestocks\conf\token.txt.
8908 2026-04-08 04:32:55,024 webull.core.http.initializer.token.token_storage WARNING storage_token Note: The token file already exists, the latest token configuration will be overwritten and written to the token file after successful 2FA verification. path:C:\Users\yalil\OneDrive\Desktop\AI-projects\quantitivestocks\conf\token.txt.
8908 2026-04-08 04:32:55,024 webull.core.http.initializer.token.token_manager INFO load_token_from_local reading token from file...
8908 2026-04-08 04:32:55,025 webull.core.http.initializer.token.token_manager INFO load_token_from_local read local token result. token:a8391a******03689b expires:1776937170799 status:NORMAL
8908 2026-04-08 04:32:55,250 webull.core.http.initializer.token.token_manager INFO fetch_token_from_server create_token result. token:a8391a******03689b expires:1776937170799 status:NORMAL
8908 2026-04-08 04:32:55,251 webull.core.http.initializer.token.token_manager INFO fetch_token_from_server create_token status is verified, no further check required, returning directly. token:a8391a******03689b expires:1776937170799 status:NORMAL
8908 2026-04-08 04:32:55,251 webull.core.http.initializer.token.token_manager INFO save_token_to_local writing token to local file. token:a8391a******03689b expires:1776937170799 status:NORMAL
8908 2026-04-08 04:32:55,252 webull.core.http.initializer.token.token_manager INFO save_token_to_local writing token to file completed.
8908 2026-04-08 04:32:55,252 webull.core.http.initializer.token.token_manager INFO init_token finished. token:a8391a******03689b expires:1776937170799 status:NORMAL
25516 2026-04-08 04:34:48,428 webull.core.http.initializer.client_initializer INFO _check_token_enable result is True
25516 2026-04-08 04:34:48,440 webull.core.http.initializer.token.token_storage INFO storage_token uses the default configuration, conf.
25516 2026-04-08 04:34:48,442 webull.core.http.initializer.token.token_storage INFO storage_token initialized path:C:\Users\yalil\OneDrive\Desktop\AI-projects\quantitivestocks\conf\token.txt.
25516 2026-04-08 04:34:48,443 webull.core.http.initializer.token.token_storage WARNING storage_token Note: The token file already exists, the latest token configuration will be overwritten and written to the token file after successful 2FA verification. path:C:\Users\yalil\OneDrive\Desktop\AI-projects\quantitivestocks\conf\token.txt.
25516 2026-04-08 04:34:48,450 webull.core.http.initializer.token.token_manager INFO load_token_from_local reading token from file...
25516 2026-04-08 04:34:48,451 webull.core.http.initializer.token.token_manager INFO load_token_from_local read local token result. token:a8391a******03689b expires:1776937170799 status:NORMAL
25516 2026-04-08 04:34:48,725 webull.core.http.initializer.token.token_manager INFO fetch_token_from_server create_token result. token:a8391a******03689b expires:1776937170799 status:NORMAL
25516 2026-04-08 04:34:48,726 webull.core.http.initializer.token.token_manager INFO fetch_token_from_server create_token status is verified, no further check required, returning directly. token:a8391a******03689b expires:1776937170799 status:NORMAL
25516 2026-04-08 04:34:48,727 webull.core.http.initializer.token.token_manager INFO save_token_to_local writing token to local file. token:a8391a******03689b expires:1776937170799 status:NORMAL
25516 2026-04-08 04:34:48,727 webull.core.http.initializer.token.token_manager INFO save_token_to_local writing token to file completed.
25516 2026-04-08 04:34:48,728 webull.core.http.initializer.token.token_manager INFO init_token finished. token:a8391a******03689b expires:1776937170799 status:NORMAL
25008 2026-04-08 04:36:52,191 webull.core.http.initializer.client_initializer INFO _check_token_enable result is True
25008 2026-04-08 04:36:52,204 webull.core.http.initializer.token.token_storage INFO storage_token uses the default configuration, conf.
25008 2026-04-08 04:36:52,206 webull.core.http.initializer.token.token_storage INFO storage_token initialized path:C:\Users\yalil\OneDrive\Desktop\AI-projects\quantitivestocks\conf\token.txt.
25008 2026-04-08 04:36:52,206 webull.core.http.initializer.token.token_storage WARNING storage_token Note: The token file already exists, the latest token configuration will be overwritten and written to the token file after successful 2FA verification. path:C:\Users\yalil\OneDrive\Desktop\AI-projects\quantitivestocks\conf\token.txt.
25008 2026-04-08 04:36:52,233 webull.core.http.initializer.token.token_manager INFO load_token_from_local reading token from file...
25008 2026-04-08 04:36:52,240 webull.core.http.initializer.token.token_manager INFO load_token_from_local read local token result. token:a8391a******03689b expires:1776937170799 status:NORMAL
25008 2026-04-08 04:36:52,494 webull.core.http.initializer.token.token_manager INFO fetch_token_from_server create_token result. token:a8391a******03689b expires:1776937170799 status:NORMAL
25008 2026-04-08 04:36:52,495 webull.core.http.initializer.token.token_manager INFO fetch_token_from_server create_token status is verified, no further check required, returning directly. token:a8391a******03689b expires:1776937170799 status:NORMAL
25008 2026-04-08 04:36:52,495 webull.core.http.initializer.token.token_manager INFO save_token_to_local writing token to local file. token:a8391a******03689b expires:1776937170799 status:NORMAL
25008 2026-04-08 04:36:52,496 webull.core.http.initializer.token.token_manager INFO save_token_to_local writing token to file completed.
25008 2026-04-08 04:36:52,496 webull.core.http.initializer.token.token_manager INFO init_token finished. token:a8391a******03689b expires:1776937170799 status:NORMAL
13032 2026-04-08 04:38:49,799 webull.core.http.initializer.client_initializer INFO _check_token_enable result is True
13032 2026-04-08 04:38:49,803 webull.core.http.initializer.token.token_storage INFO storage_token uses the default configuration, conf.
13032 2026-04-08 04:38:49,804 webull.core.http.initializer.token.token_storage INFO storage_token initialized path:C:\Users\yalil\OneDrive\Desktop\AI-projects\quantitivestocks\conf\token.txt.
13032 2026-04-08 04:38:49,805 webull.core.http.initializer.token.token_storage WARNING storage_token Note: The token file already exists, the latest token configuration will be overwritten and written to the token file after successful 2FA verification. path:C:\Users\yalil\OneDrive\Desktop\AI-projects\quantitivestocks\conf\token.txt.
13032 2026-04-08 04:38:49,805 webull.core.http.initializer.token.token_manager INFO load_token_from_local reading token from file...
13032 2026-04-08 04:38:49,807 webull.core.http.initializer.token.token_manager INFO load_token_from_local read local token result. token:a8391a******03689b expires:1776937170799 status:NORMAL
13032 2026-04-08 04:38:50,078 webull.core.http.initializer.token.token_manager INFO fetch_token_from_server create_token result. token:a8391a******03689b expires:1776937170799 status:NORMAL
13032 2026-04-08 04:38:50,080 webull.core.http.initializer.token.token_manager INFO fetch_token_from_server create_token status is verified, no further check required, returning directly. token:a8391a******03689b expires:1776937170799 status:NORMAL
13032 2026-04-08 04:38:50,080 webull.core.http.initializer.token.token_manager INFO save_token_to_local writing token to local file. token:a8391a******03689b expires:1776937170799 status:NORMAL
13032 2026-04-08 04:38:50,081 webull.core.http.initializer.token.token_manager INFO save_token_to_local writing token to file completed.
13032 2026-04-08 04:38:50,081 webull.core.http.initializer.token.token_manager INFO init_token finished. token:a8391a******03689b expires:1776937170799 status:NORMAL
13132 2026-04-08 04:40:49,069 webull.core.http.initializer.client_initializer INFO _check_token_enable result is True
13132 2026-04-08 04:40:49,073 webull.core.http.initializer.token.token_storage INFO storage_token uses the default configuration, conf.
13132 2026-04-08 04:40:49,074 webull.core.http.initializer.token.token_storage INFO storage_token initialized path:C:\Users\yalil\OneDrive\Desktop\AI-projects\quantitivestocks\conf\token.txt.
13132 2026-04-08 04:40:49,074 webull.core.http.initializer.token.token_storage WARNING storage_token Note: The token file already exists, the latest token configuration will be overwritten and written to the token file after successful 2FA verification. path:C:\Users\yalil\OneDrive\Desktop\AI-projects\quantitivestocks\conf\token.txt.
13132 2026-04-08 04:40:49,075 webull.core.http.initializer.token.token_manager INFO load_token_from_local reading token from file...
13132 2026-04-08 04:40:49,076 webull.core.http.initializer.token.token_manager INFO load_token_from_local read local token result. token:a8391a******03689b expires:1776937170799 status:NORMAL
13132 2026-04-08 04:40:49,318 webull.core.http.initializer.token.token_manager INFO fetch_token_from_server create_token result. token:a8391a******03689b expires:1776937170799 status:NORMAL
13132 2026-04-08 04:40:49,320 webull.core.http.initializer.token.token_manager INFO fetch_token_from_server create_token status is verified, no further check required, returning directly. token:a8391a******03689b expires:1776937170799 status:NORMAL
13132 2026-04-08 04:40:49,320 webull.core.http.initializer.token.token_manager INFO save_token_to_local writing token to local file. token:a8391a******03689b expires:1776937170799 status:NORMAL
13132 2026-04-08 04:40:49,321 webull.core.http.initializer.token.token_manager INFO save_token_to_local writing token to file completed.
13132 2026-04-08 04:40:49,321 webull.core.http.initializer.token.token_manager INFO init_token finished. token:a8391a******03689b expires:1776937170799 status:NORMAL
25428 2026-04-08 04:42:56,592 webull.core.http.initializer.client_initializer INFO _check_token_enable result is True
25428 2026-04-08 04:42:56,595 webull.core.http.initializer.token.token_storage INFO storage_token uses the default configuration, conf.
25428 2026-04-08 04:42:56,597 webull.core.http.initializer.token.token_storage INFO storage_token initialized path:C:\Users\yalil\OneDrive\Desktop\AI-projects\quantitivestocks\conf\token.txt.
25428 2026-04-08 04:42:56,597 webull.core.http.initializer.token.token_storage WARNING storage_token Note: The token file already exists, the latest token configuration will be overwritten and written to the token file after successful 2FA verification. path:C:\Users\yalil\OneDrive\Desktop\AI-projects\quantitivestocks\conf\token.txt.
25428 2026-04-08 04:42:56,598 webull.core.http.initializer.token.token_manager INFO load_token_from_local reading token from file...
25428 2026-04-08 04:42:56,599 webull.core.http.initializer.token.token_manager INFO load_token_from_local read local token result. token:a8391a******03689b expires:1776937170799 status:NORMAL
25428 2026-04-08 04:42:56,763 webull.core.http.initializer.token.token_manager INFO fetch_token_from_server create_token result. token:a8391a******03689b expires:1776937170799 status:NORMAL
25428 2026-04-08 04:42:56,765 webull.core.http.initializer.token.token_manager INFO fetch_token_from_server create_token status is verified, no further check required, returning directly. token:a8391a******03689b expires:1776937170799 status:NORMAL
25428 2026-04-08 04:42:56,765 webull.core.http.initializer.token.token_manager INFO save_token_to_local writing token to local file. token:a8391a******03689b expires:1776937170799 status:NORMAL
25428 2026-04-08 04:42:56,766 webull.core.http.initializer.token.token_manager INFO save_token_to_local writing token to file completed.
25428 2026-04-08 04:42:56,766 webull.core.http.initializer.token.token_manager INFO init_token finished. token:a8391a******03689b expires:1776937170799 status:NORMAL
2868 2026-04-08 04:44:50,128 webull.core.http.initializer.client_initializer INFO _check_token_enable result is True
2868 2026-04-08 04:44:50,131 webull.core.http.initializer.token.token_storage INFO storage_token uses the default configuration, conf.
2868 2026-04-08 04:44:50,132 webull.core.http.initializer.token.token_storage INFO storage_token initialized path:C:\Users\yalil\OneDrive\Desktop\AI-projects\quantitivestocks\conf\token.txt.
2868 2026-04-08 04:44:50,133 webull.core.http.initializer.token.token_storage WARNING storage_token Note: The token file already exists, the latest token configuration will be overwritten and written to the token file after successful 2FA verification. path:C:\Users\yalil\OneDrive\Desktop\AI-projects\quantitivestocks\conf\token.txt.
2868 2026-04-08 04:44:50,133 webull.core.http.initializer.token.token_manager INFO load_token_from_local reading token from file...
2868 2026-04-08 04:44:50,134 webull.core.http.initializer.token.token_manager INFO load_token_from_local read local token result. token:a8391a******03689b expires:1776937170799 status:NORMAL
2868 2026-04-08 04:44:50,351 webull.core.http.initializer.token.token_manager INFO fetch_token_from_server create_token result. token:a8391a******03689b expires:1776937170799 status:NORMAL
2868 2026-04-08 04:44:50,353 webull.core.http.initializer.token.token_manager INFO fetch_token_from_server create_token status is verified, no further check required, returning directly. token:a8391a******03689b expires:1776937170799 status:NORMAL
2868 2026-04-08 04:44:50,353 webull.core.http.initializer.token.token_manager INFO save_token_to_local writing token to local file. token:a8391a******03689b expires:1776937170799 status:NORMAL
2868 2026-04-08 04:44:50,354 webull.core.http.initializer.token.token_manager INFO save_token_to_local writing token to file completed.
2868 2026-04-08 04:44:50,354 webull.core.http.initializer.token.token_manager INFO init_token finished. token:a8391a******03689b expires:1776937170799 status:NORMAL
12092 2026-04-08 04:46:56,022 webull.core.http.initializer.client_initializer INFO _check_token_enable result is True
12092 2026-04-08 04:46:56,026 webull.core.http.initializer.token.token_storage INFO storage_token uses the default configuration, conf.
12092 2026-04-08 04:46:56,027 webull.core.http.initializer.token.token_storage INFO storage_token initialized path:C:\Users\yalil\OneDrive\Desktop\AI-projects\quantitivestocks\conf\token.txt.
12092 2026-04-08 04:46:56,027 webull.core.http.initializer.token.token_storage WARNING storage_token Note: The token file already exists, the latest token configuration will be overwritten and written to the token file after successful 2FA verification. path:C:\Users\yalil\OneDrive\Desktop\AI-projects\quantitivestocks\conf\token.txt.
12092 2026-04-08 04:46:56,028 webull.core.http.initializer.token.token_manager INFO load_token_from_local reading token from file...
12092 2026-04-08 04:46:56,034 webull.core.http.initializer.token.token_manager INFO load_token_from_local read local token result. token:a8391a******03689b expires:1776937170799 status:NORMAL
12092 2026-04-08 04:46:56,257 webull.core.http.initializer.token.token_manager INFO fetch_token_from_server create_token result. token:a8391a******03689b expires:1776937170799 status:NORMAL
12092 2026-04-08 04:46:56,258 webull.core.http.initializer.token.token_manager INFO fetch_token_from_server create_token status is verified, no further check required, returning directly. token:a8391a******03689b expires:1776937170799 status:NORMAL
12092 2026-04-08 04:46:56,259 webull.core.http.initializer.token.token_manager INFO save_token_to_local writing token to local file. token:a8391a******03689b expires:1776937170799 status:NORMAL
12092 2026-04-08 04:46:56,259 webull.core.http.initializer.token.token_manager INFO save_token_to_local writing token to file completed.
12092 2026-04-08 04:46:56,259 webull.core.http.initializer.token.token_manager INFO init_token finished. token:a8391a******03689b expires:1776937170799 status:NORMAL
5056 2026-04-08 04:48:50,327 webull.core.http.initializer.client_initializer INFO _check_token_enable result is True
5056 2026-04-08 04:48:50,331 webull.core.http.initializer.token.token_storage INFO storage_token uses the default configuration, conf.
5056 2026-04-08 04:48:50,332 webull.core.http.initializer.token.token_storage INFO storage_token initialized path:C:\Users\yalil\OneDrive\Desktop\AI-projects\quantitivestocks\conf\token.txt.
5056 2026-04-08 04:48:50,332 webull.core.http.initializer.token.token_storage WARNING storage_token Note: The token file already exists, the latest token configuration will be overwritten and written to the token file after successful 2FA verification. path:C:\Users\yalil\OneDrive\Desktop\AI-projects\quantitivestocks\conf\token.txt.
5056 2026-04-08 04:48:50,333 webull.core.http.initializer.token.token_manager INFO load_token_from_local reading token from file...
5056 2026-04-08 04:48:50,339 webull.core.http.initializer.token.token_manager INFO load_token_from_local read local token result. token:a8391a******03689b expires:1776937170799 status:NORMAL
5056 2026-04-08 04:48:50,561 webull.core.http.initializer.token.token_manager INFO fetch_token_from_server create_token result. token:a8391a******03689b expires:1776937170799 status:NORMAL
5056 2026-04-08 04:48:50,562 webull.core.http.initializer.token.token_manager INFO fetch_token_from_server create_token status is verified, no further check required, returning directly. token:a8391a******03689b expires:1776937170799 status:NORMAL
5056 2026-04-08 04:48:50,562 webull.core.http.initializer.token.token_manager INFO save_token_to_local writing token to local file. token:a8391a******03689b expires:1776937170799 status:NORMAL
5056 2026-04-08 04:48:50,563 webull.core.http.initializer.token.token_manager INFO save_token_to_local writing token to file completed.
5056 2026-04-08 04:48:50,563 webull.core.http.initializer.token.token_manager INFO init_token finished. token:a8391a******03689b expires:1776937170799 status:NORMAL
22700 2026-04-08 04:50:54,240 webull.core.http.initializer.client_initializer INFO _check_token_enable result is True
22700 2026-04-08 04:50:54,244 webull.core.http.initializer.token.token_storage INFO storage_token uses the default configuration, conf.
22700 2026-04-08 04:50:54,245 webull.core.http.initializer.token.token_storage INFO storage_token initialized path:C:\Users\yalil\OneDrive\Desktop\AI-projects\quantitivestocks\conf\token.txt.
22700 2026-04-08 04:50:54,245 webull.core.http.initializer.token.token_storage WARNING storage_token Note: The token file already exists, the latest token configuration will be overwritten and written to the token file after successful 2FA verification. path:C:\Users\yalil\OneDrive\Desktop\AI-projects\quantitivestocks\conf\token.txt.
22700 2026-04-08 04:50:54,246 webull.core.http.initializer.token.token_manager INFO load_token_from_local reading token from file...
22700 2026-04-08 04:50:54,254 webull.core.http.initializer.token.token_manager INFO load_token_from_local read local token result. token:a8391a******03689b expires:1776937170799 status:NORMAL
22700 2026-04-08 04:50:54,548 webull.core.http.initializer.token.token_manager INFO fetch_token_from_server create_token result. token:a8391a******03689b expires:1776937170799 status:NORMAL
22700 2026-04-08 04:50:54,550 webull.core.http.initializer.token.token_manager INFO fetch_token_from_server create_token status is verified, no further check required, returning directly. token:a8391a******03689b expires:1776937170799 status:NORMAL
22700 2026-04-08 04:50:54,550 webull.core.http.initializer.token.token_manager INFO save_token_to_local writing token to local file. token:a8391a******03689b expires:1776937170799 status:NORMAL
22700 2026-04-08 04:50:54,550 webull.core.http.initializer.token.token_manager INFO save_token_to_local writing token to file completed.
22700 2026-04-08 04:50:54,550 webull.core.http.initializer.token.token_manager INFO init_token finished. token:a8391a******03689b expires:1776937170799 status:NORMAL
24748 2026-04-08 04:52:52,900 webull.core.http.initializer.client_initializer INFO _check_token_enable result is True
24748 2026-04-08 04:52:52,904 webull.core.http.initializer.token.token_storage INFO storage_token uses the default configuration, conf.
24748 2026-04-08 04:52:52,905 webull.core.http.initializer.token.token_storage INFO storage_token initialized path:C:\Users\yalil\OneDrive\Desktop\AI-projects\quantitivestocks\conf\token.txt.
24748 2026-04-08 04:52:52,906 webull.core.http.initializer.token.token_storage WARNING storage_token Note: The token file already exists, the latest token configuration will be overwritten and written to the token file after successful 2FA verification. path:C:\Users\yalil\OneDrive\Desktop\AI-projects\quantitivestocks\conf\token.txt.
24748 2026-04-08 04:52:52,907 webull.core.http.initializer.token.token_manager INFO load_token_from_local reading token from file...
24748 2026-04-08 04:52:52,908 webull.core.http.initializer.token.token_manager INFO load_token_from_local read local token result. token:a8391a******03689b expires:1776937170799 status:NORMAL
24748 2026-04-08 04:52:53,085 webull.core.http.initializer.token.token_manager INFO fetch_token_from_server create_token result. token:a8391a******03689b expires:1776937170799 status:NORMAL
24748 2026-04-08 04:52:53,086 webull.core.http.initializer.token.token_manager INFO fetch_token_from_server create_token status is verified, no further check required, returning directly. token:a8391a******03689b expires:1776937170799 status:NORMAL
24748 2026-04-08 04:52:53,087 webull.core.http.initializer.token.token_manager INFO save_token_to_local writing token to local file. token:a8391a******03689b expires:1776937170799 status:NORMAL
24748 2026-04-08 04:52:53,087 webull.core.http.initializer.token.token_manager INFO save_token_to_local writing token to file completed.
24748 2026-04-08 04:52:53,087 webull.core.http.initializer.token.token_manager INFO init_token finished. token:a8391a******03689b expires:1776937170799 status:NORMAL
3168 2026-04-08 04:54:51,888 webull.core.http.initializer.client_initializer INFO _check_token_enable result is True
3168 2026-04-08 04:54:51,892 webull.core.http.initializer.token.token_storage INFO storage_token uses the default configuration, conf.
3168 2026-04-08 04:54:51,894 webull.core.http.initializer.token.token_storage INFO storage_token initialized path:C:\Users\yalil\OneDrive\Desktop\AI-projects\quantitivestocks\conf\token.txt.
3168 2026-04-08 04:54:51,894 webull.core.http.initializer.token.token_storage WARNING storage_token Note: The token file already exists, the latest token configuration will be overwritten and written to the token file after successful 2FA verification. path:C:\Users\yalil\OneDrive\Desktop\AI-projects\quantitivestocks\conf\token.txt.
3168 2026-04-08 04:54:51,895 webull.core.http.initializer.token.token_manager INFO load_token_from_local reading token from file...
3168 2026-04-08 04:54:51,896 webull.core.http.initializer.token.token_manager INFO load_token_from_local read local token result. token:a8391a******03689b expires:1776937170799 status:NORMAL
3168 2026-04-08 04:54:52,145 webull.core.http.initializer.token.token_manager INFO fetch_token_from_server create_token result. token:a8391a******03689b expires:1776937170799 status:NORMAL
3168 2026-04-08 04:54:52,147 webull.core.http.initializer.token.token_manager INFO fetch_token_from_server create_token status is verified, no further check required, returning directly. token:a8391a******03689b expires:1776937170799 status:NORMAL
3168 2026-04-08 04:54:52,147 webull.core.http.initializer.token.token_manager INFO save_token_to_local writing token to local file. token:a8391a******03689b expires:1776937170799 status:NORMAL
3168 2026-04-08 04:54:52,148 webull.core.http.initializer.token.token_manager INFO save_token_to_local writing token to file completed.
3168 2026-04-08 04:54:52,148 webull.core.http.initializer.token.token_manager INFO init_token finished. token:a8391a******03689b expires:1776937170799 status:NORMAL
24760 2026-04-08 04:56:51,406 webull.core.http.initializer.client_initializer INFO _check_token_enable result is True
24760 2026-04-08 04:56:51,415 webull.core.http.initializer.token.token_storage INFO storage_token uses the default configuration, conf.
24760 2026-04-08 04:56:51,419 webull.core.http.initializer.token.token_storage INFO storage_token initialized path:C:\Users\yalil\OneDrive\Desktop\AI-projects\quantitivestocks\conf\token.txt.
24760 2026-04-08 04:56:51,421 webull.core.http.initializer.token.token_storage WARNING storage_token Note: The token file already exists, the latest token configuration will be overwritten and written to the token file after successful 2FA verification. path:C:\Users\yalil\OneDrive\Desktop\AI-projects\quantitivestocks\conf\token.txt.
24760 2026-04-08 04:56:51,428 webull.core.http.initializer.token.token_manager INFO load_token_from_local reading token from file...
24760 2026-04-08 04:56:51,429 webull.core.http.initializer.token.token_manager INFO load_token_from_local read local token result. token:a8391a******03689b expires:1776937170799 status:NORMAL
24760 2026-04-08 04:56:51,578 webull.core.http.initializer.token.token_manager INFO fetch_token_from_server create_token result. token:a8391a******03689b expires:1776937170799 status:NORMAL
24760 2026-04-08 04:56:51,579 webull.core.http.initializer.token.token_manager INFO fetch_token_from_server create_token status is verified, no further check required, returning directly. token:a8391a******03689b expires:1776937170799 status:NORMAL
24760 2026-04-08 04:56:51,580 webull.core.http.initializer.token.token_manager INFO save_token_to_local writing token to local file. token:a8391a******03689b expires:1776937170799 status:NORMAL
24760 2026-04-08 04:56:51,580 webull.core.http.initializer.token.token_manager INFO save_token_to_local writing token to file completed.
24760 2026-04-08 04:56:51,580 webull.core.http.initializer.token.token_manager INFO init_token finished. token:a8391a******03689b expires:1776937170799 status:NORMAL
24048 2026-04-08 04:58:52,255 webull.core.http.initializer.client_initializer INFO _check_token_enable result is True
24048 2026-04-08 04:58:52,260 webull.core.http.initializer.token.token_storage INFO storage_token uses the default configuration, conf.
24048 2026-04-08 04:58:52,261 webull.core.http.initializer.token.token_storage INFO storage_token initialized path:C:\Users\yalil\OneDrive\Desktop\AI-projects\quantitivestocks\conf\token.txt.
24048 2026-04-08 04:58:52,262 webull.core.http.initializer.token.token_storage WARNING storage_token Note: The token file already exists, the latest token configuration will be overwritten and written to the token file after successful 2FA verification. path:C:\Users\yalil\OneDrive\Desktop\AI-projects\quantitivestocks\conf\token.txt.
24048 2026-04-08 04:58:52,264 webull.core.http.initializer.token.token_manager INFO load_token_from_local reading token from file...
24048 2026-04-08 04:58:52,266 webull.core.http.initializer.token.token_manager INFO load_token_from_local read local token result. token:a8391a******03689b expires:1776937170799 status:NORMAL
24048 2026-04-08 04:58:52,476 webull.core.http.initializer.token.token_manager INFO fetch_token_from_server create_token result. token:a8391a******03689b expires:1776937170799 status:NORMAL
24048 2026-04-08 04:58:52,477 webull.core.http.initializer.token.token_manager INFO fetch_token_from_server create_token status is verified, no further check required, returning directly. token:a8391a******03689b expires:1776937170799 status:NORMAL
24048 2026-04-08 04:58:52,478 webull.core.http.initializer.token.token_manager INFO save_token_to_local writing token to local file. token:a8391a******03689b expires:1776937170799 status:NORMAL
24048 2026-04-08 04:58:52,479 webull.core.http.initializer.token.token_manager INFO save_token_to_local writing token to file completed.
24048 2026-04-08 04:58:52,479 webull.core.http.initializer.token.token_manager INFO init_token finished. token:a8391a******03689b expires:1776937170799 status:NORMAL
13020 2026-04-08 05:00:58,388 webull.core.http.initializer.client_initializer INFO _check_token_enable result is True
13020 2026-04-08 05:00:59,459 webull.core.http.initializer.token.token_storage INFO storage_token uses the default configuration, conf.
13020 2026-04-08 05:00:59,460 webull.core.http.initializer.token.token_storage INFO storage_token initialized path:C:\Users\yalil\OneDrive\Desktop\AI-projects\quantitivestocks\conf\token.txt.
13020 2026-04-08 05:00:59,461 webull.core.http.initializer.token.token_storage WARNING storage_token Note: The token file already exists, the latest token configuration will be overwritten and written to the token file after successful 2FA verification. path:C:\Users\yalil\OneDrive\Desktop\AI-projects\quantitivestocks\conf\token.txt.
13020 2026-04-08 05:00:59,462 webull.core.http.initializer.token.token_manager INFO load_token_from_local reading token from file...
13020 2026-04-08 05:00:59,463 webull.core.http.initializer.token.token_manager INFO load_token_from_local read local token result. token:a8391a******03689b expires:1776937170799 status:NORMAL
13020 2026-04-08 05:00:59,684 webull.core.http.initializer.token.token_manager INFO fetch_token_from_server create_token result. token:a8391a******03689b expires:1776937170799 status:NORMAL
13020 2026-04-08 05:00:59,686 webull.core.http.initializer.token.token_manager INFO fetch_token_from_server create_token status is verified, no further check required, returning directly. token:a8391a******03689b expires:1776937170799 status:NORMAL
13020 2026-04-08 05:00:59,686 webull.core.http.initializer.token.token_manager INFO save_token_to_local writing token to local file. token:a8391a******03689b expires:1776937170799 status:NORMAL
13020 2026-04-08 05:00:59,687 webull.core.http.initializer.token.token_manager INFO save_token_to_local writing token to file completed.
13020 2026-04-08 05:00:59,687 webull.core.http.initializer.token.token_manager INFO init_token finished. token:a8391a******03689b expires:1776937170799 status:NORMAL
24900 2026-04-08 05:02:51,502 webull.core.http.initializer.client_initializer INFO _check_token_enable result is True
24900 2026-04-08 05:02:51,506 webull.core.http.initializer.token.token_storage INFO storage_token uses the default configuration, conf.
24900 2026-04-08 05:02:51,508 webull.core.http.initializer.token.token_storage INFO storage_token initialized path:C:\Users\yalil\OneDrive\Desktop\AI-projects\quantitivestocks\conf\token.txt.
24900 2026-04-08 05:02:51,509 webull.core.http.initializer.token.token_storage WARNING storage_token Note: The token file already exists, the latest token configuration will be overwritten and written to the token file after successful 2FA verification. path:C:\Users\yalil\OneDrive\Desktop\AI-projects\quantitivestocks\conf\token.txt.
24900 2026-04-08 05:02:51,510 webull.core.http.initializer.token.token_manager INFO load_token_from_local reading token from file...
24900 2026-04-08 05:02:51,511 webull.core.http.initializer.token.token_manager INFO load_token_from_local read local token result. token:a8391a******03689b expires:1776937170799 status:NORMAL
24900 2026-04-08 05:02:51,699 webull.core.http.initializer.token.token_manager INFO fetch_token_from_server create_token result. token:a8391a******03689b expires:1776937170799 status:NORMAL
24900 2026-04-08 05:02:51,700 webull.core.http.initializer.token.token_manager INFO fetch_token_from_server create_token status is verified, no further check required, returning directly. token:a8391a******03689b expires:1776937170799 status:NORMAL
24900 2026-04-08 05:02:51,701 webull.core.http.initializer.token.token_manager INFO save_token_to_local writing token to local file. token:a8391a******03689b expires:1776937170799 status:NORMAL
24900 2026-04-08 05:02:51,702 webull.core.http.initializer.token.token_manager INFO save_token_to_local writing token to file completed.
24900 2026-04-08 05:02:51,702 webull.core.http.initializer.token.token_manager INFO init_token finished. token:a8391a******03689b expires:1776937170799 status:NORMAL
12764 2026-04-08 05:04:57,113 webull.core.http.initializer.client_initializer INFO _check_token_enable result is True
12764 2026-04-08 05:04:57,118 webull.core.http.initializer.token.token_storage INFO storage_token uses the default configuration, conf.
12764 2026-04-08 05:04:57,119 webull.core.http.initializer.token.token_storage INFO storage_token initialized path:C:\Users\yalil\OneDrive\Desktop\AI-projects\quantitivestocks\conf\token.txt.
12764 2026-04-08 05:04:57,120 webull.core.http.initializer.token.token_storage WARNING storage_token Note: The token file already exists, the latest token configuration will be overwritten and written to the token file after successful 2FA verification. path:C:\Users\yalil\OneDrive\Desktop\AI-projects\quantitivestocks\conf\token.txt.
12764 2026-04-08 05:04:57,120 webull.core.http.initializer.token.token_manager INFO load_token_from_local reading token from file...
12764 2026-04-08 05:04:57,121 webull.core.http.initializer.token.token_manager INFO load_token_from_local read local token result. token:a8391a******03689b expires:1776937170799 status:NORMAL
12764 2026-04-08 05:04:57,280 webull.core.http.initializer.token.token_manager INFO fetch_token_from_server create_token result. token:a8391a******03689b expires:1776937170799 status:NORMAL
12764 2026-04-08 05:04:57,281 webull.core.http.initializer.token.token_manager INFO fetch_token_from_server create_token status is verified, no further check required, returning directly. token:a8391a******03689b expires:1776937170799 status:NORMAL
12764 2026-04-08 05:04:57,281 webull.core.http.initializer.token.token_manager INFO save_token_to_local writing token to local file. token:a8391a******03689b expires:1776937170799 status:NORMAL
12764 2026-04-08 05:04:57,282 webull.core.http.initializer.token.token_manager INFO save_token_to_local writing token to file completed.
12764 2026-04-08 05:04:57,282 webull.core.http.initializer.token.token_manager INFO init_token finished. token:a8391a******03689b expires:1776937170799 status:NORMAL
24148 2026-04-08 05:06:51,866 webull.core.http.initializer.client_initializer INFO _check_token_enable result is True
24148 2026-04-08 05:06:51,869 webull.core.http.initializer.token.token_storage INFO storage_token uses the default configuration, conf.
24148 2026-04-08 05:06:51,870 webull.core.http.initializer.token.token_storage INFO storage_token initialized path:C:\Users\yalil\OneDrive\Desktop\AI-projects\quantitivestocks\conf\token.txt.
24148 2026-04-08 05:06:51,896 webull.core.http.initializer.token.token_storage WARNING storage_token Note: The token file already exists, the latest token configuration will be overwritten and written to the token file after successful 2FA verification. path:C:\Users\yalil\OneDrive\Desktop\AI-projects\quantitivestocks\conf\token.txt.
24148 2026-04-08 05:06:51,899 webull.core.http.initializer.token.token_manager INFO load_token_from_local reading token from file...
24148 2026-04-08 05:06:51,900 webull.core.http.initializer.token.token_manager INFO load_token_from_local read local token result. token:a8391a******03689b expires:1776937170799 status:NORMAL
24148 2026-04-08 05:06:52,133 webull.core.http.initializer.token.token_manager INFO fetch_token_from_server create_token result. token:a8391a******03689b expires:1776937170799 status:NORMAL
24148 2026-04-08 05:06:52,135 webull.core.http.initializer.token.token_manager INFO fetch_token_from_server create_token status is verified, no further check required, returning directly. token:a8391a******03689b expires:1776937170799 status:NORMAL
24148 2026-04-08 05:06:52,135 webull.core.http.initializer.token.token_manager INFO save_token_to_local writing token to local file. token:a8391a******03689b expires:1776937170799 status:NORMAL
24148 2026-04-08 05:06:52,136 webull.core.http.initializer.token.token_manager INFO save_token_to_local writing token to file completed.
24148 2026-04-08 05:06:52,136 webull.core.http.initializer.token.token_manager INFO init_token finished. token:a8391a******03689b expires:1776937170799 status:NORMAL
24692 2026-04-08 05:09:13,390 webull.core.http.initializer.client_initializer INFO _check_token_enable result is True
24692 2026-04-08 05:09:13,396 webull.core.http.initializer.token.token_storage INFO storage_token uses the default configuration, conf.
24692 2026-04-08 05:09:13,397 webull.core.http.initializer.token.token_storage INFO storage_token initialized path:C:\Users\yalil\OneDrive\Desktop\AI-projects\quantitivestocks\conf\token.txt.
24692 2026-04-08 05:09:13,398 webull.core.http.initializer.token.token_storage WARNING storage_token Note: The token file already exists, the latest token configuration will be overwritten and written to the token file after successful 2FA verification. path:C:\Users\yalil\OneDrive\Desktop\AI-projects\quantitivestocks\conf\token.txt.
24692 2026-04-08 05:09:13,399 webull.core.http.initializer.token.token_manager INFO load_token_from_local reading token from file...
24692 2026-04-08 05:09:13,401 webull.core.http.initializer.token.token_manager INFO load_token_from_local read local token result. token:a8391a******03689b expires:1776937170799 status:NORMAL
24692 2026-04-08 05:09:13,757 webull.core.http.initializer.token.token_manager INFO fetch_token_from_server create_token result. token:a8391a******03689b expires:1776937170799 status:NORMAL
24692 2026-04-08 05:09:13,759 webull.core.http.initializer.token.token_manager INFO fetch_token_from_server create_token status is verified, no further check required, returning directly. token:a8391a******03689b expires:1776937170799 status:NORMAL
24692 2026-04-08 05:09:13,759 webull.core.http.initializer.token.token_manager INFO save_token_to_local writing token to local file. token:a8391a******03689b expires:1776937170799 status:NORMAL
24692 2026-04-08 05:09:13,759 webull.core.http.initializer.token.token_manager INFO save_token_to_local writing token to file completed.
24692 2026-04-08 05:09:13,760 webull.core.http.initializer.token.token_manager INFO init_token finished. token:a8391a******03689b expires:1776937170799 status:NORMAL
24956 2026-04-08 05:10:51,787 webull.core.http.initializer.client_initializer INFO _check_token_enable result is True
24956 2026-04-08 05:10:51,811 webull.core.http.initializer.token.token_storage INFO storage_token uses the default configuration, conf.
24956 2026-04-08 05:10:51,813 webull.core.http.initializer.token.token_storage INFO storage_token initialized path:C:\Users\yalil\OneDrive\Desktop\AI-projects\quantitivestocks\conf\token.txt.
24956 2026-04-08 05:10:51,814 webull.core.http.initializer.token.token_storage WARNING storage_token Note: The token file already exists, the latest token configuration will be overwritten and written to the token file after successful 2FA verification. path:C:\Users\yalil\OneDrive\Desktop\AI-projects\quantitivestocks\conf\token.txt.
24956 2026-04-08 05:10:51,816 webull.core.http.initializer.token.token_manager INFO load_token_from_local reading token from file...
24956 2026-04-08 05:10:51,822 webull.core.http.initializer.token.token_manager INFO load_token_from_local read local token result. token:a8391a******03689b expires:1776937170799 status:NORMAL
24956 2026-04-08 05:10:52,124 webull.core.http.initializer.token.token_manager INFO fetch_token_from_server create_token result. token:a8391a******03689b expires:1776937170799 status:NORMAL
24956 2026-04-08 05:10:52,126 webull.core.http.initializer.token.token_manager INFO fetch_token_from_server create_token status is verified, no further check required, returning directly. token:a8391a******03689b expires:1776937170799 status:NORMAL
24956 2026-04-08 05:10:52,126 webull.core.http.initializer.token.token_manager INFO save_token_to_local writing token to local file. token:a8391a******03689b expires:1776937170799 status:NORMAL
24956 2026-04-08 05:10:52,127 webull.core.http.initializer.token.token_manager INFO save_token_to_local writing token to file completed.
24956 2026-04-08 05:10:52,128 webull.core.http.initializer.token.token_manager INFO init_token finished. token:a8391a******03689b expires:1776937170799 status:NORMAL
15320 2026-04-08 05:12:52,324 webull.core.http.initializer.client_initializer INFO _check_token_enable result is True
15320 2026-04-08 05:12:52,332 webull.core.http.initializer.token.token_storage INFO storage_token uses the default configuration, conf.
15320 2026-04-08 05:12:52,334 webull.core.http.initializer.token.token_storage INFO storage_token initialized path:C:\Users\yalil\OneDrive\Desktop\AI-projects\quantitivestocks\conf\token.txt.
15320 2026-04-08 05:12:52,335 webull.core.http.initializer.token.token_storage WARNING storage_token Note: The token file already exists, the latest token configuration will be overwritten and written to the token file after successful 2FA verification. path:C:\Users\yalil\OneDrive\Desktop\AI-projects\quantitivestocks\conf\token.txt.
15320 2026-04-08 05:12:52,337 webull.core.http.initializer.token.token_manager INFO load_token_from_local reading token from file...
15320 2026-04-08 05:12:52,342 webull.core.http.initializer.token.token_manager INFO load_token_from_local read local token result. token:a8391a******03689b expires:1776937170799 status:NORMAL
15320 2026-04-08 05:12:52,568 webull.core.http.initializer.token.token_manager INFO fetch_token_from_server create_token result. token:a8391a******03689b expires:1776937170799 status:NORMAL
15320 2026-04-08 05:12:52,570 webull.core.http.initializer.token.token_manager INFO fetch_token_from_server create_token status is verified, no further check required, returning directly. token:a8391a******03689b expires:1776937170799 status:NORMAL
15320 2026-04-08 05:12:52,570 webull.core.http.initializer.token.token_manager INFO save_token_to_local writing token to local file. token:a8391a******03689b expires:1776937170799 status:NORMAL
15320 2026-04-08 05:12:52,571 webull.core.http.initializer.token.token_manager INFO save_token_to_local writing token to file completed.
15320 2026-04-08 05:12:52,572 webull.core.http.initializer.token.token_manager INFO init_token finished. token:a8391a******03689b expires:1776937170799 status:NORMAL
8284 2026-04-08 05:14:53,383 webull.core.http.initializer.client_initializer INFO _check_token_enable result is True
8284 2026-04-08 05:14:53,387 webull.core.http.initializer.token.token_storage INFO storage_token uses the default configuration, conf.
8284 2026-04-08 05:14:53,389 webull.core.http.initializer.token.token_storage INFO storage_token initialized path:C:\Users\yalil\OneDrive\Desktop\AI-projects\quantitivestocks\conf\token.txt.
8284 2026-04-08 05:14:53,390 webull.core.http.initializer.token.token_storage WARNING storage_token Note: The token file already exists, the latest token configuration will be overwritten and written to the token file after successful 2FA verification. path:C:\Users\yalil\OneDrive\Desktop\AI-projects\quantitivestocks\conf\token.txt.
8284 2026-04-08 05:14:53,390 webull.core.http.initializer.token.token_manager INFO load_token_from_local reading token from file...
8284 2026-04-08 05:14:53,392 webull.core.http.initializer.token.token_manager INFO load_token_from_local read local token result. token:a8391a******03689b expires:1776937170799 status:NORMAL
8284 2026-04-08 05:14:53,611 webull.core.http.initializer.token.token_manager INFO fetch_token_from_server create_token result. token:a8391a******03689b expires:1776937170799 status:NORMAL
8284 2026-04-08 05:14:53,613 webull.core.http.initializer.token.token_manager INFO fetch_token_from_server create_token status is verified, no further check required, returning directly. token:a8391a******03689b expires:1776937170799 status:NORMAL
8284 2026-04-08 05:14:53,613 webull.core.http.initializer.token.token_manager INFO save_token_to_local writing token to local file. token:a8391a******03689b expires:1776937170799 status:NORMAL
8284 2026-04-08 05:14:53,613 webull.core.http.initializer.token.token_manager INFO save_token_to_local writing token to file completed.
8284 2026-04-08 05:14:53,614 webull.core.http.initializer.token.token_manager INFO init_token finished. token:a8391a******03689b expires:1776937170799 status:NORMAL
7764 2026-04-08 05:17:14,529 webull.core.http.initializer.client_initializer INFO _check_token_enable result is True
7764 2026-04-08 05:17:14,533 webull.core.http.initializer.token.token_storage INFO storage_token uses the default configuration, conf.
7764 2026-04-08 05:17:14,537 webull.core.http.initializer.token.token_storage INFO storage_token initialized path:C:\Users\yalil\OneDrive\Desktop\AI-projects\quantitivestocks\conf\token.txt.
7764 2026-04-08 05:17:14,545 webull.core.http.initializer.token.token_storage WARNING storage_token Note: The token file already exists, the latest token configuration will be overwritten and written to the token file after successful 2FA verification. path:C:\Users\yalil\OneDrive\Desktop\AI-projects\quantitivestocks\conf\token.txt.
7764 2026-04-08 05:17:14,560 webull.core.http.initializer.token.token_manager INFO load_token_from_local reading token from file...
7764 2026-04-08 05:17:14,566 webull.core.http.initializer.token.token_manager INFO load_token_from_local read local token result. token:a8391a******03689b expires:1776937170799 status:NORMAL
7764 2026-04-08 05:17:14,779 webull.core.http.initializer.token.token_manager INFO fetch_token_from_server create_token result. token:a8391a******03689b expires:1776937170799 status:NORMAL
7764 2026-04-08 05:17:14,781 webull.core.http.initializer.token.token_manager INFO fetch_token_from_server create_token status is verified, no further check required, returning directly. token:a8391a******03689b expires:1776937170799 status:NORMAL
7764 2026-04-08 05:17:14,781 webull.core.http.initializer.token.token_manager INFO save_token_to_local writing token to local file. token:a8391a******03689b expires:1776937170799 status:NORMAL
7764 2026-04-08 05:17:14,781 webull.core.http.initializer.token.token_manager INFO save_token_to_local writing token to file completed.
7764 2026-04-08 05:17:14,782 webull.core.http.initializer.token.token_manager INFO init_token finished. token:a8391a******03689b expires:1776937170799 status:NORMAL
12864 2026-04-08 05:18:52,231 webull.core.http.initializer.client_initializer INFO _check_token_enable result is True
12864 2026-04-08 05:18:52,234 webull.core.http.initializer.token.token_storage INFO storage_token uses the default configuration, conf.
12864 2026-04-08 05:18:52,235 webull.core.http.initializer.token.token_storage INFO storage_token initialized path:C:\Users\yalil\OneDrive\Desktop\AI-projects\quantitivestocks\conf\token.txt.
12864 2026-04-08 05:18:52,236 webull.core.http.initializer.token.token_storage WARNING storage_token Note: The token file already exists, the latest token configuration will be overwritten and written to the token file after successful 2FA verification. path:C:\Users\yalil\OneDrive\Desktop\AI-projects\quantitivestocks\conf\token.txt.
12864 2026-04-08 05:18:52,236 webull.core.http.initializer.token.token_manager INFO load_token_from_local reading token from file...
12864 2026-04-08 05:18:52,238 webull.core.http.initializer.token.token_manager INFO load_token_from_local read local token result. token:a8391a******03689b expires:1776937170799 status:NORMAL
12864 2026-04-08 05:18:52,536 webull.core.http.initializer.token.token_manager INFO fetch_token_from_server create_token result. token:a8391a******03689b expires:1776937170799 status:NORMAL
12864 2026-04-08 05:18:52,537 webull.core.http.initializer.token.token_manager INFO fetch_token_from_server create_token status is verified, no further check required, returning directly. token:a8391a******03689b expires:1776937170799 status:NORMAL
12864 2026-04-08 05:18:52,537 webull.core.http.initializer.token.token_manager INFO save_token_to_local writing token to local file. token:a8391a******03689b expires:1776937170799 status:NORMAL
12864 2026-04-08 05:18:52,538 webull.core.http.initializer.token.token_manager INFO save_token_to_local writing token to file completed.
12864 2026-04-08 05:18:52,538 webull.core.http.initializer.token.token_manager INFO init_token finished. token:a8391a******03689b expires:1776937170799 status:NORMAL
132 2026-04-08 05:20:57,488 webull.core.http.initializer.client_initializer INFO _check_token_enable result is True
132 2026-04-08 05:20:57,497 webull.core.http.initializer.token.token_storage INFO storage_token uses the default configuration, conf.
132 2026-04-08 05:20:57,498 webull.core.http.initializer.token.token_storage INFO storage_token initialized path:C:\Users\yalil\OneDrive\Desktop\AI-projects\quantitivestocks\conf\token.txt.
132 2026-04-08 05:20:57,499 webull.core.http.initializer.token.token_storage WARNING storage_token Note: The token file already exists, the latest token configuration will be overwritten and written to the token file after successful 2FA verification. path:C:\Users\yalil\OneDrive\Desktop\AI-projects\quantitivestocks\conf\token.txt.
132 2026-04-08 05:20:57,500 webull.core.http.initializer.token.token_manager INFO load_token_from_local reading token from file...
132 2026-04-08 05:20:57,501 webull.core.http.initializer.token.token_manager INFO load_token_from_local read local token result. token:a8391a******03689b expires:1776937170799 status:NORMAL
132 2026-04-08 05:20:57,848 webull.core.http.initializer.token.token_manager INFO fetch_token_from_server create_token result. token:a8391a******03689b expires:1776937170799 status:NORMAL
132 2026-04-08 05:20:57,850 webull.core.http.initializer.token.token_manager INFO fetch_token_from_server create_token status is verified, no further check required, returning directly. token:a8391a******03689b expires:1776937170799 status:NORMAL
132 2026-04-08 05:20:57,850 webull.core.http.initializer.token.token_manager INFO save_token_to_local writing token to local file. token:a8391a******03689b expires:1776937170799 status:NORMAL
132 2026-04-08 05:20:57,851 webull.core.http.initializer.token.token_manager INFO save_token_to_local writing token to file completed.
132 2026-04-08 05:20:57,851 webull.core.http.initializer.token.token_manager INFO init_token finished. token:a8391a******03689b expires:1776937170799 status:NORMAL
3856 2026-04-08 05:22:58,501 webull.core.http.initializer.client_initializer INFO _check_token_enable result is True
3856 2026-04-08 05:22:59,926 webull.core.http.initializer.token.token_storage INFO storage_token uses the default configuration, conf.
3856 2026-04-08 05:22:59,928 webull.core.http.initializer.token.token_storage INFO storage_token initialized path:C:\Users\yalil\OneDrive\Desktop\AI-projects\quantitivestocks\conf\token.txt.
3856 2026-04-08 05:22:59,929 webull.core.http.initializer.token.token_storage WARNING storage_token Note: The token file already exists, the latest token configuration will be overwritten and written to the token file after successful 2FA verification. path:C:\Users\yalil\OneDrive\Desktop\AI-projects\quantitivestocks\conf\token.txt.
3856 2026-04-08 05:22:59,930 webull.core.http.initializer.token.token_manager INFO load_token_from_local reading token from file...
3856 2026-04-08 05:22:59,936 webull.core.http.initializer.token.token_manager INFO load_token_from_local read local token result. token:a8391a******03689b expires:1776937170799 status:NORMAL
3856 2026-04-08 05:23:00,154 webull.core.http.initializer.token.token_manager INFO fetch_token_from_server create_token result. token:a8391a******03689b expires:1776937170799 status:NORMAL
3856 2026-04-08 05:23:00,156 webull.core.http.initializer.token.token_manager INFO fetch_token_from_server create_token status is verified, no further check required, returning directly. token:a8391a******03689b expires:1776937170799 status:NORMAL
3856 2026-04-08 05:23:00,156 webull.core.http.initializer.token.token_manager INFO save_token_to_local writing token to local file. token:a8391a******03689b expires:1776937170799 status:NORMAL
3856 2026-04-08 05:23:00,157 webull.core.http.initializer.token.token_manager INFO save_token_to_local writing token to file completed.
3856 2026-04-08 05:23:00,157 webull.core.http.initializer.token.token_manager INFO init_token finished. token:a8391a******03689b expires:1776937170799 status:NORMAL
12588 2026-04-08 05:24:54,690 webull.core.http.initializer.client_initializer INFO _check_token_enable result is True
12588 2026-04-08 05:24:54,697 webull.core.http.initializer.token.token_storage INFO storage_token uses the default configuration, conf.
12588 2026-04-08 05:24:54,698 webull.core.http.initializer.token.token_storage INFO storage_token initialized path:C:\Users\yalil\OneDrive\Desktop\AI-projects\quantitivestocks\conf\token.txt.
12588 2026-04-08 05:24:54,701 webull.core.http.initializer.token.token_storage WARNING storage_token Note: The token file already exists, the latest token configuration will be overwritten and written to the token file after successful 2FA verification. path:C:\Users\yalil\OneDrive\Desktop\AI-projects\quantitivestocks\conf\token.txt.
12588 2026-04-08 05:24:54,701 webull.core.http.initializer.token.token_manager INFO load_token_from_local reading token from file...
12588 2026-04-08 05:24:54,708 webull.core.http.initializer.token.token_manager INFO load_token_from_local read local token result. token:a8391a******03689b expires:1776937170799 status:NORMAL
12588 2026-04-08 05:24:54,946 webull.core.http.initializer.token.token_manager INFO fetch_token_from_server create_token result. token:a8391a******03689b expires:1776937170799 status:NORMAL
12588 2026-04-08 05:24:54,947 webull.core.http.initializer.token.token_manager INFO fetch_token_from_server create_token status is verified, no further check required, returning directly. token:a8391a******03689b expires:1776937170799 status:NORMAL
12588 2026-04-08 05:24:54,947 webull.core.http.initializer.token.token_manager INFO save_token_to_local writing token to local file. token:a8391a******03689b expires:1776937170799 status:NORMAL
12588 2026-04-08 05:24:54,948 webull.core.http.initializer.token.token_manager INFO save_token_to_local writing token to file completed.
12588 2026-04-08 05:24:54,948 webull.core.http.initializer.token.token_manager INFO init_token finished. token:a8391a******03689b expires:1776937170799 status:NORMAL
9760 2026-04-08 05:26:56,715 webull.core.http.initializer.client_initializer INFO _check_token_enable result is True
9760 2026-04-08 05:26:56,720 webull.core.http.initializer.token.token_storage INFO storage_token uses the default configuration, conf.
9760 2026-04-08 05:26:56,722 webull.core.http.initializer.token.token_storage INFO storage_token initialized path:C:\Users\yalil\OneDrive\Desktop\AI-projects\quantitivestocks\conf\token.txt.
9760 2026-04-08 05:26:56,723 webull.core.http.initializer.token.token_storage WARNING storage_token Note: The token file already exists, the latest token configuration will be overwritten and written to the token file after successful 2FA verification. path:C:\Users\yalil\OneDrive\Desktop\AI-projects\quantitivestocks\conf\token.txt.
9760 2026-04-08 05:26:56,726 webull.core.http.initializer.token.token_manager INFO load_token_from_local reading token from file...
9760 2026-04-08 05:26:56,727 webull.core.http.initializer.token.token_manager INFO load_token_from_local read local token result. token:a8391a******03689b expires:1776937170799 status:NORMAL
9760 2026-04-08 05:26:57,000 webull.core.http.initializer.token.token_manager INFO fetch_token_from_server create_token result. token:a8391a******03689b expires:1776937170799 status:NORMAL
9760 2026-04-08 05:26:57,002 webull.core.http.initializer.token.token_manager INFO fetch_token_from_server create_token status is verified, no further check required, returning directly. token:a8391a******03689b expires:1776937170799 status:NORMAL
9760 2026-04-08 05:26:57,002 webull.core.http.initializer.token.token_manager INFO save_token_to_local writing token to local file. token:a8391a******03689b expires:1776937170799 status:NORMAL
9760 2026-04-08 05:26:57,003 webull.core.http.initializer.token.token_manager INFO save_token_to_local writing token to file completed.
9760 2026-04-08 05:26:57,003 webull.core.http.initializer.token.token_manager INFO init_token finished. token:a8391a******03689b expires:1776937170799 status:NORMAL
5272 2026-04-08 05:28:54,179 webull.core.http.initializer.client_initializer INFO _check_token_enable result is True
5272 2026-04-08 05:28:54,198 webull.core.http.initializer.token.token_storage INFO storage_token uses the default configuration, conf.
5272 2026-04-08 05:28:54,200 webull.core.http.initializer.token.token_storage INFO storage_token initialized path:C:\Users\yalil\OneDrive\Desktop\AI-projects\quantitivestocks\conf\token.txt.
5272 2026-04-08 05:28:54,200 webull.core.http.initializer.token.token_storage WARNING storage_token Note: The token file already exists, the latest token configuration will be overwritten and written to the token file after successful 2FA verification. path:C:\Users\yalil\OneDrive\Desktop\AI-projects\quantitivestocks\conf\token.txt.
5272 2026-04-08 05:28:54,201 webull.core.http.initializer.token.token_manager INFO load_token_from_local reading token from file...
5272 2026-04-08 05:28:54,202 webull.core.http.initializer.token.token_manager INFO load_token_from_local read local token result. token:a8391a******03689b expires:1776937170799 status:NORMAL
5272 2026-04-08 05:28:54,577 webull.core.http.initializer.token.token_manager INFO fetch_token_from_server create_token result. token:a8391a******03689b expires:1776937170799 status:NORMAL
5272 2026-04-08 05:28:54,579 webull.core.http.initializer.token.token_manager INFO fetch_token_from_server create_token status is verified, no further check required, returning directly. token:a8391a******03689b expires:1776937170799 status:NORMAL
5272 2026-04-08 05:28:54,579 webull.core.http.initializer.token.token_manager INFO save_token_to_local writing token to local file. token:a8391a******03689b expires:1776937170799 status:NORMAL
5272 2026-04-08 05:28:54,580 webull.core.http.initializer.token.token_manager INFO save_token_to_local writing token to file completed.
5272 2026-04-08 05:28:54,580 webull.core.http.initializer.token.token_manager INFO init_token finished. token:a8391a******03689b expires:1776937170799 status:NORMAL
6076 2026-04-08 05:31:10,529 webull.core.http.initializer.client_initializer INFO _check_token_enable result is True
6076 2026-04-08 05:31:10,533 webull.core.http.initializer.token.token_storage INFO storage_token uses the default configuration, conf.
6076 2026-04-08 05:31:10,535 webull.core.http.initializer.token.token_storage INFO storage_token initialized path:C:\Users\yalil\OneDrive\Desktop\AI-projects\quantitivestocks\conf\token.txt.
6076 2026-04-08 05:31:10,536 webull.core.http.initializer.token.token_storage WARNING storage_token Note: The token file already exists, the latest token configuration will be overwritten and written to the token file after successful 2FA verification. path:C:\Users\yalil\OneDrive\Desktop\AI-projects\quantitivestocks\conf\token.txt.
6076 2026-04-08 05:31:10,536 webull.core.http.initializer.token.token_manager INFO load_token_from_local reading token from file...
6076 2026-04-08 05:31:10,538 webull.core.http.initializer.token.token_manager INFO load_token_from_local read local token result. token:a8391a******03689b expires:1776937170799 status:NORMAL
6076 2026-04-08 05:31:10,893 webull.core.http.initializer.token.token_manager INFO fetch_token_from_server create_token result. token:a8391a******03689b expires:1776937170799 status:NORMAL
6076 2026-04-08 05:31:10,895 webull.core.http.initializer.token.token_manager INFO fetch_token_from_server create_token status is verified, no further check required, returning directly. token:a8391a******03689b expires:1776937170799 status:NORMAL
6076 2026-04-08 05:31:10,895 webull.core.http.initializer.token.token_manager INFO save_token_to_local writing token to local file. token:a8391a******03689b expires:1776937170799 status:NORMAL
6076 2026-04-08 05:31:10,896 webull.core.http.initializer.token.token_manager INFO save_token_to_local writing token to file completed.
6076 2026-04-08 05:31:10,896 webull.core.http.initializer.token.token_manager INFO init_token finished. token:a8391a******03689b expires:1776937170799 status:NORMAL
15356 2026-04-08 05:33:01,530 webull.core.http.initializer.client_initializer INFO _check_token_enable result is True
15356 2026-04-08 05:33:01,542 webull.core.http.initializer.token.token_storage INFO storage_token uses the default configuration, conf.
15356 2026-04-08 05:33:01,542 webull.core.http.initializer.token.token_storage INFO storage_token initialized path:C:\Users\yalil\OneDrive\Desktop\AI-projects\quantitivestocks\conf\token.txt.
15356 2026-04-08 05:33:01,544 webull.core.http.initializer.token.token_storage WARNING storage_token Note: The token file already exists, the latest token configuration will be overwritten and written to the token file after successful 2FA verification. path:C:\Users\yalil\OneDrive\Desktop\AI-projects\quantitivestocks\conf\token.txt.
15356 2026-04-08 05:33:01,546 webull.core.http.initializer.token.token_manager INFO load_token_from_local reading token from file...
15356 2026-04-08 05:33:01,552 webull.core.http.initializer.token.token_manager INFO load_token_from_local read local token result. token:a8391a******03689b expires:1776937170799 status:NORMAL
15356 2026-04-08 05:33:01,831 webull.core.http.initializer.token.token_manager INFO fetch_token_from_server create_token result. token:a8391a******03689b expires:1776937170799 status:NORMAL
15356 2026-04-08 05:33:01,832 webull.core.http.initializer.token.token_manager INFO fetch_token_from_server create_token status is verified, no further check required, returning directly. token:a8391a******03689b expires:1776937170799 status:NORMAL
15356 2026-04-08 05:33:01,832 webull.core.http.initializer.token.token_manager INFO save_token_to_local writing token to local file. token:a8391a******03689b expires:1776937170799 status:NORMAL
15356 2026-04-08 05:33:01,832 webull.core.http.initializer.token.token_manager INFO save_token_to_local writing token to file completed.
15356 2026-04-08 05:33:01,832 webull.core.http.initializer.token.token_manager INFO init_token finished. token:a8391a******03689b expires:1776937170799 status:NORMAL
26036 2026-04-08 05:34:55,171 webull.core.http.initializer.client_initializer INFO _check_token_enable result is True
26036 2026-04-08 05:34:55,175 webull.core.http.initializer.token.token_storage INFO storage_token uses the default configuration, conf.
26036 2026-04-08 05:34:55,176 webull.core.http.initializer.token.token_storage INFO storage_token initialized path:C:\Users\yalil\OneDrive\Desktop\AI-projects\quantitivestocks\conf\token.txt.
26036 2026-04-08 05:34:55,178 webull.core.http.initializer.token.token_storage WARNING storage_token Note: The token file already exists, the latest token configuration will be overwritten and written to the token file after successful 2FA verification. path:C:\Users\yalil\OneDrive\Desktop\AI-projects\quantitivestocks\conf\token.txt.
26036 2026-04-08 05:34:55,200 webull.core.http.initializer.token.token_manager INFO load_token_from_local reading token from file...
26036 2026-04-08 05:34:55,201 webull.core.http.initializer.token.token_manager INFO load_token_from_local read local token result. token:a8391a******03689b expires:1776937170799 status:NORMAL
26036 2026-04-08 05:34:55,556 webull.core.http.initializer.token.token_manager INFO fetch_token_from_server create_token result. token:a8391a******03689b expires:1776937170799 status:NORMAL
26036 2026-04-08 05:34:55,558 webull.core.http.initializer.token.token_manager INFO fetch_token_from_server create_token status is verified, no further check required, returning directly. token:a8391a******03689b expires:1776937170799 status:NORMAL
26036 2026-04-08 05:34:55,558 webull.core.http.initializer.token.token_manager INFO save_token_to_local writing token to local file. token:a8391a******03689b expires:1776937170799 status:NORMAL
26036 2026-04-08 05:34:55,559 webull.core.http.initializer.token.token_manager INFO save_token_to_local writing token to file completed.
26036 2026-04-08 05:34:55,559 webull.core.http.initializer.token.token_manager INFO init_token finished. token:a8391a******03689b expires:1776937170799 status:NORMAL
18760 2026-04-08 05:36:57,479 webull.core.http.initializer.client_initializer INFO _check_token_enable result is True
18760 2026-04-08 05:36:57,483 webull.core.http.initializer.token.token_storage INFO storage_token uses the default configuration, conf.
18760 2026-04-08 05:36:57,485 webull.core.http.initializer.token.token_storage INFO storage_token initialized path:C:\Users\yalil\OneDrive\Desktop\AI-projects\quantitivestocks\conf\token.txt.
18760 2026-04-08 05:36:57,486 webull.core.http.initializer.token.token_storage WARNING storage_token Note: The token file already exists, the latest token configuration will be overwritten and written to the token file after successful 2FA verification. path:C:\Users\yalil\OneDrive\Desktop\AI-projects\quantitivestocks\conf\token.txt.
18760 2026-04-08 05:36:57,486 webull.core.http.initializer.token.token_manager INFO load_token_from_local reading token from file...
18760 2026-04-08 05:36:57,493 webull.core.http.initializer.token.token_manager INFO load_token_from_local read local token result. token:a8391a******03689b expires:1776937170799 status:NORMAL
18760 2026-04-08 05:36:57,821 webull.core.http.initializer.token.token_manager INFO fetch_token_from_server create_token result. token:a8391a******03689b expires:1776937170799 status:NORMAL
18760 2026-04-08 05:36:57,823 webull.core.http.initializer.token.token_manager INFO fetch_token_from_server create_token status is verified, no further check required, returning directly. token:a8391a******03689b expires:1776937170799 status:NORMAL
18760 2026-04-08 05:36:57,823 webull.core.http.initializer.token.token_manager INFO save_token_to_local writing token to local file. token:a8391a******03689b expires:1776937170799 status:NORMAL
18760 2026-04-08 05:36:57,823 webull.core.http.initializer.token.token_manager INFO save_token_to_local writing token to file completed.
18760 2026-04-08 05:36:57,824 webull.core.http.initializer.token.token_manager INFO init_token finished. token:a8391a******03689b expires:1776937170799 status:NORMAL
25072 2026-04-08 05:38:55,368 webull.core.http.initializer.client_initializer INFO _check_token_enable result is True
25072 2026-04-08 05:38:55,372 webull.core.http.initializer.token.token_storage INFO storage_token uses the default configuration, conf.
25072 2026-04-08 05:38:55,373 webull.core.http.initializer.token.token_storage INFO storage_token initialized path:C:\Users\yalil\OneDrive\Desktop\AI-projects\quantitivestocks\conf\token.txt.
25072 2026-04-08 05:38:55,374 webull.core.http.initializer.token.token_storage WARNING storage_token Note: The token file already exists, the latest token configuration will be overwritten and written to the token file after successful 2FA verification. path:C:\Users\yalil\OneDrive\Desktop\AI-projects\quantitivestocks\conf\token.txt.
25072 2026-04-08 05:38:55,375 webull.core.http.initializer.token.token_manager INFO load_token_from_local reading token from file...
25072 2026-04-08 05:38:55,382 webull.core.http.initializer.token.token_manager INFO load_token_from_local read local token result. token:a8391a******03689b expires:1776937170799 status:NORMAL
25072 2026-04-08 05:38:55,663 webull.core.http.initializer.token.token_manager INFO fetch_token_from_server create_token result. token:a8391a******03689b expires:1776937170799 status:NORMAL
25072 2026-04-08 05:38:55,665 webull.core.http.initializer.token.token_manager INFO fetch_token_from_server create_token status is verified, no further check required, returning directly. token:a8391a******03689b expires:1776937170799 status:NORMAL
25072 2026-04-08 05:38:55,665 webull.core.http.initializer.token.token_manager INFO save_token_to_local writing token to local file. token:a8391a******03689b expires:1776937170799 status:NORMAL
25072 2026-04-08 05:38:55,666 webull.core.http.initializer.token.token_manager INFO save_token_to_local writing token to file completed.
25072 2026-04-08 05:38:55,666 webull.core.http.initializer.token.token_manager INFO init_token finished. token:a8391a******03689b expires:1776937170799 status:NORMAL
25872 2026-04-08 05:41:18,493 webull.core.http.initializer.client_initializer INFO _check_token_enable result is True
25872 2026-04-08 05:41:18,884 webull.core.http.initializer.token.token_storage INFO storage_token uses the default configuration, conf.
25872 2026-04-08 05:41:18,885 webull.core.http.initializer.token.token_storage INFO storage_token initialized path:C:\Users\yalil\OneDrive\Desktop\AI-projects\quantitivestocks\conf\token.txt.
25872 2026-04-08 05:41:18,886 webull.core.http.initializer.token.token_storage WARNING storage_token Note: The token file already exists, the latest token configuration will be overwritten and written to the token file after successful 2FA verification. path:C:\Users\yalil\OneDrive\Desktop\AI-projects\quantitivestocks\conf\token.txt.
25872 2026-04-08 05:41:18,886 webull.core.http.initializer.token.token_manager INFO load_token_from_local reading token from file...
25872 2026-04-08 05:41:18,887 webull.core.http.initializer.token.token_manager INFO load_token_from_local read local token result. token:a8391a******03689b expires:1776937170799 status:NORMAL
25872 2026-04-08 05:41:19,256 webull.core.http.initializer.token.token_manager INFO fetch_token_from_server create_token result. token:a8391a******03689b expires:1776937170799 status:NORMAL
25872 2026-04-08 05:41:19,262 webull.core.http.initializer.token.token_manager INFO fetch_token_from_server create_token status is verified, no further check required, returning directly. token:a8391a******03689b expires:1776937170799 status:NORMAL
25872 2026-04-08 05:41:19,262 webull.core.http.initializer.token.token_manager INFO save_token_to_local writing token to local file. token:a8391a******03689b expires:1776937170799 status:NORMAL
25872 2026-04-08 05:41:19,263 webull.core.http.initializer.token.token_manager INFO save_token_to_local writing token to file completed.
25872 2026-04-08 05:41:19,263 webull.core.http.initializer.token.token_manager INFO init_token finished. token:a8391a******03689b expires:1776937170799 status:NORMAL
7696 2026-04-08 05:42:57,221 webull.core.http.initializer.client_initializer INFO _check_token_enable result is True
7696 2026-04-08 05:42:57,246 webull.core.http.initializer.token.token_storage INFO storage_token uses the default configuration, conf.
7696 2026-04-08 05:42:57,248 webull.core.http.initializer.token.token_storage INFO storage_token initialized path:C:\Users\yalil\OneDrive\Desktop\AI-projects\quantitivestocks\conf\token.txt.
7696 2026-04-08 05:42:57,248 webull.core.http.initializer.token.token_storage WARNING storage_token Note: The token file already exists, the latest token configuration will be overwritten and written to the token file after successful 2FA verification. path:C:\Users\yalil\OneDrive\Desktop\AI-projects\quantitivestocks\conf\token.txt.
7696 2026-04-08 05:42:57,249 webull.core.http.initializer.token.token_manager INFO load_token_from_local reading token from file...
7696 2026-04-08 05:42:57,254 webull.core.http.initializer.token.token_manager INFO load_token_from_local read local token result. token:a8391a******03689b expires:1776937170799 status:NORMAL
7696 2026-04-08 05:42:57,440 webull.core.http.initializer.token.token_manager INFO fetch_token_from_server create_token result. token:a8391a******03689b expires:1776937170799 status:NORMAL
7696 2026-04-08 05:42:57,441 webull.core.http.initializer.token.token_manager INFO fetch_token_from_server create_token status is verified, no further check required, returning directly. token:a8391a******03689b expires:1776937170799 status:NORMAL
7696 2026-04-08 05:42:57,441 webull.core.http.initializer.token.token_manager INFO save_token_to_local writing token to local file. token:a8391a******03689b expires:1776937170799 status:NORMAL
7696 2026-04-08 05:42:57,442 webull.core.http.initializer.token.token_manager INFO save_token_to_local writing token to file completed.
7696 2026-04-08 05:42:57,442 webull.core.http.initializer.token.token_manager INFO init_token finished. token:a8391a******03689b expires:1776937170799 status:NORMAL
19068 2026-04-08 05:44:58,287 webull.core.http.initializer.client_initializer INFO _check_token_enable result is True
19068 2026-04-08 05:44:58,293 webull.core.http.initializer.token.token_storage INFO storage_token uses the default configuration, conf.
19068 2026-04-08 05:44:58,294 webull.core.http.initializer.token.token_storage INFO storage_token initialized path:C:\Users\yalil\OneDrive\Desktop\AI-projects\quantitivestocks\conf\token.txt.
19068 2026-04-08 05:44:58,294 webull.core.http.initializer.token.token_storage WARNING storage_token Note: The token file already exists, the latest token configuration will be overwritten and written to the token file after successful 2FA verification. path:C:\Users\yalil\OneDrive\Desktop\AI-projects\quantitivestocks\conf\token.txt.
19068 2026-04-08 05:44:58,296 webull.core.http.initializer.token.token_manager INFO load_token_from_local reading token from file...
19068 2026-04-08 05:44:58,300 webull.core.http.initializer.token.token_manager INFO load_token_from_local read local token result. token:a8391a******03689b expires:1776937170799 status:NORMAL
19068 2026-04-08 05:44:58,518 webull.core.http.initializer.token.token_manager INFO fetch_token_from_server create_token result. token:a8391a******03689b expires:1776937170799 status:NORMAL
19068 2026-04-08 05:44:58,520 webull.core.http.initializer.token.token_manager INFO fetch_token_from_server create_token status is verified, no further check required, returning directly. token:a8391a******03689b expires:1776937170799 status:NORMAL
19068 2026-04-08 05:44:58,520 webull.core.http.initializer.token.token_manager INFO save_token_to_local writing token to local file. token:a8391a******03689b expires:1776937170799 status:NORMAL
19068 2026-04-08 05:44:58,522 webull.core.http.initializer.token.token_manager INFO save_token_to_local writing token to file completed.
19068 2026-04-08 05:44:58,522 webull.core.http.initializer.token.token_manager INFO init_token finished. token:a8391a******03689b expires:1776937170799 status:NORMAL
19536 2026-04-08 05:47:03,959 webull.core.http.initializer.client_initializer INFO _check_token_enable result is True
19536 2026-04-08 05:47:03,967 webull.core.http.initializer.token.token_storage INFO storage_token uses the default configuration, conf.
19536 2026-04-08 05:47:03,968 webull.core.http.initializer.token.token_storage INFO storage_token initialized path:C:\Users\yalil\OneDrive\Desktop\AI-projects\quantitivestocks\conf\token.txt.
19536 2026-04-08 05:47:03,969 webull.core.http.initializer.token.token_storage WARNING storage_token Note: The token file already exists, the latest token configuration will be overwritten and written to the token file after successful 2FA verification. path:C:\Users\yalil\OneDrive\Desktop\AI-projects\quantitivestocks\conf\token.txt.
19536 2026-04-08 05:47:03,971 webull.core.http.initializer.token.token_manager INFO load_token_from_local reading token from file...
19536 2026-04-08 05:47:03,976 webull.core.http.initializer.token.token_manager INFO load_token_from_local read local token result. token:a8391a******03689b expires:1776937170799 status:NORMAL
19536 2026-04-08 05:47:04,210 webull.core.http.initializer.token.token_manager INFO fetch_token_from_server create_token result. token:a8391a******03689b expires:1776937170799 status:NORMAL
19536 2026-04-08 05:47:04,211 webull.core.http.initializer.token.token_manager INFO fetch_token_from_server create_token status is verified, no further check required, returning directly. token:a8391a******03689b expires:1776937170799 status:NORMAL
19536 2026-04-08 05:47:04,211 webull.core.http.initializer.token.token_manager INFO save_token_to_local writing token to local file. token:a8391a******03689b expires:1776937170799 status:NORMAL
19536 2026-04-08 05:47:04,212 webull.core.http.initializer.token.token_manager INFO save_token_to_local writing token to file completed.
19536 2026-04-08 05:47:04,212 webull.core.http.initializer.token.token_manager INFO init_token finished. token:a8391a******03689b expires:1776937170799 status:NORMAL
12984 2026-04-08 05:48:57,948 webull.core.http.initializer.client_initializer INFO _check_token_enable result is True
12984 2026-04-08 05:48:57,952 webull.core.http.initializer.token.token_storage INFO storage_token uses the default configuration, conf.
12984 2026-04-08 05:48:57,953 webull.core.http.initializer.token.token_storage INFO storage_token initialized path:C:\Users\yalil\OneDrive\Desktop\AI-projects\quantitivestocks\conf\token.txt.
12984 2026-04-08 05:48:57,954 webull.core.http.initializer.token.token_storage WARNING storage_token Note: The token file already exists, the latest token configuration will be overwritten and written to the token file after successful 2FA verification. path:C:\Users\yalil\OneDrive\Desktop\AI-projects\quantitivestocks\conf\token.txt.
12984 2026-04-08 05:48:57,955 webull.core.http.initializer.token.token_manager INFO load_token_from_local reading token from file...
12984 2026-04-08 05:48:57,961 webull.core.http.initializer.token.token_manager INFO load_token_from_local read local token result. token:a8391a******03689b expires:1776937170799 status:NORMAL
12984 2026-04-08 05:48:58,201 webull.core.http.initializer.token.token_manager INFO fetch_token_from_server create_token result. token:a8391a******03689b expires:1776937170799 status:NORMAL
12984 2026-04-08 05:48:58,202 webull.core.http.initializer.token.token_manager INFO fetch_token_from_server create_token status is verified, no further check required, returning directly. token:a8391a******03689b expires:1776937170799 status:NORMAL
12984 2026-04-08 05:48:58,203 webull.core.http.initializer.token.token_manager INFO save_token_to_local writing token to local file. token:a8391a******03689b expires:1776937170799 status:NORMAL
12984 2026-04-08 05:48:58,204 webull.core.http.initializer.token.token_manager INFO save_token_to_local writing token to file completed.
12984 2026-04-08 05:48:58,204 webull.core.http.initializer.token.token_manager INFO init_token finished. token:a8391a******03689b expires:1776937170799 status:NORMAL
10640 2026-04-08 05:50:59,944 webull.core.http.initializer.client_initializer INFO _check_token_enable result is True
10640 2026-04-08 05:50:59,947 webull.core.http.initializer.token.token_storage INFO storage_token uses the default configuration, conf.
10640 2026-04-08 05:50:59,948 webull.core.http.initializer.token.token_storage INFO storage_token initialized path:C:\Users\yalil\OneDrive\Desktop\AI-projects\quantitivestocks\conf\token.txt.
10640 2026-04-08 05:50:59,948 webull.core.http.initializer.token.token_storage WARNING storage_token Note: The token file already exists, the latest token configuration will be overwritten and written to the token file after successful 2FA verification. path:C:\Users\yalil\OneDrive\Desktop\AI-projects\quantitivestocks\conf\token.txt.
10640 2026-04-08 05:50:59,949 webull.core.http.initializer.token.token_manager INFO load_token_from_local reading token from file...
10640 2026-04-08 05:50:59,955 webull.core.http.initializer.token.token_manager INFO load_token_from_local read local token result. token:a8391a******03689b expires:1776937170799 status:NORMAL
10640 2026-04-08 05:51:00,162 webull.core.http.initializer.token.token_manager INFO fetch_token_from_server create_token result. token:a8391a******03689b expires:1776937170799 status:NORMAL
10640 2026-04-08 05:51:00,163 webull.core.http.initializer.token.token_manager INFO fetch_token_from_server create_token status is verified, no further check required, returning directly. token:a8391a******03689b expires:1776937170799 status:NORMAL
10640 2026-04-08 05:51:00,163 webull.core.http.initializer.token.token_manager INFO save_token_to_local writing token to local file. token:a8391a******03689b expires:1776937170799 status:NORMAL
10640 2026-04-08 05:51:00,164 webull.core.http.initializer.token.token_manager INFO save_token_to_local writing token to file completed.
10640 2026-04-08 05:51:00,164 webull.core.http.initializer.token.token_manager INFO init_token finished. token:a8391a******03689b expires:1776937170799 status:NORMAL
24636 2026-04-08 05:52:59,014 webull.core.http.initializer.client_initializer INFO _check_token_enable result is True
24636 2026-04-08 05:52:59,024 webull.core.http.initializer.token.token_storage INFO storage_token uses the default configuration, conf.
24636 2026-04-08 05:52:59,025 webull.core.http.initializer.token.token_storage INFO storage_token initialized path:C:\Users\yalil\OneDrive\Desktop\AI-projects\quantitivestocks\conf\token.txt.
24636 2026-04-08 05:52:59,026 webull.core.http.initializer.token.token_storage WARNING storage_token Note: The token file already exists, the latest token configuration will be overwritten and written to the token file after successful 2FA verification. path:C:\Users\yalil\OneDrive\Desktop\AI-projects\quantitivestocks\conf\token.txt.
24636 2026-04-08 05:52:59,028 webull.core.http.initializer.token.token_manager INFO load_token_from_local reading token from file...
24636 2026-04-08 05:52:59,034 webull.core.http.initializer.token.token_manager INFO load_token_from_local read local token result. token:a8391a******03689b expires:1776937170799 status:NORMAL
24636 2026-04-08 05:52:59,331 webull.core.http.initializer.token.token_manager INFO fetch_token_from_server create_token result. token:a8391a******03689b expires:1776937170799 status:NORMAL
24636 2026-04-08 05:52:59,333 webull.core.http.initializer.token.token_manager INFO fetch_token_from_server create_token status is verified, no further check required, returning directly. token:a8391a******03689b expires:1776937170799 status:NORMAL
24636 2026-04-08 05:52:59,333 webull.core.http.initializer.token.token_manager INFO save_token_to_local writing token to local file. token:a8391a******03689b expires:1776937170799 status:NORMAL
24636 2026-04-08 05:52:59,334 webull.core.http.initializer.token.token_manager INFO save_token_to_local writing token to file completed.
24636 2026-04-08 05:52:59,335 webull.core.http.initializer.token.token_manager INFO init_token finished. token:a8391a******03689b expires:1776937170799 status:NORMAL
3004 2026-04-08 05:54:58,448 webull.core.http.initializer.client_initializer INFO _check_token_enable result is True
3004 2026-04-08 05:54:58,451 webull.core.http.initializer.token.token_storage INFO storage_token uses the default configuration, conf.
3004 2026-04-08 05:54:58,453 webull.core.http.initializer.token.token_storage INFO storage_token initialized path:C:\Users\yalil\OneDrive\Desktop\AI-projects\quantitivestocks\conf\token.txt.
3004 2026-04-08 05:54:58,453 webull.core.http.initializer.token.token_storage WARNING storage_token Note: The token file already exists, the latest token configuration will be overwritten and written to the token file after successful 2FA verification. path:C:\Users\yalil\OneDrive\Desktop\AI-projects\quantitivestocks\conf\token.txt.
3004 2026-04-08 05:54:58,454 webull.core.http.initializer.token.token_manager INFO load_token_from_local reading token from file...
3004 2026-04-08 05:54:58,460 webull.core.http.initializer.token.token_manager INFO load_token_from_local read local token result. token:a8391a******03689b expires:1776937170799 status:NORMAL
3004 2026-04-08 05:54:58,708 webull.core.http.initializer.token.token_manager INFO fetch_token_from_server create_token result. token:a8391a******03689b expires:1776937170799 status:NORMAL
3004 2026-04-08 05:54:58,710 webull.core.http.initializer.token.token_manager INFO fetch_token_from_server create_token status is verified, no further check required, returning directly. token:a8391a******03689b expires:1776937170799 status:NORMAL
3004 2026-04-08 05:54:58,710 webull.core.http.initializer.token.token_manager INFO save_token_to_local writing token to local file. token:a8391a******03689b expires:1776937170799 status:NORMAL
3004 2026-04-08 05:54:58,711 webull.core.http.initializer.token.token_manager INFO save_token_to_local writing token to file completed.
3004 2026-04-08 05:54:58,711 webull.core.http.initializer.token.token_manager INFO init_token finished. token:a8391a******03689b expires:1776937170799 status:NORMAL
26348 2026-04-08 05:57:01,357 webull.core.http.initializer.client_initializer INFO _check_token_enable result is True
26348 2026-04-08 05:57:01,366 webull.core.http.initializer.token.token_storage INFO storage_token uses the default configuration, conf.
26348 2026-04-08 05:57:01,368 webull.core.http.initializer.token.token_storage INFO storage_token initialized path:C:\Users\yalil\OneDrive\Desktop\AI-projects\quantitivestocks\conf\token.txt.
26348 2026-04-08 05:57:01,369 webull.core.http.initializer.token.token_storage WARNING storage_token Note: The token file already exists, the latest token configuration will be overwritten and written to the token file after successful 2FA verification. path:C:\Users\yalil\OneDrive\Desktop\AI-projects\quantitivestocks\conf\token.txt.
26348 2026-04-08 05:57:01,369 webull.core.http.initializer.token.token_manager INFO load_token_from_local reading token from file...
26348 2026-04-08 05:57:01,376 webull.core.http.initializer.token.token_manager INFO load_token_from_local read local token result. token:a8391a******03689b expires:1776937170799 status:NORMAL
26348 2026-04-08 05:57:01,597 webull.core.http.initializer.token.token_manager INFO fetch_token_from_server create_token result. token:a8391a******03689b expires:1776937170799 status:NORMAL
26348 2026-04-08 05:57:01,598 webull.core.http.initializer.token.token_manager INFO fetch_token_from_server create_token status is verified, no further check required, returning directly. token:a8391a******03689b expires:1776937170799 status:NORMAL
26348 2026-04-08 05:57:01,598 webull.core.http.initializer.token.token_manager INFO save_token_to_local writing token to local file. token:a8391a******03689b expires:1776937170799 status:NORMAL
26348 2026-04-08 05:57:01,599 webull.core.http.initializer.token.token_manager INFO save_token_to_local writing token to file completed.
26348 2026-04-08 05:57:01,599 webull.core.http.initializer.token.token_manager INFO init_token finished. token:a8391a******03689b expires:1776937170799 status:NORMAL
23096 2026-04-08 05:58:59,149 webull.core.http.initializer.client_initializer INFO _check_token_enable result is True
23096 2026-04-08 05:58:59,157 webull.core.http.initializer.token.token_storage INFO storage_token uses the default configuration, conf.
23096 2026-04-08 05:58:59,158 webull.core.http.initializer.token.token_storage INFO storage_token initialized path:C:\Users\yalil\OneDrive\Desktop\AI-projects\quantitivestocks\conf\token.txt.
23096 2026-04-08 05:58:59,160 webull.core.http.initializer.token.token_storage WARNING storage_token Note: The token file already exists, the latest token configuration will be overwritten and written to the token file after successful 2FA verification. path:C:\Users\yalil\OneDrive\Desktop\AI-projects\quantitivestocks\conf\token.txt.
23096 2026-04-08 05:58:59,161 webull.core.http.initializer.token.token_manager INFO load_token_from_local reading token from file...
23096 2026-04-08 05:58:59,168 webull.core.http.initializer.token.token_manager INFO load_token_from_local read local token result. token:a8391a******03689b expires:1776937170799 status:NORMAL
23096 2026-04-08 05:58:59,444 webull.core.http.initializer.token.token_manager INFO fetch_token_from_server create_token result. token:a8391a******03689b expires:1776937170799 status:NORMAL
23096 2026-04-08 05:58:59,446 webull.core.http.initializer.token.token_manager INFO fetch_token_from_server create_token status is verified, no further check required, returning directly. token:a8391a******03689b expires:1776937170799 status:NORMAL
23096 2026-04-08 05:58:59,446 webull.core.http.initializer.token.token_manager INFO save_token_to_local writing token to local file. token:a8391a******03689b expires:1776937170799 status:NORMAL
23096 2026-04-08 05:58:59,447 webull.core.http.initializer.token.token_manager INFO save_token_to_local writing token to file completed.
23096 2026-04-08 05:58:59,447 webull.core.http.initializer.token.token_manager INFO init_token finished. token:a8391a******03689b expires:1776937170799 status:NORMAL
14524 2026-04-08 06:01:31,961 webull.core.http.initializer.client_initializer INFO _check_token_enable result is True
14524 2026-04-08 06:01:31,966 webull.core.http.initializer.token.token_storage INFO storage_token uses the default configuration, conf.
14524 2026-04-08 06:01:31,969 webull.core.http.initializer.token.token_storage INFO storage_token initialized path:C:\Users\yalil\OneDrive\Desktop\AI-projects\quantitivestocks\conf\token.txt.
14524 2026-04-08 06:01:31,970 webull.core.http.initializer.token.token_storage WARNING storage_token Note: The token file already exists, the latest token configuration will be overwritten and written to the token file after successful 2FA verification. path:C:\Users\yalil\OneDrive\Desktop\AI-projects\quantitivestocks\conf\token.txt.
14524 2026-04-08 06:01:31,980 webull.core.http.initializer.token.token_manager INFO load_token_from_local reading token from file...
14524 2026-04-08 06:01:31,981 webull.core.http.initializer.token.token_manager INFO load_token_from_local read local token result. token:a8391a******03689b expires:1776937170799 status:NORMAL
14524 2026-04-08 06:01:32,344 webull.core.http.initializer.token.token_manager INFO fetch_token_from_server create_token result. token:a8391a******03689b expires:1776937170799 status:NORMAL
14524 2026-04-08 06:01:32,347 webull.core.http.initializer.token.token_manager INFO fetch_token_from_server create_token status is verified, no further check required, returning directly. token:a8391a******03689b expires:1776937170799 status:NORMAL
14524 2026-04-08 06:01:32,347 webull.core.http.initializer.token.token_manager INFO save_token_to_local writing token to local file. token:a8391a******03689b expires:1776937170799 status:NORMAL
14524 2026-04-08 06:01:32,349 webull.core.http.initializer.token.token_manager INFO save_token_to_local writing token to file completed.
14524 2026-04-08 06:01:32,350 webull.core.http.initializer.token.token_manager INFO init_token finished. token:a8391a******03689b expires:1776937170799 status:NORMAL
5212 2026-04-08 06:02:58,554 webull.core.http.initializer.client_initializer INFO _check_token_enable result is True
5212 2026-04-08 06:02:58,558 webull.core.http.initializer.token.token_storage INFO storage_token uses the default configuration, conf.
5212 2026-04-08 06:02:58,559 webull.core.http.initializer.token.token_storage INFO storage_token initialized path:C:\Users\yalil\OneDrive\Desktop\AI-projects\quantitivestocks\conf\token.txt.
5212 2026-04-08 06:02:58,560 webull.core.http.initializer.token.token_storage WARNING storage_token Note: The token file already exists, the latest token configuration will be overwritten and written to the token file after successful 2FA verification. path:C:\Users\yalil\OneDrive\Desktop\AI-projects\quantitivestocks\conf\token.txt.
5212 2026-04-08 06:02:58,561 webull.core.http.initializer.token.token_manager INFO load_token_from_local reading token from file...
5212 2026-04-08 06:02:58,562 webull.core.http.initializer.token.token_manager INFO load_token_from_local read local token result. token:a8391a******03689b expires:1776937170799 status:NORMAL
5212 2026-04-08 06:02:58,908 webull.core.http.initializer.token.token_manager INFO fetch_token_from_server create_token result. token:a8391a******03689b expires:1776937170799 status:NORMAL
5212 2026-04-08 06:02:58,911 webull.core.http.initializer.token.token_manager INFO fetch_token_from_server create_token status is verified, no further check required, returning directly. token:a8391a******03689b expires:1776937170799 status:NORMAL
5212 2026-04-08 06:02:58,911 webull.core.http.initializer.token.token_manager INFO save_token_to_local writing token to local file. token:a8391a******03689b expires:1776937170799 status:NORMAL
5212 2026-04-08 06:02:58,912 webull.core.http.initializer.token.token_manager INFO save_token_to_local writing token to file completed.
5212 2026-04-08 06:02:58,912 webull.core.http.initializer.token.token_manager INFO init_token finished. token:a8391a******03689b expires:1776937170799 status:NORMAL
13232 2026-04-08 06:04:58,454 webull.core.http.initializer.client_initializer INFO _check_token_enable result is True
13232 2026-04-08 06:04:58,458 webull.core.http.initializer.token.token_storage INFO storage_token uses the default configuration, conf.
13232 2026-04-08 06:04:58,459 webull.core.http.initializer.token.token_storage INFO storage_token initialized path:C:\Users\yalil\OneDrive\Desktop\AI-projects\quantitivestocks\conf\token.txt.
13232 2026-04-08 06:04:58,459 webull.core.http.initializer.token.token_storage WARNING storage_token Note: The token file already exists, the latest token configuration will be overwritten and written to the token file after successful 2FA verification. path:C:\Users\yalil\OneDrive\Desktop\AI-projects\quantitivestocks\conf\token.txt.
13232 2026-04-08 06:04:58,460 webull.core.http.initializer.token.token_manager INFO load_token_from_local reading token from file...
13232 2026-04-08 06:04:58,461 webull.core.http.initializer.token.token_manager INFO load_token_from_local read local token result. token:a8391a******03689b expires:1776937170799 status:NORMAL
13232 2026-04-08 06:04:58,689 webull.core.http.initializer.token.token_manager INFO fetch_token_from_server create_token result. token:a8391a******03689b expires:1776937170799 status:NORMAL
13232 2026-04-08 06:04:58,690 webull.core.http.initializer.token.token_manager INFO fetch_token_from_server create_token status is verified, no further check required, returning directly. token:a8391a******03689b expires:1776937170799 status:NORMAL
13232 2026-04-08 06:04:58,690 webull.core.http.initializer.token.token_manager INFO save_token_to_local writing token to local file. token:a8391a******03689b expires:1776937170799 status:NORMAL
13232 2026-04-08 06:04:58,691 webull.core.http.initializer.token.token_manager INFO save_token_to_local writing token to file completed.
13232 2026-04-08 06:04:58,692 webull.core.http.initializer.token.token_manager INFO init_token finished. token:a8391a******03689b expires:1776937170799 status:NORMAL
25648 2026-04-08 06:06:58,158 webull.core.http.initializer.client_initializer INFO _check_token_enable result is True
25648 2026-04-08 06:06:58,160 webull.core.http.initializer.token.token_storage INFO storage_token uses the default configuration, conf.
25648 2026-04-08 06:06:58,161 webull.core.http.initializer.token.token_storage INFO storage_token initialized path:C:\Users\yalil\OneDrive\Desktop\AI-projects\quantitivestocks\conf\token.txt.
25648 2026-04-08 06:06:58,161 webull.core.http.initializer.token.token_storage WARNING storage_token Note: The token file already exists, the latest token configuration will be overwritten and written to the token file after successful 2FA verification. path:C:\Users\yalil\OneDrive\Desktop\AI-projects\quantitivestocks\conf\token.txt.
25648 2026-04-08 06:06:58,163 webull.core.http.initializer.token.token_manager INFO load_token_from_local reading token from file...
25648 2026-04-08 06:06:58,164 webull.core.http.initializer.token.token_manager INFO load_token_from_local read local token result. token:a8391a******03689b expires:1776937170799 status:NORMAL
25648 2026-04-08 06:06:58,385 webull.core.http.initializer.token.token_manager INFO fetch_token_from_server create_token result. token:a8391a******03689b expires:1776937170799 status:NORMAL
25648 2026-04-08 06:06:58,386 webull.core.http.initializer.token.token_manager INFO fetch_token_from_server create_token status is verified, no further check required, returning directly. token:a8391a******03689b expires:1776937170799 status:NORMAL
25648 2026-04-08 06:06:58,387 webull.core.http.initializer.token.token_manager INFO save_token_to_local writing token to local file. token:a8391a******03689b expires:1776937170799 status:NORMAL
25648 2026-04-08 06:06:58,388 webull.core.http.initializer.token.token_manager INFO save_token_to_local writing token to file completed.
25648 2026-04-08 06:06:58,388 webull.core.http.initializer.token.token_manager INFO init_token finished. token:a8391a******03689b expires:1776937170799 status:NORMAL
23888 2026-04-08 06:08:58,381 webull.core.http.initializer.client_initializer INFO _check_token_enable result is True
23888 2026-04-08 06:08:58,384 webull.core.http.initializer.token.token_storage INFO storage_token uses the default configuration, conf.
23888 2026-04-08 06:08:58,385 webull.core.http.initializer.token.token_storage INFO storage_token initialized path:C:\Users\yalil\OneDrive\Desktop\AI-projects\quantitivestocks\conf\token.txt.
23888 2026-04-08 06:08:58,385 webull.core.http.initializer.token.token_storage WARNING storage_token Note: The token file already exists, the latest token configuration will be overwritten and written to the token file after successful 2FA verification. path:C:\Users\yalil\OneDrive\Desktop\AI-projects\quantitivestocks\conf\token.txt.
23888 2026-04-08 06:08:58,386 webull.core.http.initializer.token.token_manager INFO load_token_from_local reading token from file...
23888 2026-04-08 06:08:58,388 webull.core.http.initializer.token.token_manager INFO load_token_from_local read local token result. token:a8391a******03689b expires:1776937170799 status:NORMAL
23888 2026-04-08 06:08:58,635 webull.core.http.initializer.token.token_manager INFO fetch_token_from_server create_token result. token:a8391a******03689b expires:1776937170799 status:NORMAL
23888 2026-04-08 06:08:58,637 webull.core.http.initializer.token.token_manager INFO fetch_token_from_server create_token status is verified, no further check required, returning directly. token:a8391a******03689b expires:1776937170799 status:NORMAL
23888 2026-04-08 06:08:58,637 webull.core.http.initializer.token.token_manager INFO save_token_to_local writing token to local file. token:a8391a******03689b expires:1776937170799 status:NORMAL
23888 2026-04-08 06:08:58,638 webull.core.http.initializer.token.token_manager INFO save_token_to_local writing token to file completed.
23888 2026-04-08 06:08:58,638 webull.core.http.initializer.token.token_manager INFO init_token finished. token:a8391a******03689b expires:1776937170799 status:NORMAL
23812 2026-04-08 06:10:58,464 webull.core.http.initializer.client_initializer INFO _check_token_enable result is True
23812 2026-04-08 06:10:58,466 webull.core.http.initializer.token.token_storage INFO storage_token uses the default configuration, conf.
23812 2026-04-08 06:10:58,467 webull.core.http.initializer.token.token_storage INFO storage_token initialized path:C:\Users\yalil\OneDrive\Desktop\AI-projects\quantitivestocks\conf\token.txt.
23812 2026-04-08 06:10:58,467 webull.core.http.initializer.token.token_storage WARNING storage_token Note: The token file already exists, the latest token configuration will be overwritten and written to the token file after successful 2FA verification. path:C:\Users\yalil\OneDrive\Desktop\AI-projects\quantitivestocks\conf\token.txt.
23812 2026-04-08 06:10:58,468 webull.core.http.initializer.token.token_manager INFO load_token_from_local reading token from file...
23812 2026-04-08 06:10:58,470 webull.core.http.initializer.token.token_manager INFO load_token_from_local read local token result. token:a8391a******03689b expires:1776937170799 status:NORMAL
23812 2026-04-08 06:10:58,683 webull.core.http.initializer.token.token_manager INFO fetch_token_from_server create_token result. token:a8391a******03689b expires:1776937170799 status:NORMAL
23812 2026-04-08 06:10:58,684 webull.core.http.initializer.token.token_manager INFO fetch_token_from_server create_token status is verified, no further check required, returning directly. token:a8391a******03689b expires:1776937170799 status:NORMAL
23812 2026-04-08 06:10:58,684 webull.core.http.initializer.token.token_manager INFO save_token_to_local writing token to local file. token:a8391a******03689b expires:1776937170799 status:NORMAL
23812 2026-04-08 06:10:58,685 webull.core.http.initializer.token.token_manager INFO save_token_to_local writing token to file completed.
23812 2026-04-08 06:10:58,685 webull.core.http.initializer.token.token_manager INFO init_token finished. token:a8391a******03689b expires:1776937170799 status:NORMAL
23816 2026-04-08 06:12:58,425 webull.core.http.initializer.client_initializer INFO _check_token_enable result is True
23816 2026-04-08 06:12:58,427 webull.core.http.initializer.token.token_storage INFO storage_token uses the default configuration, conf.
23816 2026-04-08 06:12:58,427 webull.core.http.initializer.token.token_storage INFO storage_token initialized path:C:\Users\yalil\OneDrive\Desktop\AI-projects\quantitivestocks\conf\token.txt.
23816 2026-04-08 06:12:58,427 webull.core.http.initializer.token.token_storage WARNING storage_token Note: The token file already exists, the latest token configuration will be overwritten and written to the token file after successful 2FA verification. path:C:\Users\yalil\OneDrive\Desktop\AI-projects\quantitivestocks\conf\token.txt.
23816 2026-04-08 06:12:58,428 webull.core.http.initializer.token.token_manager INFO load_token_from_local reading token from file...
23816 2026-04-08 06:12:58,430 webull.core.http.initializer.token.token_manager INFO load_token_from_local read local token result. token:a8391a******03689b expires:1776937170799 status:NORMAL
23816 2026-04-08 06:12:58,660 webull.core.http.initializer.token.token_manager INFO fetch_token_from_server create_token result. token:a8391a******03689b expires:1776937170799 status:NORMAL
23816 2026-04-08 06:12:58,661 webull.core.http.initializer.token.token_manager INFO fetch_token_from_server create_token status is verified, no further check required, returning directly. token:a8391a******03689b expires:1776937170799 status:NORMAL
23816 2026-04-08 06:12:58,662 webull.core.http.initializer.token.token_manager INFO save_token_to_local writing token to local file. token:a8391a******03689b expires:1776937170799 status:NORMAL
23816 2026-04-08 06:12:58,663 webull.core.http.initializer.token.token_manager INFO save_token_to_local writing token to file completed.
23816 2026-04-08 06:12:58,663 webull.core.http.initializer.token.token_manager INFO init_token finished. token:a8391a******03689b expires:1776937170799 status:NORMAL
24428 2026-04-08 06:14:58,635 webull.core.http.initializer.client_initializer INFO _check_token_enable result is True
24428 2026-04-08 06:14:58,636 webull.core.http.initializer.token.token_storage INFO storage_token uses the default configuration, conf.
24428 2026-04-08 06:14:58,637 webull.core.http.initializer.token.token_storage INFO storage_token initialized path:C:\Users\yalil\OneDrive\Desktop\AI-projects\quantitivestocks\conf\token.txt.
24428 2026-04-08 06:14:58,637 webull.core.http.initializer.token.token_storage WARNING storage_token Note: The token file already exists, the latest token configuration will be overwritten and written to the token file after successful 2FA verification. path:C:\Users\yalil\OneDrive\Desktop\AI-projects\quantitivestocks\conf\token.txt.
24428 2026-04-08 06:14:58,638 webull.core.http.initializer.token.token_manager INFO load_token_from_local reading token from file...
24428 2026-04-08 06:14:58,640 webull.core.http.initializer.token.token_manager INFO load_token_from_local read local token result. token:a8391a******03689b expires:1776937170799 status:NORMAL
24428 2026-04-08 06:14:58,957 webull.core.http.initializer.token.token_manager INFO fetch_token_from_server create_token result. token:a8391a******03689b expires:1776937170799 status:NORMAL
24428 2026-04-08 06:14:58,959 webull.core.http.initializer.token.token_manager INFO fetch_token_from_server create_token status is verified, no further check required, returning directly. token:a8391a******03689b expires:1776937170799 status:NORMAL
24428 2026-04-08 06:14:58,959 webull.core.http.initializer.token.token_manager INFO save_token_to_local writing token to local file. token:a8391a******03689b expires:1776937170799 status:NORMAL
24428 2026-04-08 06:14:58,960 webull.core.http.initializer.token.token_manager INFO save_token_to_local writing token to file completed.
24428 2026-04-08 06:14:58,961 webull.core.http.initializer.token.token_manager INFO init_token finished. token:a8391a******03689b expires:1776937170799 status:NORMAL
24408 2026-04-08 06:16:58,749 webull.core.http.initializer.client_initializer INFO _check_token_enable result is True
24408 2026-04-08 06:16:58,751 webull.core.http.initializer.token.token_storage INFO storage_token uses the default configuration, conf.
24408 2026-04-08 06:16:58,752 webull.core.http.initializer.token.token_storage INFO storage_token initialized path:C:\Users\yalil\OneDrive\Desktop\AI-projects\quantitivestocks\conf\token.txt.
24408 2026-04-08 06:16:58,752 webull.core.http.initializer.token.token_storage WARNING storage_token Note: The token file already exists, the latest token configuration will be overwritten and written to the token file after successful 2FA verification. path:C:\Users\yalil\OneDrive\Desktop\AI-projects\quantitivestocks\conf\token.txt.
24408 2026-04-08 06:16:58,753 webull.core.http.initializer.token.token_manager INFO load_token_from_local reading token from file...
24408 2026-04-08 06:16:58,754 webull.core.http.initializer.token.token_manager INFO load_token_from_local read local token result. token:a8391a******03689b expires:1776937170799 status:NORMAL
24408 2026-04-08 06:16:58,903 webull.core.http.initializer.token.token_manager INFO fetch_token_from_server create_token result. token:a8391a******03689b expires:1776937170799 status:NORMAL
24408 2026-04-08 06:16:58,904 webull.core.http.initializer.token.token_manager INFO fetch_token_from_server create_token status is verified, no further check required, returning directly. token:a8391a******03689b expires:1776937170799 status:NORMAL
24408 2026-04-08 06:16:58,904 webull.core.http.initializer.token.token_manager INFO save_token_to_local writing token to local file. token:a8391a******03689b expires:1776937170799 status:NORMAL
24408 2026-04-08 06:16:58,905 webull.core.http.initializer.token.token_manager INFO save_token_to_local writing token to file completed.
24408 2026-04-08 06:16:58,905 webull.core.http.initializer.token.token_manager INFO init_token finished. token:a8391a******03689b expires:1776937170799 status:NORMAL
22920 2026-04-08 06:18:58,799 webull.core.http.initializer.client_initializer INFO _check_token_enable result is True
22920 2026-04-08 06:18:58,801 webull.core.http.initializer.token.token_storage INFO storage_token uses the default configuration, conf.
22920 2026-04-08 06:18:58,802 webull.core.http.initializer.token.token_storage INFO storage_token initialized path:C:\Users\yalil\OneDrive\Desktop\AI-projects\quantitivestocks\conf\token.txt.
22920 2026-04-08 06:18:58,802 webull.core.http.initializer.token.token_storage WARNING storage_token Note: The token file already exists, the latest token configuration will be overwritten and written to the token file after successful 2FA verification. path:C:\Users\yalil\OneDrive\Desktop\AI-projects\quantitivestocks\conf\token.txt.
22920 2026-04-08 06:18:58,803 webull.core.http.initializer.token.token_manager INFO load_token_from_local reading token from file...
22920 2026-04-08 06:18:58,804 webull.core.http.initializer.token.token_manager INFO load_token_from_local read local token result. token:a8391a******03689b expires:1776937170799 status:NORMAL
22920 2026-04-08 06:18:59,154 webull.core.http.initializer.token.token_manager INFO fetch_token_from_server create_token result. token:a8391a******03689b expires:1776937170799 status:NORMAL
22920 2026-04-08 06:18:59,156 webull.core.http.initializer.token.token_manager INFO fetch_token_from_server create_token status is verified, no further check required, returning directly. token:a8391a******03689b expires:1776937170799 status:NORMAL
22920 2026-04-08 06:18:59,156 webull.core.http.initializer.token.token_manager INFO save_token_to_local writing token to local file. token:a8391a******03689b expires:1776937170799 status:NORMAL
22920 2026-04-08 06:18:59,157 webull.core.http.initializer.token.token_manager INFO save_token_to_local writing token to file completed.
22920 2026-04-08 06:18:59,158 webull.core.http.initializer.token.token_manager INFO init_token finished. token:a8391a******03689b expires:1776937170799 status:NORMAL
24788 2026-04-08 06:20:58,978 webull.core.http.initializer.client_initializer INFO _check_token_enable result is True
24788 2026-04-08 06:20:58,979 webull.core.http.initializer.token.token_storage INFO storage_token uses the default configuration, conf.
24788 2026-04-08 06:20:58,980 webull.core.http.initializer.token.token_storage INFO storage_token initialized path:C:\Users\yalil\OneDrive\Desktop\AI-projects\quantitivestocks\conf\token.txt.
24788 2026-04-08 06:20:58,980 webull.core.http.initializer.token.token_storage WARNING storage_token Note: The token file already exists, the latest token configuration will be overwritten and written to the token file after successful 2FA verification. path:C:\Users\yalil\OneDrive\Desktop\AI-projects\quantitivestocks\conf\token.txt.
24788 2026-04-08 06:20:58,981 webull.core.http.initializer.token.token_manager INFO load_token_from_local reading token from file...
24788 2026-04-08 06:20:58,982 webull.core.http.initializer.token.token_manager INFO load_token_from_local read local token result. token:a8391a******03689b expires:1776937170799 status:NORMAL
24788 2026-04-08 06:20:59,138 webull.core.http.initializer.token.token_manager INFO fetch_token_from_server create_token result. token:a8391a******03689b expires:1776937170799 status:NORMAL
24788 2026-04-08 06:20:59,139 webull.core.http.initializer.token.token_manager INFO fetch_token_from_server create_token status is verified, no further check required, returning directly. token:a8391a******03689b expires:1776937170799 status:NORMAL
24788 2026-04-08 06:20:59,139 webull.core.http.initializer.token.token_manager INFO save_token_to_local writing token to local file. token:a8391a******03689b expires:1776937170799 status:NORMAL
24788 2026-04-08 06:20:59,140 webull.core.http.initializer.token.token_manager INFO save_token_to_local writing token to file completed.
24788 2026-04-08 06:20:59,140 webull.core.http.initializer.token.token_manager INFO init_token finished. token:a8391a******03689b expires:1776937170799 status:NORMAL
20416 2026-04-08 06:22:59,123 webull.core.http.initializer.client_initializer INFO _check_token_enable result is True
20416 2026-04-08 06:22:59,125 webull.core.http.initializer.token.token_storage INFO storage_token uses the default configuration, conf.
20416 2026-04-08 06:22:59,126 webull.core.http.initializer.token.token_storage INFO storage_token initialized path:C:\Users\yalil\OneDrive\Desktop\AI-projects\quantitivestocks\conf\token.txt.
20416 2026-04-08 06:22:59,126 webull.core.http.initializer.token.token_storage WARNING storage_token Note: The token file already exists, the latest token configuration will be overwritten and written to the token file after successful 2FA verification. path:C:\Users\yalil\OneDrive\Desktop\AI-projects\quantitivestocks\conf\token.txt.
20416 2026-04-08 06:22:59,128 webull.core.http.initializer.token.token_manager INFO load_token_from_local reading token from file...
20416 2026-04-08 06:22:59,129 webull.core.http.initializer.token.token_manager INFO load_token_from_local read local token result. token:a8391a******03689b expires:1776937170799 status:NORMAL
20416 2026-04-08 06:22:59,353 webull.core.http.initializer.token.token_manager INFO fetch_token_from_server create_token result. token:a8391a******03689b expires:1776937170799 status:NORMAL
20416 2026-04-08 06:22:59,355 webull.core.http.initializer.token.token_manager INFO fetch_token_from_server create_token status is verified, no further check required, returning directly. token:a8391a******03689b expires:1776937170799 status:NORMAL
20416 2026-04-08 06:22:59,355 webull.core.http.initializer.token.token_manager INFO save_token_to_local writing token to local file. token:a8391a******03689b expires:1776937170799 status:NORMAL
20416 2026-04-08 06:22:59,356 webull.core.http.initializer.token.token_manager INFO save_token_to_local writing token to file completed.
20416 2026-04-08 06:22:59,357 webull.core.http.initializer.token.token_manager INFO init_token finished. token:a8391a******03689b expires:1776937170799 status:NORMAL
25936 2026-04-08 06:24:59,587 webull.core.http.initializer.client_initializer INFO _check_token_enable result is True
25936 2026-04-08 06:24:59,591 webull.core.http.initializer.token.token_storage INFO storage_token uses the default configuration, conf.
25936 2026-04-08 06:24:59,593 webull.core.http.initializer.token.token_storage INFO storage_token initialized path:C:\Users\yalil\OneDrive\Desktop\AI-projects\quantitivestocks\conf\token.txt.
25936 2026-04-08 06:24:59,593 webull.core.http.initializer.token.token_storage WARNING storage_token Note: The token file already exists, the latest token configuration will be overwritten and written to the token file after successful 2FA verification. path:C:\Users\yalil\OneDrive\Desktop\AI-projects\quantitivestocks\conf\token.txt.
25936 2026-04-08 06:24:59,593 webull.core.http.initializer.token.token_manager INFO load_token_from_local reading token from file...
25936 2026-04-08 06:24:59,595 webull.core.http.initializer.token.token_manager INFO load_token_from_local read local token result. token:a8391a******03689b expires:1776937170799 status:NORMAL
25936 2026-04-08 06:24:59,946 webull.core.http.initializer.token.token_manager INFO fetch_token_from_server create_token result. token:a8391a******03689b expires:1776937170799 status:NORMAL
25936 2026-04-08 06:24:59,947 webull.core.http.initializer.token.token_manager INFO fetch_token_from_server create_token status is verified, no further check required, returning directly. token:a8391a******03689b expires:1776937170799 status:NORMAL
25936 2026-04-08 06:24:59,947 webull.core.http.initializer.token.token_manager INFO save_token_to_local writing token to local file. token:a8391a******03689b expires:1776937170799 status:NORMAL
25936 2026-04-08 06:24:59,948 webull.core.http.initializer.token.token_manager INFO save_token_to_local writing token to file completed.
25936 2026-04-08 06:24:59,948 webull.core.http.initializer.token.token_manager INFO init_token finished. token:a8391a******03689b expires:1776937170799 status:NORMAL
18784 2026-04-08 06:27:02,003 webull.core.http.initializer.client_initializer INFO _check_token_enable result is True
18784 2026-04-08 06:27:02,009 webull.core.http.initializer.token.token_storage INFO storage_token uses the default configuration, conf.
18784 2026-04-08 06:27:02,010 webull.core.http.initializer.token.token_storage INFO storage_token initialized path:C:\Users\yalil\OneDrive\Desktop\AI-projects\quantitivestocks\conf\token.txt.
18784 2026-04-08 06:27:02,011 webull.core.http.initializer.token.token_storage WARNING storage_token Note: The token file already exists, the latest token configuration will be overwritten and written to the token file after successful 2FA verification. path:C:\Users\yalil\OneDrive\Desktop\AI-projects\quantitivestocks\conf\token.txt.
18784 2026-04-08 06:27:02,011 webull.core.http.initializer.token.token_manager INFO load_token_from_local reading token from file...
18784 2026-04-08 06:27:02,013 webull.core.http.initializer.token.token_manager INFO load_token_from_local read local token result. token:a8391a******03689b expires:1776937170799 status:NORMAL
18784 2026-04-08 06:27:02,321 webull.core.http.initializer.token.token_manager INFO fetch_token_from_server create_token result. token:a8391a******03689b expires:1776937170799 status:NORMAL
18784 2026-04-08 06:27:02,323 webull.core.http.initializer.token.token_manager INFO fetch_token_from_server create_token status is verified, no further check required, returning directly. token:a8391a******03689b expires:1776937170799 status:NORMAL
18784 2026-04-08 06:27:02,324 webull.core.http.initializer.token.token_manager INFO save_token_to_local writing token to local file. token:a8391a******03689b expires:1776937170799 status:NORMAL
18784 2026-04-08 06:27:02,325 webull.core.http.initializer.token.token_manager INFO save_token_to_local writing token to file completed.
18784 2026-04-08 06:27:02,325 webull.core.http.initializer.token.token_manager INFO init_token finished. token:a8391a******03689b expires:1776937170799 status:NORMAL
15860 2026-04-08 06:28:59,769 webull.core.http.initializer.client_initializer INFO _check_token_enable result is True
15860 2026-04-08 06:28:59,772 webull.core.http.initializer.token.token_storage INFO storage_token uses the default configuration, conf.
15860 2026-04-08 06:28:59,773 webull.core.http.initializer.token.token_storage INFO storage_token initialized path:C:\Users\yalil\OneDrive\Desktop\AI-projects\quantitivestocks\conf\token.txt.
15860 2026-04-08 06:28:59,774 webull.core.http.initializer.token.token_storage WARNING storage_token Note: The token file already exists, the latest token configuration will be overwritten and written to the token file after successful 2FA verification. path:C:\Users\yalil\OneDrive\Desktop\AI-projects\quantitivestocks\conf\token.txt.
15860 2026-04-08 06:28:59,774 webull.core.http.initializer.token.token_manager INFO load_token_from_local reading token from file...
15860 2026-04-08 06:28:59,775 webull.core.http.initializer.token.token_manager INFO load_token_from_local read local token result. token:a8391a******03689b expires:1776937170799 status:NORMAL
15860 2026-04-08 06:28:59,941 webull.core.http.initializer.token.token_manager INFO fetch_token_from_server create_token result. token:a8391a******03689b expires:1776937170799 status:NORMAL
15860 2026-04-08 06:28:59,942 webull.core.http.initializer.token.token_manager INFO fetch_token_from_server create_token status is verified, no further check required, returning directly. token:a8391a******03689b expires:1776937170799 status:NORMAL
15860 2026-04-08 06:28:59,943 webull.core.http.initializer.token.token_manager INFO save_token_to_local writing token to local file. token:a8391a******03689b expires:1776937170799 status:NORMAL
15860 2026-04-08 06:28:59,943 webull.core.http.initializer.token.token_manager INFO save_token_to_local writing token to file completed.
15860 2026-04-08 06:28:59,944 webull.core.http.initializer.token.token_manager INFO init_token finished. token:a8391a******03689b expires:1776937170799 status:NORMAL
26612 2026-04-08 06:31:00,183 webull.core.http.initializer.client_initializer INFO _check_token_enable result is True
26612 2026-04-08 06:31:00,186 webull.core.http.initializer.token.token_storage INFO storage_token uses the default configuration, conf.
26612 2026-04-08 06:31:00,187 webull.core.http.initializer.token.token_storage INFO storage_token initialized path:C:\Users\yalil\OneDrive\Desktop\AI-projects\quantitivestocks\conf\token.txt.
26612 2026-04-08 06:31:00,187 webull.core.http.initializer.token.token_storage WARNING storage_token Note: The token file already exists, the latest token configuration will be overwritten and written to the token file after successful 2FA verification. path:C:\Users\yalil\OneDrive\Desktop\AI-projects\quantitivestocks\conf\token.txt.
26612 2026-04-08 06:31:00,188 webull.core.http.initializer.token.token_manager INFO load_token_from_local reading token from file...
26612 2026-04-08 06:31:00,189 webull.core.http.initializer.token.token_manager INFO load_token_from_local read local token result. token:a8391a******03689b expires:1776937170799 status:NORMAL
26612 2026-04-08 06:31:00,421 webull.core.http.initializer.token.token_manager INFO fetch_token_from_server create_token result. token:a8391a******03689b expires:1776937170799 status:NORMAL
26612 2026-04-08 06:31:00,423 webull.core.http.initializer.token.token_manager INFO fetch_token_from_server create_token status is verified, no further check required, returning directly. token:a8391a******03689b expires:1776937170799 status:NORMAL
26612 2026-04-08 06:31:00,423 webull.core.http.initializer.token.token_manager INFO save_token_to_local writing token to local file. token:a8391a******03689b expires:1776937170799 status:NORMAL
26612 2026-04-08 06:31:00,424 webull.core.http.initializer.token.token_manager INFO save_token_to_local writing token to file completed.
26612 2026-04-08 06:31:00,424 webull.core.http.initializer.token.token_manager INFO init_token finished. token:a8391a******03689b expires:1776937170799 status:NORMAL
20628 2026-04-08 06:33:00,016 webull.core.http.initializer.client_initializer INFO _check_token_enable result is True
20628 2026-04-08 06:33:00,020 webull.core.http.initializer.token.token_storage INFO storage_token uses the default configuration, conf.
20628 2026-04-08 06:33:00,021 webull.core.http.initializer.token.token_storage INFO storage_token initialized path:C:\Users\yalil\OneDrive\Desktop\AI-projects\quantitivestocks\conf\token.txt.
20628 2026-04-08 06:33:00,022 webull.core.http.initializer.token.token_storage WARNING storage_token Note: The token file already exists, the latest token configuration will be overwritten and written to the token file after successful 2FA verification. path:C:\Users\yalil\OneDrive\Desktop\AI-projects\quantitivestocks\conf\token.txt.
20628 2026-04-08 06:33:00,022 webull.core.http.initializer.token.token_manager INFO load_token_from_local reading token from file...
20628 2026-04-08 06:33:00,023 webull.core.http.initializer.token.token_manager INFO load_token_from_local read local token result. token:a8391a******03689b expires:1776937170799 status:NORMAL
20628 2026-04-08 06:33:00,247 webull.core.http.initializer.token.token_manager INFO fetch_token_from_server create_token result. token:a8391a******03689b expires:1776937170799 status:NORMAL
20628 2026-04-08 06:33:00,248 webull.core.http.initializer.token.token_manager INFO fetch_token_from_server create_token status is verified, no further check required, returning directly. token:a8391a******03689b expires:1776937170799 status:NORMAL
20628 2026-04-08 06:33:00,248 webull.core.http.initializer.token.token_manager INFO save_token_to_local writing token to local file. token:a8391a******03689b expires:1776937170799 status:NORMAL
20628 2026-04-08 06:33:00,249 webull.core.http.initializer.token.token_manager INFO save_token_to_local writing token to file completed.
20628 2026-04-08 06:33:00,249 webull.core.http.initializer.token.token_manager INFO init_token finished. token:a8391a******03689b expires:1776937170799 status:NORMAL
5060 2026-04-08 06:35:00,690 webull.core.http.initializer.client_initializer INFO _check_token_enable result is True
5060 2026-04-08 06:35:00,693 webull.core.http.initializer.token.token_storage INFO storage_token uses the default configuration, conf.
5060 2026-04-08 06:35:00,694 webull.core.http.initializer.token.token_storage INFO storage_token initialized path:C:\Users\yalil\OneDrive\Desktop\AI-projects\quantitivestocks\conf\token.txt.
5060 2026-04-08 06:35:00,695 webull.core.http.initializer.token.token_storage WARNING storage_token Note: The token file already exists, the latest token configuration will be overwritten and written to the token file after successful 2FA verification. path:C:\Users\yalil\OneDrive\Desktop\AI-projects\quantitivestocks\conf\token.txt.
5060 2026-04-08 06:35:00,695 webull.core.http.initializer.token.token_manager INFO load_token_from_local reading token from file...
5060 2026-04-08 06:35:00,697 webull.core.http.initializer.token.token_manager INFO load_token_from_local read local token result. token:a8391a******03689b expires:1776937170799 status:NORMAL
5060 2026-04-08 06:35:00,864 webull.core.http.initializer.token.token_manager INFO fetch_token_from_server create_token result. token:a8391a******03689b expires:1776937170799 status:NORMAL
5060 2026-04-08 06:35:00,866 webull.core.http.initializer.token.token_manager INFO fetch_token_from_server create_token status is verified, no further check required, returning directly. token:a8391a******03689b expires:1776937170799 status:NORMAL
5060 2026-04-08 06:35:00,866 webull.core.http.initializer.token.token_manager INFO save_token_to_local writing token to local file. token:a8391a******03689b expires:1776937170799 status:NORMAL
5060 2026-04-08 06:35:00,868 webull.core.http.initializer.token.token_manager INFO save_token_to_local writing token to file completed.
5060 2026-04-08 06:35:00,868 webull.core.http.initializer.token.token_manager INFO init_token finished. token:a8391a******03689b expires:1776937170799 status:NORMAL
25560 2026-04-08 06:36:59,709 webull.core.http.initializer.client_initializer INFO _check_token_enable result is True
25560 2026-04-08 06:36:59,711 webull.core.http.initializer.token.token_storage INFO storage_token uses the default configuration, conf.
25560 2026-04-08 06:36:59,712 webull.core.http.initializer.token.token_storage INFO storage_token initialized path:C:\Users\yalil\OneDrive\Desktop\AI-projects\quantitivestocks\conf\token.txt.
25560 2026-04-08 06:36:59,712 webull.core.http.initializer.token.token_storage WARNING storage_token Note: The token file already exists, the latest token configuration will be overwritten and written to the token file after successful 2FA verification. path:C:\Users\yalil\OneDrive\Desktop\AI-projects\quantitivestocks\conf\token.txt.
25560 2026-04-08 06:36:59,714 webull.core.http.initializer.token.token_manager INFO load_token_from_local reading token from file...
25560 2026-04-08 06:36:59,715 webull.core.http.initializer.token.token_manager INFO load_token_from_local read local token result. token:a8391a******03689b expires:1776937170799 status:NORMAL
25560 2026-04-08 06:36:59,901 webull.core.http.initializer.token.token_manager INFO fetch_token_from_server create_token result. token:a8391a******03689b expires:1776937170799 status:NORMAL
25560 2026-04-08 06:36:59,903 webull.core.http.initializer.token.token_manager INFO fetch_token_from_server create_token status is verified, no further check required, returning directly. token:a8391a******03689b expires:1776937170799 status:NORMAL
25560 2026-04-08 06:36:59,903 webull.core.http.initializer.token.token_manager INFO save_token_to_local writing token to local file. token:a8391a******03689b expires:1776937170799 status:NORMAL
25560 2026-04-08 06:36:59,904 webull.core.http.initializer.token.token_manager INFO save_token_to_local writing token to file completed.
25560 2026-04-08 06:36:59,904 webull.core.http.initializer.token.token_manager INFO init_token finished. token:a8391a******03689b expires:1776937170799 status:NORMAL
24452 2026-04-08 06:38:59,829 webull.core.http.initializer.client_initializer INFO _check_token_enable result is True
24452 2026-04-08 06:38:59,831 webull.core.http.initializer.token.token_storage INFO storage_token uses the default configuration, conf.
24452 2026-04-08 06:38:59,832 webull.core.http.initializer.token.token_storage INFO storage_token initialized path:C:\Users\yalil\OneDrive\Desktop\AI-projects\quantitivestocks\conf\token.txt.
24452 2026-04-08 06:38:59,832 webull.core.http.initializer.token.token_storage WARNING storage_token Note: The token file already exists, the latest token configuration will be overwritten and written to the token file after successful 2FA verification. path:C:\Users\yalil\OneDrive\Desktop\AI-projects\quantitivestocks\conf\token.txt.
24452 2026-04-08 06:38:59,833 webull.core.http.initializer.token.token_manager INFO load_token_from_local reading token from file...
24452 2026-04-08 06:38:59,834 webull.core.http.initializer.token.token_manager INFO load_token_from_local read local token result. token:a8391a******03689b expires:1776937170799 status:NORMAL
24452 2026-04-08 06:39:00,071 webull.core.http.initializer.token.token_manager INFO fetch_token_from_server create_token result. token:a8391a******03689b expires:1776937170799 status:NORMAL
24452 2026-04-08 06:39:00,073 webull.core.http.initializer.token.token_manager INFO fetch_token_from_server create_token status is verified, no further check required, returning directly. token:a8391a******03689b expires:1776937170799 status:NORMAL
24452 2026-04-08 06:39:00,073 webull.core.http.initializer.token.token_manager INFO save_token_to_local writing token to local file. token:a8391a******03689b expires:1776937170799 status:NORMAL
24452 2026-04-08 06:39:00,074 webull.core.http.initializer.token.token_manager INFO save_token_to_local writing token to file completed.
24452 2026-04-08 06:39:00,074 webull.core.http.initializer.token.token_manager INFO init_token finished. token:a8391a******03689b expires:1776937170799 status:NORMAL
18152 2026-04-08 06:40:02,027 webull.core.http.initializer.client_initializer INFO _check_token_enable result is True
18152 2026-04-08 06:40:02,215 webull.core.http.initializer.token.token_storage INFO storage_token uses the default configuration, conf.
18152 2026-04-08 06:40:02,244 webull.core.http.initializer.token.token_storage INFO storage_token initialized path:C:\Users\yalil\OneDrive\Desktop\AI-projects\quantitivestocks\conf\token.txt.
18152 2026-04-08 06:40:02,248 webull.core.http.initializer.token.token_storage WARNING storage_token Note: The token file already exists, the latest token configuration will be overwritten and written to the token file after successful 2FA verification. path:C:\Users\yalil\OneDrive\Desktop\AI-projects\quantitivestocks\conf\token.txt.
18152 2026-04-08 06:40:02,251 webull.core.http.initializer.token.token_manager INFO load_token_from_local reading token from file...
18152 2026-04-08 06:40:02,255 webull.core.http.initializer.token.token_manager INFO load_token_from_local read local token result. token:a8391a******03689b expires:1776937170799 status:NORMAL
18152 2026-04-08 06:40:02,584 webull.core.http.initializer.token.token_manager INFO fetch_token_from_server create_token result. token:a8391a******03689b expires:1776937170799 status:NORMAL
18152 2026-04-08 06:40:02,592 webull.core.http.initializer.token.token_manager INFO fetch_token_from_server create_token status is verified, no further check required, returning directly. token:a8391a******03689b expires:1776937170799 status:NORMAL
18152 2026-04-08 06:40:02,596 webull.core.http.initializer.token.token_manager INFO save_token_to_local writing token to local file. token:a8391a******03689b expires:1776937170799 status:NORMAL
18152 2026-04-08 06:40:02,599 webull.core.http.initializer.token.token_manager INFO save_token_to_local writing token to file completed.
18152 2026-04-08 06:40:02,602 webull.core.http.initializer.token.token_manager INFO init_token finished. token:a8391a******03689b expires:1776937170799 status:NORMAL
24280 2026-04-08 06:40:59,992 webull.core.http.initializer.client_initializer INFO _check_token_enable result is True
24280 2026-04-08 06:40:59,993 webull.core.http.initializer.token.token_storage INFO storage_token uses the default configuration, conf.
24280 2026-04-08 06:40:59,994 webull.core.http.initializer.token.token_storage INFO storage_token initialized path:C:\Users\yalil\OneDrive\Desktop\AI-projects\quantitivestocks\conf\token.txt.
24280 2026-04-08 06:40:59,994 webull.core.http.initializer.token.token_storage WARNING storage_token Note: The token file already exists, the latest token configuration will be overwritten and written to the token file after successful 2FA verification. path:C:\Users\yalil\OneDrive\Desktop\AI-projects\quantitivestocks\conf\token.txt.
24280 2026-04-08 06:40:59,995 webull.core.http.initializer.token.token_manager INFO load_token_from_local reading token from file...
24280 2026-04-08 06:40:59,996 webull.core.http.initializer.token.token_manager INFO load_token_from_local read local token result. token:a8391a******03689b expires:1776937170799 status:NORMAL
24280 2026-04-08 06:41:00,305 webull.core.http.initializer.token.token_manager INFO fetch_token_from_server create_token result. token:a8391a******03689b expires:1776937170799 status:NORMAL
24280 2026-04-08 06:41:00,307 webull.core.http.initializer.token.token_manager INFO fetch_token_from_server create_token status is verified, no further check required, returning directly. token:a8391a******03689b expires:1776937170799 status:NORMAL
24280 2026-04-08 06:41:00,307 webull.core.http.initializer.token.token_manager INFO save_token_to_local writing token to local file. token:a8391a******03689b expires:1776937170799 status:NORMAL
24280 2026-04-08 06:41:00,308 webull.core.http.initializer.token.token_manager INFO save_token_to_local writing token to file completed.
24280 2026-04-08 06:41:00,308 webull.core.http.initializer.token.token_manager INFO init_token finished. token:a8391a******03689b expires:1776937170799 status:NORMAL
22988 2026-04-08 06:43:00,970 webull.core.http.initializer.client_initializer INFO _check_token_enable result is True
22988 2026-04-08 06:43:00,971 webull.core.http.initializer.token.token_storage INFO storage_token uses the default configuration, conf.
22988 2026-04-08 06:43:00,972 webull.core.http.initializer.token.token_storage INFO storage_token initialized path:C:\Users\yalil\OneDrive\Desktop\AI-projects\quantitivestocks\conf\token.txt.
22988 2026-04-08 06:43:00,972 webull.core.http.initializer.token.token_storage WARNING storage_token Note: The token file already exists, the latest token configuration will be overwritten and written to the token file after successful 2FA verification. path:C:\Users\yalil\OneDrive\Desktop\AI-projects\quantitivestocks\conf\token.txt.
22988 2026-04-08 06:43:00,999 webull.core.http.initializer.token.token_manager INFO load_token_from_local reading token from file...
22988 2026-04-08 06:43:01,000 webull.core.http.initializer.token.token_manager INFO load_token_from_local read local token result. token:a8391a******03689b expires:1776937170799 status:NORMAL
22988 2026-04-08 06:43:01,294 webull.core.http.initializer.token.token_manager INFO fetch_token_from_server create_token result. token:a8391a******03689b expires:1776937170799 status:NORMAL
22988 2026-04-08 06:43:01,295 webull.core.http.initializer.token.token_manager INFO fetch_token_from_server create_token status is verified, no further check required, returning directly. token:a8391a******03689b expires:1776937170799 status:NORMAL
22988 2026-04-08 06:43:01,296 webull.core.http.initializer.token.token_manager INFO save_token_to_local writing token to local file. token:a8391a******03689b expires:1776937170799 status:NORMAL
22988 2026-04-08 06:43:01,296 webull.core.http.initializer.token.token_manager INFO save_token_to_local writing token to file completed.
22988 2026-04-08 06:43:01,297 webull.core.http.initializer.token.token_manager INFO init_token finished. token:a8391a******03689b expires:1776937170799 status:NORMAL
368 2026-04-08 06:45:00,235 webull.core.http.initializer.client_initializer INFO _check_token_enable result is True
368 2026-04-08 06:45:00,236 webull.core.http.initializer.token.token_storage INFO storage_token uses the default configuration, conf.
368 2026-04-08 06:45:00,237 webull.core.http.initializer.token.token_storage INFO storage_token initialized path:C:\Users\yalil\OneDrive\Desktop\AI-projects\quantitivestocks\conf\token.txt.
368 2026-04-08 06:45:00,237 webull.core.http.initializer.token.token_storage WARNING storage_token Note: The token file already exists, the latest token configuration will be overwritten and written to the token file after successful 2FA verification. path:C:\Users\yalil\OneDrive\Desktop\AI-projects\quantitivestocks\conf\token.txt.
368 2026-04-08 06:45:00,238 webull.core.http.initializer.token.token_manager INFO load_token_from_local reading token from file...
368 2026-04-08 06:45:00,239 webull.core.http.initializer.token.token_manager INFO load_token_from_local read local token result. token:a8391a******03689b expires:1776937170799 status:NORMAL
368 2026-04-08 06:45:00,625 webull.core.http.initializer.token.token_manager INFO fetch_token_from_server create_token result. token:a8391a******03689b expires:1776937170799 status:NORMAL
368 2026-04-08 06:45:00,626 webull.core.http.initializer.token.token_manager INFO fetch_token_from_server create_token status is verified, no further check required, returning directly. token:a8391a******03689b expires:1776937170799 status:NORMAL
368 2026-04-08 06:45:00,626 webull.core.http.initializer.token.token_manager INFO save_token_to_local writing token to local file. token:a8391a******03689b expires:1776937170799 status:NORMAL
368 2026-04-08 06:45:00,627 webull.core.http.initializer.token.token_manager INFO save_token_to_local writing token to file completed.
368 2026-04-08 06:45:00,628 webull.core.http.initializer.token.token_manager INFO init_token finished. token:a8391a******03689b expires:1776937170799 status:NORMAL
8600 2026-04-08 06:47:00,641 webull.core.http.initializer.client_initializer INFO _check_token_enable result is True
8600 2026-04-08 06:47:00,642 webull.core.http.initializer.token.token_storage INFO storage_token uses the default configuration, conf.
8600 2026-04-08 06:47:00,643 webull.core.http.initializer.token.token_storage INFO storage_token initialized path:C:\Users\yalil\OneDrive\Desktop\AI-projects\quantitivestocks\conf\token.txt.
8600 2026-04-08 06:47:00,644 webull.core.http.initializer.token.token_storage WARNING storage_token Note: The token file already exists, the latest token configuration will be overwritten and written to the token file after successful 2FA verification. path:C:\Users\yalil\OneDrive\Desktop\AI-projects\quantitivestocks\conf\token.txt.
8600 2026-04-08 06:47:00,644 webull.core.http.initializer.token.token_manager INFO load_token_from_local reading token from file...
8600 2026-04-08 06:47:00,645 webull.core.http.initializer.token.token_manager INFO load_token_from_local read local token result. token:a8391a******03689b expires:1776937170799 status:NORMAL
8600 2026-04-08 06:47:00,860 webull.core.http.initializer.token.token_manager INFO fetch_token_from_server create_token result. token:a8391a******03689b expires:1776937170799 status:NORMAL
8600 2026-04-08 06:47:00,861 webull.core.http.initializer.token.token_manager INFO fetch_token_from_server create_token status is verified, no further check required, returning directly. token:a8391a******03689b expires:1776937170799 status:NORMAL
8600 2026-04-08 06:47:00,862 webull.core.http.initializer.token.token_manager INFO save_token_to_local writing token to local file. token:a8391a******03689b expires:1776937170799 status:NORMAL
8600 2026-04-08 06:47:00,862 webull.core.http.initializer.token.token_manager INFO save_token_to_local writing token to file completed.
8600 2026-04-08 06:47:00,863 webull.core.http.initializer.token.token_manager INFO init_token finished. token:a8391a******03689b expires:1776937170799 status:NORMAL
26344 2026-04-08 06:49:00,691 webull.core.http.initializer.client_initializer INFO _check_token_enable result is True
26344 2026-04-08 06:49:00,693 webull.core.http.initializer.token.token_storage INFO storage_token uses the default configuration, conf.
26344 2026-04-08 06:49:00,695 webull.core.http.initializer.token.token_storage INFO storage_token initialized path:C:\Users\yalil\OneDrive\Desktop\AI-projects\quantitivestocks\conf\token.txt.
26344 2026-04-08 06:49:00,695 webull.core.http.initializer.token.token_storage WARNING storage_token Note: The token file already exists, the latest token configuration will be overwritten and written to the token file after successful 2FA verification. path:C:\Users\yalil\OneDrive\Desktop\AI-projects\quantitivestocks\conf\token.txt.
26344 2026-04-08 06:49:00,695 webull.core.http.initializer.token.token_manager INFO load_token_from_local reading token from file...
26344 2026-04-08 06:49:00,697 webull.core.http.initializer.token.token_manager INFO load_token_from_local read local token result. token:a8391a******03689b expires:1776937170799 status:NORMAL
26344 2026-04-08 06:49:00,879 webull.core.http.initializer.token.token_manager INFO fetch_token_from_server create_token result. token:a8391a******03689b expires:1776937170799 status:NORMAL
26344 2026-04-08 06:49:00,880 webull.core.http.initializer.token.token_manager INFO fetch_token_from_server create_token status is verified, no further check required, returning directly. token:a8391a******03689b expires:1776937170799 status:NORMAL
26344 2026-04-08 06:49:00,880 webull.core.http.initializer.token.token_manager INFO save_token_to_local writing token to local file. token:a8391a******03689b expires:1776937170799 status:NORMAL
26344 2026-04-08 06:49:00,881 webull.core.http.initializer.token.token_manager INFO save_token_to_local writing token to file completed.
26344 2026-04-08 06:49:00,881 webull.core.http.initializer.token.token_manager INFO init_token finished. token:a8391a******03689b expires:1776937170799 status:NORMAL
3116 2026-04-08 06:51:01,186 webull.core.http.initializer.client_initializer INFO _check_token_enable result is True
3116 2026-04-08 06:51:01,188 webull.core.http.initializer.token.token_storage INFO storage_token uses the default configuration, conf.
3116 2026-04-08 06:51:01,189 webull.core.http.initializer.token.token_storage INFO storage_token initialized path:C:\Users\yalil\OneDrive\Desktop\AI-projects\quantitivestocks\conf\token.txt.
3116 2026-04-08 06:51:01,189 webull.core.http.initializer.token.token_storage WARNING storage_token Note: The token file already exists, the latest token configuration will be overwritten and written to the token file after successful 2FA verification. path:C:\Users\yalil\OneDrive\Desktop\AI-projects\quantitivestocks\conf\token.txt.
3116 2026-04-08 06:51:01,190 webull.core.http.initializer.token.token_manager INFO load_token_from_local reading token from file...
3116 2026-04-08 06:51:01,191 webull.core.http.initializer.token.token_manager INFO load_token_from_local read local token result. token:a8391a******03689b expires:1776937170799 status:NORMAL
3116 2026-04-08 06:51:01,344 webull.core.http.initializer.token.token_manager INFO fetch_token_from_server create_token result. token:a8391a******03689b expires:1776937170799 status:NORMAL
3116 2026-04-08 06:51:01,346 webull.core.http.initializer.token.token_manager INFO fetch_token_from_server create_token status is verified, no further check required, returning directly. token:a8391a******03689b expires:1776937170799 status:NORMAL
3116 2026-04-08 06:51:01,346 webull.core.http.initializer.token.token_manager INFO save_token_to_local writing token to local file. token:a8391a******03689b expires:1776937170799 status:NORMAL
3116 2026-04-08 06:51:01,346 webull.core.http.initializer.token.token_manager INFO save_token_to_local writing token to file completed.
3116 2026-04-08 06:51:01,347 webull.core.http.initializer.token.token_manager INFO init_token finished. token:a8391a******03689b expires:1776937170799 status:NORMAL
9408 2026-04-08 06:53:00,762 webull.core.http.initializer.client_initializer INFO _check_token_enable result is True
9408 2026-04-08 06:53:00,765 webull.core.http.initializer.token.token_storage INFO storage_token uses the default configuration, conf.
9408 2026-04-08 06:53:00,766 webull.core.http.initializer.token.token_storage INFO storage_token initialized path:C:\Users\yalil\OneDrive\Desktop\AI-projects\quantitivestocks\conf\token.txt.
9408 2026-04-08 06:53:00,766 webull.core.http.initializer.token.token_storage WARNING storage_token Note: The token file already exists, the latest token configuration will be overwritten and written to the token file after successful 2FA verification. path:C:\Users\yalil\OneDrive\Desktop\AI-projects\quantitivestocks\conf\token.txt.
9408 2026-04-08 06:53:00,767 webull.core.http.initializer.token.token_manager INFO load_token_from_local reading token from file...
9408 2026-04-08 06:53:00,768 webull.core.http.initializer.token.token_manager INFO load_token_from_local read local token result. token:a8391a******03689b expires:1776937170799 status:NORMAL
9408 2026-04-08 06:53:00,991 webull.core.http.initializer.token.token_manager INFO fetch_token_from_server create_token result. token:a8391a******03689b expires:1776937170799 status:NORMAL
9408 2026-04-08 06:53:00,993 webull.core.http.initializer.token.token_manager INFO fetch_token_from_server create_token status is verified, no further check required, returning directly. token:a8391a******03689b expires:1776937170799 status:NORMAL
9408 2026-04-08 06:53:00,993 webull.core.http.initializer.token.token_manager INFO save_token_to_local writing token to local file. token:a8391a******03689b expires:1776937170799 status:NORMAL
9408 2026-04-08 06:53:00,994 webull.core.http.initializer.token.token_manager INFO save_token_to_local writing token to file completed.
9408 2026-04-08 06:53:00,994 webull.core.http.initializer.token.token_manager INFO init_token finished. token:a8391a******03689b expires:1776937170799 status:NORMAL
19196 2026-04-08 06:55:01,054 webull.core.http.initializer.client_initializer INFO _check_token_enable result is True
19196 2026-04-08 06:55:01,057 webull.core.http.initializer.token.token_storage INFO storage_token uses the default configuration, conf.
19196 2026-04-08 06:55:01,058 webull.core.http.initializer.token.token_storage INFO storage_token initialized path:C:\Users\yalil\OneDrive\Desktop\AI-projects\quantitivestocks\conf\token.txt.
19196 2026-04-08 06:55:01,059 webull.core.http.initializer.token.token_storage WARNING storage_token Note: The token file already exists, the latest token configuration will be overwritten and written to the token file after successful 2FA verification. path:C:\Users\yalil\OneDrive\Desktop\AI-projects\quantitivestocks\conf\token.txt.
19196 2026-04-08 06:55:01,059 webull.core.http.initializer.token.token_manager INFO load_token_from_local reading token from file...
19196 2026-04-08 06:55:01,060 webull.core.http.initializer.token.token_manager INFO load_token_from_local read local token result. token:a8391a******03689b expires:1776937170799 status:NORMAL
19196 2026-04-08 06:55:01,389 webull.core.http.initializer.token.token_manager INFO fetch_token_from_server create_token result. token:a8391a******03689b expires:1776937170799 status:NORMAL
19196 2026-04-08 06:55:01,390 webull.core.http.initializer.token.token_manager INFO fetch_token_from_server create_token status is verified, no further check required, returning directly. token:a8391a******03689b expires:1776937170799 status:NORMAL
19196 2026-04-08 06:55:01,390 webull.core.http.initializer.token.token_manager INFO save_token_to_local writing token to local file. token:a8391a******03689b expires:1776937170799 status:NORMAL
19196 2026-04-08 06:55:01,391 webull.core.http.initializer.token.token_manager INFO save_token_to_local writing token to file completed.
19196 2026-04-08 06:55:01,392 webull.core.http.initializer.token.token_manager INFO init_token finished. token:a8391a******03689b expires:1776937170799 status:NORMAL
13708 2026-04-08 06:57:00,883 webull.core.http.initializer.client_initializer INFO _check_token_enable result is True
13708 2026-04-08 06:57:00,885 webull.core.http.initializer.token.token_storage INFO storage_token uses the default configuration, conf.
13708 2026-04-08 06:57:00,887 webull.core.http.initializer.token.token_storage INFO storage_token initialized path:C:\Users\yalil\OneDrive\Desktop\AI-projects\quantitivestocks\conf\token.txt.
13708 2026-04-08 06:57:00,887 webull.core.http.initializer.token.token_storage WARNING storage_token Note: The token file already exists, the latest token configuration will be overwritten and written to the token file after successful 2FA verification. path:C:\Users\yalil\OneDrive\Desktop\AI-projects\quantitivestocks\conf\token.txt.
13708 2026-04-08 06:57:00,888 webull.core.http.initializer.token.token_manager INFO load_token_from_local reading token from file...
13708 2026-04-08 06:57:00,889 webull.core.http.initializer.token.token_manager INFO load_token_from_local read local token result. token:a8391a******03689b expires:1776937170799 status:NORMAL
13708 2026-04-08 06:57:01,066 webull.core.http.initializer.token.token_manager INFO fetch_token_from_server create_token result. token:a8391a******03689b expires:1776937170799 status:NORMAL
13708 2026-04-08 06:57:01,068 webull.core.http.initializer.token.token_manager INFO fetch_token_from_server create_token status is verified, no further check required, returning directly. token:a8391a******03689b expires:1776937170799 status:NORMAL
13708 2026-04-08 06:57:01,068 webull.core.http.initializer.token.token_manager INFO save_token_to_local writing token to local file. token:a8391a******03689b expires:1776937170799 status:NORMAL
13708 2026-04-08 06:57:01,069 webull.core.http.initializer.token.token_manager INFO save_token_to_local writing token to file completed.
13708 2026-04-08 06:57:01,069 webull.core.http.initializer.token.token_manager INFO init_token finished. token:a8391a******03689b expires:1776937170799 status:NORMAL
24956 2026-04-08 06:59:01,051 webull.core.http.initializer.client_initializer INFO _check_token_enable result is True
24956 2026-04-08 06:59:01,052 webull.core.http.initializer.token.token_storage INFO storage_token uses the default configuration, conf.
24956 2026-04-08 06:59:01,054 webull.core.http.initializer.token.token_storage INFO storage_token initialized path:C:\Users\yalil\OneDrive\Desktop\AI-projects\quantitivestocks\conf\token.txt.
24956 2026-04-08 06:59:01,054 webull.core.http.initializer.token.token_storage WARNING storage_token Note: The token file already exists, the latest token configuration will be overwritten and written to the token file after successful 2FA verification. path:C:\Users\yalil\OneDrive\Desktop\AI-projects\quantitivestocks\conf\token.txt.
24956 2026-04-08 06:59:01,054 webull.core.http.initializer.token.token_manager INFO load_token_from_local reading token from file...
24956 2026-04-08 06:59:01,056 webull.core.http.initializer.token.token_manager INFO load_token_from_local read local token result. token:a8391a******03689b expires:1776937170799 status:NORMAL
24956 2026-04-08 06:59:01,312 webull.core.http.initializer.token.token_manager INFO fetch_token_from_server create_token result. token:a8391a******03689b expires:1776937170799 status:NORMAL
24956 2026-04-08 06:59:01,314 webull.core.http.initializer.token.token_manager INFO fetch_token_from_server create_token status is verified, no further check required, returning directly. token:a8391a******03689b expires:1776937170799 status:NORMAL
24956 2026-04-08 06:59:01,314 webull.core.http.initializer.token.token_manager INFO save_token_to_local writing token to local file. token:a8391a******03689b expires:1776937170799 status:NORMAL
24956 2026-04-08 06:59:01,315 webull.core.http.initializer.token.token_manager INFO save_token_to_local writing token to file completed.
24956 2026-04-08 06:59:01,315 webull.core.http.initializer.token.token_manager INFO init_token finished. token:a8391a******03689b expires:1776937170799 status:NORMAL
14692 2026-04-08 07:01:01,328 webull.core.http.initializer.client_initializer INFO _check_token_enable result is True
14692 2026-04-08 07:01:01,329 webull.core.http.initializer.token.token_storage INFO storage_token uses the default configuration, conf.
14692 2026-04-08 07:01:01,330 webull.core.http.initializer.token.token_storage INFO storage_token initialized path:C:\Users\yalil\OneDrive\Desktop\AI-projects\quantitivestocks\conf\token.txt.
14692 2026-04-08 07:01:01,330 webull.core.http.initializer.token.token_storage WARNING storage_token Note: The token file already exists, the latest token configuration will be overwritten and written to the token file after successful 2FA verification. path:C:\Users\yalil\OneDrive\Desktop\AI-projects\quantitivestocks\conf\token.txt.
14692 2026-04-08 07:01:01,331 webull.core.http.initializer.token.token_manager INFO load_token_from_local reading token from file...
14692 2026-04-08 07:01:01,332 webull.core.http.initializer.token.token_manager INFO load_token_from_local read local token result. token:a8391a******03689b expires:1776937170799 status:NORMAL
14692 2026-04-08 07:01:01,695 webull.core.http.initializer.token.token_manager INFO fetch_token_from_server create_token result. token:a8391a******03689b expires:1776937170799 status:NORMAL
14692 2026-04-08 07:01:01,696 webull.core.http.initializer.token.token_manager INFO fetch_token_from_server create_token status is verified, no further check required, returning directly. token:a8391a******03689b expires:1776937170799 status:NORMAL
14692 2026-04-08 07:01:01,696 webull.core.http.initializer.token.token_manager INFO save_token_to_local writing token to local file. token:a8391a******03689b expires:1776937170799 status:NORMAL
14692 2026-04-08 07:01:01,697 webull.core.http.initializer.token.token_manager INFO save_token_to_local writing token to file completed.
14692 2026-04-08 07:01:01,697 webull.core.http.initializer.token.token_manager INFO init_token finished. token:a8391a******03689b expires:1776937170799 status:NORMAL
21656 2026-04-08 07:03:01,406 webull.core.http.initializer.client_initializer INFO _check_token_enable result is True
21656 2026-04-08 07:03:01,407 webull.core.http.initializer.token.token_storage INFO storage_token uses the default configuration, conf.
21656 2026-04-08 07:03:01,409 webull.core.http.initializer.token.token_storage INFO storage_token initialized path:C:\Users\yalil\OneDrive\Desktop\AI-projects\quantitivestocks\conf\token.txt.
21656 2026-04-08 07:03:01,410 webull.core.http.initializer.token.token_storage WARNING storage_token Note: The token file already exists, the latest token configuration will be overwritten and written to the token file after successful 2FA verification. path:C:\Users\yalil\OneDrive\Desktop\AI-projects\quantitivestocks\conf\token.txt.
21656 2026-04-08 07:03:01,410 webull.core.http.initializer.token.token_manager INFO load_token_from_local reading token from file...
21656 2026-04-08 07:03:01,412 webull.core.http.initializer.token.token_manager INFO load_token_from_local read local token result. token:a8391a******03689b expires:1776937170799 status:NORMAL
21656 2026-04-08 07:03:01,637 webull.core.http.initializer.token.token_manager INFO fetch_token_from_server create_token result. token:a8391a******03689b expires:1776937170799 status:NORMAL
21656 2026-04-08 07:03:01,639 webull.core.http.initializer.token.token_manager INFO fetch_token_from_server create_token status is verified, no further check required, returning directly. token:a8391a******03689b expires:1776937170799 status:NORMAL
21656 2026-04-08 07:03:01,639 webull.core.http.initializer.token.token_manager INFO save_token_to_local writing token to local file. token:a8391a******03689b expires:1776937170799 status:NORMAL
21656 2026-04-08 07:03:01,640 webull.core.http.initializer.token.token_manager INFO save_token_to_local writing token to file completed.
21656 2026-04-08 07:03:01,640 webull.core.http.initializer.token.token_manager INFO init_token finished. token:a8391a******03689b expires:1776937170799 status:NORMAL
17692 2026-04-08 07:05:01,515 webull.core.http.initializer.client_initializer INFO _check_token_enable result is True
17692 2026-04-08 07:05:01,517 webull.core.http.initializer.token.token_storage INFO storage_token uses the default configuration, conf.
17692 2026-04-08 07:05:01,520 webull.core.http.initializer.token.token_storage INFO storage_token initialized path:C:\Users\yalil\OneDrive\Desktop\AI-projects\quantitivestocks\conf\token.txt.
17692 2026-04-08 07:05:01,520 webull.core.http.initializer.token.token_storage WARNING storage_token Note: The token file already exists, the latest token configuration will be overwritten and written to the token file after successful 2FA verification. path:C:\Users\yalil\OneDrive\Desktop\AI-projects\quantitivestocks\conf\token.txt.
17692 2026-04-08 07:05:01,521 webull.core.http.initializer.token.token_manager INFO load_token_from_local reading token from file...
17692 2026-04-08 07:05:01,522 webull.core.http.initializer.token.token_manager INFO load_token_from_local read local token result. token:a8391a******03689b expires:1776937170799 status:NORMAL
17692 2026-04-08 07:05:01,756 webull.core.http.initializer.token.token_manager INFO fetch_token_from_server create_token result. token:a8391a******03689b expires:1776937170799 status:NORMAL
17692 2026-04-08 07:05:01,758 webull.core.http.initializer.token.token_manager INFO fetch_token_from_server create_token status is verified, no further check required, returning directly. token:a8391a******03689b expires:1776937170799 status:NORMAL
17692 2026-04-08 07:05:01,758 webull.core.http.initializer.token.token_manager INFO save_token_to_local writing token to local file. token:a8391a******03689b expires:1776937170799 status:NORMAL
17692 2026-04-08 07:05:01,759 webull.core.http.initializer.token.token_manager INFO save_token_to_local writing token to file completed.
17692 2026-04-08 07:05:01,759 webull.core.http.initializer.token.token_manager INFO init_token finished. token:a8391a******03689b expires:1776937170799 status:NORMAL
12984 2026-04-08 07:07:01,376 webull.core.http.initializer.client_initializer INFO _check_token_enable result is True
12984 2026-04-08 07:07:01,378 webull.core.http.initializer.token.token_storage INFO storage_token uses the default configuration, conf.
12984 2026-04-08 07:07:01,379 webull.core.http.initializer.token.token_storage INFO storage_token initialized path:C:\Users\yalil\OneDrive\Desktop\AI-projects\quantitivestocks\conf\token.txt.
12984 2026-04-08 07:07:01,380 webull.core.http.initializer.token.token_storage WARNING storage_token Note: The token file already exists, the latest token configuration will be overwritten and written to the token file after successful 2FA verification. path:C:\Users\yalil\OneDrive\Desktop\AI-projects\quantitivestocks\conf\token.txt.
12984 2026-04-08 07:07:01,381 webull.core.http.initializer.token.token_manager INFO load_token_from_local reading token from file...
12984 2026-04-08 07:07:01,382 webull.core.http.initializer.token.token_manager INFO load_token_from_local read local token result. token:a8391a******03689b expires:1776937170799 status:NORMAL
12984 2026-04-08 07:07:01,550 webull.core.http.initializer.token.token_manager INFO fetch_token_from_server create_token result. token:a8391a******03689b expires:1776937170799 status:NORMAL
12984 2026-04-08 07:07:01,553 webull.core.http.initializer.token.token_manager INFO fetch_token_from_server create_token status is verified, no further check required, returning directly. token:a8391a******03689b expires:1776937170799 status:NORMAL
12984 2026-04-08 07:07:01,553 webull.core.http.initializer.token.token_manager INFO save_token_to_local writing token to local file. token:a8391a******03689b expires:1776937170799 status:NORMAL
12984 2026-04-08 07:07:01,554 webull.core.http.initializer.token.token_manager INFO save_token_to_local writing token to file completed.
12984 2026-04-08 07:07:01,555 webull.core.http.initializer.token.token_manager INFO init_token finished. token:a8391a******03689b expires:1776937170799 status:NORMAL
23592 2026-04-08 07:09:01,317 webull.core.http.initializer.client_initializer INFO _check_token_enable result is True
23592 2026-04-08 07:09:01,318 webull.core.http.initializer.token.token_storage INFO storage_token uses the default configuration, conf.
23592 2026-04-08 07:09:01,319 webull.core.http.initializer.token.token_storage INFO storage_token initialized path:C:\Users\yalil\OneDrive\Desktop\AI-projects\quantitivestocks\conf\token.txt.
23592 2026-04-08 07:09:01,319 webull.core.http.initializer.token.token_storage WARNING storage_token Note: The token file already exists, the latest token configuration will be overwritten and written to the token file after successful 2FA verification. path:C:\Users\yalil\OneDrive\Desktop\AI-projects\quantitivestocks\conf\token.txt.
23592 2026-04-08 07:09:01,319 webull.core.http.initializer.token.token_manager INFO load_token_from_local reading token from file...
23592 2026-04-08 07:09:01,321 webull.core.http.initializer.token.token_manager INFO load_token_from_local read local token result. token:a8391a******03689b expires:1776937170799 status:NORMAL
23592 2026-04-08 07:09:01,600 webull.core.http.initializer.token.token_manager INFO fetch_token_from_server create_token result. token:a8391a******03689b expires:1776937170799 status:NORMAL
23592 2026-04-08 07:09:01,602 webull.core.http.initializer.token.token_manager INFO fetch_token_from_server create_token status is verified, no further check required, returning directly. token:a8391a******03689b expires:1776937170799 status:NORMAL
23592 2026-04-08 07:09:01,602 webull.core.http.initializer.token.token_manager INFO save_token_to_local writing token to local file. token:a8391a******03689b expires:1776937170799 status:NORMAL
23592 2026-04-08 07:09:01,603 webull.core.http.initializer.token.token_manager INFO save_token_to_local writing token to file completed.
23592 2026-04-08 07:09:01,604 webull.core.http.initializer.token.token_manager INFO init_token finished. token:a8391a******03689b expires:1776937170799 status:NORMAL
1716 2026-04-08 07:11:01,470 webull.core.http.initializer.client_initializer INFO _check_token_enable result is True
1716 2026-04-08 07:11:01,472 webull.core.http.initializer.token.token_storage INFO storage_token uses the default configuration, conf.
1716 2026-04-08 07:11:01,473 webull.core.http.initializer.token.token_storage INFO storage_token initialized path:C:\Users\yalil\OneDrive\Desktop\AI-projects\quantitivestocks\conf\token.txt.
1716 2026-04-08 07:11:01,473 webull.core.http.initializer.token.token_storage WARNING storage_token Note: The token file already exists, the latest token configuration will be overwritten and written to the token file after successful 2FA verification. path:C:\Users\yalil\OneDrive\Desktop\AI-projects\quantitivestocks\conf\token.txt.
1716 2026-04-08 07:11:01,474 webull.core.http.initializer.token.token_manager INFO load_token_from_local reading token from file...
1716 2026-04-08 07:11:01,476 webull.core.http.initializer.token.token_manager INFO load_token_from_local read local token result. token:a8391a******03689b expires:1776937170799 status:NORMAL
1716 2026-04-08 07:11:01,770 webull.core.http.initializer.token.token_manager INFO fetch_token_from_server create_token result. token:a8391a******03689b expires:1776937170799 status:NORMAL
1716 2026-04-08 07:11:01,772 webull.core.http.initializer.token.token_manager INFO fetch_token_from_server create_token status is verified, no further check required, returning directly. token:a8391a******03689b expires:1776937170799 status:NORMAL
1716 2026-04-08 07:11:01,772 webull.core.http.initializer.token.token_manager INFO save_token_to_local writing token to local file. token:a8391a******03689b expires:1776937170799 status:NORMAL
1716 2026-04-08 07:11:01,773 webull.core.http.initializer.token.token_manager INFO save_token_to_local writing token to file completed.
1716 2026-04-08 07:11:01,773 webull.core.http.initializer.token.token_manager INFO init_token finished. token:a8391a******03689b expires:1776937170799 status:NORMAL
26456 2026-04-08 07:13:01,868 webull.core.http.initializer.client_initializer INFO _check_token_enable result is True
26456 2026-04-08 07:13:01,869 webull.core.http.initializer.token.token_storage INFO storage_token uses the default configuration, conf.
26456 2026-04-08 07:13:01,870 webull.core.http.initializer.token.token_storage INFO storage_token initialized path:C:\Users\yalil\OneDrive\Desktop\AI-projects\quantitivestocks\conf\token.txt.
26456 2026-04-08 07:13:01,870 webull.core.http.initializer.token.token_storage WARNING storage_token Note: The token file already exists, the latest token configuration will be overwritten and written to the token file after successful 2FA verification. path:C:\Users\yalil\OneDrive\Desktop\AI-projects\quantitivestocks\conf\token.txt.
26456 2026-04-08 07:13:01,871 webull.core.http.initializer.token.token_manager INFO load_token_from_local reading token from file...
26456 2026-04-08 07:13:01,873 webull.core.http.initializer.token.token_manager INFO load_token_from_local read local token result. token:a8391a******03689b expires:1776937170799 status:NORMAL
26456 2026-04-08 07:13:02,121 webull.core.http.initializer.token.token_manager INFO fetch_token_from_server create_token result. token:a8391a******03689b expires:1776937170799 status:NORMAL
26456 2026-04-08 07:13:02,123 webull.core.http.initializer.token.token_manager INFO fetch_token_from_server create_token status is verified, no further check required, returning directly. token:a8391a******03689b expires:1776937170799 status:NORMAL
26456 2026-04-08 07:13:02,123 webull.core.http.initializer.token.token_manager INFO save_token_to_local writing token to local file. token:a8391a******03689b expires:1776937170799 status:NORMAL
26456 2026-04-08 07:13:02,124 webull.core.http.initializer.token.token_manager INFO save_token_to_local writing token to file completed.
26456 2026-04-08 07:13:02,124 webull.core.http.initializer.token.token_manager INFO init_token finished. token:a8391a******03689b expires:1776937170799 status:NORMAL
26012 2026-04-08 07:15:02,500 webull.core.http.initializer.client_initializer INFO _check_token_enable result is True
26012 2026-04-08 07:15:02,502 webull.core.http.initializer.token.token_storage INFO storage_token uses the default configuration, conf.
26012 2026-04-08 07:15:02,504 webull.core.http.initializer.token.token_storage INFO storage_token initialized path:C:\Users\yalil\OneDrive\Desktop\AI-projects\quantitivestocks\conf\token.txt.
26012 2026-04-08 07:15:02,504 webull.core.http.initializer.token.token_storage WARNING storage_token Note: The token file already exists, the latest token configuration will be overwritten and written to the token file after successful 2FA verification. path:C:\Users\yalil\OneDrive\Desktop\AI-projects\quantitivestocks\conf\token.txt.
26012 2026-04-08 07:15:02,506 webull.core.http.initializer.token.token_manager INFO load_token_from_local reading token from file...
26012 2026-04-08 07:15:02,507 webull.core.http.initializer.token.token_manager INFO load_token_from_local read local token result. token:a8391a******03689b expires:1776937170799 status:NORMAL
26012 2026-04-08 07:15:02,837 webull.core.http.initializer.token.token_manager INFO fetch_token_from_server create_token result. token:a8391a******03689b expires:1776937170799 status:NORMAL
26012 2026-04-08 07:15:02,838 webull.core.http.initializer.token.token_manager INFO fetch_token_from_server create_token status is verified, no further check required, returning directly. token:a8391a******03689b expires:1776937170799 status:NORMAL
26012 2026-04-08 07:15:02,839 webull.core.http.initializer.token.token_manager INFO save_token_to_local writing token to local file. token:a8391a******03689b expires:1776937170799 status:NORMAL
26012 2026-04-08 07:15:02,839 webull.core.http.initializer.token.token_manager INFO save_token_to_local writing token to file completed.
26012 2026-04-08 07:15:02,840 webull.core.http.initializer.token.token_manager INFO init_token finished. token:a8391a******03689b expires:1776937170799 status:NORMAL
24188 2026-04-08 07:17:02,690 webull.core.http.initializer.client_initializer INFO _check_token_enable result is True
24188 2026-04-08 07:17:02,692 webull.core.http.initializer.token.token_storage INFO storage_token uses the default configuration, conf.
24188 2026-04-08 07:17:02,694 webull.core.http.initializer.token.token_storage INFO storage_token initialized path:C:\Users\yalil\OneDrive\Desktop\AI-projects\quantitivestocks\conf\token.txt.
24188 2026-04-08 07:17:02,694 webull.core.http.initializer.token.token_storage WARNING storage_token Note: The token file already exists, the latest token configuration will be overwritten and written to the token file after successful 2FA verification. path:C:\Users\yalil\OneDrive\Desktop\AI-projects\quantitivestocks\conf\token.txt.
24188 2026-04-08 07:17:02,694 webull.core.http.initializer.token.token_manager INFO load_token_from_local reading token from file...
24188 2026-04-08 07:17:02,695 webull.core.http.initializer.token.token_manager INFO load_token_from_local read local token result. token:a8391a******03689b expires:1776937170799 status:NORMAL
24188 2026-04-08 07:17:03,001 webull.core.http.initializer.token.token_manager INFO fetch_token_from_server create_token result. token:a8391a******03689b expires:1776937170799 status:NORMAL
24188 2026-04-08 07:17:03,002 webull.core.http.initializer.token.token_manager INFO fetch_token_from_server create_token status is verified, no further check required, returning directly. token:a8391a******03689b expires:1776937170799 status:NORMAL
24188 2026-04-08 07:17:03,002 webull.core.http.initializer.token.token_manager INFO save_token_to_local writing token to local file. token:a8391a******03689b expires:1776937170799 status:NORMAL
24188 2026-04-08 07:17:03,003 webull.core.http.initializer.token.token_manager INFO save_token_to_local writing token to file completed.
24188 2026-04-08 07:17:03,004 webull.core.http.initializer.token.token_manager INFO init_token finished. token:a8391a******03689b expires:1776937170799 status:NORMAL
19100 2026-04-08 07:19:02,176 webull.core.http.initializer.client_initializer INFO _check_token_enable result is True
19100 2026-04-08 07:19:02,177 webull.core.http.initializer.token.token_storage INFO storage_token uses the default configuration, conf.
19100 2026-04-08 07:19:02,179 webull.core.http.initializer.token.token_storage INFO storage_token initialized path:C:\Users\yalil\OneDrive\Desktop\AI-projects\quantitivestocks\conf\token.txt.
19100 2026-04-08 07:19:02,179 webull.core.http.initializer.token.token_storage WARNING storage_token Note: The token file already exists, the latest token configuration will be overwritten and written to the token file after successful 2FA verification. path:C:\Users\yalil\OneDrive\Desktop\AI-projects\quantitivestocks\conf\token.txt.
19100 2026-04-08 07:19:02,180 webull.core.http.initializer.token.token_manager INFO load_token_from_local reading token from file...
19100 2026-04-08 07:19:02,181 webull.core.http.initializer.token.token_manager INFO load_token_from_local read local token result. token:a8391a******03689b expires:1776937170799 status:NORMAL
19100 2026-04-08 07:19:02,430 webull.core.http.initializer.token.token_manager INFO fetch_token_from_server create_token result. token:a8391a******03689b expires:1776937170799 status:NORMAL
19100 2026-04-08 07:19:02,431 webull.core.http.initializer.token.token_manager INFO fetch_token_from_server create_token status is verified, no further check required, returning directly. token:a8391a******03689b expires:1776937170799 status:NORMAL
19100 2026-04-08 07:19:02,431 webull.core.http.initializer.token.token_manager INFO save_token_to_local writing token to local file. token:a8391a******03689b expires:1776937170799 status:NORMAL
19100 2026-04-08 07:19:02,432 webull.core.http.initializer.token.token_manager INFO save_token_to_local writing token to file completed.
19100 2026-04-08 07:19:02,432 webull.core.http.initializer.token.token_manager INFO init_token finished. token:a8391a******03689b expires:1776937170799 status:NORMAL
22112 2026-04-08 07:21:02,035 webull.core.http.initializer.client_initializer INFO _check_token_enable result is True
22112 2026-04-08 07:21:02,037 webull.core.http.initializer.token.token_storage INFO storage_token uses the default configuration, conf.
22112 2026-04-08 07:21:02,038 webull.core.http.initializer.token.token_storage INFO storage_token initialized path:C:\Users\yalil\OneDrive\Desktop\AI-projects\quantitivestocks\conf\token.txt.
22112 2026-04-08 07:21:02,038 webull.core.http.initializer.token.token_storage WARNING storage_token Note: The token file already exists, the latest token configuration will be overwritten and written to the token file after successful 2FA verification. path:C:\Users\yalil\OneDrive\Desktop\AI-projects\quantitivestocks\conf\token.txt.
22112 2026-04-08 07:21:02,092 webull.core.http.initializer.token.token_manager INFO load_token_from_local reading token from file...
22112 2026-04-08 07:21:02,094 webull.core.http.initializer.token.token_manager INFO load_token_from_local read local token result. token:a8391a******03689b expires:1776937170799 status:NORMAL
22112 2026-04-08 07:21:02,582 webull.core.http.initializer.token.token_manager INFO fetch_token_from_server create_token result. token:a8391a******03689b expires:1776937170799 status:NORMAL
22112 2026-04-08 07:21:02,583 webull.core.http.initializer.token.token_manager INFO fetch_token_from_server create_token status is verified, no further check required, returning directly. token:a8391a******03689b expires:1776937170799 status:NORMAL
22112 2026-04-08 07:21:02,584 webull.core.http.initializer.token.token_manager INFO save_token_to_local writing token to local file. token:a8391a******03689b expires:1776937170799 status:NORMAL
22112 2026-04-08 07:21:02,584 webull.core.http.initializer.token.token_manager INFO save_token_to_local writing token to file completed.
22112 2026-04-08 07:21:02,585 webull.core.http.initializer.token.token_manager INFO init_token finished. token:a8391a******03689b expires:1776937170799 status:NORMAL
15344 2026-04-08 07:23:02,268 webull.core.http.initializer.client_initializer INFO _check_token_enable result is True
15344 2026-04-08 07:23:02,270 webull.core.http.initializer.token.token_storage INFO storage_token uses the default configuration, conf.
15344 2026-04-08 07:23:02,271 webull.core.http.initializer.token.token_storage INFO storage_token initialized path:C:\Users\yalil\OneDrive\Desktop\AI-projects\quantitivestocks\conf\token.txt.
15344 2026-04-08 07:23:02,271 webull.core.http.initializer.token.token_storage WARNING storage_token Note: The token file already exists, the latest token configuration will be overwritten and written to the token file after successful 2FA verification. path:C:\Users\yalil\OneDrive\Desktop\AI-projects\quantitivestocks\conf\token.txt.
15344 2026-04-08 07:23:02,272 webull.core.http.initializer.token.token_manager INFO load_token_from_local reading token from file...
15344 2026-04-08 07:23:02,274 webull.core.http.initializer.token.token_manager INFO load_token_from_local read local token result. token:a8391a******03689b expires:1776937170799 status:NORMAL
15344 2026-04-08 07:23:02,435 webull.core.http.initializer.token.token_manager INFO fetch_token_from_server create_token result. token:a8391a******03689b expires:1776937170799 status:NORMAL
15344 2026-04-08 07:23:02,436 webull.core.http.initializer.token.token_manager INFO fetch_token_from_server create_token status is verified, no further check required, returning directly. token:a8391a******03689b expires:1776937170799 status:NORMAL
15344 2026-04-08 07:23:02,437 webull.core.http.initializer.token.token_manager INFO save_token_to_local writing token to local file. token:a8391a******03689b expires:1776937170799 status:NORMAL
15344 2026-04-08 07:23:02,437 webull.core.http.initializer.token.token_manager INFO save_token_to_local writing token to file completed.
15344 2026-04-08 07:23:02,438 webull.core.http.initializer.token.token_manager INFO init_token finished. token:a8391a******03689b expires:1776937170799 status:NORMAL
25896 2026-04-08 07:25:03,116 webull.core.http.initializer.client_initializer INFO _check_token_enable result is True
25896 2026-04-08 07:25:03,119 webull.core.http.initializer.token.token_storage INFO storage_token uses the default configuration, conf.
25896 2026-04-08 07:25:03,120 webull.core.http.initializer.token.token_storage INFO storage_token initialized path:C:\Users\yalil\OneDrive\Desktop\AI-projects\quantitivestocks\conf\token.txt.
25896 2026-04-08 07:25:03,120 webull.core.http.initializer.token.token_storage WARNING storage_token Note: The token file already exists, the latest token configuration will be overwritten and written to the token file after successful 2FA verification. path:C:\Users\yalil\OneDrive\Desktop\AI-projects\quantitivestocks\conf\token.txt.
25896 2026-04-08 07:25:03,121 webull.core.http.initializer.token.token_manager INFO load_token_from_local reading token from file...
25896 2026-04-08 07:25:03,122 webull.core.http.initializer.token.token_manager INFO load_token_from_local read local token result. token:a8391a******03689b expires:1776937170799 status:NORMAL
25896 2026-04-08 07:25:03,294 webull.core.http.initializer.token.token_manager INFO fetch_token_from_server create_token result. token:a8391a******03689b expires:1776937170799 status:NORMAL
25896 2026-04-08 07:25:03,295 webull.core.http.initializer.token.token_manager INFO fetch_token_from_server create_token status is verified, no further check required, returning directly. token:a8391a******03689b expires:1776937170799 status:NORMAL
25896 2026-04-08 07:25:03,296 webull.core.http.initializer.token.token_manager INFO save_token_to_local writing token to local file. token:a8391a******03689b expires:1776937170799 status:NORMAL
25896 2026-04-08 07:25:03,296 webull.core.http.initializer.token.token_manager INFO save_token_to_local writing token to file completed.
25896 2026-04-08 07:25:03,297 webull.core.http.initializer.token.token_manager INFO init_token finished. token:a8391a******03689b expires:1776937170799 status:NORMAL
24732 2026-04-08 07:27:02,384 webull.core.http.initializer.client_initializer INFO _check_token_enable result is True
24732 2026-04-08 07:27:02,385 webull.core.http.initializer.token.token_storage INFO storage_token uses the default configuration, conf.
24732 2026-04-08 07:27:02,386 webull.core.http.initializer.token.token_storage INFO storage_token initialized path:C:\Users\yalil\OneDrive\Desktop\AI-projects\quantitivestocks\conf\token.txt.
24732 2026-04-08 07:27:02,387 webull.core.http.initializer.token.token_storage WARNING storage_token Note: The token file already exists, the latest token configuration will be overwritten and written to the token file after successful 2FA verification. path:C:\Users\yalil\OneDrive\Desktop\AI-projects\quantitivestocks\conf\token.txt.
24732 2026-04-08 07:27:02,387 webull.core.http.initializer.token.token_manager INFO load_token_from_local reading token from file...
24732 2026-04-08 07:27:02,388 webull.core.http.initializer.token.token_manager INFO load_token_from_local read local token result. token:a8391a******03689b expires:1776937170799 status:NORMAL
24732 2026-04-08 07:27:02,560 webull.core.http.initializer.token.token_manager INFO fetch_token_from_server create_token result. token:a8391a******03689b expires:1776937170799 status:NORMAL
24732 2026-04-08 07:27:02,562 webull.core.http.initializer.token.token_manager INFO fetch_token_from_server create_token status is verified, no further check required, returning directly. token:a8391a******03689b expires:1776937170799 status:NORMAL
24732 2026-04-08 07:27:02,562 webull.core.http.initializer.token.token_manager INFO save_token_to_local writing token to local file. token:a8391a******03689b expires:1776937170799 status:NORMAL
24732 2026-04-08 07:27:02,563 webull.core.http.initializer.token.token_manager INFO save_token_to_local writing token to file completed.
24732 2026-04-08 07:27:02,563 webull.core.http.initializer.token.token_manager INFO init_token finished. token:a8391a******03689b expires:1776937170799 status:NORMAL
24060 2026-04-08 07:29:02,926 webull.core.http.initializer.client_initializer INFO _check_token_enable result is True
24060 2026-04-08 07:29:02,928 webull.core.http.initializer.token.token_storage INFO storage_token uses the default configuration, conf.
24060 2026-04-08 07:29:02,929 webull.core.http.initializer.token.token_storage INFO storage_token initialized path:C:\Users\yalil\OneDrive\Desktop\AI-projects\quantitivestocks\conf\token.txt.
24060 2026-04-08 07:29:02,929 webull.core.http.initializer.token.token_storage WARNING storage_token Note: The token file already exists, the latest token configuration will be overwritten and written to the token file after successful 2FA verification. path:C:\Users\yalil\OneDrive\Desktop\AI-projects\quantitivestocks\conf\token.txt.
24060 2026-04-08 07:29:02,930 webull.core.http.initializer.token.token_manager INFO load_token_from_local reading token from file...
24060 2026-04-08 07:29:02,931 webull.core.http.initializer.token.token_manager INFO load_token_from_local read local token result. token:a8391a******03689b expires:1776937170799 status:NORMAL
24060 2026-04-08 07:29:03,256 webull.core.http.initializer.token.token_manager INFO fetch_token_from_server create_token result. token:a8391a******03689b expires:1776937170799 status:NORMAL
24060 2026-04-08 07:29:03,258 webull.core.http.initializer.token.token_manager INFO fetch_token_from_server create_token status is verified, no further check required, returning directly. token:a8391a******03689b expires:1776937170799 status:NORMAL
24060 2026-04-08 07:29:03,258 webull.core.http.initializer.token.token_manager INFO save_token_to_local writing token to local file. token:a8391a******03689b expires:1776937170799 status:NORMAL
24060 2026-04-08 07:29:03,259 webull.core.http.initializer.token.token_manager INFO save_token_to_local writing token to file completed.
24060 2026-04-08 07:29:03,259 webull.core.http.initializer.token.token_manager INFO init_token finished. token:a8391a******03689b expires:1776937170799 status:NORMAL
23728 2026-04-08 07:31:02,697 webull.core.http.initializer.client_initializer INFO _check_token_enable result is True
23728 2026-04-08 07:31:02,699 webull.core.http.initializer.token.token_storage INFO storage_token uses the default configuration, conf.
23728 2026-04-08 07:31:02,701 webull.core.http.initializer.token.token_storage INFO storage_token initialized path:C:\Users\yalil\OneDrive\Desktop\AI-projects\quantitivestocks\conf\token.txt.
23728 2026-04-08 07:31:02,701 webull.core.http.initializer.token.token_storage WARNING storage_token Note: The token file already exists, the latest token configuration will be overwritten and written to the token file after successful 2FA verification. path:C:\Users\yalil\OneDrive\Desktop\AI-projects\quantitivestocks\conf\token.txt.
23728 2026-04-08 07:31:02,702 webull.core.http.initializer.token.token_manager INFO load_token_from_local reading token from file...
23728 2026-04-08 07:31:02,704 webull.core.http.initializer.token.token_manager INFO load_token_from_local read local token result. token:a8391a******03689b expires:1776937170799 status:NORMAL
23728 2026-04-08 07:31:02,908 webull.core.http.initializer.token.token_manager INFO fetch_token_from_server create_token result. token:a8391a******03689b expires:1776937170799 status:NORMAL
23728 2026-04-08 07:31:02,909 webull.core.http.initializer.token.token_manager INFO fetch_token_from_server create_token status is verified, no further check required, returning directly. token:a8391a******03689b expires:1776937170799 status:NORMAL
23728 2026-04-08 07:31:02,910 webull.core.http.initializer.token.token_manager INFO save_token_to_local writing token to local file. token:a8391a******03689b expires:1776937170799 status:NORMAL
23728 2026-04-08 07:31:02,911 webull.core.http.initializer.token.token_manager INFO save_token_to_local writing token to file completed.
23728 2026-04-08 07:31:02,911 webull.core.http.initializer.token.token_manager INFO init_token finished. token:a8391a******03689b expires:1776937170799 status:NORMAL
5160 2026-04-08 07:33:03,361 webull.core.http.initializer.client_initializer INFO _check_token_enable result is True
5160 2026-04-08 07:33:03,363 webull.core.http.initializer.token.token_storage INFO storage_token uses the default configuration, conf.
5160 2026-04-08 07:33:03,367 webull.core.http.initializer.token.token_storage INFO storage_token initialized path:C:\Users\yalil\OneDrive\Desktop\AI-projects\quantitivestocks\conf\token.txt.
5160 2026-04-08 07:33:03,368 webull.core.http.initializer.token.token_storage WARNING storage_token Note: The token file already exists, the latest token configuration will be overwritten and written to the token file after successful 2FA verification. path:C:\Users\yalil\OneDrive\Desktop\AI-projects\quantitivestocks\conf\token.txt.
5160 2026-04-08 07:33:03,368 webull.core.http.initializer.token.token_manager INFO load_token_from_local reading token from file...
5160 2026-04-08 07:33:03,369 webull.core.http.initializer.token.token_manager INFO load_token_from_local read local token result. token:a8391a******03689b expires:1776937170799 status:NORMAL
5160 2026-04-08 07:33:03,635 webull.core.http.initializer.token.token_manager INFO fetch_token_from_server create_token result. token:a8391a******03689b expires:1776937170799 status:NORMAL
5160 2026-04-08 07:33:03,636 webull.core.http.initializer.token.token_manager INFO fetch_token_from_server create_token status is verified, no further check required, returning directly. token:a8391a******03689b expires:1776937170799 status:NORMAL
5160 2026-04-08 07:33:03,636 webull.core.http.initializer.token.token_manager INFO save_token_to_local writing token to local file. token:a8391a******03689b expires:1776937170799 status:NORMAL
5160 2026-04-08 07:33:03,637 webull.core.http.initializer.token.token_manager INFO save_token_to_local writing token to file completed.
5160 2026-04-08 07:33:03,638 webull.core.http.initializer.token.token_manager INFO init_token finished. token:a8391a******03689b expires:1776937170799 status:NORMAL
22656 2026-04-08 07:35:02,971 webull.core.http.initializer.client_initializer INFO _check_token_enable result is True
22656 2026-04-08 07:35:02,973 webull.core.http.initializer.token.token_storage INFO storage_token uses the default configuration, conf.
22656 2026-04-08 07:35:02,975 webull.core.http.initializer.token.token_storage INFO storage_token initialized path:C:\Users\yalil\OneDrive\Desktop\AI-projects\quantitivestocks\conf\token.txt.
22656 2026-04-08 07:35:02,975 webull.core.http.initializer.token.token_storage WARNING storage_token Note: The token file already exists, the latest token configuration will be overwritten and written to the token file after successful 2FA verification. path:C:\Users\yalil\OneDrive\Desktop\AI-projects\quantitivestocks\conf\token.txt.
22656 2026-04-08 07:35:02,976 webull.core.http.initializer.token.token_manager INFO load_token_from_local reading token from file...
22656 2026-04-08 07:35:02,977 webull.core.http.initializer.token.token_manager INFO load_token_from_local read local token result. token:a8391a******03689b expires:1776937170799 status:NORMAL
22656 2026-04-08 07:35:03,318 webull.core.http.initializer.token.token_manager INFO fetch_token_from_server create_token result. token:a8391a******03689b expires:1776937170799 status:NORMAL
22656 2026-04-08 07:35:03,319 webull.core.http.initializer.token.token_manager INFO fetch_token_from_server create_token status is verified, no further check required, returning directly. token:a8391a******03689b expires:1776937170799 status:NORMAL
22656 2026-04-08 07:35:03,320 webull.core.http.initializer.token.token_manager INFO save_token_to_local writing token to local file. token:a8391a******03689b expires:1776937170799 status:NORMAL
22656 2026-04-08 07:35:03,320 webull.core.http.initializer.token.token_manager INFO save_token_to_local writing token to file completed.
22656 2026-04-08 07:35:03,321 webull.core.http.initializer.token.token_manager INFO init_token finished. token:a8391a******03689b expires:1776937170799 status:NORMAL
6908 2026-04-08 07:37:02,706 webull.core.http.initializer.client_initializer INFO _check_token_enable result is True
6908 2026-04-08 07:37:02,707 webull.core.http.initializer.token.token_storage INFO storage_token uses the default configuration, conf.
6908 2026-04-08 07:37:02,708 webull.core.http.initializer.token.token_storage INFO storage_token initialized path:C:\Users\yalil\OneDrive\Desktop\AI-projects\quantitivestocks\conf\token.txt.
6908 2026-04-08 07:37:02,708 webull.core.http.initializer.token.token_storage WARNING storage_token Note: The token file already exists, the latest token configuration will be overwritten and written to the token file after successful 2FA verification. path:C:\Users\yalil\OneDrive\Desktop\AI-projects\quantitivestocks\conf\token.txt.
6908 2026-04-08 07:37:02,709 webull.core.http.initializer.token.token_manager INFO load_token_from_local reading token from file...
6908 2026-04-08 07:37:02,711 webull.core.http.initializer.token.token_manager INFO load_token_from_local read local token result. token:a8391a******03689b expires:1776937170799 status:NORMAL
6908 2026-04-08 07:37:02,975 webull.core.http.initializer.token.token_manager INFO fetch_token_from_server create_token result. token:a8391a******03689b expires:1776937170799 status:NORMAL
6908 2026-04-08 07:37:02,976 webull.core.http.initializer.token.token_manager INFO fetch_token_from_server create_token status is verified, no further check required, returning directly. token:a8391a******03689b expires:1776937170799 status:NORMAL
6908 2026-04-08 07:37:02,976 webull.core.http.initializer.token.token_manager INFO save_token_to_local writing token to local file. token:a8391a******03689b expires:1776937170799 status:NORMAL
6908 2026-04-08 07:37:02,977 webull.core.http.initializer.token.token_manager INFO save_token_to_local writing token to file completed.
6908 2026-04-08 07:37:02,977 webull.core.http.initializer.token.token_manager INFO init_token finished. token:a8391a******03689b expires:1776937170799 status:NORMAL
25408 2026-04-08 07:39:02,920 webull.core.http.initializer.client_initializer INFO _check_token_enable result is True
25408 2026-04-08 07:39:02,922 webull.core.http.initializer.token.token_storage INFO storage_token uses the default configuration, conf.
25408 2026-04-08 07:39:02,923 webull.core.http.initializer.token.token_storage INFO storage_token initialized path:C:\Users\yalil\OneDrive\Desktop\AI-projects\quantitivestocks\conf\token.txt.
25408 2026-04-08 07:39:02,923 webull.core.http.initializer.token.token_storage WARNING storage_token Note: The token file already exists, the latest token configuration will be overwritten and written to the token file after successful 2FA verification. path:C:\Users\yalil\OneDrive\Desktop\AI-projects\quantitivestocks\conf\token.txt.
25408 2026-04-08 07:39:02,924 webull.core.http.initializer.token.token_manager INFO load_token_from_local reading token from file...
25408 2026-04-08 07:39:02,926 webull.core.http.initializer.token.token_manager INFO load_token_from_local read local token result. token:a8391a******03689b expires:1776937170799 status:NORMAL
25408 2026-04-08 07:39:03,149 webull.core.http.initializer.token.token_manager INFO fetch_token_from_server create_token result. token:a8391a******03689b expires:1776937170799 status:NORMAL
25408 2026-04-08 07:39:03,150 webull.core.http.initializer.token.token_manager INFO fetch_token_from_server create_token status is verified, no further check required, returning directly. token:a8391a******03689b expires:1776937170799 status:NORMAL
25408 2026-04-08 07:39:03,151 webull.core.http.initializer.token.token_manager INFO save_token_to_local writing token to local file. token:a8391a******03689b expires:1776937170799 status:NORMAL
25408 2026-04-08 07:39:03,151 webull.core.http.initializer.token.token_manager INFO save_token_to_local writing token to file completed.
25408 2026-04-08 07:39:03,152 webull.core.http.initializer.token.token_manager INFO init_token finished. token:a8391a******03689b expires:1776937170799 status:NORMAL
13900 2026-04-08 07:41:02,888 webull.core.http.initializer.client_initializer INFO _check_token_enable result is True
13900 2026-04-08 07:41:02,890 webull.core.http.initializer.token.token_storage INFO storage_token uses the default configuration, conf.
13900 2026-04-08 07:41:02,891 webull.core.http.initializer.token.token_storage INFO storage_token initialized path:C:\Users\yalil\OneDrive\Desktop\AI-projects\quantitivestocks\conf\token.txt.
13900 2026-04-08 07:41:02,891 webull.core.http.initializer.token.token_storage WARNING storage_token Note: The token file already exists, the latest token configuration will be overwritten and written to the token file after successful 2FA verification. path:C:\Users\yalil\OneDrive\Desktop\AI-projects\quantitivestocks\conf\token.txt.
13900 2026-04-08 07:41:02,892 webull.core.http.initializer.token.token_manager INFO load_token_from_local reading token from file...
13900 2026-04-08 07:41:02,894 webull.core.http.initializer.token.token_manager INFO load_token_from_local read local token result. token:a8391a******03689b expires:1776937170799 status:NORMAL
13900 2026-04-08 07:41:03,199 webull.core.http.initializer.token.token_manager INFO fetch_token_from_server create_token result. token:a8391a******03689b expires:1776937170799 status:NORMAL
13900 2026-04-08 07:41:03,200 webull.core.http.initializer.token.token_manager INFO fetch_token_from_server create_token status is verified, no further check required, returning directly. token:a8391a******03689b expires:1776937170799 status:NORMAL
13900 2026-04-08 07:41:03,201 webull.core.http.initializer.token.token_manager INFO save_token_to_local writing token to local file. token:a8391a******03689b expires:1776937170799 status:NORMAL
13900 2026-04-08 07:41:03,202 webull.core.http.initializer.token.token_manager INFO save_token_to_local writing token to file completed.
13900 2026-04-08 07:41:03,202 webull.core.http.initializer.token.token_manager INFO init_token finished. token:a8391a******03689b expires:1776937170799 status:NORMAL
25084 2026-04-08 07:43:03,122 webull.core.http.initializer.client_initializer INFO _check_token_enable result is True
25084 2026-04-08 07:43:03,124 webull.core.http.initializer.token.token_storage INFO storage_token uses the default configuration, conf.
25084 2026-04-08 07:43:03,124 webull.core.http.initializer.token.token_storage INFO storage_token initialized path:C:\Users\yalil\OneDrive\Desktop\AI-projects\quantitivestocks\conf\token.txt.
25084 2026-04-08 07:43:03,125 webull.core.http.initializer.token.token_storage WARNING storage_token Note: The token file already exists, the latest token configuration will be overwritten and written to the token file after successful 2FA verification. path:C:\Users\yalil\OneDrive\Desktop\AI-projects\quantitivestocks\conf\token.txt.
25084 2026-04-08 07:43:03,126 webull.core.http.initializer.token.token_manager INFO load_token_from_local reading token from file...
25084 2026-04-08 07:43:03,127 webull.core.http.initializer.token.token_manager INFO load_token_from_local read local token result. token:a8391a******03689b expires:1776937170799 status:NORMAL
25084 2026-04-08 07:43:03,298 webull.core.http.initializer.token.token_manager INFO fetch_token_from_server create_token result. token:a8391a******03689b expires:1776937170799 status:NORMAL
25084 2026-04-08 07:43:03,300 webull.core.http.initializer.token.token_manager INFO fetch_token_from_server create_token status is verified, no further check required, returning directly. token:a8391a******03689b expires:1776937170799 status:NORMAL
25084 2026-04-08 07:43:03,300 webull.core.http.initializer.token.token_manager INFO save_token_to_local writing token to local file. token:a8391a******03689b expires:1776937170799 status:NORMAL
25084 2026-04-08 07:43:03,300 webull.core.http.initializer.token.token_manager INFO save_token_to_local writing token to file completed.
25084 2026-04-08 07:43:03,301 webull.core.http.initializer.token.token_manager INFO init_token finished. token:a8391a******03689b expires:1776937170799 status:NORMAL
24484 2026-04-08 07:45:03,462 webull.core.http.initializer.client_initializer INFO _check_token_enable result is True
24484 2026-04-08 07:45:03,463 webull.core.http.initializer.token.token_storage INFO storage_token uses the default configuration, conf.
24484 2026-04-08 07:45:03,464 webull.core.http.initializer.token.token_storage INFO storage_token initialized path:C:\Users\yalil\OneDrive\Desktop\AI-projects\quantitivestocks\conf\token.txt.
24484 2026-04-08 07:45:03,465 webull.core.http.initializer.token.token_storage WARNING storage_token Note: The token file already exists, the latest token configuration will be overwritten and written to the token file after successful 2FA verification. path:C:\Users\yalil\OneDrive\Desktop\AI-projects\quantitivestocks\conf\token.txt.
24484 2026-04-08 07:45:03,465 webull.core.http.initializer.token.token_manager INFO load_token_from_local reading token from file...
24484 2026-04-08 07:45:03,466 webull.core.http.initializer.token.token_manager INFO load_token_from_local read local token result. token:a8391a******03689b expires:1776937170799 status:NORMAL
24484 2026-04-08 07:45:03,625 webull.core.http.initializer.token.token_manager INFO fetch_token_from_server create_token result. token:a8391a******03689b expires:1776937170799 status:NORMAL
24484 2026-04-08 07:45:03,627 webull.core.http.initializer.token.token_manager INFO fetch_token_from_server create_token status is verified, no further check required, returning directly. token:a8391a******03689b expires:1776937170799 status:NORMAL
24484 2026-04-08 07:45:03,627 webull.core.http.initializer.token.token_manager INFO save_token_to_local writing token to local file. token:a8391a******03689b expires:1776937170799 status:NORMAL
24484 2026-04-08 07:45:03,628 webull.core.http.initializer.token.token_manager INFO save_token_to_local writing token to file completed.
24484 2026-04-08 07:45:03,628 webull.core.http.initializer.token.token_manager INFO init_token finished. token:a8391a******03689b expires:1776937170799 status:NORMAL
20212 2026-04-08 07:47:03,708 webull.core.http.initializer.client_initializer INFO _check_token_enable result is True
20212 2026-04-08 07:47:03,711 webull.core.http.initializer.token.token_storage INFO storage_token uses the default configuration, conf.
20212 2026-04-08 07:47:03,713 webull.core.http.initializer.token.token_storage INFO storage_token initialized path:C:\Users\yalil\OneDrive\Desktop\AI-projects\quantitivestocks\conf\token.txt.
20212 2026-04-08 07:47:03,713 webull.core.http.initializer.token.token_storage WARNING storage_token Note: The token file already exists, the latest token configuration will be overwritten and written to the token file after successful 2FA verification. path:C:\Users\yalil\OneDrive\Desktop\AI-projects\quantitivestocks\conf\token.txt.
20212 2026-04-08 07:47:03,714 webull.core.http.initializer.token.token_manager INFO load_token_from_local reading token from file...
20212 2026-04-08 07:47:03,716 webull.core.http.initializer.token.token_manager INFO load_token_from_local read local token result. token:a8391a******03689b expires:1776937170799 status:NORMAL
20212 2026-04-08 07:47:04,069 webull.core.http.initializer.token.token_manager INFO fetch_token_from_server create_token result. token:a8391a******03689b expires:1776937170799 status:NORMAL
20212 2026-04-08 07:47:04,071 webull.core.http.initializer.token.token_manager INFO fetch_token_from_server create_token status is verified, no further check required, returning directly. token:a8391a******03689b expires:1776937170799 status:NORMAL
20212 2026-04-08 07:47:04,071 webull.core.http.initializer.token.token_manager INFO save_token_to_local writing token to local file. token:a8391a******03689b expires:1776937170799 status:NORMAL
20212 2026-04-08 07:47:04,072 webull.core.http.initializer.token.token_manager INFO save_token_to_local writing token to file completed.
20212 2026-04-08 07:47:04,072 webull.core.http.initializer.token.token_manager INFO init_token finished. token:a8391a******03689b expires:1776937170799 status:NORMAL
624 2026-04-08 07:49:04,301 webull.core.http.initializer.client_initializer INFO _check_token_enable result is True
624 2026-04-08 07:49:04,303 webull.core.http.initializer.token.token_storage INFO storage_token uses the default configuration, conf.
624 2026-04-08 07:49:04,305 webull.core.http.initializer.token.token_storage INFO storage_token initialized path:C:\Users\yalil\OneDrive\Desktop\AI-projects\quantitivestocks\conf\token.txt.
624 2026-04-08 07:49:04,305 webull.core.http.initializer.token.token_storage WARNING storage_token Note: The token file already exists, the latest token configuration will be overwritten and written to the token file after successful 2FA verification. path:C:\Users\yalil\OneDrive\Desktop\AI-projects\quantitivestocks\conf\token.txt.
624 2026-04-08 07:49:04,306 webull.core.http.initializer.token.token_manager INFO load_token_from_local reading token from file...
624 2026-04-08 07:49:04,307 webull.core.http.initializer.token.token_manager INFO load_token_from_local read local token result. token:a8391a******03689b expires:1776937170799 status:NORMAL
624 2026-04-08 07:49:04,536 webull.core.http.initializer.token.token_manager INFO fetch_token_from_server create_token result. token:a8391a******03689b expires:1776937170799 status:NORMAL
624 2026-04-08 07:49:04,537 webull.core.http.initializer.token.token_manager INFO fetch_token_from_server create_token status is verified, no further check required, returning directly. token:a8391a******03689b expires:1776937170799 status:NORMAL
624 2026-04-08 07:49:04,538 webull.core.http.initializer.token.token_manager INFO save_token_to_local writing token to local file. token:a8391a******03689b expires:1776937170799 status:NORMAL
624 2026-04-08 07:49:04,538 webull.core.http.initializer.token.token_manager INFO save_token_to_local writing token to file completed.
624 2026-04-08 07:49:04,539 webull.core.http.initializer.token.token_manager INFO init_token finished. token:a8391a******03689b expires:1776937170799 status:NORMAL
23804 2026-04-08 07:51:03,394 webull.core.http.initializer.client_initializer INFO _check_token_enable result is True
23804 2026-04-08 07:51:03,397 webull.core.http.initializer.token.token_storage INFO storage_token uses the default configuration, conf.
23804 2026-04-08 07:51:03,398 webull.core.http.initializer.token.token_storage INFO storage_token initialized path:C:\Users\yalil\OneDrive\Desktop\AI-projects\quantitivestocks\conf\token.txt.
23804 2026-04-08 07:51:03,398 webull.core.http.initializer.token.token_storage WARNING storage_token Note: The token file already exists, the latest token configuration will be overwritten and written to the token file after successful 2FA verification. path:C:\Users\yalil\OneDrive\Desktop\AI-projects\quantitivestocks\conf\token.txt.
23804 2026-04-08 07:51:03,399 webull.core.http.initializer.token.token_manager INFO load_token_from_local reading token from file...
23804 2026-04-08 07:51:03,401 webull.core.http.initializer.token.token_manager INFO load_token_from_local read local token result. token:a8391a******03689b expires:1776937170799 status:NORMAL
23804 2026-04-08 07:51:03,630 webull.core.http.initializer.token.token_manager INFO fetch_token_from_server create_token result. token:a8391a******03689b expires:1776937170799 status:NORMAL
23804 2026-04-08 07:51:03,631 webull.core.http.initializer.token.token_manager INFO fetch_token_from_server create_token status is verified, no further check required, returning directly. token:a8391a******03689b expires:1776937170799 status:NORMAL
23804 2026-04-08 07:51:03,631 webull.core.http.initializer.token.token_manager INFO save_token_to_local writing token to local file. token:a8391a******03689b expires:1776937170799 status:NORMAL
23804 2026-04-08 07:51:03,632 webull.core.http.initializer.token.token_manager INFO save_token_to_local writing token to file completed.
23804 2026-04-08 07:51:03,632 webull.core.http.initializer.token.token_manager INFO init_token finished. token:a8391a******03689b expires:1776937170799 status:NORMAL
3828 2026-04-08 07:53:04,811 webull.core.http.initializer.client_initializer INFO _check_token_enable result is True
3828 2026-04-08 07:53:04,812 webull.core.http.initializer.token.token_storage INFO storage_token uses the default configuration, conf.
3828 2026-04-08 07:53:04,813 webull.core.http.initializer.token.token_storage INFO storage_token initialized path:C:\Users\yalil\OneDrive\Desktop\AI-projects\quantitivestocks\conf\token.txt.
3828 2026-04-08 07:53:04,814 webull.core.http.initializer.token.token_storage WARNING storage_token Note: The token file already exists, the latest token configuration will be overwritten and written to the token file after successful 2FA verification. path:C:\Users\yalil\OneDrive\Desktop\AI-projects\quantitivestocks\conf\token.txt.
3828 2026-04-08 07:53:04,814 webull.core.http.initializer.token.token_manager INFO load_token_from_local reading token from file...
3828 2026-04-08 07:53:04,816 webull.core.http.initializer.token.token_manager INFO load_token_from_local read local token result. token:a8391a******03689b expires:1776937170799 status:NORMAL
3828 2026-04-08 07:53:04,984 webull.core.http.initializer.token.token_manager INFO fetch_token_from_server create_token result. token:a8391a******03689b expires:1776937170799 status:NORMAL
3828 2026-04-08 07:53:04,986 webull.core.http.initializer.token.token_manager INFO fetch_token_from_server create_token status is verified, no further check required, returning directly. token:a8391a******03689b expires:1776937170799 status:NORMAL
3828 2026-04-08 07:53:04,986 webull.core.http.initializer.token.token_manager INFO save_token_to_local writing token to local file. token:a8391a******03689b expires:1776937170799 status:NORMAL
3828 2026-04-08 07:53:04,987 webull.core.http.initializer.token.token_manager INFO save_token_to_local writing token to file completed.
3828 2026-04-08 07:53:04,987 webull.core.http.initializer.token.token_manager INFO init_token finished. token:a8391a******03689b expires:1776937170799 status:NORMAL
4940 2026-04-08 07:55:04,271 webull.core.http.initializer.client_initializer INFO _check_token_enable result is True
4940 2026-04-08 07:55:04,273 webull.core.http.initializer.token.token_storage INFO storage_token uses the default configuration, conf.
4940 2026-04-08 07:55:04,274 webull.core.http.initializer.token.token_storage INFO storage_token initialized path:C:\Users\yalil\OneDrive\Desktop\AI-projects\quantitivestocks\conf\token.txt.
4940 2026-04-08 07:55:04,274 webull.core.http.initializer.token.token_storage WARNING storage_token Note: The token file already exists, the latest token configuration will be overwritten and written to the token file after successful 2FA verification. path:C:\Users\yalil\OneDrive\Desktop\AI-projects\quantitivestocks\conf\token.txt.
4940 2026-04-08 07:55:04,275 webull.core.http.initializer.token.token_manager INFO load_token_from_local reading token from file...
4940 2026-04-08 07:55:04,276 webull.core.http.initializer.token.token_manager INFO load_token_from_local read local token result. token:a8391a******03689b expires:1776937170799 status:NORMAL
4940 2026-04-08 07:55:04,576 webull.core.http.initializer.token.token_manager INFO fetch_token_from_server create_token result. token:a8391a******03689b expires:1776937170799 status:NORMAL
4940 2026-04-08 07:55:04,577 webull.core.http.initializer.token.token_manager INFO fetch_token_from_server create_token status is verified, no further check required, returning directly. token:a8391a******03689b expires:1776937170799 status:NORMAL
4940 2026-04-08 07:55:04,578 webull.core.http.initializer.token.token_manager INFO save_token_to_local writing token to local file. token:a8391a******03689b expires:1776937170799 status:NORMAL
4940 2026-04-08 07:55:04,579 webull.core.http.initializer.token.token_manager INFO save_token_to_local writing token to file completed.
4940 2026-04-08 07:55:04,579 webull.core.http.initializer.token.token_manager INFO init_token finished. token:a8391a******03689b expires:1776937170799 status:NORMAL
24480 2026-04-08 07:57:03,912 webull.core.http.initializer.client_initializer INFO _check_token_enable result is True
24480 2026-04-08 07:57:03,915 webull.core.http.initializer.token.token_storage INFO storage_token uses the default configuration, conf.
24480 2026-04-08 07:57:03,916 webull.core.http.initializer.token.token_storage INFO storage_token initialized path:C:\Users\yalil\OneDrive\Desktop\AI-projects\quantitivestocks\conf\token.txt.
24480 2026-04-08 07:57:03,916 webull.core.http.initializer.token.token_storage WARNING storage_token Note: The token file already exists, the latest token configuration will be overwritten and written to the token file after successful 2FA verification. path:C:\Users\yalil\OneDrive\Desktop\AI-projects\quantitivestocks\conf\token.txt.
24480 2026-04-08 07:57:03,917 webull.core.http.initializer.token.token_manager INFO load_token_from_local reading token from file...
24480 2026-04-08 07:57:03,918 webull.core.http.initializer.token.token_manager INFO load_token_from_local read local token result. token:a8391a******03689b expires:1776937170799 status:NORMAL
24480 2026-04-08 07:57:04,212 webull.core.http.initializer.token.token_manager INFO fetch_token_from_server create_token result. token:a8391a******03689b expires:1776937170799 status:NORMAL
24480 2026-04-08 07:57:04,213 webull.core.http.initializer.token.token_manager INFO fetch_token_from_server create_token status is verified, no further check required, returning directly. token:a8391a******03689b expires:1776937170799 status:NORMAL
24480 2026-04-08 07:57:04,214 webull.core.http.initializer.token.token_manager INFO save_token_to_local writing token to local file. token:a8391a******03689b expires:1776937170799 status:NORMAL
24480 2026-04-08 07:57:04,215 webull.core.http.initializer.token.token_manager INFO save_token_to_local writing token to file completed.
24480 2026-04-08 07:57:04,215 webull.core.http.initializer.token.token_manager INFO init_token finished. token:a8391a******03689b expires:1776937170799 status:NORMAL
22500 2026-04-08 07:59:04,333 webull.core.http.initializer.client_initializer INFO _check_token_enable result is True
22500 2026-04-08 07:59:04,336 webull.core.http.initializer.token.token_storage INFO storage_token uses the default configuration, conf.
22500 2026-04-08 07:59:04,337 webull.core.http.initializer.token.token_storage INFO storage_token initialized path:C:\Users\yalil\OneDrive\Desktop\AI-projects\quantitivestocks\conf\token.txt.
22500 2026-04-08 07:59:04,337 webull.core.http.initializer.token.token_storage WARNING storage_token Note: The token file already exists, the latest token configuration will be overwritten and written to the token file after successful 2FA verification. path:C:\Users\yalil\OneDrive\Desktop\AI-projects\quantitivestocks\conf\token.txt.
22500 2026-04-08 07:59:04,337 webull.core.http.initializer.token.token_manager INFO load_token_from_local reading token from file...
22500 2026-04-08 07:59:04,339 webull.core.http.initializer.token.token_manager INFO load_token_from_local read local token result. token:a8391a******03689b expires:1776937170799 status:NORMAL
22500 2026-04-08 07:59:04,718 webull.core.http.initializer.token.token_manager INFO fetch_token_from_server create_token result. token:a8391a******03689b expires:1776937170799 status:NORMAL
22500 2026-04-08 07:59:04,720 webull.core.http.initializer.token.token_manager INFO fetch_token_from_server create_token status is verified, no further check required, returning directly. token:a8391a******03689b expires:1776937170799 status:NORMAL
22500 2026-04-08 07:59:04,720 webull.core.http.initializer.token.token_manager INFO save_token_to_local writing token to local file. token:a8391a******03689b expires:1776937170799 status:NORMAL
22500 2026-04-08 07:59:04,721 webull.core.http.initializer.token.token_manager INFO save_token_to_local writing token to file completed.
22500 2026-04-08 07:59:04,721 webull.core.http.initializer.token.token_manager INFO init_token finished. token:a8391a******03689b expires:1776937170799 status:NORMAL
604 2026-04-08 08:01:04,263 webull.core.http.initializer.client_initializer INFO _check_token_enable result is True
604 2026-04-08 08:01:04,265 webull.core.http.initializer.token.token_storage INFO storage_token uses the default configuration, conf.
604 2026-04-08 08:01:04,267 webull.core.http.initializer.token.token_storage INFO storage_token initialized path:C:\Users\yalil\OneDrive\Desktop\AI-projects\quantitivestocks\conf\token.txt.
604 2026-04-08 08:01:04,268 webull.core.http.initializer.token.token_storage WARNING storage_token Note: The token file already exists, the latest token configuration will be overwritten and written to the token file after successful 2FA verification. path:C:\Users\yalil\OneDrive\Desktop\AI-projects\quantitivestocks\conf\token.txt.
604 2026-04-08 08:01:04,268 webull.core.http.initializer.token.token_manager INFO load_token_from_local reading token from file...
604 2026-04-08 08:01:04,270 webull.core.http.initializer.token.token_manager INFO load_token_from_local read local token result. token:a8391a******03689b expires:1776937170799 status:NORMAL
604 2026-04-08 08:01:04,430 webull.core.http.initializer.token.token_manager INFO fetch_token_from_server create_token result. token:a8391a******03689b expires:1776937170799 status:NORMAL
604 2026-04-08 08:01:04,432 webull.core.http.initializer.token.token_manager INFO fetch_token_from_server create_token status is verified, no further check required, returning directly. token:a8391a******03689b expires:1776937170799 status:NORMAL
604 2026-04-08 08:01:04,432 webull.core.http.initializer.token.token_manager INFO save_token_to_local writing token to local file. token:a8391a******03689b expires:1776937170799 status:NORMAL
604 2026-04-08 08:01:04,433 webull.core.http.initializer.token.token_manager INFO save_token_to_local writing token to file completed.
604 2026-04-08 08:01:04,433 webull.core.http.initializer.token.token_manager INFO init_token finished. token:a8391a******03689b expires:1776937170799 status:NORMAL
20416 2026-04-08 08:03:04,349 webull.core.http.initializer.client_initializer INFO _check_token_enable result is True
20416 2026-04-08 08:03:04,351 webull.core.http.initializer.token.token_storage INFO storage_token uses the default configuration, conf.
20416 2026-04-08 08:03:04,352 webull.core.http.initializer.token.token_storage INFO storage_token initialized path:C:\Users\yalil\OneDrive\Desktop\AI-projects\quantitivestocks\conf\token.txt.
20416 2026-04-08 08:03:04,352 webull.core.http.initializer.token.token_storage WARNING storage_token Note: The token file already exists, the latest token configuration will be overwritten and written to the token file after successful 2FA verification. path:C:\Users\yalil\OneDrive\Desktop\AI-projects\quantitivestocks\conf\token.txt.
20416 2026-04-08 08:03:04,353 webull.core.http.initializer.token.token_manager INFO load_token_from_local reading token from file...
20416 2026-04-08 08:03:04,354 webull.core.http.initializer.token.token_manager INFO load_token_from_local read local token result. token:a8391a******03689b expires:1776937170799 status:NORMAL
20416 2026-04-08 08:03:04,543 webull.core.http.initializer.token.token_manager INFO fetch_token_from_server create_token result. token:a8391a******03689b expires:1776937170799 status:NORMAL
20416 2026-04-08 08:03:04,544 webull.core.http.initializer.token.token_manager INFO fetch_token_from_server create_token status is verified, no further check required, returning directly. token:a8391a******03689b expires:1776937170799 status:NORMAL
20416 2026-04-08 08:03:04,545 webull.core.http.initializer.token.token_manager INFO save_token_to_local writing token to local file. token:a8391a******03689b expires:1776937170799 status:NORMAL
20416 2026-04-08 08:03:04,545 webull.core.http.initializer.token.token_manager INFO save_token_to_local writing token to file completed.
20416 2026-04-08 08:03:04,546 webull.core.http.initializer.token.token_manager INFO init_token finished. token:a8391a******03689b expires:1776937170799 status:NORMAL
4412 2026-04-08 08:05:04,494 webull.core.http.initializer.client_initializer INFO _check_token_enable result is True
4412 2026-04-08 08:05:04,496 webull.core.http.initializer.token.token_storage INFO storage_token uses the default configuration, conf.
4412 2026-04-08 08:05:04,497 webull.core.http.initializer.token.token_storage INFO storage_token initialized path:C:\Users\yalil\OneDrive\Desktop\AI-projects\quantitivestocks\conf\token.txt.
4412 2026-04-08 08:05:04,497 webull.core.http.initializer.token.token_storage WARNING storage_token Note: The token file already exists, the latest token configuration will be overwritten and written to the token file after successful 2FA verification. path:C:\Users\yalil\OneDrive\Desktop\AI-projects\quantitivestocks\conf\token.txt.
4412 2026-04-08 08:05:04,497 webull.core.http.initializer.token.token_manager INFO load_token_from_local reading token from file...
4412 2026-04-08 08:05:04,499 webull.core.http.initializer.token.token_manager INFO load_token_from_local read local token result. token:a8391a******03689b expires:1776937170799 status:NORMAL
4412 2026-04-08 08:05:04,659 webull.core.http.initializer.token.token_manager INFO fetch_token_from_server create_token result. token:a8391a******03689b expires:1776937170799 status:NORMAL
4412 2026-04-08 08:05:04,661 webull.core.http.initializer.token.token_manager INFO fetch_token_from_server create_token status is verified, no further check required, returning directly. token:a8391a******03689b expires:1776937170799 status:NORMAL
4412 2026-04-08 08:05:04,661 webull.core.http.initializer.token.token_manager INFO save_token_to_local writing token to local file. token:a8391a******03689b expires:1776937170799 status:NORMAL
4412 2026-04-08 08:05:04,662 webull.core.http.initializer.token.token_manager INFO save_token_to_local writing token to file completed.
4412 2026-04-08 08:05:04,663 webull.core.http.initializer.token.token_manager INFO init_token finished. token:a8391a******03689b expires:1776937170799 status:NORMAL
5124 2026-04-08 08:07:04,345 webull.core.http.initializer.client_initializer INFO _check_token_enable result is True
5124 2026-04-08 08:07:04,347 webull.core.http.initializer.token.token_storage INFO storage_token uses the default configuration, conf.
5124 2026-04-08 08:07:04,348 webull.core.http.initializer.token.token_storage INFO storage_token initialized path:C:\Users\yalil\OneDrive\Desktop\AI-projects\quantitivestocks\conf\token.txt.
5124 2026-04-08 08:07:04,348 webull.core.http.initializer.token.token_storage WARNING storage_token Note: The token file already exists, the latest token configuration will be overwritten and written to the token file after successful 2FA verification. path:C:\Users\yalil\OneDrive\Desktop\AI-projects\quantitivestocks\conf\token.txt.
5124 2026-04-08 08:07:04,350 webull.core.http.initializer.token.token_manager INFO load_token_from_local reading token from file...
5124 2026-04-08 08:07:04,351 webull.core.http.initializer.token.token_manager INFO load_token_from_local read local token result. token:a8391a******03689b expires:1776937170799 status:NORMAL
5124 2026-04-08 08:07:04,574 webull.core.http.initializer.token.token_manager INFO fetch_token_from_server create_token result. token:a8391a******03689b expires:1776937170799 status:NORMAL
5124 2026-04-08 08:07:04,576 webull.core.http.initializer.token.token_manager INFO fetch_token_from_server create_token status is verified, no further check required, returning directly. token:a8391a******03689b expires:1776937170799 status:NORMAL
5124 2026-04-08 08:07:04,576 webull.core.http.initializer.token.token_manager INFO save_token_to_local writing token to local file. token:a8391a******03689b expires:1776937170799 status:NORMAL
5124 2026-04-08 08:07:04,577 webull.core.http.initializer.token.token_manager INFO save_token_to_local writing token to file completed.
5124 2026-04-08 08:07:04,578 webull.core.http.initializer.token.token_manager INFO init_token finished. token:a8391a******03689b expires:1776937170799 status:NORMAL
16760 2026-04-08 08:09:04,409 webull.core.http.initializer.client_initializer INFO _check_token_enable result is True
16760 2026-04-08 08:09:04,410 webull.core.http.initializer.token.token_storage INFO storage_token uses the default configuration, conf.
16760 2026-04-08 08:09:04,416 webull.core.http.initializer.token.token_storage INFO storage_token initialized path:C:\Users\yalil\OneDrive\Desktop\AI-projects\quantitivestocks\conf\token.txt.
16760 2026-04-08 08:09:04,416 webull.core.http.initializer.token.token_storage WARNING storage_token Note: The token file already exists, the latest token configuration will be overwritten and written to the token file after successful 2FA verification. path:C:\Users\yalil\OneDrive\Desktop\AI-projects\quantitivestocks\conf\token.txt.
16760 2026-04-08 08:09:04,419 webull.core.http.initializer.token.token_manager INFO load_token_from_local reading token from file...
16760 2026-04-08 08:09:04,420 webull.core.http.initializer.token.token_manager INFO load_token_from_local read local token result. token:a8391a******03689b expires:1776937170799 status:NORMAL
16760 2026-04-08 08:09:04,706 webull.core.http.initializer.token.token_manager INFO fetch_token_from_server create_token result. token:a8391a******03689b expires:1776937170799 status:NORMAL
16760 2026-04-08 08:09:04,707 webull.core.http.initializer.token.token_manager INFO fetch_token_from_server create_token status is verified, no further check required, returning directly. token:a8391a******03689b expires:1776937170799 status:NORMAL
16760 2026-04-08 08:09:04,708 webull.core.http.initializer.token.token_manager INFO save_token_to_local writing token to local file. token:a8391a******03689b expires:1776937170799 status:NORMAL
16760 2026-04-08 08:09:04,708 webull.core.http.initializer.token.token_manager INFO save_token_to_local writing token to file completed.
16760 2026-04-08 08:09:04,709 webull.core.http.initializer.token.token_manager INFO init_token finished. token:a8391a******03689b expires:1776937170799 status:NORMAL
15872 2026-04-08 08:11:04,804 webull.core.http.initializer.client_initializer INFO _check_token_enable result is True
15872 2026-04-08 08:11:04,806 webull.core.http.initializer.token.token_storage INFO storage_token uses the default configuration, conf.
15872 2026-04-08 08:11:04,808 webull.core.http.initializer.token.token_storage INFO storage_token initialized path:C:\Users\yalil\OneDrive\Desktop\AI-projects\quantitivestocks\conf\token.txt.
15872 2026-04-08 08:11:04,808 webull.core.http.initializer.token.token_storage WARNING storage_token Note: The token file already exists, the latest token configuration will be overwritten and written to the token file after successful 2FA verification. path:C:\Users\yalil\OneDrive\Desktop\AI-projects\quantitivestocks\conf\token.txt.
15872 2026-04-08 08:11:04,808 webull.core.http.initializer.token.token_manager INFO load_token_from_local reading token from file...
15872 2026-04-08 08:11:04,810 webull.core.http.initializer.token.token_manager INFO load_token_from_local read local token result. token:a8391a******03689b expires:1776937170799 status:NORMAL
15872 2026-04-08 08:11:04,977 webull.core.http.initializer.token.token_manager INFO fetch_token_from_server create_token result. token:a8391a******03689b expires:1776937170799 status:NORMAL
15872 2026-04-08 08:11:04,979 webull.core.http.initializer.token.token_manager INFO fetch_token_from_server create_token status is verified, no further check required, returning directly. token:a8391a******03689b expires:1776937170799 status:NORMAL
15872 2026-04-08 08:11:04,979 webull.core.http.initializer.token.token_manager INFO save_token_to_local writing token to local file. token:a8391a******03689b expires:1776937170799 status:NORMAL
15872 2026-04-08 08:11:04,980 webull.core.http.initializer.token.token_manager INFO save_token_to_local writing token to file completed.
15872 2026-04-08 08:11:04,980 webull.core.http.initializer.token.token_manager INFO init_token finished. token:a8391a******03689b expires:1776937170799 status:NORMAL
18768 2026-04-08 08:13:04,806 webull.core.http.initializer.client_initializer INFO _check_token_enable result is True
18768 2026-04-08 08:13:04,807 webull.core.http.initializer.token.token_storage INFO storage_token uses the default configuration, conf.
18768 2026-04-08 08:13:04,809 webull.core.http.initializer.token.token_storage INFO storage_token initialized path:C:\Users\yalil\OneDrive\Desktop\AI-projects\quantitivestocks\conf\token.txt.
18768 2026-04-08 08:13:04,810 webull.core.http.initializer.token.token_storage WARNING storage_token Note: The token file already exists, the latest token configuration will be overwritten and written to the token file after successful 2FA verification. path:C:\Users\yalil\OneDrive\Desktop\AI-projects\quantitivestocks\conf\token.txt.
18768 2026-04-08 08:13:04,810 webull.core.http.initializer.token.token_manager INFO load_token_from_local reading token from file...
18768 2026-04-08 08:13:04,811 webull.core.http.initializer.token.token_manager INFO load_token_from_local read local token result. token:a8391a******03689b expires:1776937170799 status:NORMAL
18768 2026-04-08 08:13:05,142 webull.core.http.initializer.token.token_manager INFO fetch_token_from_server create_token result. token:a8391a******03689b expires:1776937170799 status:NORMAL
18768 2026-04-08 08:13:05,144 webull.core.http.initializer.token.token_manager INFO fetch_token_from_server create_token status is verified, no further check required, returning directly. token:a8391a******03689b expires:1776937170799 status:NORMAL
18768 2026-04-08 08:13:05,144 webull.core.http.initializer.token.token_manager INFO save_token_to_local writing token to local file. token:a8391a******03689b expires:1776937170799 status:NORMAL
18768 2026-04-08 08:13:05,145 webull.core.http.initializer.token.token_manager INFO save_token_to_local writing token to file completed.
18768 2026-04-08 08:13:05,145 webull.core.http.initializer.token.token_manager INFO init_token finished. token:a8391a******03689b expires:1776937170799 status:NORMAL
15992 2026-04-08 08:15:04,925 webull.core.http.initializer.client_initializer INFO _check_token_enable result is True
15992 2026-04-08 08:15:04,927 webull.core.http.initializer.token.token_storage INFO storage_token uses the default configuration, conf.
15992 2026-04-08 08:15:04,928 webull.core.http.initializer.token.token_storage INFO storage_token initialized path:C:\Users\yalil\OneDrive\Desktop\AI-projects\quantitivestocks\conf\token.txt.
15992 2026-04-08 08:15:04,928 webull.core.http.initializer.token.token_storage WARNING storage_token Note: The token file already exists, the latest token configuration will be overwritten and written to the token file after successful 2FA verification. path:C:\Users\yalil\OneDrive\Desktop\AI-projects\quantitivestocks\conf\token.txt.
15992 2026-04-08 08:15:04,929 webull.core.http.initializer.token.token_manager INFO load_token_from_local reading token from file...
15992 2026-04-08 08:15:04,930 webull.core.http.initializer.token.token_manager INFO load_token_from_local read local token result. token:a8391a******03689b expires:1776937170799 status:NORMAL
15992 2026-04-08 08:15:05,187 webull.core.http.initializer.token.token_manager INFO fetch_token_from_server create_token result. token:a8391a******03689b expires:1776937170799 status:NORMAL
15992 2026-04-08 08:15:05,188 webull.core.http.initializer.token.token_manager INFO fetch_token_from_server create_token status is verified, no further check required, returning directly. token:a8391a******03689b expires:1776937170799 status:NORMAL
15992 2026-04-08 08:15:05,189 webull.core.http.initializer.token.token_manager INFO save_token_to_local writing token to local file. token:a8391a******03689b expires:1776937170799 status:NORMAL
15992 2026-04-08 08:15:05,189 webull.core.http.initializer.token.token_manager INFO save_token_to_local writing token to file completed.
15992 2026-04-08 08:15:05,189 webull.core.http.initializer.token.token_manager INFO init_token finished. token:a8391a******03689b expires:1776937170799 status:NORMAL
10440 2026-04-08 08:17:04,988 webull.core.http.initializer.client_initializer INFO _check_token_enable result is True
10440 2026-04-08 08:17:04,990 webull.core.http.initializer.token.token_storage INFO storage_token uses the default configuration, conf.
10440 2026-04-08 08:17:04,992 webull.core.http.initializer.token.token_storage INFO storage_token initialized path:C:\Users\yalil\OneDrive\Desktop\AI-projects\quantitivestocks\conf\token.txt.
10440 2026-04-08 08:17:04,993 webull.core.http.initializer.token.token_storage WARNING storage_token Note: The token file already exists, the latest token configuration will be overwritten and written to the token file after successful 2FA verification. path:C:\Users\yalil\OneDrive\Desktop\AI-projects\quantitivestocks\conf\token.txt.
10440 2026-04-08 08:17:04,993 webull.core.http.initializer.token.token_manager INFO load_token_from_local reading token from file...
10440 2026-04-08 08:17:04,995 webull.core.http.initializer.token.token_manager INFO load_token_from_local read local token result. token:a8391a******03689b expires:1776937170799 status:NORMAL
10440 2026-04-08 08:17:05,240 webull.core.http.initializer.token.token_manager INFO fetch_token_from_server create_token result. token:a8391a******03689b expires:1776937170799 status:NORMAL
10440 2026-04-08 08:17:05,241 webull.core.http.initializer.token.token_manager INFO fetch_token_from_server create_token status is verified, no further check required, returning directly. token:a8391a******03689b expires:1776937170799 status:NORMAL
10440 2026-04-08 08:17:05,242 webull.core.http.initializer.token.token_manager INFO save_token_to_local writing token to local file. token:a8391a******03689b expires:1776937170799 status:NORMAL
10440 2026-04-08 08:17:05,243 webull.core.http.initializer.token.token_manager INFO save_token_to_local writing token to file completed.
10440 2026-04-08 08:17:05,243 webull.core.http.initializer.token.token_manager INFO init_token finished. token:a8391a******03689b expires:1776937170799 status:NORMAL
24888 2026-04-08 08:19:05,021 webull.core.http.initializer.client_initializer INFO _check_token_enable result is True
24888 2026-04-08 08:19:05,023 webull.core.http.initializer.token.token_storage INFO storage_token uses the default configuration, conf.
24888 2026-04-08 08:19:05,024 webull.core.http.initializer.token.token_storage INFO storage_token initialized path:C:\Users\yalil\OneDrive\Desktop\AI-projects\quantitivestocks\conf\token.txt.
24888 2026-04-08 08:19:05,025 webull.core.http.initializer.token.token_storage WARNING storage_token Note: The token file already exists, the latest token configuration will be overwritten and written to the token file after successful 2FA verification. path:C:\Users\yalil\OneDrive\Desktop\AI-projects\quantitivestocks\conf\token.txt.
24888 2026-04-08 08:19:05,026 webull.core.http.initializer.token.token_manager INFO load_token_from_local reading token from file...
24888 2026-04-08 08:19:05,027 webull.core.http.initializer.token.token_manager INFO load_token_from_local read local token result. token:a8391a******03689b expires:1776937170799 status:NORMAL
24888 2026-04-08 08:19:05,384 webull.core.http.initializer.token.token_manager INFO fetch_token_from_server create_token result. token:a8391a******03689b expires:1776937170799 status:NORMAL
24888 2026-04-08 08:19:05,386 webull.core.http.initializer.token.token_manager INFO fetch_token_from_server create_token status is verified, no further check required, returning directly. token:a8391a******03689b expires:1776937170799 status:NORMAL
24888 2026-04-08 08:19:05,386 webull.core.http.initializer.token.token_manager INFO save_token_to_local writing token to local file. token:a8391a******03689b expires:1776937170799 status:NORMAL
24888 2026-04-08 08:19:05,387 webull.core.http.initializer.token.token_manager INFO save_token_to_local writing token to file completed.
24888 2026-04-08 08:19:05,387 webull.core.http.initializer.token.token_manager INFO init_token finished. token:a8391a******03689b expires:1776937170799 status:NORMAL
24052 2026-04-08 08:21:04,985 webull.core.http.initializer.client_initializer INFO _check_token_enable result is True
24052 2026-04-08 08:21:04,988 webull.core.http.initializer.token.token_storage INFO storage_token uses the default configuration, conf.
24052 2026-04-08 08:21:04,989 webull.core.http.initializer.token.token_storage INFO storage_token initialized path:C:\Users\yalil\OneDrive\Desktop\AI-projects\quantitivestocks\conf\token.txt.
24052 2026-04-08 08:21:04,989 webull.core.http.initializer.token.token_storage WARNING storage_token Note: The token file already exists, the latest token configuration will be overwritten and written to the token file after successful 2FA verification. path:C:\Users\yalil\OneDrive\Desktop\AI-projects\quantitivestocks\conf\token.txt.
24052 2026-04-08 08:21:04,990 webull.core.http.initializer.token.token_manager INFO load_token_from_local reading token from file...
24052 2026-04-08 08:21:04,991 webull.core.http.initializer.token.token_manager INFO load_token_from_local read local token result. token:a8391a******03689b expires:1776937170799 status:NORMAL
24052 2026-04-08 08:21:05,162 webull.core.http.initializer.token.token_manager INFO fetch_token_from_server create_token result. token:a8391a******03689b expires:1776937170799 status:NORMAL
24052 2026-04-08 08:21:05,164 webull.core.http.initializer.token.token_manager INFO fetch_token_from_server create_token status is verified, no further check required, returning directly. token:a8391a******03689b expires:1776937170799 status:NORMAL
24052 2026-04-08 08:21:05,164 webull.core.http.initializer.token.token_manager INFO save_token_to_local writing token to local file. token:a8391a******03689b expires:1776937170799 status:NORMAL
24052 2026-04-08 08:21:05,165 webull.core.http.initializer.token.token_manager INFO save_token_to_local writing token to file completed.
24052 2026-04-08 08:21:05,165 webull.core.http.initializer.token.token_manager INFO init_token finished. token:a8391a******03689b expires:1776937170799 status:NORMAL
20108 2026-04-08 08:23:05,009 webull.core.http.initializer.client_initializer INFO _check_token_enable result is True
20108 2026-04-08 08:23:05,011 webull.core.http.initializer.token.token_storage INFO storage_token uses the default configuration, conf.
20108 2026-04-08 08:23:05,011 webull.core.http.initializer.token.token_storage INFO storage_token initialized path:C:\Users\yalil\OneDrive\Desktop\AI-projects\quantitivestocks\conf\token.txt.
20108 2026-04-08 08:23:05,012 webull.core.http.initializer.token.token_storage WARNING storage_token Note: The token file already exists, the latest token configuration will be overwritten and written to the token file after successful 2FA verification. path:C:\Users\yalil\OneDrive\Desktop\AI-projects\quantitivestocks\conf\token.txt.
20108 2026-04-08 08:23:05,013 webull.core.http.initializer.token.token_manager INFO load_token_from_local reading token from file...
20108 2026-04-08 08:23:05,014 webull.core.http.initializer.token.token_manager INFO load_token_from_local read local token result. token:a8391a******03689b expires:1776937170799 status:NORMAL
20108 2026-04-08 08:23:05,317 webull.core.http.initializer.token.token_manager INFO fetch_token_from_server create_token result. token:a8391a******03689b expires:1776937170799 status:NORMAL
20108 2026-04-08 08:23:05,318 webull.core.http.initializer.token.token_manager INFO fetch_token_from_server create_token status is verified, no further check required, returning directly. token:a8391a******03689b expires:1776937170799 status:NORMAL
20108 2026-04-08 08:23:05,318 webull.core.http.initializer.token.token_manager INFO save_token_to_local writing token to local file. token:a8391a******03689b expires:1776937170799 status:NORMAL
20108 2026-04-08 08:23:05,319 webull.core.http.initializer.token.token_manager INFO save_token_to_local writing token to file completed.
20108 2026-04-08 08:23:05,320 webull.core.http.initializer.token.token_manager INFO init_token finished. token:a8391a******03689b expires:1776937170799 status:NORMAL
13632 2026-04-08 08:25:05,351 webull.core.http.initializer.client_initializer INFO _check_token_enable result is True
13632 2026-04-08 08:25:05,353 webull.core.http.initializer.token.token_storage INFO storage_token uses the default configuration, conf.
13632 2026-04-08 08:25:05,354 webull.core.http.initializer.token.token_storage INFO storage_token initialized path:C:\Users\yalil\OneDrive\Desktop\AI-projects\quantitivestocks\conf\token.txt.
13632 2026-04-08 08:25:05,354 webull.core.http.initializer.token.token_storage WARNING storage_token Note: The token file already exists, the latest token configuration will be overwritten and written to the token file after successful 2FA verification. path:C:\Users\yalil\OneDrive\Desktop\AI-projects\quantitivestocks\conf\token.txt.
13632 2026-04-08 08:25:05,354 webull.core.http.initializer.token.token_manager INFO load_token_from_local reading token from file...
13632 2026-04-08 08:25:05,356 webull.core.http.initializer.token.token_manager INFO load_token_from_local read local token result. token:a8391a******03689b expires:1776937170799 status:NORMAL
13632 2026-04-08 08:25:05,515 webull.core.http.initializer.token.token_manager INFO fetch_token_from_server create_token result. token:a8391a******03689b expires:1776937170799 status:NORMAL
13632 2026-04-08 08:25:05,516 webull.core.http.initializer.token.token_manager INFO fetch_token_from_server create_token status is verified, no further check required, returning directly. token:a8391a******03689b expires:1776937170799 status:NORMAL
13632 2026-04-08 08:25:05,517 webull.core.http.initializer.token.token_manager INFO save_token_to_local writing token to local file. token:a8391a******03689b expires:1776937170799 status:NORMAL
13632 2026-04-08 08:25:05,518 webull.core.http.initializer.token.token_manager INFO save_token_to_local writing token to file completed.
13632 2026-04-08 08:25:05,518 webull.core.http.initializer.token.token_manager INFO init_token finished. token:a8391a******03689b expires:1776937170799 status:NORMAL
24664 2026-04-08 08:27:05,570 webull.core.http.initializer.client_initializer INFO _check_token_enable result is True
24664 2026-04-08 08:27:05,572 webull.core.http.initializer.token.token_storage INFO storage_token uses the default configuration, conf.
24664 2026-04-08 08:27:05,574 webull.core.http.initializer.token.token_storage INFO storage_token initialized path:C:\Users\yalil\OneDrive\Desktop\AI-projects\quantitivestocks\conf\token.txt.
24664 2026-04-08 08:27:05,575 webull.core.http.initializer.token.token_storage WARNING storage_token Note: The token file already exists, the latest token configuration will be overwritten and written to the token file after successful 2FA verification. path:C:\Users\yalil\OneDrive\Desktop\AI-projects\quantitivestocks\conf\token.txt.
24664 2026-04-08 08:27:05,575 webull.core.http.initializer.token.token_manager INFO load_token_from_local reading token from file...
24664 2026-04-08 08:27:05,576 webull.core.http.initializer.token.token_manager INFO load_token_from_local read local token result. token:a8391a******03689b expires:1776937170799 status:NORMAL
24664 2026-04-08 08:27:05,917 webull.core.http.initializer.token.token_manager INFO fetch_token_from_server create_token result. token:a8391a******03689b expires:1776937170799 status:NORMAL
24664 2026-04-08 08:27:05,919 webull.core.http.initializer.token.token_manager INFO fetch_token_from_server create_token status is verified, no further check required, returning directly. token:a8391a******03689b expires:1776937170799 status:NORMAL
24664 2026-04-08 08:27:05,919 webull.core.http.initializer.token.token_manager INFO save_token_to_local writing token to local file. token:a8391a******03689b expires:1776937170799 status:NORMAL
24664 2026-04-08 08:27:05,919 webull.core.http.initializer.token.token_manager INFO save_token_to_local writing token to file completed.
24664 2026-04-08 08:27:05,920 webull.core.http.initializer.token.token_manager INFO init_token finished. token:a8391a******03689b expires:1776937170799 status:NORMAL
1492 2026-04-08 08:29:05,804 webull.core.http.initializer.client_initializer INFO _check_token_enable result is True
1492 2026-04-08 08:29:05,806 webull.core.http.initializer.token.token_storage INFO storage_token uses the default configuration, conf.
1492 2026-04-08 08:29:05,808 webull.core.http.initializer.token.token_storage INFO storage_token initialized path:C:\Users\yalil\OneDrive\Desktop\AI-projects\quantitivestocks\conf\token.txt.
1492 2026-04-08 08:29:05,808 webull.core.http.initializer.token.token_storage WARNING storage_token Note: The token file already exists, the latest token configuration will be overwritten and written to the token file after successful 2FA verification. path:C:\Users\yalil\OneDrive\Desktop\AI-projects\quantitivestocks\conf\token.txt.
1492 2026-04-08 08:29:05,809 webull.core.http.initializer.token.token_manager INFO load_token_from_local reading token from file...
1492 2026-04-08 08:29:05,810 webull.core.http.initializer.token.token_manager INFO load_token_from_local read local token result. token:a8391a******03689b expires:1776937170799 status:NORMAL
1492 2026-04-08 08:29:06,059 webull.core.http.initializer.token.token_manager INFO fetch_token_from_server create_token result. token:a8391a******03689b expires:1776937170799 status:NORMAL
1492 2026-04-08 08:29:06,061 webull.core.http.initializer.token.token_manager INFO fetch_token_from_server create_token status is verified, no further check required, returning directly. token:a8391a******03689b expires:1776937170799 status:NORMAL
1492 2026-04-08 08:29:06,061 webull.core.http.initializer.token.token_manager INFO save_token_to_local writing token to local file. token:a8391a******03689b expires:1776937170799 status:NORMAL
1492 2026-04-08 08:29:06,062 webull.core.http.initializer.token.token_manager INFO save_token_to_local writing token to file completed.
1492 2026-04-08 08:29:06,062 webull.core.http.initializer.token.token_manager INFO init_token finished. token:a8391a******03689b expires:1776937170799 status:NORMAL
22112 2026-04-08 08:31:05,635 webull.core.http.initializer.client_initializer INFO _check_token_enable result is True
22112 2026-04-08 08:31:05,637 webull.core.http.initializer.token.token_storage INFO storage_token uses the default configuration, conf.
22112 2026-04-08 08:31:05,638 webull.core.http.initializer.token.token_storage INFO storage_token initialized path:C:\Users\yalil\OneDrive\Desktop\AI-projects\quantitivestocks\conf\token.txt.
22112 2026-04-08 08:31:05,638 webull.core.http.initializer.token.token_storage WARNING storage_token Note: The token file already exists, the latest token configuration will be overwritten and written to the token file after successful 2FA verification. path:C:\Users\yalil\OneDrive\Desktop\AI-projects\quantitivestocks\conf\token.txt.
22112 2026-04-08 08:31:05,639 webull.core.http.initializer.token.token_manager INFO load_token_from_local reading token from file...
22112 2026-04-08 08:31:05,640 webull.core.http.initializer.token.token_manager INFO load_token_from_local read local token result. token:a8391a******03689b expires:1776937170799 status:NORMAL
22112 2026-04-08 08:31:05,809 webull.core.http.initializer.token.token_manager INFO fetch_token_from_server create_token result. token:a8391a******03689b expires:1776937170799 status:NORMAL
22112 2026-04-08 08:31:05,811 webull.core.http.initializer.token.token_manager INFO fetch_token_from_server create_token status is verified, no further check required, returning directly. token:a8391a******03689b expires:1776937170799 status:NORMAL
22112 2026-04-08 08:31:05,811 webull.core.http.initializer.token.token_manager INFO save_token_to_local writing token to local file. token:a8391a******03689b expires:1776937170799 status:NORMAL
22112 2026-04-08 08:31:05,812 webull.core.http.initializer.token.token_manager INFO save_token_to_local writing token to file completed.
22112 2026-04-08 08:31:05,812 webull.core.http.initializer.token.token_manager INFO init_token finished. token:a8391a******03689b expires:1776937170799 status:NORMAL
15184 2026-04-08 08:33:06,060 webull.core.http.initializer.client_initializer INFO _check_token_enable result is True
15184 2026-04-08 08:33:06,061 webull.core.http.initializer.token.token_storage INFO storage_token uses the default configuration, conf.
15184 2026-04-08 08:33:06,065 webull.core.http.initializer.token.token_storage INFO storage_token initialized path:C:\Users\yalil\OneDrive\Desktop\AI-projects\quantitivestocks\conf\token.txt.
15184 2026-04-08 08:33:06,066 webull.core.http.initializer.token.token_storage WARNING storage_token Note: The token file already exists, the latest token configuration will be overwritten and written to the token file after successful 2FA verification. path:C:\Users\yalil\OneDrive\Desktop\AI-projects\quantitivestocks\conf\token.txt.
15184 2026-04-08 08:33:06,066 webull.core.http.initializer.token.token_manager INFO load_token_from_local reading token from file...
15184 2026-04-08 08:33:06,067 webull.core.http.initializer.token.token_manager INFO load_token_from_local read local token result. token:a8391a******03689b expires:1776937170799 status:NORMAL
15184 2026-04-08 08:33:06,221 webull.core.http.initializer.token.token_manager INFO fetch_token_from_server create_token result. token:a8391a******03689b expires:1776937170799 status:NORMAL
15184 2026-04-08 08:33:06,223 webull.core.http.initializer.token.token_manager INFO fetch_token_from_server create_token status is verified, no further check required, returning directly. token:a8391a******03689b expires:1776937170799 status:NORMAL
15184 2026-04-08 08:33:06,224 webull.core.http.initializer.token.token_manager INFO save_token_to_local writing token to local file. token:a8391a******03689b expires:1776937170799 status:NORMAL
15184 2026-04-08 08:33:06,225 webull.core.http.initializer.token.token_manager INFO save_token_to_local writing token to file completed.
15184 2026-04-08 08:33:06,225 webull.core.http.initializer.token.token_manager INFO init_token finished. token:a8391a******03689b expires:1776937170799 status:NORMAL
1716 2026-04-08 08:35:05,873 webull.core.http.initializer.client_initializer INFO _check_token_enable result is True
1716 2026-04-08 08:35:05,875 webull.core.http.initializer.token.token_storage INFO storage_token uses the default configuration, conf.
1716 2026-04-08 08:35:05,875 webull.core.http.initializer.token.token_storage INFO storage_token initialized path:C:\Users\yalil\OneDrive\Desktop\AI-projects\quantitivestocks\conf\token.txt.
1716 2026-04-08 08:35:05,875 webull.core.http.initializer.token.token_storage WARNING storage_token Note: The token file already exists, the latest token configuration will be overwritten and written to the token file after successful 2FA verification. path:C:\Users\yalil\OneDrive\Desktop\AI-projects\quantitivestocks\conf\token.txt.
1716 2026-04-08 08:35:05,876 webull.core.http.initializer.token.token_manager INFO load_token_from_local reading token from file...
1716 2026-04-08 08:35:05,877 webull.core.http.initializer.token.token_manager INFO load_token_from_local read local token result. token:a8391a******03689b expires:1776937170799 status:NORMAL
1716 2026-04-08 08:35:06,055 webull.core.http.initializer.token.token_manager INFO fetch_token_from_server create_token result. token:a8391a******03689b expires:1776937170799 status:NORMAL
1716 2026-04-08 08:35:06,057 webull.core.http.initializer.token.token_manager INFO fetch_token_from_server create_token status is verified, no further check required, returning directly. token:a8391a******03689b expires:1776937170799 status:NORMAL
1716 2026-04-08 08:35:06,057 webull.core.http.initializer.token.token_manager INFO save_token_to_local writing token to local file. token:a8391a******03689b expires:1776937170799 status:NORMAL
1716 2026-04-08 08:35:06,058 webull.core.http.initializer.token.token_manager INFO save_token_to_local writing token to file completed.
1716 2026-04-08 08:35:06,058 webull.core.http.initializer.token.token_manager INFO init_token finished. token:a8391a******03689b expires:1776937170799 status:NORMAL
6848 2026-04-08 08:37:05,725 webull.core.http.initializer.client_initializer INFO _check_token_enable result is True
6848 2026-04-08 08:37:05,727 webull.core.http.initializer.token.token_storage INFO storage_token uses the default configuration, conf.
6848 2026-04-08 08:37:05,728 webull.core.http.initializer.token.token_storage INFO storage_token initialized path:C:\Users\yalil\OneDrive\Desktop\AI-projects\quantitivestocks\conf\token.txt.
6848 2026-04-08 08:37:05,728 webull.core.http.initializer.token.token_storage WARNING storage_token Note: The token file already exists, the latest token configuration will be overwritten and written to the token file after successful 2FA verification. path:C:\Users\yalil\OneDrive\Desktop\AI-projects\quantitivestocks\conf\token.txt.
6848 2026-04-08 08:37:05,730 webull.core.http.initializer.token.token_manager INFO load_token_from_local reading token from file...
6848 2026-04-08 08:37:05,731 webull.core.http.initializer.token.token_manager INFO load_token_from_local read local token result. token:a8391a******03689b expires:1776937170799 status:NORMAL
6848 2026-04-08 08:37:05,927 webull.core.http.initializer.token.token_manager INFO fetch_token_from_server create_token result. token:a8391a******03689b expires:1776937170799 status:NORMAL
6848 2026-04-08 08:37:05,928 webull.core.http.initializer.token.token_manager INFO fetch_token_from_server create_token status is verified, no further check required, returning directly. token:a8391a******03689b expires:1776937170799 status:NORMAL
6848 2026-04-08 08:37:05,928 webull.core.http.initializer.token.token_manager INFO save_token_to_local writing token to local file. token:a8391a******03689b expires:1776937170799 status:NORMAL
6848 2026-04-08 08:37:05,929 webull.core.http.initializer.token.token_manager INFO save_token_to_local writing token to file completed.
6848 2026-04-08 08:37:05,930 webull.core.http.initializer.token.token_manager INFO init_token finished. token:a8391a******03689b expires:1776937170799 status:NORMAL
15028 2026-04-08 08:39:06,093 webull.core.http.initializer.client_initializer INFO _check_token_enable result is True
15028 2026-04-08 08:39:06,094 webull.core.http.initializer.token.token_storage INFO storage_token uses the default configuration, conf.
15028 2026-04-08 08:39:06,095 webull.core.http.initializer.token.token_storage INFO storage_token initialized path:C:\Users\yalil\OneDrive\Desktop\AI-projects\quantitivestocks\conf\token.txt.
15028 2026-04-08 08:39:06,095 webull.core.http.initializer.token.token_storage WARNING storage_token Note: The token file already exists, the latest token configuration will be overwritten and written to the token file after successful 2FA verification. path:C:\Users\yalil\OneDrive\Desktop\AI-projects\quantitivestocks\conf\token.txt.
15028 2026-04-08 08:39:06,096 webull.core.http.initializer.token.token_manager INFO load_token_from_local reading token from file...
15028 2026-04-08 08:39:06,097 webull.core.http.initializer.token.token_manager INFO load_token_from_local read local token result. token:a8391a******03689b expires:1776937170799 status:NORMAL
15028 2026-04-08 08:39:06,462 webull.core.http.initializer.token.token_manager INFO fetch_token_from_server create_token result. token:a8391a******03689b expires:1776937170799 status:NORMAL
15028 2026-04-08 08:39:06,464 webull.core.http.initializer.token.token_manager INFO fetch_token_from_server create_token status is verified, no further check required, returning directly. token:a8391a******03689b expires:1776937170799 status:NORMAL
15028 2026-04-08 08:39:06,465 webull.core.http.initializer.token.token_manager INFO save_token_to_local writing token to local file. token:a8391a******03689b expires:1776937170799 status:NORMAL
15028 2026-04-08 08:39:06,466 webull.core.http.initializer.token.token_manager INFO save_token_to_local writing token to file completed.
15028 2026-04-08 08:39:06,466 webull.core.http.initializer.token.token_manager INFO init_token finished. token:a8391a******03689b expires:1776937170799 status:NORMAL
3172 2026-04-08 08:41:06,206 webull.core.http.initializer.client_initializer INFO _check_token_enable result is True
3172 2026-04-08 08:41:06,208 webull.core.http.initializer.token.token_storage INFO storage_token uses the default configuration, conf.
3172 2026-04-08 08:41:06,209 webull.core.http.initializer.token.token_storage INFO storage_token initialized path:C:\Users\yalil\OneDrive\Desktop\AI-projects\quantitivestocks\conf\token.txt.
3172 2026-04-08 08:41:06,210 webull.core.http.initializer.token.token_storage WARNING storage_token Note: The token file already exists, the latest token configuration will be overwritten and written to the token file after successful 2FA verification. path:C:\Users\yalil\OneDrive\Desktop\AI-projects\quantitivestocks\conf\token.txt.
3172 2026-04-08 08:41:06,211 webull.core.http.initializer.token.token_manager INFO load_token_from_local reading token from file...
3172 2026-04-08 08:41:06,213 webull.core.http.initializer.token.token_manager INFO load_token_from_local read local token result. token:a8391a******03689b expires:1776937170799 status:NORMAL
3172 2026-04-08 08:41:06,403 webull.core.http.initializer.token.token_manager INFO fetch_token_from_server create_token result. token:a8391a******03689b expires:1776937170799 status:NORMAL
3172 2026-04-08 08:41:06,405 webull.core.http.initializer.token.token_manager INFO fetch_token_from_server create_token status is verified, no further check required, returning directly. token:a8391a******03689b expires:1776937170799 status:NORMAL
3172 2026-04-08 08:41:06,405 webull.core.http.initializer.token.token_manager INFO save_token_to_local writing token to local file. token:a8391a******03689b expires:1776937170799 status:NORMAL
3172 2026-04-08 08:41:06,406 webull.core.http.initializer.token.token_manager INFO save_token_to_local writing token to file completed.
3172 2026-04-08 08:41:06,407 webull.core.http.initializer.token.token_manager INFO init_token finished. token:a8391a******03689b expires:1776937170799 status:NORMAL
27076 2026-04-08 08:43:06,397 webull.core.http.initializer.client_initializer INFO _check_token_enable result is True
27076 2026-04-08 08:43:06,398 webull.core.http.initializer.token.token_storage INFO storage_token uses the default configuration, conf.
27076 2026-04-08 08:43:06,400 webull.core.http.initializer.token.token_storage INFO storage_token initialized path:C:\Users\yalil\OneDrive\Desktop\AI-projects\quantitivestocks\conf\token.txt.
27076 2026-04-08 08:43:06,400 webull.core.http.initializer.token.token_storage WARNING storage_token Note: The token file already exists, the latest token configuration will be overwritten and written to the token file after successful 2FA verification. path:C:\Users\yalil\OneDrive\Desktop\AI-projects\quantitivestocks\conf\token.txt.
27076 2026-04-08 08:43:06,401 webull.core.http.initializer.token.token_manager INFO load_token_from_local reading token from file...
27076 2026-04-08 08:43:06,402 webull.core.http.initializer.token.token_manager INFO load_token_from_local read local token result. token:a8391a******03689b expires:1776937170799 status:NORMAL
27076 2026-04-08 08:43:06,555 webull.core.http.initializer.token.token_manager INFO fetch_token_from_server create_token result. token:a8391a******03689b expires:1776937170799 status:NORMAL
27076 2026-04-08 08:43:06,557 webull.core.http.initializer.token.token_manager INFO fetch_token_from_server create_token status is verified, no further check required, returning directly. token:a8391a******03689b expires:1776937170799 status:NORMAL
27076 2026-04-08 08:43:06,558 webull.core.http.initializer.token.token_manager INFO save_token_to_local writing token to local file. token:a8391a******03689b expires:1776937170799 status:NORMAL
27076 2026-04-08 08:43:06,559 webull.core.http.initializer.token.token_manager INFO save_token_to_local writing token to file completed.
27076 2026-04-08 08:43:06,559 webull.core.http.initializer.token.token_manager INFO init_token finished. token:a8391a******03689b expires:1776937170799 status:NORMAL
22920 2026-04-08 08:45:06,609 webull.core.http.initializer.client_initializer INFO _check_token_enable result is True
22920 2026-04-08 08:45:06,610 webull.core.http.initializer.token.token_storage INFO storage_token uses the default configuration, conf.
22920 2026-04-08 08:45:06,612 webull.core.http.initializer.token.token_storage INFO storage_token initialized path:C:\Users\yalil\OneDrive\Desktop\AI-projects\quantitivestocks\conf\token.txt.
22920 2026-04-08 08:45:06,612 webull.core.http.initializer.token.token_storage WARNING storage_token Note: The token file already exists, the latest token configuration will be overwritten and written to the token file after successful 2FA verification. path:C:\Users\yalil\OneDrive\Desktop\AI-projects\quantitivestocks\conf\token.txt.
22920 2026-04-08 08:45:06,613 webull.core.http.initializer.token.token_manager INFO load_token_from_local reading token from file...
22920 2026-04-08 08:45:06,614 webull.core.http.initializer.token.token_manager INFO load_token_from_local read local token result. token:a8391a******03689b expires:1776937170799 status:NORMAL
22920 2026-04-08 08:45:06,941 webull.core.http.initializer.token.token_manager INFO fetch_token_from_server create_token result. token:a8391a******03689b expires:1776937170799 status:NORMAL
22920 2026-04-08 08:45:06,942 webull.core.http.initializer.token.token_manager INFO fetch_token_from_server create_token status is verified, no further check required, returning directly. token:a8391a******03689b expires:1776937170799 status:NORMAL
22920 2026-04-08 08:45:06,942 webull.core.http.initializer.token.token_manager INFO save_token_to_local writing token to local file. token:a8391a******03689b expires:1776937170799 status:NORMAL
22920 2026-04-08 08:45:06,943 webull.core.http.initializer.token.token_manager INFO save_token_to_local writing token to file completed.
22920 2026-04-08 08:45:06,943 webull.core.http.initializer.token.token_manager INFO init_token finished. token:a8391a******03689b expires:1776937170799 status:NORMAL
25208 2026-04-08 08:47:08,345 webull.core.http.initializer.client_initializer INFO _check_token_enable result is True
25208 2026-04-08 08:47:08,346 webull.core.http.initializer.token.token_storage INFO storage_token uses the default configuration, conf.
25208 2026-04-08 08:47:08,348 webull.core.http.initializer.token.token_storage INFO storage_token initialized path:C:\Users\yalil\OneDrive\Desktop\AI-projects\quantitivestocks\conf\token.txt.
25208 2026-04-08 08:47:08,348 webull.core.http.initializer.token.token_storage WARNING storage_token Note: The token file already exists, the latest token configuration will be overwritten and written to the token file after successful 2FA verification. path:C:\Users\yalil\OneDrive\Desktop\AI-projects\quantitivestocks\conf\token.txt.
25208 2026-04-08 08:47:08,348 webull.core.http.initializer.token.token_manager INFO load_token_from_local reading token from file...
25208 2026-04-08 08:47:08,350 webull.core.http.initializer.token.token_manager INFO load_token_from_local read local token result. token:a8391a******03689b expires:1776937170799 status:NORMAL
25208 2026-04-08 08:47:08,576 webull.core.http.initializer.token.token_manager INFO fetch_token_from_server create_token result. token:a8391a******03689b expires:1776937170799 status:NORMAL
25208 2026-04-08 08:47:08,578 webull.core.http.initializer.token.token_manager INFO fetch_token_from_server create_token status is verified, no further check required, returning directly. token:a8391a******03689b expires:1776937170799 status:NORMAL
25208 2026-04-08 08:47:08,578 webull.core.http.initializer.token.token_manager INFO save_token_to_local writing token to local file. token:a8391a******03689b expires:1776937170799 status:NORMAL
25208 2026-04-08 08:47:08,579 webull.core.http.initializer.token.token_manager INFO save_token_to_local writing token to file completed.
25208 2026-04-08 08:47:08,579 webull.core.http.initializer.token.token_manager INFO init_token finished. token:a8391a******03689b expires:1776937170799 status:NORMAL
26432 2026-04-08 08:49:06,966 webull.core.http.initializer.client_initializer INFO _check_token_enable result is True
26432 2026-04-08 08:49:06,967 webull.core.http.initializer.token.token_storage INFO storage_token uses the default configuration, conf.
26432 2026-04-08 08:49:06,968 webull.core.http.initializer.token.token_storage INFO storage_token initialized path:C:\Users\yalil\OneDrive\Desktop\AI-projects\quantitivestocks\conf\token.txt.
26432 2026-04-08 08:49:06,969 webull.core.http.initializer.token.token_storage WARNING storage_token Note: The token file already exists, the latest token configuration will be overwritten and written to the token file after successful 2FA verification. path:C:\Users\yalil\OneDrive\Desktop\AI-projects\quantitivestocks\conf\token.txt.
26432 2026-04-08 08:49:06,969 webull.core.http.initializer.token.token_manager INFO load_token_from_local reading token from file...
26432 2026-04-08 08:49:06,970 webull.core.http.initializer.token.token_manager INFO load_token_from_local read local token result. token:a8391a******03689b expires:1776937170799 status:NORMAL
26432 2026-04-08 08:49:07,140 webull.core.http.initializer.token.token_manager INFO fetch_token_from_server create_token result. token:a8391a******03689b expires:1776937170799 status:NORMAL
26432 2026-04-08 08:49:07,141 webull.core.http.initializer.token.token_manager INFO fetch_token_from_server create_token status is verified, no further check required, returning directly. token:a8391a******03689b expires:1776937170799 status:NORMAL
26432 2026-04-08 08:49:07,142 webull.core.http.initializer.token.token_manager INFO save_token_to_local writing token to local file. token:a8391a******03689b expires:1776937170799 status:NORMAL
26432 2026-04-08 08:49:07,143 webull.core.http.initializer.token.token_manager INFO save_token_to_local writing token to file completed.
26432 2026-04-08 08:49:07,143 webull.core.http.initializer.token.token_manager INFO init_token finished. token:a8391a******03689b expires:1776937170799 status:NORMAL
15428 2026-04-08 08:51:06,569 webull.core.http.initializer.client_initializer INFO _check_token_enable result is True
15428 2026-04-08 08:51:06,570 webull.core.http.initializer.token.token_storage INFO storage_token uses the default configuration, conf.
15428 2026-04-08 08:51:06,571 webull.core.http.initializer.token.token_storage INFO storage_token initialized path:C:\Users\yalil\OneDrive\Desktop\AI-projects\quantitivestocks\conf\token.txt.
15428 2026-04-08 08:51:06,571 webull.core.http.initializer.token.token_storage WARNING storage_token Note: The token file already exists, the latest token configuration will be overwritten and written to the token file after successful 2FA verification. path:C:\Users\yalil\OneDrive\Desktop\AI-projects\quantitivestocks\conf\token.txt.
15428 2026-04-08 08:51:06,591 webull.core.http.initializer.token.token_manager INFO load_token_from_local reading token from file...
15428 2026-04-08 08:51:06,593 webull.core.http.initializer.token.token_manager INFO load_token_from_local read local token result. token:a8391a******03689b expires:1776937170799 status:NORMAL
15428 2026-04-08 08:51:06,752 webull.core.http.initializer.token.token_manager INFO fetch_token_from_server create_token result. token:a8391a******03689b expires:1776937170799 status:NORMAL
15428 2026-04-08 08:51:06,754 webull.core.http.initializer.token.token_manager INFO fetch_token_from_server create_token status is verified, no further check required, returning directly. token:a8391a******03689b expires:1776937170799 status:NORMAL
15428 2026-04-08 08:51:06,755 webull.core.http.initializer.token.token_manager INFO save_token_to_local writing token to local file. token:a8391a******03689b expires:1776937170799 status:NORMAL
15428 2026-04-08 08:51:06,756 webull.core.http.initializer.token.token_manager INFO save_token_to_local writing token to file completed.
15428 2026-04-08 08:51:06,756 webull.core.http.initializer.token.token_manager INFO init_token finished. token:a8391a******03689b expires:1776937170799 status:NORMAL
21656 2026-04-08 08:53:08,818 webull.core.http.initializer.client_initializer INFO _check_token_enable result is True
21656 2026-04-08 08:53:08,820 webull.core.http.initializer.token.token_storage INFO storage_token uses the default configuration, conf.
21656 2026-04-08 08:53:08,837 webull.core.http.initializer.token.token_storage INFO storage_token initialized path:C:\Users\yalil\OneDrive\Desktop\AI-projects\quantitivestocks\conf\token.txt.
21656 2026-04-08 08:53:08,838 webull.core.http.initializer.token.token_storage WARNING storage_token Note: The token file already exists, the latest token configuration will be overwritten and written to the token file after successful 2FA verification. path:C:\Users\yalil\OneDrive\Desktop\AI-projects\quantitivestocks\conf\token.txt.
21656 2026-04-08 08:53:08,838 webull.core.http.initializer.token.token_manager INFO load_token_from_local reading token from file...
21656 2026-04-08 08:53:08,840 webull.core.http.initializer.token.token_manager INFO load_token_from_local read local token result. token:a8391a******03689b expires:1776937170799 status:NORMAL
21656 2026-04-08 08:53:09,059 webull.core.http.initializer.token.token_manager INFO fetch_token_from_server create_token result. token:a8391a******03689b expires:1776937170799 status:NORMAL
21656 2026-04-08 08:53:09,060 webull.core.http.initializer.token.token_manager INFO fetch_token_from_server create_token status is verified, no further check required, returning directly. token:a8391a******03689b expires:1776937170799 status:NORMAL
21656 2026-04-08 08:53:09,060 webull.core.http.initializer.token.token_manager INFO save_token_to_local writing token to local file. token:a8391a******03689b expires:1776937170799 status:NORMAL
21656 2026-04-08 08:53:09,061 webull.core.http.initializer.token.token_manager INFO save_token_to_local writing token to file completed.
21656 2026-04-08 08:53:09,061 webull.core.http.initializer.token.token_manager INFO init_token finished. token:a8391a******03689b expires:1776937170799 status:NORMAL
26716 2026-04-08 08:55:07,187 webull.core.http.initializer.client_initializer INFO _check_token_enable result is True
26716 2026-04-08 08:55:07,189 webull.core.http.initializer.token.token_storage INFO storage_token uses the default configuration, conf.
26716 2026-04-08 08:55:07,216 webull.core.http.initializer.token.token_storage INFO storage_token initialized path:C:\Users\yalil\OneDrive\Desktop\AI-projects\quantitivestocks\conf\token.txt.
26716 2026-04-08 08:55:07,216 webull.core.http.initializer.token.token_storage WARNING storage_token Note: The token file already exists, the latest token configuration will be overwritten and written to the token file after successful 2FA verification. path:C:\Users\yalil\OneDrive\Desktop\AI-projects\quantitivestocks\conf\token.txt.
26716 2026-04-08 08:55:07,231 webull.core.http.initializer.token.token_manager INFO load_token_from_local reading token from file...
26716 2026-04-08 08:55:07,232 webull.core.http.initializer.token.token_manager INFO load_token_from_local read local token result. token:a8391a******03689b expires:1776937170799 status:NORMAL
26716 2026-04-08 08:55:07,390 webull.core.http.initializer.token.token_manager INFO fetch_token_from_server create_token result. token:a8391a******03689b expires:1776937170799 status:NORMAL
26716 2026-04-08 08:55:07,391 webull.core.http.initializer.token.token_manager INFO fetch_token_from_server create_token status is verified, no further check required, returning directly. token:a8391a******03689b expires:1776937170799 status:NORMAL
26716 2026-04-08 08:55:07,392 webull.core.http.initializer.token.token_manager INFO save_token_to_local writing token to local file. token:a8391a******03689b expires:1776937170799 status:NORMAL
26716 2026-04-08 08:55:07,392 webull.core.http.initializer.token.token_manager INFO save_token_to_local writing token to file completed.
26716 2026-04-08 08:55:07,393 webull.core.http.initializer.token.token_manager INFO init_token finished. token:a8391a******03689b expires:1776937170799 status:NORMAL
3812 2026-04-08 08:57:06,954 webull.core.http.initializer.client_initializer INFO _check_token_enable result is True
3812 2026-04-08 08:57:06,956 webull.core.http.initializer.token.token_storage INFO storage_token uses the default configuration, conf.
3812 2026-04-08 08:57:06,957 webull.core.http.initializer.token.token_storage INFO storage_token initialized path:C:\Users\yalil\OneDrive\Desktop\AI-projects\quantitivestocks\conf\token.txt.
3812 2026-04-08 08:57:06,958 webull.core.http.initializer.token.token_storage WARNING storage_token Note: The token file already exists, the latest token configuration will be overwritten and written to the token file after successful 2FA verification. path:C:\Users\yalil\OneDrive\Desktop\AI-projects\quantitivestocks\conf\token.txt.
3812 2026-04-08 08:57:06,958 webull.core.http.initializer.token.token_manager INFO load_token_from_local reading token from file...
3812 2026-04-08 08:57:06,960 webull.core.http.initializer.token.token_manager INFO load_token_from_local read local token result. token:a8391a******03689b expires:1776937170799 status:NORMAL
3812 2026-04-08 08:57:07,121 webull.core.http.initializer.token.token_manager INFO fetch_token_from_server create_token result. token:a8391a******03689b expires:1776937170799 status:NORMAL
3812 2026-04-08 08:57:07,123 webull.core.http.initializer.token.token_manager INFO fetch_token_from_server create_token status is verified, no further check required, returning directly. token:a8391a******03689b expires:1776937170799 status:NORMAL
3812 2026-04-08 08:57:07,124 webull.core.http.initializer.token.token_manager INFO save_token_to_local writing token to local file. token:a8391a******03689b expires:1776937170799 status:NORMAL
3812 2026-04-08 08:57:07,125 webull.core.http.initializer.token.token_manager INFO save_token_to_local writing token to file completed.
3812 2026-04-08 08:57:07,125 webull.core.http.initializer.token.token_manager INFO init_token finished. token:a8391a******03689b expires:1776937170799 status:NORMAL
23096 2026-04-08 08:59:07,380 webull.core.http.initializer.client_initializer INFO _check_token_enable result is True
23096 2026-04-08 08:59:07,382 webull.core.http.initializer.token.token_storage INFO storage_token uses the default configuration, conf.
23096 2026-04-08 08:59:07,383 webull.core.http.initializer.token.token_storage INFO storage_token initialized path:C:\Users\yalil\OneDrive\Desktop\AI-projects\quantitivestocks\conf\token.txt.
23096 2026-04-08 08:59:07,384 webull.core.http.initializer.token.token_storage WARNING storage_token Note: The token file already exists, the latest token configuration will be overwritten and written to the token file after successful 2FA verification. path:C:\Users\yalil\OneDrive\Desktop\AI-projects\quantitivestocks\conf\token.txt.
23096 2026-04-08 08:59:07,384 webull.core.http.initializer.token.token_manager INFO load_token_from_local reading token from file...
23096 2026-04-08 08:59:07,386 webull.core.http.initializer.token.token_manager INFO load_token_from_local read local token result. token:a8391a******03689b expires:1776937170799 status:NORMAL
23096 2026-04-08 08:59:07,554 webull.core.http.initializer.token.token_manager INFO fetch_token_from_server create_token result. token:a8391a******03689b expires:1776937170799 status:NORMAL
23096 2026-04-08 08:59:07,556 webull.core.http.initializer.token.token_manager INFO fetch_token_from_server create_token status is verified, no further check required, returning directly. token:a8391a******03689b expires:1776937170799 status:NORMAL
23096 2026-04-08 08:59:07,556 webull.core.http.initializer.token.token_manager INFO save_token_to_local writing token to local file. token:a8391a******03689b expires:1776937170799 status:NORMAL
23096 2026-04-08 08:59:07,557 webull.core.http.initializer.token.token_manager INFO save_token_to_local writing token to file completed.
23096 2026-04-08 08:59:07,557 webull.core.http.initializer.token.token_manager INFO init_token finished. token:a8391a******03689b expires:1776937170799 status:NORMAL
23868 2026-04-08 09:01:07,247 webull.core.http.initializer.client_initializer INFO _check_token_enable result is True
23868 2026-04-08 09:01:07,249 webull.core.http.initializer.token.token_storage INFO storage_token uses the default configuration, conf.
23868 2026-04-08 09:01:07,250 webull.core.http.initializer.token.token_storage INFO storage_token initialized path:C:\Users\yalil\OneDrive\Desktop\AI-projects\quantitivestocks\conf\token.txt.
23868 2026-04-08 09:01:07,251 webull.core.http.initializer.token.token_storage WARNING storage_token Note: The token file already exists, the latest token configuration will be overwritten and written to the token file after successful 2FA verification. path:C:\Users\yalil\OneDrive\Desktop\AI-projects\quantitivestocks\conf\token.txt.
23868 2026-04-08 09:01:07,251 webull.core.http.initializer.token.token_manager INFO load_token_from_local reading token from file...
23868 2026-04-08 09:01:07,253 webull.core.http.initializer.token.token_manager INFO load_token_from_local read local token result. token:a8391a******03689b expires:1776937170799 status:NORMAL
23868 2026-04-08 09:01:07,416 webull.core.http.initializer.token.token_manager INFO fetch_token_from_server create_token result. token:a8391a******03689b expires:1776937170799 status:NORMAL
23868 2026-04-08 09:01:07,418 webull.core.http.initializer.token.token_manager INFO fetch_token_from_server create_token status is verified, no further check required, returning directly. token:a8391a******03689b expires:1776937170799 status:NORMAL
23868 2026-04-08 09:01:07,418 webull.core.http.initializer.token.token_manager INFO save_token_to_local writing token to local file. token:a8391a******03689b expires:1776937170799 status:NORMAL
23868 2026-04-08 09:01:07,419 webull.core.http.initializer.token.token_manager INFO save_token_to_local writing token to file completed.
23868 2026-04-08 09:01:07,419 webull.core.http.initializer.token.token_manager INFO init_token finished. token:a8391a******03689b expires:1776937170799 status:NORMAL
25308 2026-04-08 09:03:07,718 webull.core.http.initializer.client_initializer INFO _check_token_enable result is True
25308 2026-04-08 09:03:07,720 webull.core.http.initializer.token.token_storage INFO storage_token uses the default configuration, conf.
25308 2026-04-08 09:03:07,721 webull.core.http.initializer.token.token_storage INFO storage_token initialized path:C:\Users\yalil\OneDrive\Desktop\AI-projects\quantitivestocks\conf\token.txt.
25308 2026-04-08 09:03:07,721 webull.core.http.initializer.token.token_storage WARNING storage_token Note: The token file already exists, the latest token configuration will be overwritten and written to the token file after successful 2FA verification. path:C:\Users\yalil\OneDrive\Desktop\AI-projects\quantitivestocks\conf\token.txt.
25308 2026-04-08 09:03:07,722 webull.core.http.initializer.token.token_manager INFO load_token_from_local reading token from file...
25308 2026-04-08 09:03:07,723 webull.core.http.initializer.token.token_manager INFO load_token_from_local read local token result. token:a8391a******03689b expires:1776937170799 status:NORMAL
25308 2026-04-08 09:03:07,901 webull.core.http.initializer.token.token_manager INFO fetch_token_from_server create_token result. token:a8391a******03689b expires:1776937170799 status:NORMAL
25308 2026-04-08 09:03:07,903 webull.core.http.initializer.token.token_manager INFO fetch_token_from_server create_token status is verified, no further check required, returning directly. token:a8391a******03689b expires:1776937170799 status:NORMAL
25308 2026-04-08 09:03:07,903 webull.core.http.initializer.token.token_manager INFO save_token_to_local writing token to local file. token:a8391a******03689b expires:1776937170799 status:NORMAL
25308 2026-04-08 09:03:07,904 webull.core.http.initializer.token.token_manager INFO save_token_to_local writing token to file completed.
25308 2026-04-08 09:03:07,905 webull.core.http.initializer.token.token_manager INFO init_token finished. token:a8391a******03689b expires:1776937170799 status:NORMAL
27336 2026-04-08 09:05:08,133 webull.core.http.initializer.client_initializer INFO _check_token_enable result is True
27336 2026-04-08 09:05:08,134 webull.core.http.initializer.token.token_storage INFO storage_token uses the default configuration, conf.
27336 2026-04-08 09:05:08,135 webull.core.http.initializer.token.token_storage INFO storage_token initialized path:C:\Users\yalil\OneDrive\Desktop\AI-projects\quantitivestocks\conf\token.txt.
27336 2026-04-08 09:05:08,136 webull.core.http.initializer.token.token_storage WARNING storage_token Note: The token file already exists, the latest token configuration will be overwritten and written to the token file after successful 2FA verification. path:C:\Users\yalil\OneDrive\Desktop\AI-projects\quantitivestocks\conf\token.txt.
27336 2026-04-08 09:05:08,136 webull.core.http.initializer.token.token_manager INFO load_token_from_local reading token from file...
27336 2026-04-08 09:05:08,138 webull.core.http.initializer.token.token_manager INFO load_token_from_local read local token result. token:a8391a******03689b expires:1776937170799 status:NORMAL
27336 2026-04-08 09:05:08,457 webull.core.http.initializer.token.token_manager INFO fetch_token_from_server create_token result. token:a8391a******03689b expires:1776937170799 status:NORMAL
27336 2026-04-08 09:05:08,458 webull.core.http.initializer.token.token_manager INFO fetch_token_from_server create_token status is verified, no further check required, returning directly. token:a8391a******03689b expires:1776937170799 status:NORMAL
27336 2026-04-08 09:05:08,458 webull.core.http.initializer.token.token_manager INFO save_token_to_local writing token to local file. token:a8391a******03689b expires:1776937170799 status:NORMAL
27336 2026-04-08 09:05:08,459 webull.core.http.initializer.token.token_manager INFO save_token_to_local writing token to file completed.
27336 2026-04-08 09:05:08,459 webull.core.http.initializer.token.token_manager INFO init_token finished. token:a8391a******03689b expires:1776937170799 status:NORMAL
26104 2026-04-08 09:07:07,215 webull.core.http.initializer.client_initializer INFO _check_token_enable result is True
26104 2026-04-08 09:07:07,216 webull.core.http.initializer.token.token_storage INFO storage_token uses the default configuration, conf.
26104 2026-04-08 09:07:07,217 webull.core.http.initializer.token.token_storage INFO storage_token initialized path:C:\Users\yalil\OneDrive\Desktop\AI-projects\quantitivestocks\conf\token.txt.
26104 2026-04-08 09:07:07,217 webull.core.http.initializer.token.token_storage WARNING storage_token Note: The token file already exists, the latest token configuration will be overwritten and written to the token file after successful 2FA verification. path:C:\Users\yalil\OneDrive\Desktop\AI-projects\quantitivestocks\conf\token.txt.
26104 2026-04-08 09:07:07,218 webull.core.http.initializer.token.token_manager INFO load_token_from_local reading token from file...
26104 2026-04-08 09:07:07,219 webull.core.http.initializer.token.token_manager INFO load_token_from_local read local token result. token:a8391a******03689b expires:1776937170799 status:NORMAL
26104 2026-04-08 09:07:07,377 webull.core.http.initializer.token.token_manager INFO fetch_token_from_server create_token result. token:a8391a******03689b expires:1776937170799 status:NORMAL
26104 2026-04-08 09:07:07,378 webull.core.http.initializer.token.token_manager INFO fetch_token_from_server create_token status is verified, no further check required, returning directly. token:a8391a******03689b expires:1776937170799 status:NORMAL
26104 2026-04-08 09:07:07,378 webull.core.http.initializer.token.token_manager INFO save_token_to_local writing token to local file. token:a8391a******03689b expires:1776937170799 status:NORMAL
26104 2026-04-08 09:07:07,379 webull.core.http.initializer.token.token_manager INFO save_token_to_local writing token to file completed.
26104 2026-04-08 09:07:07,379 webull.core.http.initializer.token.token_manager INFO init_token finished. token:a8391a******03689b expires:1776937170799 status:NORMAL
24692 2026-04-08 09:09:07,560 webull.core.http.initializer.client_initializer INFO _check_token_enable result is True
24692 2026-04-08 09:09:07,562 webull.core.http.initializer.token.token_storage INFO storage_token uses the default configuration, conf.
24692 2026-04-08 09:09:07,563 webull.core.http.initializer.token.token_storage INFO storage_token initialized path:C:\Users\yalil\OneDrive\Desktop\AI-projects\quantitivestocks\conf\token.txt.
24692 2026-04-08 09:09:07,563 webull.core.http.initializer.token.token_storage WARNING storage_token Note: The token file already exists, the latest token configuration will be overwritten and written to the token file after successful 2FA verification. path:C:\Users\yalil\OneDrive\Desktop\AI-projects\quantitivestocks\conf\token.txt.
24692 2026-04-08 09:09:07,565 webull.core.http.initializer.token.token_manager INFO load_token_from_local reading token from file...
24692 2026-04-08 09:09:07,566 webull.core.http.initializer.token.token_manager INFO load_token_from_local read local token result. token:a8391a******03689b expires:1776937170799 status:NORMAL
24692 2026-04-08 09:09:07,923 webull.core.http.initializer.token.token_manager INFO fetch_token_from_server create_token result. token:a8391a******03689b expires:1776937170799 status:NORMAL
24692 2026-04-08 09:09:07,924 webull.core.http.initializer.token.token_manager INFO fetch_token_from_server create_token status is verified, no further check required, returning directly. token:a8391a******03689b expires:1776937170799 status:NORMAL
24692 2026-04-08 09:09:07,924 webull.core.http.initializer.token.token_manager INFO save_token_to_local writing token to local file. token:a8391a******03689b expires:1776937170799 status:NORMAL
24692 2026-04-08 09:09:07,925 webull.core.http.initializer.token.token_manager INFO save_token_to_local writing token to file completed.
24692 2026-04-08 09:09:07,925 webull.core.http.initializer.token.token_manager INFO init_token finished. token:a8391a******03689b expires:1776937170799 status:NORMAL
16988 2026-04-08 09:11:07,622 webull.core.http.initializer.client_initializer INFO _check_token_enable result is True
16988 2026-04-08 09:11:07,624 webull.core.http.initializer.token.token_storage INFO storage_token uses the default configuration, conf.
16988 2026-04-08 09:11:07,625 webull.core.http.initializer.token.token_storage INFO storage_token initialized path:C:\Users\yalil\OneDrive\Desktop\AI-projects\quantitivestocks\conf\token.txt.
16988 2026-04-08 09:11:07,625 webull.core.http.initializer.token.token_storage WARNING storage_token Note: The token file already exists, the latest token configuration will be overwritten and written to the token file after successful 2FA verification. path:C:\Users\yalil\OneDrive\Desktop\AI-projects\quantitivestocks\conf\token.txt.
16988 2026-04-08 09:11:07,625 webull.core.http.initializer.token.token_manager INFO load_token_from_local reading token from file...
16988 2026-04-08 09:11:07,626 webull.core.http.initializer.token.token_manager INFO load_token_from_local read local token result. token:a8391a******03689b expires:1776937170799 status:NORMAL
16988 2026-04-08 09:11:07,856 webull.core.http.initializer.token.token_manager INFO fetch_token_from_server create_token result. token:a8391a******03689b expires:1776937170799 status:NORMAL
16988 2026-04-08 09:11:07,858 webull.core.http.initializer.token.token_manager INFO fetch_token_from_server create_token status is verified, no further check required, returning directly. token:a8391a******03689b expires:1776937170799 status:NORMAL
16988 2026-04-08 09:11:07,858 webull.core.http.initializer.token.token_manager INFO save_token_to_local writing token to local file. token:a8391a******03689b expires:1776937170799 status:NORMAL
16988 2026-04-08 09:11:07,859 webull.core.http.initializer.token.token_manager INFO save_token_to_local writing token to file completed.
16988 2026-04-08 09:11:07,859 webull.core.http.initializer.token.token_manager INFO init_token finished. token:a8391a******03689b expires:1776937170799 status:NORMAL
15480 2026-04-08 09:13:07,793 webull.core.http.initializer.client_initializer INFO _check_token_enable result is True
15480 2026-04-08 09:13:07,795 webull.core.http.initializer.token.token_storage INFO storage_token uses the default configuration, conf.
15480 2026-04-08 09:13:07,795 webull.core.http.initializer.token.token_storage INFO storage_token initialized path:C:\Users\yalil\OneDrive\Desktop\AI-projects\quantitivestocks\conf\token.txt.
15480 2026-04-08 09:13:07,796 webull.core.http.initializer.token.token_storage WARNING storage_token Note: The token file already exists, the latest token configuration will be overwritten and written to the token file after successful 2FA verification. path:C:\Users\yalil\OneDrive\Desktop\AI-projects\quantitivestocks\conf\token.txt.
15480 2026-04-08 09:13:07,796 webull.core.http.initializer.token.token_manager INFO load_token_from_local reading token from file...
15480 2026-04-08 09:13:07,797 webull.core.http.initializer.token.token_manager INFO load_token_from_local read local token result. token:a8391a******03689b expires:1776937170799 status:NORMAL
15480 2026-04-08 09:13:08,043 webull.core.http.initializer.token.token_manager INFO fetch_token_from_server create_token result. token:a8391a******03689b expires:1776937170799 status:NORMAL
15480 2026-04-08 09:13:08,045 webull.core.http.initializer.token.token_manager INFO fetch_token_from_server create_token status is verified, no further check required, returning directly. token:a8391a******03689b expires:1776937170799 status:NORMAL
15480 2026-04-08 09:13:08,046 webull.core.http.initializer.token.token_manager INFO save_token_to_local writing token to local file. token:a8391a******03689b expires:1776937170799 status:NORMAL
15480 2026-04-08 09:13:08,047 webull.core.http.initializer.token.token_manager INFO save_token_to_local writing token to file completed.
15480 2026-04-08 09:13:08,047 webull.core.http.initializer.token.token_manager INFO init_token finished. token:a8391a******03689b expires:1776937170799 status:NORMAL
15488 2026-04-08 09:15:08,368 webull.core.http.initializer.client_initializer INFO _check_token_enable result is True
15488 2026-04-08 09:15:08,409 webull.core.http.initializer.token.token_storage INFO storage_token uses the default configuration, conf.
15488 2026-04-08 09:15:08,423 webull.core.http.initializer.token.token_storage INFO storage_token initialized path:C:\Users\yalil\OneDrive\Desktop\AI-projects\quantitivestocks\conf\token.txt.
15488 2026-04-08 09:15:08,424 webull.core.http.initializer.token.token_storage WARNING storage_token Note: The token file already exists, the latest token configuration will be overwritten and written to the token file after successful 2FA verification. path:C:\Users\yalil\OneDrive\Desktop\AI-projects\quantitivestocks\conf\token.txt.
15488 2026-04-08 09:15:08,424 webull.core.http.initializer.token.token_manager INFO load_token_from_local reading token from file...
15488 2026-04-08 09:15:08,425 webull.core.http.initializer.token.token_manager INFO load_token_from_local read local token result. token:a8391a******03689b expires:1776937170799 status:NORMAL
15488 2026-04-08 09:15:08,602 webull.core.http.initializer.token.token_manager INFO fetch_token_from_server create_token result. token:a8391a******03689b expires:1776937170799 status:NORMAL
15488 2026-04-08 09:15:08,604 webull.core.http.initializer.token.token_manager INFO fetch_token_from_server create_token status is verified, no further check required, returning directly. token:a8391a******03689b expires:1776937170799 status:NORMAL
15488 2026-04-08 09:15:08,604 webull.core.http.initializer.token.token_manager INFO save_token_to_local writing token to local file. token:a8391a******03689b expires:1776937170799 status:NORMAL
15488 2026-04-08 09:15:08,605 webull.core.http.initializer.token.token_manager INFO save_token_to_local writing token to file completed.
15488 2026-04-08 09:15:08,605 webull.core.http.initializer.token.token_manager INFO init_token finished. token:a8391a******03689b expires:1776937170799 status:NORMAL
12888 2026-04-08 09:17:08,211 webull.core.http.initializer.client_initializer INFO _check_token_enable result is True
12888 2026-04-08 09:17:08,213 webull.core.http.initializer.token.token_storage INFO storage_token uses the default configuration, conf.
12888 2026-04-08 09:17:08,214 webull.core.http.initializer.token.token_storage INFO storage_token initialized path:C:\Users\yalil\OneDrive\Desktop\AI-projects\quantitivestocks\conf\token.txt.
12888 2026-04-08 09:17:08,215 webull.core.http.initializer.token.token_storage WARNING storage_token Note: The token file already exists, the latest token configuration will be overwritten and written to the token file after successful 2FA verification. path:C:\Users\yalil\OneDrive\Desktop\AI-projects\quantitivestocks\conf\token.txt.
12888 2026-04-08 09:17:08,215 webull.core.http.initializer.token.token_manager INFO load_token_from_local reading token from file...
12888 2026-04-08 09:17:08,216 webull.core.http.initializer.token.token_manager INFO load_token_from_local read local token result. token:a8391a******03689b expires:1776937170799 status:NORMAL
12888 2026-04-08 09:17:08,457 webull.core.http.initializer.token.token_manager INFO fetch_token_from_server create_token result. token:a8391a******03689b expires:1776937170799 status:NORMAL
12888 2026-04-08 09:17:08,458 webull.core.http.initializer.token.token_manager INFO fetch_token_from_server create_token status is verified, no further check required, returning directly. token:a8391a******03689b expires:1776937170799 status:NORMAL
12888 2026-04-08 09:17:08,458 webull.core.http.initializer.token.token_manager INFO save_token_to_local writing token to local file. token:a8391a******03689b expires:1776937170799 status:NORMAL
12888 2026-04-08 09:17:08,459 webull.core.http.initializer.token.token_manager INFO save_token_to_local writing token to file completed.
12888 2026-04-08 09:17:08,459 webull.core.http.initializer.token.token_manager INFO init_token finished. token:a8391a******03689b expires:1776937170799 status:NORMAL
25144 2026-04-08 09:19:08,238 webull.core.http.initializer.client_initializer INFO _check_token_enable result is True
25144 2026-04-08 09:19:08,257 webull.core.http.initializer.token.token_storage INFO storage_token uses the default configuration, conf.
25144 2026-04-08 09:19:08,257 webull.core.http.initializer.token.token_storage INFO storage_token initialized path:C:\Users\yalil\OneDrive\Desktop\AI-projects\quantitivestocks\conf\token.txt.
25144 2026-04-08 09:19:08,258 webull.core.http.initializer.token.token_storage WARNING storage_token Note: The token file already exists, the latest token configuration will be overwritten and written to the token file after successful 2FA verification. path:C:\Users\yalil\OneDrive\Desktop\AI-projects\quantitivestocks\conf\token.txt.
25144 2026-04-08 09:19:08,258 webull.core.http.initializer.token.token_manager INFO load_token_from_local reading token from file...
25144 2026-04-08 09:19:08,260 webull.core.http.initializer.token.token_manager INFO load_token_from_local read local token result. token:a8391a******03689b expires:1776937170799 status:NORMAL
25144 2026-04-08 09:19:08,487 webull.core.http.initializer.token.token_manager INFO fetch_token_from_server create_token result. token:a8391a******03689b expires:1776937170799 status:NORMAL
25144 2026-04-08 09:19:08,489 webull.core.http.initializer.token.token_manager INFO fetch_token_from_server create_token status is verified, no further check required, returning directly. token:a8391a******03689b expires:1776937170799 status:NORMAL
25144 2026-04-08 09:19:08,489 webull.core.http.initializer.token.token_manager INFO save_token_to_local writing token to local file. token:a8391a******03689b expires:1776937170799 status:NORMAL
25144 2026-04-08 09:19:08,490 webull.core.http.initializer.token.token_manager INFO save_token_to_local writing token to file completed.
25144 2026-04-08 09:19:08,490 webull.core.http.initializer.token.token_manager INFO init_token finished. token:a8391a******03689b expires:1776937170799 status:NORMAL
27568 2026-04-08 09:21:08,136 webull.core.http.initializer.client_initializer INFO _check_token_enable result is True
27568 2026-04-08 09:21:08,139 webull.core.http.initializer.token.token_storage INFO storage_token uses the default configuration, conf.
27568 2026-04-08 09:21:08,139 webull.core.http.initializer.token.token_storage INFO storage_token initialized path:C:\Users\yalil\OneDrive\Desktop\AI-projects\quantitivestocks\conf\token.txt.
27568 2026-04-08 09:21:08,140 webull.core.http.initializer.token.token_storage WARNING storage_token Note: The token file already exists, the latest token configuration will be overwritten and written to the token file after successful 2FA verification. path:C:\Users\yalil\OneDrive\Desktop\AI-projects\quantitivestocks\conf\token.txt.
27568 2026-04-08 09:21:08,140 webull.core.http.initializer.token.token_manager INFO load_token_from_local reading token from file...
27568 2026-04-08 09:21:08,142 webull.core.http.initializer.token.token_manager INFO load_token_from_local read local token result. token:a8391a******03689b expires:1776937170799 status:NORMAL
27568 2026-04-08 09:21:08,491 webull.core.http.initializer.token.token_manager INFO fetch_token_from_server create_token result. token:a8391a******03689b expires:1776937170799 status:NORMAL
27568 2026-04-08 09:21:08,493 webull.core.http.initializer.token.token_manager INFO fetch_token_from_server create_token status is verified, no further check required, returning directly. token:a8391a******03689b expires:1776937170799 status:NORMAL
27568 2026-04-08 09:21:08,493 webull.core.http.initializer.token.token_manager INFO save_token_to_local writing token to local file. token:a8391a******03689b expires:1776937170799 status:NORMAL
27568 2026-04-08 09:21:08,494 webull.core.http.initializer.token.token_manager INFO save_token_to_local writing token to file completed.
27568 2026-04-08 09:21:08,494 webull.core.http.initializer.token.token_manager INFO init_token finished. token:a8391a******03689b expires:1776937170799 status:NORMAL
15992 2026-04-08 09:23:08,221 webull.core.http.initializer.client_initializer INFO _check_token_enable result is True
15992 2026-04-08 09:23:08,223 webull.core.http.initializer.token.token_storage INFO storage_token uses the default configuration, conf.
15992 2026-04-08 09:23:08,224 webull.core.http.initializer.token.token_storage INFO storage_token initialized path:C:\Users\yalil\OneDrive\Desktop\AI-projects\quantitivestocks\conf\token.txt.
15992 2026-04-08 09:23:08,224 webull.core.http.initializer.token.token_storage WARNING storage_token Note: The token file already exists, the latest token configuration will be overwritten and written to the token file after successful 2FA verification. path:C:\Users\yalil\OneDrive\Desktop\AI-projects\quantitivestocks\conf\token.txt.
15992 2026-04-08 09:23:08,225 webull.core.http.initializer.token.token_manager INFO load_token_from_local reading token from file...
15992 2026-04-08 09:23:08,226 webull.core.http.initializer.token.token_manager INFO load_token_from_local read local token result. token:a8391a******03689b expires:1776937170799 status:NORMAL
15992 2026-04-08 09:23:08,376 webull.core.http.initializer.token.token_manager INFO fetch_token_from_server create_token result. token:a8391a******03689b expires:1776937170799 status:NORMAL
15992 2026-04-08 09:23:08,378 webull.core.http.initializer.token.token_manager INFO fetch_token_from_server create_token status is verified, no further check required, returning directly. token:a8391a******03689b expires:1776937170799 status:NORMAL
15992 2026-04-08 09:23:08,379 webull.core.http.initializer.token.token_manager INFO save_token_to_local writing token to local file. token:a8391a******03689b expires:1776937170799 status:NORMAL
15992 2026-04-08 09:23:08,380 webull.core.http.initializer.token.token_manager INFO save_token_to_local writing token to file completed.
15992 2026-04-08 09:23:08,380 webull.core.http.initializer.token.token_manager INFO init_token finished. token:a8391a******03689b expires:1776937170799 status:NORMAL
3320 2026-04-08 09:25:08,480 webull.core.http.initializer.client_initializer INFO _check_token_enable result is True
3320 2026-04-08 09:25:08,483 webull.core.http.initializer.token.token_storage INFO storage_token uses the default configuration, conf.
3320 2026-04-08 09:25:08,484 webull.core.http.initializer.token.token_storage INFO storage_token initialized path:C:\Users\yalil\OneDrive\Desktop\AI-projects\quantitivestocks\conf\token.txt.
3320 2026-04-08 09:25:08,484 webull.core.http.initializer.token.token_storage WARNING storage_token Note: The token file already exists, the latest token configuration will be overwritten and written to the token file after successful 2FA verification. path:C:\Users\yalil\OneDrive\Desktop\AI-projects\quantitivestocks\conf\token.txt.
3320 2026-04-08 09:25:08,485 webull.core.http.initializer.token.token_manager INFO load_token_from_local reading token from file...
3320 2026-04-08 09:25:08,486 webull.core.http.initializer.token.token_manager INFO load_token_from_local read local token result. token:a8391a******03689b expires:1776937170799 status:NORMAL
3320 2026-04-08 09:25:08,740 webull.core.http.initializer.token.token_manager INFO fetch_token_from_server create_token result. token:a8391a******03689b expires:1776937170799 status:NORMAL
3320 2026-04-08 09:25:08,741 webull.core.http.initializer.token.token_manager INFO fetch_token_from_server create_token status is verified, no further check required, returning directly. token:a8391a******03689b expires:1776937170799 status:NORMAL
3320 2026-04-08 09:25:08,741 webull.core.http.initializer.token.token_manager INFO save_token_to_local writing token to local file. token:a8391a******03689b expires:1776937170799 status:NORMAL
3320 2026-04-08 09:25:08,742 webull.core.http.initializer.token.token_manager INFO save_token_to_local writing token to file completed.
3320 2026-04-08 09:25:08,742 webull.core.http.initializer.token.token_manager INFO init_token finished. token:a8391a******03689b expires:1776937170799 status:NORMAL
24360 2026-04-08 09:27:08,735 webull.core.http.initializer.client_initializer INFO _check_token_enable result is True
24360 2026-04-08 09:27:08,739 webull.core.http.initializer.token.token_storage INFO storage_token uses the default configuration, conf.
24360 2026-04-08 09:27:08,740 webull.core.http.initializer.token.token_storage INFO storage_token initialized path:C:\Users\yalil\OneDrive\Desktop\AI-projects\quantitivestocks\conf\token.txt.
24360 2026-04-08 09:27:08,740 webull.core.http.initializer.token.token_storage WARNING storage_token Note: The token file already exists, the latest token configuration will be overwritten and written to the token file after successful 2FA verification. path:C:\Users\yalil\OneDrive\Desktop\AI-projects\quantitivestocks\conf\token.txt.
24360 2026-04-08 09:27:08,741 webull.core.http.initializer.token.token_manager INFO load_token_from_local reading token from file...
24360 2026-04-08 09:27:08,742 webull.core.http.initializer.token.token_manager INFO load_token_from_local read local token result. token:a8391a******03689b expires:1776937170799 status:NORMAL
24360 2026-04-08 09:27:08,905 webull.core.http.initializer.token.token_manager INFO fetch_token_from_server create_token result. token:a8391a******03689b expires:1776937170799 status:NORMAL
24360 2026-04-08 09:27:08,907 webull.core.http.initializer.token.token_manager INFO fetch_token_from_server create_token status is verified, no further check required, returning directly. token:a8391a******03689b expires:1776937170799 status:NORMAL
24360 2026-04-08 09:27:08,907 webull.core.http.initializer.token.token_manager INFO save_token_to_local writing token to local file. token:a8391a******03689b expires:1776937170799 status:NORMAL
24360 2026-04-08 09:27:08,908 webull.core.http.initializer.token.token_manager INFO save_token_to_local writing token to file completed.
24360 2026-04-08 09:27:08,908 webull.core.http.initializer.token.token_manager INFO init_token finished. token:a8391a******03689b expires:1776937170799 status:NORMAL
15488 2026-04-08 09:29:08,826 webull.core.http.initializer.client_initializer INFO _check_token_enable result is True
15488 2026-04-08 09:29:08,829 webull.core.http.initializer.token.token_storage INFO storage_token uses the default configuration, conf.
15488 2026-04-08 09:29:08,830 webull.core.http.initializer.token.token_storage INFO storage_token initialized path:C:\Users\yalil\OneDrive\Desktop\AI-projects\quantitivestocks\conf\token.txt.
15488 2026-04-08 09:29:08,830 webull.core.http.initializer.token.token_storage WARNING storage_token Note: The token file already exists, the latest token configuration will be overwritten and written to the token file after successful 2FA verification. path:C:\Users\yalil\OneDrive\Desktop\AI-projects\quantitivestocks\conf\token.txt.
15488 2026-04-08 09:29:08,831 webull.core.http.initializer.token.token_manager INFO load_token_from_local reading token from file...
15488 2026-04-08 09:29:08,832 webull.core.http.initializer.token.token_manager INFO load_token_from_local read local token result. token:a8391a******03689b expires:1776937170799 status:NORMAL
15488 2026-04-08 09:29:09,149 webull.core.http.initializer.token.token_manager INFO fetch_token_from_server create_token result. token:a8391a******03689b expires:1776937170799 status:NORMAL
15488 2026-04-08 09:29:09,151 webull.core.http.initializer.token.token_manager INFO fetch_token_from_server create_token status is verified, no further check required, returning directly. token:a8391a******03689b expires:1776937170799 status:NORMAL
15488 2026-04-08 09:29:09,151 webull.core.http.initializer.token.token_manager INFO save_token_to_local writing token to local file. token:a8391a******03689b expires:1776937170799 status:NORMAL
15488 2026-04-08 09:29:09,152 webull.core.http.initializer.token.token_manager INFO save_token_to_local writing token to file completed.
15488 2026-04-08 09:29:09,152 webull.core.http.initializer.token.token_manager INFO init_token finished. token:a8391a******03689b expires:1776937170799 status:NORMAL
13192 2026-04-08 09:31:09,384 webull.core.http.initializer.client_initializer INFO _check_token_enable result is True
13192 2026-04-08 09:31:09,387 webull.core.http.initializer.token.token_storage INFO storage_token uses the default configuration, conf.
13192 2026-04-08 09:31:09,388 webull.core.http.initializer.token.token_storage INFO storage_token initialized path:C:\Users\yalil\OneDrive\Desktop\AI-projects\quantitivestocks\conf\token.txt.
13192 2026-04-08 09:31:09,388 webull.core.http.initializer.token.token_storage WARNING storage_token Note: The token file already exists, the latest token configuration will be overwritten and written to the token file after successful 2FA verification. path:C:\Users\yalil\OneDrive\Desktop\AI-projects\quantitivestocks\conf\token.txt.
13192 2026-04-08 09:31:09,388 webull.core.http.initializer.token.token_manager INFO load_token_from_local reading token from file...
13192 2026-04-08 09:31:09,390 webull.core.http.initializer.token.token_manager INFO load_token_from_local read local token result. token:a8391a******03689b expires:1776937170799 status:NORMAL
13192 2026-04-08 09:31:09,644 webull.core.http.initializer.token.token_manager INFO fetch_token_from_server create_token result. token:a8391a******03689b expires:1776937170799 status:NORMAL
13192 2026-04-08 09:31:09,647 webull.core.http.initializer.token.token_manager INFO fetch_token_from_server create_token status is verified, no further check required, returning directly. token:a8391a******03689b expires:1776937170799 status:NORMAL
13192 2026-04-08 09:31:09,647 webull.core.http.initializer.token.token_manager INFO save_token_to_local writing token to local file. token:a8391a******03689b expires:1776937170799 status:NORMAL
13192 2026-04-08 09:31:09,648 webull.core.http.initializer.token.token_manager INFO save_token_to_local writing token to file completed.
13192 2026-04-08 09:31:09,648 webull.core.http.initializer.token.token_manager INFO init_token finished. token:a8391a******03689b expires:1776937170799 status:NORMAL
15064 2026-04-08 09:33:09,167 webull.core.http.initializer.client_initializer INFO _check_token_enable result is True
15064 2026-04-08 09:33:09,169 webull.core.http.initializer.token.token_storage INFO storage_token uses the default configuration, conf.
15064 2026-04-08 09:33:09,170 webull.core.http.initializer.token.token_storage INFO storage_token initialized path:C:\Users\yalil\OneDrive\Desktop\AI-projects\quantitivestocks\conf\token.txt.
15064 2026-04-08 09:33:09,171 webull.core.http.initializer.token.token_storage WARNING storage_token Note: The token file already exists, the latest token configuration will be overwritten and written to the token file after successful 2FA verification. path:C:\Users\yalil\OneDrive\Desktop\AI-projects\quantitivestocks\conf\token.txt.
15064 2026-04-08 09:33:09,171 webull.core.http.initializer.token.token_manager INFO load_token_from_local reading token from file...
15064 2026-04-08 09:33:09,173 webull.core.http.initializer.token.token_manager INFO load_token_from_local read local token result. token:a8391a******03689b expires:1776937170799 status:NORMAL
15064 2026-04-08 09:33:09,408 webull.core.http.initializer.token.token_manager INFO fetch_token_from_server create_token result. token:a8391a******03689b expires:1776937170799 status:NORMAL
15064 2026-04-08 09:33:09,410 webull.core.http.initializer.token.token_manager INFO fetch_token_from_server create_token status is verified, no further check required, returning directly. token:a8391a******03689b expires:1776937170799 status:NORMAL
15064 2026-04-08 09:33:09,411 webull.core.http.initializer.token.token_manager INFO save_token_to_local writing token to local file. token:a8391a******03689b expires:1776937170799 status:NORMAL
15064 2026-04-08 09:33:09,412 webull.core.http.initializer.token.token_manager INFO save_token_to_local writing token to file completed.
15064 2026-04-08 09:33:09,412 webull.core.http.initializer.token.token_manager INFO init_token finished. token:a8391a******03689b expires:1776937170799 status:NORMAL
26516 2026-04-08 09:35:09,519 webull.core.http.initializer.client_initializer INFO _check_token_enable result is True
26516 2026-04-08 09:35:09,522 webull.core.http.initializer.token.token_storage INFO storage_token uses the default configuration, conf.
26516 2026-04-08 09:35:09,524 webull.core.http.initializer.token.token_storage INFO storage_token initialized path:C:\Users\yalil\OneDrive\Desktop\AI-projects\quantitivestocks\conf\token.txt.
26516 2026-04-08 09:35:09,524 webull.core.http.initializer.token.token_storage WARNING storage_token Note: The token file already exists, the latest token configuration will be overwritten and written to the token file after successful 2FA verification. path:C:\Users\yalil\OneDrive\Desktop\AI-projects\quantitivestocks\conf\token.txt.
26516 2026-04-08 09:35:09,525 webull.core.http.initializer.token.token_manager INFO load_token_from_local reading token from file...
26516 2026-04-08 09:35:09,527 webull.core.http.initializer.token.token_manager INFO load_token_from_local read local token result. token:a8391a******03689b expires:1776937170799 status:NORMAL
26516 2026-04-08 09:35:09,885 webull.core.http.initializer.token.token_manager INFO fetch_token_from_server create_token result. token:a8391a******03689b expires:1776937170799 status:NORMAL
26516 2026-04-08 09:35:09,886 webull.core.http.initializer.token.token_manager INFO fetch_token_from_server create_token status is verified, no further check required, returning directly. token:a8391a******03689b expires:1776937170799 status:NORMAL
26516 2026-04-08 09:35:09,887 webull.core.http.initializer.token.token_manager INFO save_token_to_local writing token to local file. token:a8391a******03689b expires:1776937170799 status:NORMAL
26516 2026-04-08 09:35:09,888 webull.core.http.initializer.token.token_manager INFO save_token_to_local writing token to file completed.
26516 2026-04-08 09:35:09,888 webull.core.http.initializer.token.token_manager INFO init_token finished. token:a8391a******03689b expires:1776937170799 status:NORMAL
24324 2026-04-08 09:37:08,818 webull.core.http.initializer.client_initializer INFO _check_token_enable result is True
24324 2026-04-08 09:37:08,822 webull.core.http.initializer.token.token_storage INFO storage_token uses the default configuration, conf.
24324 2026-04-08 09:37:08,823 webull.core.http.initializer.token.token_storage INFO storage_token initialized path:C:\Users\yalil\OneDrive\Desktop\AI-projects\quantitivestocks\conf\token.txt.
24324 2026-04-08 09:37:08,823 webull.core.http.initializer.token.token_storage WARNING storage_token Note: The token file already exists, the latest token configuration will be overwritten and written to the token file after successful 2FA verification. path:C:\Users\yalil\OneDrive\Desktop\AI-projects\quantitivestocks\conf\token.txt.
24324 2026-04-08 09:37:08,824 webull.core.http.initializer.token.token_manager INFO load_token_from_local reading token from file...
24324 2026-04-08 09:37:08,825 webull.core.http.initializer.token.token_manager INFO load_token_from_local read local token result. token:a8391a******03689b expires:1776937170799 status:NORMAL
24324 2026-04-08 09:37:09,058 webull.core.http.initializer.token.token_manager INFO fetch_token_from_server create_token result. token:a8391a******03689b expires:1776937170799 status:NORMAL
24324 2026-04-08 09:37:09,060 webull.core.http.initializer.token.token_manager INFO fetch_token_from_server create_token status is verified, no further check required, returning directly. token:a8391a******03689b expires:1776937170799 status:NORMAL
24324 2026-04-08 09:37:09,060 webull.core.http.initializer.token.token_manager INFO save_token_to_local writing token to local file. token:a8391a******03689b expires:1776937170799 status:NORMAL
24324 2026-04-08 09:37:09,061 webull.core.http.initializer.token.token_manager INFO save_token_to_local writing token to file completed.
24324 2026-04-08 09:37:09,061 webull.core.http.initializer.token.token_manager INFO init_token finished. token:a8391a******03689b expires:1776937170799 status:NORMAL
16616 2026-04-08 09:39:09,082 webull.core.http.initializer.client_initializer INFO _check_token_enable result is True
16616 2026-04-08 09:39:09,085 webull.core.http.initializer.token.token_storage INFO storage_token uses the default configuration, conf.
16616 2026-04-08 09:39:09,086 webull.core.http.initializer.token.token_storage INFO storage_token initialized path:C:\Users\yalil\OneDrive\Desktop\AI-projects\quantitivestocks\conf\token.txt.
16616 2026-04-08 09:39:09,086 webull.core.http.initializer.token.token_storage WARNING storage_token Note: The token file already exists, the latest token configuration will be overwritten and written to the token file after successful 2FA verification. path:C:\Users\yalil\OneDrive\Desktop\AI-projects\quantitivestocks\conf\token.txt.
16616 2026-04-08 09:39:09,087 webull.core.http.initializer.token.token_manager INFO load_token_from_local reading token from file...
16616 2026-04-08 09:39:09,089 webull.core.http.initializer.token.token_manager INFO load_token_from_local read local token result. token:a8391a******03689b expires:1776937170799 status:NORMAL
16616 2026-04-08 09:39:09,319 webull.core.http.initializer.token.token_manager INFO fetch_token_from_server create_token result. token:a8391a******03689b expires:1776937170799 status:NORMAL
16616 2026-04-08 09:39:09,320 webull.core.http.initializer.token.token_manager INFO fetch_token_from_server create_token status is verified, no further check required, returning directly. token:a8391a******03689b expires:1776937170799 status:NORMAL
16616 2026-04-08 09:39:09,321 webull.core.http.initializer.token.token_manager INFO save_token_to_local writing token to local file. token:a8391a******03689b expires:1776937170799 status:NORMAL
16616 2026-04-08 09:39:09,322 webull.core.http.initializer.token.token_manager INFO save_token_to_local writing token to file completed.
16616 2026-04-08 09:39:09,322 webull.core.http.initializer.token.token_manager INFO init_token finished. token:a8391a******03689b expires:1776937170799 status:NORMAL
26940 2026-04-08 09:41:09,051 webull.core.http.initializer.client_initializer INFO _check_token_enable result is True
26940 2026-04-08 09:41:09,054 webull.core.http.initializer.token.token_storage INFO storage_token uses the default configuration, conf.
26940 2026-04-08 09:41:09,055 webull.core.http.initializer.token.token_storage INFO storage_token initialized path:C:\Users\yalil\OneDrive\Desktop\AI-projects\quantitivestocks\conf\token.txt.
26940 2026-04-08 09:41:09,056 webull.core.http.initializer.token.token_storage WARNING storage_token Note: The token file already exists, the latest token configuration will be overwritten and written to the token file after successful 2FA verification. path:C:\Users\yalil\OneDrive\Desktop\AI-projects\quantitivestocks\conf\token.txt.
26940 2026-04-08 09:41:09,056 webull.core.http.initializer.token.token_manager INFO load_token_from_local reading token from file...
26940 2026-04-08 09:41:09,058 webull.core.http.initializer.token.token_manager INFO load_token_from_local read local token result. token:a8391a******03689b expires:1776937170799 status:NORMAL
26940 2026-04-08 09:41:09,288 webull.core.http.initializer.token.token_manager INFO fetch_token_from_server create_token result. token:a8391a******03689b expires:1776937170799 status:NORMAL
26940 2026-04-08 09:41:09,289 webull.core.http.initializer.token.token_manager INFO fetch_token_from_server create_token status is verified, no further check required, returning directly. token:a8391a******03689b expires:1776937170799 status:NORMAL
26940 2026-04-08 09:41:09,289 webull.core.http.initializer.token.token_manager INFO save_token_to_local writing token to local file. token:a8391a******03689b expires:1776937170799 status:NORMAL
26940 2026-04-08 09:41:09,290 webull.core.http.initializer.token.token_manager INFO save_token_to_local writing token to file completed.
26940 2026-04-08 09:41:09,291 webull.core.http.initializer.token.token_manager INFO init_token finished. token:a8391a******03689b expires:1776937170799 status:NORMAL
5888 2026-04-08 09:43:09,974 webull.core.http.initializer.client_initializer INFO _check_token_enable result is True
5888 2026-04-08 09:43:09,977 webull.core.http.initializer.token.token_storage INFO storage_token uses the default configuration, conf.
5888 2026-04-08 09:43:09,978 webull.core.http.initializer.token.token_storage INFO storage_token initialized path:C:\Users\yalil\OneDrive\Desktop\AI-projects\quantitivestocks\conf\token.txt.
5888 2026-04-08 09:43:09,978 webull.core.http.initializer.token.token_storage WARNING storage_token Note: The token file already exists, the latest token configuration will be overwritten and written to the token file after successful 2FA verification. path:C:\Users\yalil\OneDrive\Desktop\AI-projects\quantitivestocks\conf\token.txt.
5888 2026-04-08 09:43:09,978 webull.core.http.initializer.token.token_manager INFO load_token_from_local reading token from file...
5888 2026-04-08 09:43:09,980 webull.core.http.initializer.token.token_manager INFO load_token_from_local read local token result. token:a8391a******03689b expires:1776937170799 status:NORMAL
5888 2026-04-08 09:43:10,242 webull.core.http.initializer.token.token_manager INFO fetch_token_from_server create_token result. token:a8391a******03689b expires:1776937170799 status:NORMAL
5888 2026-04-08 09:43:10,244 webull.core.http.initializer.token.token_manager INFO fetch_token_from_server create_token status is verified, no further check required, returning directly. token:a8391a******03689b expires:1776937170799 status:NORMAL
5888 2026-04-08 09:43:10,244 webull.core.http.initializer.token.token_manager INFO save_token_to_local writing token to local file. token:a8391a******03689b expires:1776937170799 status:NORMAL
5888 2026-04-08 09:43:10,245 webull.core.http.initializer.token.token_manager INFO save_token_to_local writing token to file completed.
5888 2026-04-08 09:43:10,245 webull.core.http.initializer.token.token_manager INFO init_token finished. token:a8391a******03689b expires:1776937170799 status:NORMAL
19080 2026-04-08 09:45:09,598 webull.core.http.initializer.client_initializer INFO _check_token_enable result is True
19080 2026-04-08 09:45:09,601 webull.core.http.initializer.token.token_storage INFO storage_token uses the default configuration, conf.
19080 2026-04-08 09:45:09,602 webull.core.http.initializer.token.token_storage INFO storage_token initialized path:C:\Users\yalil\OneDrive\Desktop\AI-projects\quantitivestocks\conf\token.txt.
19080 2026-04-08 09:45:09,602 webull.core.http.initializer.token.token_storage WARNING storage_token Note: The token file already exists, the latest token configuration will be overwritten and written to the token file after successful 2FA verification. path:C:\Users\yalil\OneDrive\Desktop\AI-projects\quantitivestocks\conf\token.txt.
19080 2026-04-08 09:45:09,603 webull.core.http.initializer.token.token_manager INFO load_token_from_local reading token from file...
19080 2026-04-08 09:45:09,604 webull.core.http.initializer.token.token_manager INFO load_token_from_local read local token result. token:a8391a******03689b expires:1776937170799 status:NORMAL
19080 2026-04-08 09:45:09,843 webull.core.http.initializer.token.token_manager INFO fetch_token_from_server create_token result. token:a8391a******03689b expires:1776937170799 status:NORMAL
19080 2026-04-08 09:45:09,845 webull.core.http.initializer.token.token_manager INFO fetch_token_from_server create_token status is verified, no further check required, returning directly. token:a8391a******03689b expires:1776937170799 status:NORMAL
19080 2026-04-08 09:45:09,845 webull.core.http.initializer.token.token_manager INFO save_token_to_local writing token to local file. token:a8391a******03689b expires:1776937170799 status:NORMAL
19080 2026-04-08 09:45:09,846 webull.core.http.initializer.token.token_manager INFO save_token_to_local writing token to file completed.
19080 2026-04-08 09:45:09,846 webull.core.http.initializer.token.token_manager INFO init_token finished. token:a8391a******03689b expires:1776937170799 status:NORMAL
25912 2026-04-08 09:47:09,800 webull.core.http.initializer.client_initializer INFO _check_token_enable result is True
25912 2026-04-08 09:47:09,802 webull.core.http.initializer.token.token_storage INFO storage_token uses the default configuration, conf.
25912 2026-04-08 09:47:09,803 webull.core.http.initializer.token.token_storage INFO storage_token initialized path:C:\Users\yalil\OneDrive\Desktop\AI-projects\quantitivestocks\conf\token.txt.
25912 2026-04-08 09:47:09,803 webull.core.http.initializer.token.token_storage WARNING storage_token Note: The token file already exists, the latest token configuration will be overwritten and written to the token file after successful 2FA verification. path:C:\Users\yalil\OneDrive\Desktop\AI-projects\quantitivestocks\conf\token.txt.
25912 2026-04-08 09:47:09,803 webull.core.http.initializer.token.token_manager INFO load_token_from_local reading token from file...
25912 2026-04-08 09:47:09,805 webull.core.http.initializer.token.token_manager INFO load_token_from_local read local token result. token:a8391a******03689b expires:1776937170799 status:NORMAL
25912 2026-04-08 09:47:09,951 webull.core.http.initializer.token.token_manager INFO fetch_token_from_server create_token result. token:a8391a******03689b expires:1776937170799 status:NORMAL
25912 2026-04-08 09:47:09,953 webull.core.http.initializer.token.token_manager INFO fetch_token_from_server create_token status is verified, no further check required, returning directly. token:a8391a******03689b expires:1776937170799 status:NORMAL
25912 2026-04-08 09:47:09,953 webull.core.http.initializer.token.token_manager INFO save_token_to_local writing token to local file. token:a8391a******03689b expires:1776937170799 status:NORMAL
25912 2026-04-08 09:47:09,954 webull.core.http.initializer.token.token_manager INFO save_token_to_local writing token to file completed.
25912 2026-04-08 09:47:09,954 webull.core.http.initializer.token.token_manager INFO init_token finished. token:a8391a******03689b expires:1776937170799 status:NORMAL
23164 2026-04-08 09:49:09,739 webull.core.http.initializer.client_initializer INFO _check_token_enable result is True
23164 2026-04-08 09:49:09,742 webull.core.http.initializer.token.token_storage INFO storage_token uses the default configuration, conf.
23164 2026-04-08 09:49:09,743 webull.core.http.initializer.token.token_storage INFO storage_token initialized path:C:\Users\yalil\OneDrive\Desktop\AI-projects\quantitivestocks\conf\token.txt.
23164 2026-04-08 09:49:09,744 webull.core.http.initializer.token.token_storage WARNING storage_token Note: The token file already exists, the latest token configuration will be overwritten and written to the token file after successful 2FA verification. path:C:\Users\yalil\OneDrive\Desktop\AI-projects\quantitivestocks\conf\token.txt.
23164 2026-04-08 09:49:09,744 webull.core.http.initializer.token.token_manager INFO load_token_from_local reading token from file...
23164 2026-04-08 09:49:09,746 webull.core.http.initializer.token.token_manager INFO load_token_from_local read local token result. token:a8391a******03689b expires:1776937170799 status:NORMAL
23164 2026-04-08 09:49:10,041 webull.core.http.initializer.token.token_manager INFO fetch_token_from_server create_token result. token:a8391a******03689b expires:1776937170799 status:NORMAL
23164 2026-04-08 09:49:10,042 webull.core.http.initializer.token.token_manager INFO fetch_token_from_server create_token status is verified, no further check required, returning directly. token:a8391a******03689b expires:1776937170799 status:NORMAL
23164 2026-04-08 09:49:10,042 webull.core.http.initializer.token.token_manager INFO save_token_to_local writing token to local file. token:a8391a******03689b expires:1776937170799 status:NORMAL
23164 2026-04-08 09:49:10,043 webull.core.http.initializer.token.token_manager INFO save_token_to_local writing token to file completed.
23164 2026-04-08 09:49:10,043 webull.core.http.initializer.token.token_manager INFO init_token finished. token:a8391a******03689b expires:1776937170799 status:NORMAL
19600 2026-04-08 09:51:10,326 webull.core.http.initializer.client_initializer INFO _check_token_enable result is True
19600 2026-04-08 09:51:10,328 webull.core.http.initializer.token.token_storage INFO storage_token uses the default configuration, conf.
19600 2026-04-08 09:51:10,328 webull.core.http.initializer.token.token_storage INFO storage_token initialized path:C:\Users\yalil\OneDrive\Desktop\AI-projects\quantitivestocks\conf\token.txt.
19600 2026-04-08 09:51:10,329 webull.core.http.initializer.token.token_storage WARNING storage_token Note: The token file already exists, the latest token configuration will be overwritten and written to the token file after successful 2FA verification. path:C:\Users\yalil\OneDrive\Desktop\AI-projects\quantitivestocks\conf\token.txt.
19600 2026-04-08 09:51:10,329 webull.core.http.initializer.token.token_manager INFO load_token_from_local reading token from file...
19600 2026-04-08 09:51:10,331 webull.core.http.initializer.token.token_manager INFO load_token_from_local read local token result. token:a8391a******03689b expires:1776937170799 status:NORMAL
19600 2026-04-08 09:51:10,552 webull.core.http.initializer.token.token_manager INFO fetch_token_from_server create_token result. token:a8391a******03689b expires:1776937170799 status:NORMAL
19600 2026-04-08 09:51:10,553 webull.core.http.initializer.token.token_manager INFO fetch_token_from_server create_token status is verified, no further check required, returning directly. token:a8391a******03689b expires:1776937170799 status:NORMAL
19600 2026-04-08 09:51:10,553 webull.core.http.initializer.token.token_manager INFO save_token_to_local writing token to local file. token:a8391a******03689b expires:1776937170799 status:NORMAL
19600 2026-04-08 09:51:10,554 webull.core.http.initializer.token.token_manager INFO save_token_to_local writing token to file completed.
19600 2026-04-08 09:51:10,554 webull.core.http.initializer.token.token_manager INFO init_token finished. token:a8391a******03689b expires:1776937170799 status:NORMAL
14300 2026-04-08 09:53:09,913 webull.core.http.initializer.client_initializer INFO _check_token_enable result is True
14300 2026-04-08 09:53:09,915 webull.core.http.initializer.token.token_storage INFO storage_token uses the default configuration, conf.
14300 2026-04-08 09:53:09,917 webull.core.http.initializer.token.token_storage INFO storage_token initialized path:C:\Users\yalil\OneDrive\Desktop\AI-projects\quantitivestocks\conf\token.txt.
14300 2026-04-08 09:53:09,918 webull.core.http.initializer.token.token_storage WARNING storage_token Note: The token file already exists, the latest token configuration will be overwritten and written to the token file after successful 2FA verification. path:C:\Users\yalil\OneDrive\Desktop\AI-projects\quantitivestocks\conf\token.txt.
14300 2026-04-08 09:53:09,918 webull.core.http.initializer.token.token_manager INFO load_token_from_local reading token from file...
14300 2026-04-08 09:53:09,920 webull.core.http.initializer.token.token_manager INFO load_token_from_local read local token result. token:a8391a******03689b expires:1776937170799 status:NORMAL
14300 2026-04-08 09:53:10,162 webull.core.http.initializer.token.token_manager INFO fetch_token_from_server create_token result. token:a8391a******03689b expires:1776937170799 status:NORMAL
14300 2026-04-08 09:53:10,164 webull.core.http.initializer.token.token_manager INFO fetch_token_from_server create_token status is verified, no further check required, returning directly. token:a8391a******03689b expires:1776937170799 status:NORMAL
14300 2026-04-08 09:53:10,164 webull.core.http.initializer.token.token_manager INFO save_token_to_local writing token to local file. token:a8391a******03689b expires:1776937170799 status:NORMAL
14300 2026-04-08 09:53:10,165 webull.core.http.initializer.token.token_manager INFO save_token_to_local writing token to file completed.
14300 2026-04-08 09:53:10,165 webull.core.http.initializer.token.token_manager INFO init_token finished. token:a8391a******03689b expires:1776937170799 status:NORMAL
27320 2026-04-08 09:55:09,995 webull.core.http.initializer.client_initializer INFO _check_token_enable result is True
27320 2026-04-08 09:55:09,998 webull.core.http.initializer.token.token_storage INFO storage_token uses the default configuration, conf.
27320 2026-04-08 09:55:10,000 webull.core.http.initializer.token.token_storage INFO storage_token initialized path:C:\Users\yalil\OneDrive\Desktop\AI-projects\quantitivestocks\conf\token.txt.
27320 2026-04-08 09:55:10,000 webull.core.http.initializer.token.token_storage WARNING storage_token Note: The token file already exists, the latest token configuration will be overwritten and written to the token file after successful 2FA verification. path:C:\Users\yalil\OneDrive\Desktop\AI-projects\quantitivestocks\conf\token.txt.
27320 2026-04-08 09:55:10,001 webull.core.http.initializer.token.token_manager INFO load_token_from_local reading token from file...
27320 2026-04-08 09:55:10,003 webull.core.http.initializer.token.token_manager INFO load_token_from_local read local token result. token:a8391a******03689b expires:1776937170799 status:NORMAL
27320 2026-04-08 09:55:10,181 webull.core.http.initializer.token.token_manager INFO fetch_token_from_server create_token result. token:a8391a******03689b expires:1776937170799 status:NORMAL
27320 2026-04-08 09:55:10,182 webull.core.http.initializer.token.token_manager INFO fetch_token_from_server create_token status is verified, no further check required, returning directly. token:a8391a******03689b expires:1776937170799 status:NORMAL
27320 2026-04-08 09:55:10,182 webull.core.http.initializer.token.token_manager INFO save_token_to_local writing token to local file. token:a8391a******03689b expires:1776937170799 status:NORMAL
27320 2026-04-08 09:55:10,183 webull.core.http.initializer.token.token_manager INFO save_token_to_local writing token to file completed.
27320 2026-04-08 09:55:10,183 webull.core.http.initializer.token.token_manager INFO init_token finished. token:a8391a******03689b expires:1776937170799 status:NORMAL
7076 2026-04-08 09:57:10,119 webull.core.http.initializer.client_initializer INFO _check_token_enable result is True
7076 2026-04-08 09:57:10,122 webull.core.http.initializer.token.token_storage INFO storage_token uses the default configuration, conf.
7076 2026-04-08 09:57:10,124 webull.core.http.initializer.token.token_storage INFO storage_token initialized path:C:\Users\yalil\OneDrive\Desktop\AI-projects\quantitivestocks\conf\token.txt.
7076 2026-04-08 09:57:10,124 webull.core.http.initializer.token.token_storage WARNING storage_token Note: The token file already exists, the latest token configuration will be overwritten and written to the token file after successful 2FA verification. path:C:\Users\yalil\OneDrive\Desktop\AI-projects\quantitivestocks\conf\token.txt.
7076 2026-04-08 09:57:10,124 webull.core.http.initializer.token.token_manager INFO load_token_from_local reading token from file...
7076 2026-04-08 09:57:10,126 webull.core.http.initializer.token.token_manager INFO load_token_from_local read local token result. token:a8391a******03689b expires:1776937170799 status:NORMAL
7076 2026-04-08 09:57:10,375 webull.core.http.initializer.token.token_manager INFO fetch_token_from_server create_token result. token:a8391a******03689b expires:1776937170799 status:NORMAL
7076 2026-04-08 09:57:10,376 webull.core.http.initializer.token.token_manager INFO fetch_token_from_server create_token status is verified, no further check required, returning directly. token:a8391a******03689b expires:1776937170799 status:NORMAL
7076 2026-04-08 09:57:10,376 webull.core.http.initializer.token.token_manager INFO save_token_to_local writing token to local file. token:a8391a******03689b expires:1776937170799 status:NORMAL
7076 2026-04-08 09:57:10,377 webull.core.http.initializer.token.token_manager INFO save_token_to_local writing token to file completed.
7076 2026-04-08 09:57:10,377 webull.core.http.initializer.token.token_manager INFO init_token finished. token:a8391a******03689b expires:1776937170799 status:NORMAL
15376 2026-04-08 09:59:10,204 webull.core.http.initializer.client_initializer INFO _check_token_enable result is True
15376 2026-04-08 09:59:10,207 webull.core.http.initializer.token.token_storage INFO storage_token uses the default configuration, conf.
15376 2026-04-08 09:59:10,208 webull.core.http.initializer.token.token_storage INFO storage_token initialized path:C:\Users\yalil\OneDrive\Desktop\AI-projects\quantitivestocks\conf\token.txt.
15376 2026-04-08 09:59:10,208 webull.core.http.initializer.token.token_storage WARNING storage_token Note: The token file already exists, the latest token configuration will be overwritten and written to the token file after successful 2FA verification. path:C:\Users\yalil\OneDrive\Desktop\AI-projects\quantitivestocks\conf\token.txt.
15376 2026-04-08 09:59:10,209 webull.core.http.initializer.token.token_manager INFO load_token_from_local reading token from file...
15376 2026-04-08 09:59:10,210 webull.core.http.initializer.token.token_manager INFO load_token_from_local read local token result. token:a8391a******03689b expires:1776937170799 status:NORMAL
15376 2026-04-08 09:59:10,456 webull.core.http.initializer.token.token_manager INFO fetch_token_from_server create_token result. token:a8391a******03689b expires:1776937170799 status:NORMAL
15376 2026-04-08 09:59:10,458 webull.core.http.initializer.token.token_manager INFO fetch_token_from_server create_token status is verified, no further check required, returning directly. token:a8391a******03689b expires:1776937170799 status:NORMAL
15376 2026-04-08 09:59:10,458 webull.core.http.initializer.token.token_manager INFO save_token_to_local writing token to local file. token:a8391a******03689b expires:1776937170799 status:NORMAL
15376 2026-04-08 09:59:10,459 webull.core.http.initializer.token.token_manager INFO save_token_to_local writing token to file completed.
15376 2026-04-08 09:59:10,459 webull.core.http.initializer.token.token_manager INFO init_token finished. token:a8391a******03689b expires:1776937170799 status:NORMAL
6044 2026-04-08 10:01:10,337 webull.core.http.initializer.client_initializer INFO _check_token_enable result is True
6044 2026-04-08 10:01:10,339 webull.core.http.initializer.token.token_storage INFO storage_token uses the default configuration, conf.
6044 2026-04-08 10:01:10,340 webull.core.http.initializer.token.token_storage INFO storage_token initialized path:C:\Users\yalil\OneDrive\Desktop\AI-projects\quantitivestocks\conf\token.txt.
6044 2026-04-08 10:01:10,341 webull.core.http.initializer.token.token_storage WARNING storage_token Note: The token file already exists, the latest token configuration will be overwritten and written to the token file after successful 2FA verification. path:C:\Users\yalil\OneDrive\Desktop\AI-projects\quantitivestocks\conf\token.txt.
6044 2026-04-08 10:01:10,341 webull.core.http.initializer.token.token_manager INFO load_token_from_local reading token from file...
6044 2026-04-08 10:01:10,343 webull.core.http.initializer.token.token_manager INFO load_token_from_local read local token result. token:a8391a******03689b expires:1776937170799 status:NORMAL
6044 2026-04-08 10:01:10,612 webull.core.http.initializer.token.token_manager INFO fetch_token_from_server create_token result. token:a8391a******03689b expires:1776937170799 status:NORMAL
6044 2026-04-08 10:01:10,613 webull.core.http.initializer.token.token_manager INFO fetch_token_from_server create_token status is verified, no further check required, returning directly. token:a8391a******03689b expires:1776937170799 status:NORMAL
6044 2026-04-08 10:01:10,613 webull.core.http.initializer.token.token_manager INFO save_token_to_local writing token to local file. token:a8391a******03689b expires:1776937170799 status:NORMAL
6044 2026-04-08 10:01:10,614 webull.core.http.initializer.token.token_manager INFO save_token_to_local writing token to file completed.
6044 2026-04-08 10:01:10,614 webull.core.http.initializer.token.token_manager INFO init_token finished. token:a8391a******03689b expires:1776937170799 status:NORMAL
26800 2026-04-08 10:03:10,440 webull.core.http.initializer.client_initializer INFO _check_token_enable result is True
26800 2026-04-08 10:03:10,443 webull.core.http.initializer.token.token_storage INFO storage_token uses the default configuration, conf.
26800 2026-04-08 10:03:10,444 webull.core.http.initializer.token.token_storage INFO storage_token initialized path:C:\Users\yalil\OneDrive\Desktop\AI-projects\quantitivestocks\conf\token.txt.
26800 2026-04-08 10:03:10,444 webull.core.http.initializer.token.token_storage WARNING storage_token Note: The token file already exists, the latest token configuration will be overwritten and written to the token file after successful 2FA verification. path:C:\Users\yalil\OneDrive\Desktop\AI-projects\quantitivestocks\conf\token.txt.
26800 2026-04-08 10:03:10,445 webull.core.http.initializer.token.token_manager INFO load_token_from_local reading token from file...
26800 2026-04-08 10:03:10,447 webull.core.http.initializer.token.token_manager INFO load_token_from_local read local token result. token:a8391a******03689b expires:1776937170799 status:NORMAL
26800 2026-04-08 10:03:10,802 webull.core.http.initializer.token.token_manager INFO fetch_token_from_server create_token result. token:a8391a******03689b expires:1776937170799 status:NORMAL
26800 2026-04-08 10:03:10,803 webull.core.http.initializer.token.token_manager INFO fetch_token_from_server create_token status is verified, no further check required, returning directly. token:a8391a******03689b expires:1776937170799 status:NORMAL
26800 2026-04-08 10:03:10,803 webull.core.http.initializer.token.token_manager INFO save_token_to_local writing token to local file. token:a8391a******03689b expires:1776937170799 status:NORMAL
26800 2026-04-08 10:03:10,804 webull.core.http.initializer.token.token_manager INFO save_token_to_local writing token to file completed.
26800 2026-04-08 10:03:10,804 webull.core.http.initializer.token.token_manager INFO init_token finished. token:a8391a******03689b expires:1776937170799 status:NORMAL
5160 2026-04-08 10:05:10,516 webull.core.http.initializer.client_initializer INFO _check_token_enable result is True
5160 2026-04-08 10:05:10,518 webull.core.http.initializer.token.token_storage INFO storage_token uses the default configuration, conf.
5160 2026-04-08 10:05:10,519 webull.core.http.initializer.token.token_storage INFO storage_token initialized path:C:\Users\yalil\OneDrive\Desktop\AI-projects\quantitivestocks\conf\token.txt.
5160 2026-04-08 10:05:10,519 webull.core.http.initializer.token.token_storage WARNING storage_token Note: The token file already exists, the latest token configuration will be overwritten and written to the token file after successful 2FA verification. path:C:\Users\yalil\OneDrive\Desktop\AI-projects\quantitivestocks\conf\token.txt.
5160 2026-04-08 10:05:10,520 webull.core.http.initializer.token.token_manager INFO load_token_from_local reading token from file...
5160 2026-04-08 10:05:10,521 webull.core.http.initializer.token.token_manager INFO load_token_from_local read local token result. token:a8391a******03689b expires:1776937170799 status:NORMAL
5160 2026-04-08 10:05:10,723 webull.core.http.initializer.token.token_manager INFO fetch_token_from_server create_token result. token:a8391a******03689b expires:1776937170799 status:NORMAL
5160 2026-04-08 10:05:10,725 webull.core.http.initializer.token.token_manager INFO fetch_token_from_server create_token status is verified, no further check required, returning directly. token:a8391a******03689b expires:1776937170799 status:NORMAL
5160 2026-04-08 10:05:10,725 webull.core.http.initializer.token.token_manager INFO save_token_to_local writing token to local file. token:a8391a******03689b expires:1776937170799 status:NORMAL
5160 2026-04-08 10:05:10,726 webull.core.http.initializer.token.token_manager INFO save_token_to_local writing token to file completed.
5160 2026-04-08 10:05:10,727 webull.core.http.initializer.token.token_manager INFO init_token finished. token:a8391a******03689b expires:1776937170799 status:NORMAL
804 2026-04-08 10:07:10,266 webull.core.http.initializer.client_initializer INFO _check_token_enable result is True
804 2026-04-08 10:07:10,269 webull.core.http.initializer.token.token_storage INFO storage_token uses the default configuration, conf.
804 2026-04-08 10:07:10,270 webull.core.http.initializer.token.token_storage INFO storage_token initialized path:C:\Users\yalil\OneDrive\Desktop\AI-projects\quantitivestocks\conf\token.txt.
804 2026-04-08 10:07:10,270 webull.core.http.initializer.token.token_storage WARNING storage_token Note: The token file already exists, the latest token configuration will be overwritten and written to the token file after successful 2FA verification. path:C:\Users\yalil\OneDrive\Desktop\AI-projects\quantitivestocks\conf\token.txt.
804 2026-04-08 10:07:10,271 webull.core.http.initializer.token.token_manager INFO load_token_from_local reading token from file...
804 2026-04-08 10:07:10,272 webull.core.http.initializer.token.token_manager INFO load_token_from_local read local token result. token:a8391a******03689b expires:1776937170799 status:NORMAL
804 2026-04-08 10:07:10,526 webull.core.http.initializer.token.token_manager INFO fetch_token_from_server create_token result. token:a8391a******03689b expires:1776937170799 status:NORMAL
804 2026-04-08 10:07:10,527 webull.core.http.initializer.token.token_manager INFO fetch_token_from_server create_token status is verified, no further check required, returning directly. token:a8391a******03689b expires:1776937170799 status:NORMAL
804 2026-04-08 10:07:10,528 webull.core.http.initializer.token.token_manager INFO save_token_to_local writing token to local file. token:a8391a******03689b expires:1776937170799 status:NORMAL
804 2026-04-08 10:07:10,529 webull.core.http.initializer.token.token_manager INFO save_token_to_local writing token to file completed.
804 2026-04-08 10:07:10,529 webull.core.http.initializer.token.token_manager INFO init_token finished. token:a8391a******03689b expires:1776937170799 status:NORMAL
25868 2026-04-08 10:09:10,413 webull.core.http.initializer.client_initializer INFO _check_token_enable result is True
25868 2026-04-08 10:09:10,414 webull.core.http.initializer.token.token_storage INFO storage_token uses the default configuration, conf.
25868 2026-04-08 10:09:10,415 webull.core.http.initializer.token.token_storage INFO storage_token initialized path:C:\Users\yalil\OneDrive\Desktop\AI-projects\quantitivestocks\conf\token.txt.
25868 2026-04-08 10:09:10,415 webull.core.http.initializer.token.token_storage WARNING storage_token Note: The token file already exists, the latest token configuration will be overwritten and written to the token file after successful 2FA verification. path:C:\Users\yalil\OneDrive\Desktop\AI-projects\quantitivestocks\conf\token.txt.
25868 2026-04-08 10:09:10,416 webull.core.http.initializer.token.token_manager INFO load_token_from_local reading token from file...
25868 2026-04-08 10:09:10,418 webull.core.http.initializer.token.token_manager INFO load_token_from_local read local token result. token:a8391a******03689b expires:1776937170799 status:NORMAL
25868 2026-04-08 10:09:10,654 webull.core.http.initializer.token.token_manager INFO fetch_token_from_server create_token result. token:a8391a******03689b expires:1776937170799 status:NORMAL
25868 2026-04-08 10:09:10,655 webull.core.http.initializer.token.token_manager INFO fetch_token_from_server create_token status is verified, no further check required, returning directly. token:a8391a******03689b expires:1776937170799 status:NORMAL
25868 2026-04-08 10:09:10,655 webull.core.http.initializer.token.token_manager INFO save_token_to_local writing token to local file. token:a8391a******03689b expires:1776937170799 status:NORMAL
25868 2026-04-08 10:09:10,656 webull.core.http.initializer.token.token_manager INFO save_token_to_local writing token to file completed.
25868 2026-04-08 10:09:10,657 webull.core.http.initializer.token.token_manager INFO init_token finished. token:a8391a******03689b expires:1776937170799 status:NORMAL
15156 2026-04-08 10:11:10,497 webull.core.http.initializer.client_initializer INFO _check_token_enable result is True
15156 2026-04-08 10:11:10,500 webull.core.http.initializer.token.token_storage INFO storage_token uses the default configuration, conf.
15156 2026-04-08 10:11:10,501 webull.core.http.initializer.token.token_storage INFO storage_token initialized path:C:\Users\yalil\OneDrive\Desktop\AI-projects\quantitivestocks\conf\token.txt.
15156 2026-04-08 10:11:10,501 webull.core.http.initializer.token.token_storage WARNING storage_token Note: The token file already exists, the latest token configuration will be overwritten and written to the token file after successful 2FA verification. path:C:\Users\yalil\OneDrive\Desktop\AI-projects\quantitivestocks\conf\token.txt.
15156 2026-04-08 10:11:10,502 webull.core.http.initializer.token.token_manager INFO load_token_from_local reading token from file...
15156 2026-04-08 10:11:10,504 webull.core.http.initializer.token.token_manager INFO load_token_from_local read local token result. token:a8391a******03689b expires:1776937170799 status:NORMAL
15156 2026-04-08 10:11:10,765 webull.core.http.initializer.token.token_manager INFO fetch_token_from_server create_token result. token:a8391a******03689b expires:1776937170799 status:NORMAL
15156 2026-04-08 10:11:10,766 webull.core.http.initializer.token.token_manager INFO fetch_token_from_server create_token status is verified, no further check required, returning directly. token:a8391a******03689b expires:1776937170799 status:NORMAL
15156 2026-04-08 10:11:10,766 webull.core.http.initializer.token.token_manager INFO save_token_to_local writing token to local file. token:a8391a******03689b expires:1776937170799 status:NORMAL
15156 2026-04-08 10:11:10,767 webull.core.http.initializer.token.token_manager INFO save_token_to_local writing token to file completed.
15156 2026-04-08 10:11:10,768 webull.core.http.initializer.token.token_manager INFO init_token finished. token:a8391a******03689b expires:1776937170799 status:NORMAL
27652 2026-04-08 10:13:10,758 webull.core.http.initializer.client_initializer INFO _check_token_enable result is True
27652 2026-04-08 10:13:10,760 webull.core.http.initializer.token.token_storage INFO storage_token uses the default configuration, conf.
27652 2026-04-08 10:13:10,762 webull.core.http.initializer.token.token_storage INFO storage_token initialized path:C:\Users\yalil\OneDrive\Desktop\AI-projects\quantitivestocks\conf\token.txt.
27652 2026-04-08 10:13:10,762 webull.core.http.initializer.token.token_storage WARNING storage_token Note: The token file already exists, the latest token configuration will be overwritten and written to the token file after successful 2FA verification. path:C:\Users\yalil\OneDrive\Desktop\AI-projects\quantitivestocks\conf\token.txt.
27652 2026-04-08 10:13:10,762 webull.core.http.initializer.token.token_manager INFO load_token_from_local reading token from file...
27652 2026-04-08 10:13:10,764 webull.core.http.initializer.token.token_manager INFO load_token_from_local read local token result. token:a8391a******03689b expires:1776937170799 status:NORMAL
27652 2026-04-08 10:13:11,034 webull.core.http.initializer.token.token_manager INFO fetch_token_from_server create_token result. token:a8391a******03689b expires:1776937170799 status:NORMAL
27652 2026-04-08 10:13:11,037 webull.core.http.initializer.token.token_manager INFO fetch_token_from_server create_token status is verified, no further check required, returning directly. token:a8391a******03689b expires:1776937170799 status:NORMAL
27652 2026-04-08 10:13:11,037 webull.core.http.initializer.token.token_manager INFO save_token_to_local writing token to local file. token:a8391a******03689b expires:1776937170799 status:NORMAL
27652 2026-04-08 10:13:11,039 webull.core.http.initializer.token.token_manager INFO save_token_to_local writing token to file completed.
27652 2026-04-08 10:13:11,039 webull.core.http.initializer.token.token_manager INFO init_token finished. token:a8391a******03689b expires:1776937170799 status:NORMAL
26968 2026-04-08 10:15:11,000 webull.core.http.initializer.client_initializer INFO _check_token_enable result is True
26968 2026-04-08 10:15:11,002 webull.core.http.initializer.token.token_storage INFO storage_token uses the default configuration, conf.
26968 2026-04-08 10:15:11,004 webull.core.http.initializer.token.token_storage INFO storage_token initialized path:C:\Users\yalil\OneDrive\Desktop\AI-projects\quantitivestocks\conf\token.txt.
26968 2026-04-08 10:15:11,004 webull.core.http.initializer.token.token_storage WARNING storage_token Note: The token file already exists, the latest token configuration will be overwritten and written to the token file after successful 2FA verification. path:C:\Users\yalil\OneDrive\Desktop\AI-projects\quantitivestocks\conf\token.txt.
26968 2026-04-08 10:15:11,004 webull.core.http.initializer.token.token_manager INFO load_token_from_local reading token from file...
26968 2026-04-08 10:15:11,006 webull.core.http.initializer.token.token_manager INFO load_token_from_local read local token result. token:a8391a******03689b expires:1776937170799 status:NORMAL
26968 2026-04-08 10:15:11,273 webull.core.http.initializer.token.token_manager INFO fetch_token_from_server create_token result. token:a8391a******03689b expires:1776937170799 status:NORMAL
26968 2026-04-08 10:15:11,274 webull.core.http.initializer.token.token_manager INFO fetch_token_from_server create_token status is verified, no further check required, returning directly. token:a8391a******03689b expires:1776937170799 status:NORMAL
26968 2026-04-08 10:15:11,274 webull.core.http.initializer.token.token_manager INFO save_token_to_local writing token to local file. token:a8391a******03689b expires:1776937170799 status:NORMAL
26968 2026-04-08 10:15:11,275 webull.core.http.initializer.token.token_manager INFO save_token_to_local writing token to file completed.
26968 2026-04-08 10:15:11,275 webull.core.http.initializer.token.token_manager INFO init_token finished. token:a8391a******03689b expires:1776937170799 status:NORMAL
25400 2026-04-08 10:17:11,060 webull.core.http.initializer.client_initializer INFO _check_token_enable result is True
25400 2026-04-08 10:17:11,062 webull.core.http.initializer.token.token_storage INFO storage_token uses the default configuration, conf.
25400 2026-04-08 10:17:11,063 webull.core.http.initializer.token.token_storage INFO storage_token initialized path:C:\Users\yalil\OneDrive\Desktop\AI-projects\quantitivestocks\conf\token.txt.
25400 2026-04-08 10:17:11,063 webull.core.http.initializer.token.token_storage WARNING storage_token Note: The token file already exists, the latest token configuration will be overwritten and written to the token file after successful 2FA verification. path:C:\Users\yalil\OneDrive\Desktop\AI-projects\quantitivestocks\conf\token.txt.
25400 2026-04-08 10:17:11,064 webull.core.http.initializer.token.token_manager INFO load_token_from_local reading token from file...
25400 2026-04-08 10:17:11,065 webull.core.http.initializer.token.token_manager INFO load_token_from_local read local token result. token:a8391a******03689b expires:1776937170799 status:NORMAL
25400 2026-04-08 10:17:11,283 webull.core.http.initializer.token.token_manager INFO fetch_token_from_server create_token result. token:a8391a******03689b expires:1776937170799 status:NORMAL
25400 2026-04-08 10:17:11,284 webull.core.http.initializer.token.token_manager INFO fetch_token_from_server create_token status is verified, no further check required, returning directly. token:a8391a******03689b expires:1776937170799 status:NORMAL
25400 2026-04-08 10:17:11,285 webull.core.http.initializer.token.token_manager INFO save_token_to_local writing token to local file. token:a8391a******03689b expires:1776937170799 status:NORMAL
25400 2026-04-08 10:17:11,285 webull.core.http.initializer.token.token_manager INFO save_token_to_local writing token to file completed.
25400 2026-04-08 10:17:11,286 webull.core.http.initializer.token.token_manager INFO init_token finished. token:a8391a******03689b expires:1776937170799 status:NORMAL
25696 2026-04-08 10:19:10,785 webull.core.http.initializer.client_initializer INFO _check_token_enable result is True
25696 2026-04-08 10:19:10,788 webull.core.http.initializer.token.token_storage INFO storage_token uses the default configuration, conf.
25696 2026-04-08 10:19:10,788 webull.core.http.initializer.token.token_storage INFO storage_token initialized path:C:\Users\yalil\OneDrive\Desktop\AI-projects\quantitivestocks\conf\token.txt.
25696 2026-04-08 10:19:10,789 webull.core.http.initializer.token.token_storage WARNING storage_token Note: The token file already exists, the latest token configuration will be overwritten and written to the token file after successful 2FA verification. path:C:\Users\yalil\OneDrive\Desktop\AI-projects\quantitivestocks\conf\token.txt.
25696 2026-04-08 10:19:10,789 webull.core.http.initializer.token.token_manager INFO load_token_from_local reading token from file...
25696 2026-04-08 10:19:10,791 webull.core.http.initializer.token.token_manager INFO load_token_from_local read local token result. token:a8391a******03689b expires:1776937170799 status:NORMAL
25696 2026-04-08 10:19:11,055 webull.core.http.initializer.token.token_manager INFO fetch_token_from_server create_token result. token:a8391a******03689b expires:1776937170799 status:NORMAL
25696 2026-04-08 10:19:11,056 webull.core.http.initializer.token.token_manager INFO fetch_token_from_server create_token status is verified, no further check required, returning directly. token:a8391a******03689b expires:1776937170799 status:NORMAL
25696 2026-04-08 10:19:11,057 webull.core.http.initializer.token.token_manager INFO save_token_to_local writing token to local file. token:a8391a******03689b expires:1776937170799 status:NORMAL
25696 2026-04-08 10:19:11,058 webull.core.http.initializer.token.token_manager INFO save_token_to_local writing token to file completed.
25696 2026-04-08 10:19:11,058 webull.core.http.initializer.token.token_manager INFO init_token finished. token:a8391a******03689b expires:1776937170799 status:NORMAL
18088 2026-04-08 10:21:10,951 webull.core.http.initializer.client_initializer INFO _check_token_enable result is True
18088 2026-04-08 10:21:10,953 webull.core.http.initializer.token.token_storage INFO storage_token uses the default configuration, conf.
18088 2026-04-08 10:21:10,954 webull.core.http.initializer.token.token_storage INFO storage_token initialized path:C:\Users\yalil\OneDrive\Desktop\AI-projects\quantitivestocks\conf\token.txt.
18088 2026-04-08 10:21:10,954 webull.core.http.initializer.token.token_storage WARNING storage_token Note: The token file already exists, the latest token configuration will be overwritten and written to the token file after successful 2FA verification. path:C:\Users\yalil\OneDrive\Desktop\AI-projects\quantitivestocks\conf\token.txt.
18088 2026-04-08 10:21:10,956 webull.core.http.initializer.token.token_manager INFO load_token_from_local reading token from file...
18088 2026-04-08 10:21:10,957 webull.core.http.initializer.token.token_manager INFO load_token_from_local read local token result. token:a8391a******03689b expires:1776937170799 status:NORMAL
18088 2026-04-08 10:21:11,141 webull.core.http.initializer.token.token_manager INFO fetch_token_from_server create_token result. token:a8391a******03689b expires:1776937170799 status:NORMAL
18088 2026-04-08 10:21:11,143 webull.core.http.initializer.token.token_manager INFO fetch_token_from_server create_token status is verified, no further check required, returning directly. token:a8391a******03689b expires:1776937170799 status:NORMAL
18088 2026-04-08 10:21:11,143 webull.core.http.initializer.token.token_manager INFO save_token_to_local writing token to local file. token:a8391a******03689b expires:1776937170799 status:NORMAL
18088 2026-04-08 10:21:11,144 webull.core.http.initializer.token.token_manager INFO save_token_to_local writing token to file completed.
18088 2026-04-08 10:21:11,144 webull.core.http.initializer.token.token_manager INFO init_token finished. token:a8391a******03689b expires:1776937170799 status:NORMAL
12820 2026-04-08 10:23:11,189 webull.core.http.initializer.client_initializer INFO _check_token_enable result is True
12820 2026-04-08 10:23:11,191 webull.core.http.initializer.token.token_storage INFO storage_token uses the default configuration, conf.
12820 2026-04-08 10:23:11,192 webull.core.http.initializer.token.token_storage INFO storage_token initialized path:C:\Users\yalil\OneDrive\Desktop\AI-projects\quantitivestocks\conf\token.txt.
12820 2026-04-08 10:23:11,193 webull.core.http.initializer.token.token_storage WARNING storage_token Note: The token file already exists, the latest token configuration will be overwritten and written to the token file after successful 2FA verification. path:C:\Users\yalil\OneDrive\Desktop\AI-projects\quantitivestocks\conf\token.txt.
12820 2026-04-08 10:23:11,193 webull.core.http.initializer.token.token_manager INFO load_token_from_local reading token from file...
12820 2026-04-08 10:23:11,194 webull.core.http.initializer.token.token_manager INFO load_token_from_local read local token result. token:a8391a******03689b expires:1776937170799 status:NORMAL
12820 2026-04-08 10:23:11,357 webull.core.http.initializer.token.token_manager INFO fetch_token_from_server create_token result. token:a8391a******03689b expires:1776937170799 status:NORMAL
12820 2026-04-08 10:23:11,359 webull.core.http.initializer.token.token_manager INFO fetch_token_from_server create_token status is verified, no further check required, returning directly. token:a8391a******03689b expires:1776937170799 status:NORMAL
12820 2026-04-08 10:23:11,359 webull.core.http.initializer.token.token_manager INFO save_token_to_local writing token to local file. token:a8391a******03689b expires:1776937170799 status:NORMAL
12820 2026-04-08 10:23:11,360 webull.core.http.initializer.token.token_manager INFO save_token_to_local writing token to file completed.
12820 2026-04-08 10:23:11,361 webull.core.http.initializer.token.token_manager INFO init_token finished. token:a8391a******03689b expires:1776937170799 status:NORMAL
28124 2026-04-08 10:25:11,477 webull.core.http.initializer.client_initializer INFO _check_token_enable result is True
28124 2026-04-08 10:25:11,480 webull.core.http.initializer.token.token_storage INFO storage_token uses the default configuration, conf.
28124 2026-04-08 10:25:11,480 webull.core.http.initializer.token.token_storage INFO storage_token initialized path:C:\Users\yalil\OneDrive\Desktop\AI-projects\quantitivestocks\conf\token.txt.
28124 2026-04-08 10:25:11,481 webull.core.http.initializer.token.token_storage WARNING storage_token Note: The token file already exists, the latest token configuration will be overwritten and written to the token file after successful 2FA verification. path:C:\Users\yalil\OneDrive\Desktop\AI-projects\quantitivestocks\conf\token.txt.
28124 2026-04-08 10:25:11,481 webull.core.http.initializer.token.token_manager INFO load_token_from_local reading token from file...
28124 2026-04-08 10:25:11,483 webull.core.http.initializer.token.token_manager INFO load_token_from_local read local token result. token:a8391a******03689b expires:1776937170799 status:NORMAL
28124 2026-04-08 10:25:11,738 webull.core.http.initializer.token.token_manager INFO fetch_token_from_server create_token result. token:a8391a******03689b expires:1776937170799 status:NORMAL
28124 2026-04-08 10:25:11,739 webull.core.http.initializer.token.token_manager INFO fetch_token_from_server create_token status is verified, no further check required, returning directly. token:a8391a******03689b expires:1776937170799 status:NORMAL
28124 2026-04-08 10:25:11,739 webull.core.http.initializer.token.token_manager INFO save_token_to_local writing token to local file. token:a8391a******03689b expires:1776937170799 status:NORMAL
28124 2026-04-08 10:25:11,740 webull.core.http.initializer.token.token_manager INFO save_token_to_local writing token to file completed.
28124 2026-04-08 10:25:11,740 webull.core.http.initializer.token.token_manager INFO init_token finished. token:a8391a******03689b expires:1776937170799 status:NORMAL
19528 2026-04-08 10:27:11,938 webull.core.http.initializer.client_initializer INFO _check_token_enable result is True
19528 2026-04-08 10:27:11,939 webull.core.http.initializer.token.token_storage INFO storage_token uses the default configuration, conf.
19528 2026-04-08 10:27:11,941 webull.core.http.initializer.token.token_storage INFO storage_token initialized path:C:\Users\yalil\OneDrive\Desktop\AI-projects\quantitivestocks\conf\token.txt.
19528 2026-04-08 10:27:11,941 webull.core.http.initializer.token.token_storage WARNING storage_token Note: The token file already exists, the latest token configuration will be overwritten and written to the token file after successful 2FA verification. path:C:\Users\yalil\OneDrive\Desktop\AI-projects\quantitivestocks\conf\token.txt.
19528 2026-04-08 10:27:11,941 webull.core.http.initializer.token.token_manager INFO load_token_from_local reading token from file...
19528 2026-04-08 10:27:11,942 webull.core.http.initializer.token.token_manager INFO load_token_from_local read local token result. token:a8391a******03689b expires:1776937170799 status:NORMAL
19528 2026-04-08 10:27:12,179 webull.core.http.initializer.token.token_manager INFO fetch_token_from_server create_token result. token:a8391a******03689b expires:1776937170799 status:NORMAL
19528 2026-04-08 10:27:12,180 webull.core.http.initializer.token.token_manager INFO fetch_token_from_server create_token status is verified, no further check required, returning directly. token:a8391a******03689b expires:1776937170799 status:NORMAL
19528 2026-04-08 10:27:12,181 webull.core.http.initializer.token.token_manager INFO save_token_to_local writing token to local file. token:a8391a******03689b expires:1776937170799 status:NORMAL
19528 2026-04-08 10:27:12,181 webull.core.http.initializer.token.token_manager INFO save_token_to_local writing token to file completed.
19528 2026-04-08 10:27:12,182 webull.core.http.initializer.token.token_manager INFO init_token finished. token:a8391a******03689b expires:1776937170799 status:NORMAL
23252 2026-04-08 10:29:11,599 webull.core.http.initializer.client_initializer INFO _check_token_enable result is True
23252 2026-04-08 10:29:11,601 webull.core.http.initializer.token.token_storage INFO storage_token uses the default configuration, conf.
23252 2026-04-08 10:29:11,603 webull.core.http.initializer.token.token_storage INFO storage_token initialized path:C:\Users\yalil\OneDrive\Desktop\AI-projects\quantitivestocks\conf\token.txt.
23252 2026-04-08 10:29:11,603 webull.core.http.initializer.token.token_storage WARNING storage_token Note: The token file already exists, the latest token configuration will be overwritten and written to the token file after successful 2FA verification. path:C:\Users\yalil\OneDrive\Desktop\AI-projects\quantitivestocks\conf\token.txt.
23252 2026-04-08 10:29:11,603 webull.core.http.initializer.token.token_manager INFO load_token_from_local reading token from file...
23252 2026-04-08 10:29:11,605 webull.core.http.initializer.token.token_manager INFO load_token_from_local read local token result. token:a8391a******03689b expires:1776937170799 status:NORMAL
23252 2026-04-08 10:29:11,848 webull.core.http.initializer.token.token_manager INFO fetch_token_from_server create_token result. token:a8391a******03689b expires:1776937170799 status:NORMAL
23252 2026-04-08 10:29:11,849 webull.core.http.initializer.token.token_manager INFO fetch_token_from_server create_token status is verified, no further check required, returning directly. token:a8391a******03689b expires:1776937170799 status:NORMAL
23252 2026-04-08 10:29:11,850 webull.core.http.initializer.token.token_manager INFO save_token_to_local writing token to local file. token:a8391a******03689b expires:1776937170799 status:NORMAL
23252 2026-04-08 10:29:11,850 webull.core.http.initializer.token.token_manager INFO save_token_to_local writing token to file completed.
23252 2026-04-08 10:29:11,851 webull.core.http.initializer.token.token_manager INFO init_token finished. token:a8391a******03689b expires:1776937170799 status:NORMAL
26752 2026-04-08 10:31:12,114 webull.core.http.initializer.client_initializer INFO _check_token_enable result is True
26752 2026-04-08 10:31:12,116 webull.core.http.initializer.token.token_storage INFO storage_token uses the default configuration, conf.
26752 2026-04-08 10:31:12,118 webull.core.http.initializer.token.token_storage INFO storage_token initialized path:C:\Users\yalil\OneDrive\Desktop\AI-projects\quantitivestocks\conf\token.txt.
26752 2026-04-08 10:31:12,118 webull.core.http.initializer.token.token_storage WARNING storage_token Note: The token file already exists, the latest token configuration will be overwritten and written to the token file after successful 2FA verification. path:C:\Users\yalil\OneDrive\Desktop\AI-projects\quantitivestocks\conf\token.txt.
26752 2026-04-08 10:31:12,118 webull.core.http.initializer.token.token_manager INFO load_token_from_local reading token from file...
26752 2026-04-08 10:31:12,120 webull.core.http.initializer.token.token_manager INFO load_token_from_local read local token result. token:a8391a******03689b expires:1776937170799 status:NORMAL
26752 2026-04-08 10:31:12,354 webull.core.http.initializer.token.token_manager INFO fetch_token_from_server create_token result. token:a8391a******03689b expires:1776937170799 status:NORMAL
26752 2026-04-08 10:31:12,355 webull.core.http.initializer.token.token_manager INFO fetch_token_from_server create_token status is verified, no further check required, returning directly. token:a8391a******03689b expires:1776937170799 status:NORMAL
26752 2026-04-08 10:31:12,355 webull.core.http.initializer.token.token_manager INFO save_token_to_local writing token to local file. token:a8391a******03689b expires:1776937170799 status:NORMAL
26752 2026-04-08 10:31:12,356 webull.core.http.initializer.token.token_manager INFO save_token_to_local writing token to file completed.
26752 2026-04-08 10:31:12,356 webull.core.http.initializer.token.token_manager INFO init_token finished. token:a8391a******03689b expires:1776937170799 status:NORMAL
28216 2026-04-08 10:33:11,929 webull.core.http.initializer.client_initializer INFO _check_token_enable result is True
28216 2026-04-08 10:33:11,931 webull.core.http.initializer.token.token_storage INFO storage_token uses the default configuration, conf.
28216 2026-04-08 10:33:11,932 webull.core.http.initializer.token.token_storage INFO storage_token initialized path:C:\Users\yalil\OneDrive\Desktop\AI-projects\quantitivestocks\conf\token.txt.
28216 2026-04-08 10:33:11,933 webull.core.http.initializer.token.token_storage WARNING storage_token Note: The token file already exists, the latest token configuration will be overwritten and written to the token file after successful 2FA verification. path:C:\Users\yalil\OneDrive\Desktop\AI-projects\quantitivestocks\conf\token.txt.
28216 2026-04-08 10:33:11,934 webull.core.http.initializer.token.token_manager INFO load_token_from_local reading token from file...
28216 2026-04-08 10:33:11,935 webull.core.http.initializer.token.token_manager INFO load_token_from_local read local token result. token:a8391a******03689b expires:1776937170799 status:NORMAL
28216 2026-04-08 10:33:12,149 webull.core.http.initializer.token.token_manager INFO fetch_token_from_server create_token result. token:a8391a******03689b expires:1776937170799 status:NORMAL
28216 2026-04-08 10:33:12,151 webull.core.http.initializer.token.token_manager INFO fetch_token_from_server create_token status is verified, no further check required, returning directly. token:a8391a******03689b expires:1776937170799 status:NORMAL
28216 2026-04-08 10:33:12,152 webull.core.http.initializer.token.token_manager INFO save_token_to_local writing token to local file. token:a8391a******03689b expires:1776937170799 status:NORMAL
28216 2026-04-08 10:33:12,153 webull.core.http.initializer.token.token_manager INFO save_token_to_local writing token to file completed.
28216 2026-04-08 10:33:12,153 webull.core.http.initializer.token.token_manager INFO init_token finished. token:a8391a******03689b expires:1776937170799 status:NORMAL
27300 2026-04-08 10:35:11,734 webull.core.http.initializer.client_initializer INFO _check_token_enable result is True
27300 2026-04-08 10:35:11,737 webull.core.http.initializer.token.token_storage INFO storage_token uses the default configuration, conf.
27300 2026-04-08 10:35:11,738 webull.core.http.initializer.token.token_storage INFO storage_token initialized path:C:\Users\yalil\OneDrive\Desktop\AI-projects\quantitivestocks\conf\token.txt.
27300 2026-04-08 10:35:11,738 webull.core.http.initializer.token.token_storage WARNING storage_token Note: The token file already exists, the latest token configuration will be overwritten and written to the token file after successful 2FA verification. path:C:\Users\yalil\OneDrive\Desktop\AI-projects\quantitivestocks\conf\token.txt.
27300 2026-04-08 10:35:11,739 webull.core.http.initializer.token.token_manager INFO load_token_from_local reading token from file...
27300 2026-04-08 10:35:11,740 webull.core.http.initializer.token.token_manager INFO load_token_from_local read local token result. token:a8391a******03689b expires:1776937170799 status:NORMAL
27300 2026-04-08 10:35:11,970 webull.core.http.initializer.token.token_manager INFO fetch_token_from_server create_token result. token:a8391a******03689b expires:1776937170799 status:NORMAL
27300 2026-04-08 10:35:11,972 webull.core.http.initializer.token.token_manager INFO fetch_token_from_server create_token status is verified, no further check required, returning directly. token:a8391a******03689b expires:1776937170799 status:NORMAL
27300 2026-04-08 10:35:11,972 webull.core.http.initializer.token.token_manager INFO save_token_to_local writing token to local file. token:a8391a******03689b expires:1776937170799 status:NORMAL
27300 2026-04-08 10:35:11,973 webull.core.http.initializer.token.token_manager INFO save_token_to_local writing token to file completed.
27300 2026-04-08 10:35:11,973 webull.core.http.initializer.token.token_manager INFO init_token finished. token:a8391a******03689b expires:1776937170799 status:NORMAL
13148 2026-04-08 10:37:11,927 webull.core.http.initializer.client_initializer INFO _check_token_enable result is True
13148 2026-04-08 10:37:11,930 webull.core.http.initializer.token.token_storage INFO storage_token uses the default configuration, conf.
13148 2026-04-08 10:37:11,930 webull.core.http.initializer.token.token_storage INFO storage_token initialized path:C:\Users\yalil\OneDrive\Desktop\AI-projects\quantitivestocks\conf\token.txt.
13148 2026-04-08 10:37:11,931 webull.core.http.initializer.token.token_storage WARNING storage_token Note: The token file already exists, the latest token configuration will be overwritten and written to the token file after successful 2FA verification. path:C:\Users\yalil\OneDrive\Desktop\AI-projects\quantitivestocks\conf\token.txt.
13148 2026-04-08 10:37:11,931 webull.core.http.initializer.token.token_manager INFO load_token_from_local reading token from file...
13148 2026-04-08 10:37:11,932 webull.core.http.initializer.token.token_manager INFO load_token_from_local read local token result. token:a8391a******03689b expires:1776937170799 status:NORMAL
13148 2026-04-08 10:37:12,087 webull.core.http.initializer.token.token_manager INFO fetch_token_from_server create_token result. token:a8391a******03689b expires:1776937170799 status:NORMAL
13148 2026-04-08 10:37:12,089 webull.core.http.initializer.token.token_manager INFO fetch_token_from_server create_token status is verified, no further check required, returning directly. token:a8391a******03689b expires:1776937170799 status:NORMAL
13148 2026-04-08 10:37:12,090 webull.core.http.initializer.token.token_manager INFO save_token_to_local writing token to local file. token:a8391a******03689b expires:1776937170799 status:NORMAL
13148 2026-04-08 10:37:12,091 webull.core.http.initializer.token.token_manager INFO save_token_to_local writing token to file completed.
13148 2026-04-08 10:37:12,091 webull.core.http.initializer.token.token_manager INFO init_token finished. token:a8391a******03689b expires:1776937170799 status:NORMAL
20284 2026-04-08 10:39:12,044 webull.core.http.initializer.client_initializer INFO _check_token_enable result is True
20284 2026-04-08 10:39:12,047 webull.core.http.initializer.token.token_storage INFO storage_token uses the default configuration, conf.
20284 2026-04-08 10:39:12,047 webull.core.http.initializer.token.token_storage INFO storage_token initialized path:C:\Users\yalil\OneDrive\Desktop\AI-projects\quantitivestocks\conf\token.txt.
20284 2026-04-08 10:39:12,048 webull.core.http.initializer.token.token_storage WARNING storage_token Note: The token file already exists, the latest token configuration will be overwritten and written to the token file after successful 2FA verification. path:C:\Users\yalil\OneDrive\Desktop\AI-projects\quantitivestocks\conf\token.txt.
20284 2026-04-08 10:39:12,048 webull.core.http.initializer.token.token_manager INFO load_token_from_local reading token from file...
20284 2026-04-08 10:39:12,050 webull.core.http.initializer.token.token_manager INFO load_token_from_local read local token result. token:a8391a******03689b expires:1776937170799 status:NORMAL
20284 2026-04-08 10:39:12,326 webull.core.http.initializer.token.token_manager INFO fetch_token_from_server create_token result. token:a8391a******03689b expires:1776937170799 status:NORMAL
20284 2026-04-08 10:39:12,327 webull.core.http.initializer.token.token_manager INFO fetch_token_from_server create_token status is verified, no further check required, returning directly. token:a8391a******03689b expires:1776937170799 status:NORMAL
20284 2026-04-08 10:39:12,328 webull.core.http.initializer.token.token_manager INFO save_token_to_local writing token to local file. token:a8391a******03689b expires:1776937170799 status:NORMAL
20284 2026-04-08 10:39:12,329 webull.core.http.initializer.token.token_manager INFO save_token_to_local writing token to file completed.
20284 2026-04-08 10:39:12,329 webull.core.http.initializer.token.token_manager INFO init_token finished. token:a8391a******03689b expires:1776937170799 status:NORMAL
24808 2026-04-08 10:41:12,120 webull.core.http.initializer.client_initializer INFO _check_token_enable result is True
24808 2026-04-08 10:41:12,123 webull.core.http.initializer.token.token_storage INFO storage_token uses the default configuration, conf.
24808 2026-04-08 10:41:12,124 webull.core.http.initializer.token.token_storage INFO storage_token initialized path:C:\Users\yalil\OneDrive\Desktop\AI-projects\quantitivestocks\conf\token.txt.
24808 2026-04-08 10:41:12,124 webull.core.http.initializer.token.token_storage WARNING storage_token Note: The token file already exists, the latest token configuration will be overwritten and written to the token file after successful 2FA verification. path:C:\Users\yalil\OneDrive\Desktop\AI-projects\quantitivestocks\conf\token.txt.
24808 2026-04-08 10:41:12,125 webull.core.http.initializer.token.token_manager INFO load_token_from_local reading token from file...
24808 2026-04-08 10:41:12,126 webull.core.http.initializer.token.token_manager INFO load_token_from_local read local token result. token:a8391a******03689b expires:1776937170799 status:NORMAL
24808 2026-04-08 10:41:12,360 webull.core.http.initializer.token.token_manager INFO fetch_token_from_server create_token result. token:a8391a******03689b expires:1776937170799 status:NORMAL
24808 2026-04-08 10:41:12,361 webull.core.http.initializer.token.token_manager INFO fetch_token_from_server create_token status is verified, no further check required, returning directly. token:a8391a******03689b expires:1776937170799 status:NORMAL
24808 2026-04-08 10:41:12,362 webull.core.http.initializer.token.token_manager INFO save_token_to_local writing token to local file. token:a8391a******03689b expires:1776937170799 status:NORMAL
24808 2026-04-08 10:41:12,363 webull.core.http.initializer.token.token_manager INFO save_token_to_local writing token to file completed.
24808 2026-04-08 10:41:12,363 webull.core.http.initializer.token.token_manager INFO init_token finished. token:a8391a******03689b expires:1776937170799 status:NORMAL
26800 2026-04-08 10:43:12,855 webull.core.http.initializer.client_initializer INFO _check_token_enable result is True
26800 2026-04-08 10:43:12,857 webull.core.http.initializer.token.token_storage INFO storage_token uses the default configuration, conf.
26800 2026-04-08 10:43:12,859 webull.core.http.initializer.token.token_storage INFO storage_token initialized path:C:\Users\yalil\OneDrive\Desktop\AI-projects\quantitivestocks\conf\token.txt.
26800 2026-04-08 10:43:12,859 webull.core.http.initializer.token.token_storage WARNING storage_token Note: The token file already exists, the latest token configuration will be overwritten and written to the token file after successful 2FA verification. path:C:\Users\yalil\OneDrive\Desktop\AI-projects\quantitivestocks\conf\token.txt.
26800 2026-04-08 10:43:12,859 webull.core.http.initializer.token.token_manager INFO load_token_from_local reading token from file...
26800 2026-04-08 10:43:12,861 webull.core.http.initializer.token.token_manager INFO load_token_from_local read local token result. token:a8391a******03689b expires:1776937170799 status:NORMAL
26800 2026-04-08 10:43:13,201 webull.core.http.initializer.token.token_manager INFO fetch_token_from_server create_token result. token:a8391a******03689b expires:1776937170799 status:NORMAL
26800 2026-04-08 10:43:13,202 webull.core.http.initializer.token.token_manager INFO fetch_token_from_server create_token status is verified, no further check required, returning directly. token:a8391a******03689b expires:1776937170799 status:NORMAL
26800 2026-04-08 10:43:13,203 webull.core.http.initializer.token.token_manager INFO save_token_to_local writing token to local file. token:a8391a******03689b expires:1776937170799 status:NORMAL
26800 2026-04-08 10:43:13,204 webull.core.http.initializer.token.token_manager INFO save_token_to_local writing token to file completed.
26800 2026-04-08 10:43:13,204 webull.core.http.initializer.token.token_manager INFO init_token finished. token:a8391a******03689b expires:1776937170799 status:NORMAL
8768 2026-04-08 10:45:12,568 webull.core.http.initializer.client_initializer INFO _check_token_enable result is True
8768 2026-04-08 10:45:12,571 webull.core.http.initializer.token.token_storage INFO storage_token uses the default configuration, conf.
8768 2026-04-08 10:45:12,572 webull.core.http.initializer.token.token_storage INFO storage_token initialized path:C:\Users\yalil\OneDrive\Desktop\AI-projects\quantitivestocks\conf\token.txt.
8768 2026-04-08 10:45:12,573 webull.core.http.initializer.token.token_storage WARNING storage_token Note: The token file already exists, the latest token configuration will be overwritten and written to the token file after successful 2FA verification. path:C:\Users\yalil\OneDrive\Desktop\AI-projects\quantitivestocks\conf\token.txt.
8768 2026-04-08 10:45:12,573 webull.core.http.initializer.token.token_manager INFO load_token_from_local reading token from file...
8768 2026-04-08 10:45:12,575 webull.core.http.initializer.token.token_manager INFO load_token_from_local read local token result. token:a8391a******03689b expires:1776937170799 status:NORMAL
8768 2026-04-08 10:45:12,793 webull.core.http.initializer.token.token_manager INFO fetch_token_from_server create_token result. token:a8391a******03689b expires:1776937170799 status:NORMAL
8768 2026-04-08 10:45:12,794 webull.core.http.initializer.token.token_manager INFO fetch_token_from_server create_token status is verified, no further check required, returning directly. token:a8391a******03689b expires:1776937170799 status:NORMAL
8768 2026-04-08 10:45:12,794 webull.core.http.initializer.token.token_manager INFO save_token_to_local writing token to local file. token:a8391a******03689b expires:1776937170799 status:NORMAL
8768 2026-04-08 10:45:12,795 webull.core.http.initializer.token.token_manager INFO save_token_to_local writing token to file completed.
8768 2026-04-08 10:45:12,795 webull.core.http.initializer.token.token_manager INFO init_token finished. token:a8391a******03689b expires:1776937170799 status:NORMAL
27684 2026-04-08 10:47:12,802 webull.core.http.initializer.client_initializer INFO _check_token_enable result is True
27684 2026-04-08 10:47:12,805 webull.core.http.initializer.token.token_storage INFO storage_token uses the default configuration, conf.
27684 2026-04-08 10:47:12,807 webull.core.http.initializer.token.token_storage INFO storage_token initialized path:C:\Users\yalil\OneDrive\Desktop\AI-projects\quantitivestocks\conf\token.txt.
27684 2026-04-08 10:47:12,807 webull.core.http.initializer.token.token_storage WARNING storage_token Note: The token file already exists, the latest token configuration will be overwritten and written to the token file after successful 2FA verification. path:C:\Users\yalil\OneDrive\Desktop\AI-projects\quantitivestocks\conf\token.txt.
27684 2026-04-08 10:47:12,807 webull.core.http.initializer.token.token_manager INFO load_token_from_local reading token from file...
27684 2026-04-08 10:47:12,809 webull.core.http.initializer.token.token_manager INFO load_token_from_local read local token result. token:a8391a******03689b expires:1776937170799 status:NORMAL
27684 2026-04-08 10:47:13,053 webull.core.http.initializer.token.token_manager INFO fetch_token_from_server create_token result. token:a8391a******03689b expires:1776937170799 status:NORMAL
27684 2026-04-08 10:47:13,054 webull.core.http.initializer.token.token_manager INFO fetch_token_from_server create_token status is verified, no further check required, returning directly. token:a8391a******03689b expires:1776937170799 status:NORMAL
27684 2026-04-08 10:47:13,055 webull.core.http.initializer.token.token_manager INFO save_token_to_local writing token to local file. token:a8391a******03689b expires:1776937170799 status:NORMAL
27684 2026-04-08 10:47:13,056 webull.core.http.initializer.token.token_manager INFO save_token_to_local writing token to file completed.
27684 2026-04-08 10:47:13,056 webull.core.http.initializer.token.token_manager INFO init_token finished. token:a8391a******03689b expires:1776937170799 status:NORMAL
24928 2026-04-08 10:49:12,867 webull.core.http.initializer.client_initializer INFO _check_token_enable result is True
24928 2026-04-08 10:49:12,869 webull.core.http.initializer.token.token_storage INFO storage_token uses the default configuration, conf.
24928 2026-04-08 10:49:12,871 webull.core.http.initializer.token.token_storage INFO storage_token initialized path:C:\Users\yalil\OneDrive\Desktop\AI-projects\quantitivestocks\conf\token.txt.
24928 2026-04-08 10:49:12,871 webull.core.http.initializer.token.token_storage WARNING storage_token Note: The token file already exists, the latest token configuration will be overwritten and written to the token file after successful 2FA verification. path:C:\Users\yalil\OneDrive\Desktop\AI-projects\quantitivestocks\conf\token.txt.
24928 2026-04-08 10:49:12,871 webull.core.http.initializer.token.token_manager INFO load_token_from_local reading token from file...
24928 2026-04-08 10:49:12,873 webull.core.http.initializer.token.token_manager INFO load_token_from_local read local token result. token:a8391a******03689b expires:1776937170799 status:NORMAL
24928 2026-04-08 10:49:13,224 webull.core.http.initializer.token.token_manager INFO fetch_token_from_server create_token result. token:a8391a******03689b expires:1776937170799 status:NORMAL
24928 2026-04-08 10:49:13,225 webull.core.http.initializer.token.token_manager INFO fetch_token_from_server create_token status is verified, no further check required, returning directly. token:a8391a******03689b expires:1776937170799 status:NORMAL
24928 2026-04-08 10:49:13,226 webull.core.http.initializer.token.token_manager INFO save_token_to_local writing token to local file. token:a8391a******03689b expires:1776937170799 status:NORMAL
24928 2026-04-08 10:49:13,226 webull.core.http.initializer.token.token_manager INFO save_token_to_local writing token to file completed.
24928 2026-04-08 10:49:13,227 webull.core.http.initializer.token.token_manager INFO init_token finished. token:a8391a******03689b expires:1776937170799 status:NORMAL
26076 2026-04-08 10:51:12,518 webull.core.http.initializer.client_initializer INFO _check_token_enable result is True
26076 2026-04-08 10:51:12,521 webull.core.http.initializer.token.token_storage INFO storage_token uses the default configuration, conf.
26076 2026-04-08 10:51:12,522 webull.core.http.initializer.token.token_storage INFO storage_token initialized path:C:\Users\yalil\OneDrive\Desktop\AI-projects\quantitivestocks\conf\token.txt.
26076 2026-04-08 10:51:12,522 webull.core.http.initializer.token.token_storage WARNING storage_token Note: The token file already exists, the latest token configuration will be overwritten and written to the token file after successful 2FA verification. path:C:\Users\yalil\OneDrive\Desktop\AI-projects\quantitivestocks\conf\token.txt.
26076 2026-04-08 10:51:12,522 webull.core.http.initializer.token.token_manager INFO load_token_from_local reading token from file...
26076 2026-04-08 10:51:12,524 webull.core.http.initializer.token.token_manager INFO load_token_from_local read local token result. token:a8391a******03689b expires:1776937170799 status:NORMAL
26076 2026-04-08 10:51:12,788 webull.core.http.initializer.token.token_manager INFO fetch_token_from_server create_token result. token:a8391a******03689b expires:1776937170799 status:NORMAL
26076 2026-04-08 10:51:12,790 webull.core.http.initializer.token.token_manager INFO fetch_token_from_server create_token status is verified, no further check required, returning directly. token:a8391a******03689b expires:1776937170799 status:NORMAL
26076 2026-04-08 10:51:12,790 webull.core.http.initializer.token.token_manager INFO save_token_to_local writing token to local file. token:a8391a******03689b expires:1776937170799 status:NORMAL
26076 2026-04-08 10:51:12,791 webull.core.http.initializer.token.token_manager INFO save_token_to_local writing token to file completed.
26076 2026-04-08 10:51:12,791 webull.core.http.initializer.token.token_manager INFO init_token finished. token:a8391a******03689b expires:1776937170799 status:NORMAL
24332 2026-04-08 10:53:13,305 webull.core.http.initializer.client_initializer INFO _check_token_enable result is True
24332 2026-04-08 10:53:13,307 webull.core.http.initializer.token.token_storage INFO storage_token uses the default configuration, conf.
24332 2026-04-08 10:53:13,308 webull.core.http.initializer.token.token_storage INFO storage_token initialized path:C:\Users\yalil\OneDrive\Desktop\AI-projects\quantitivestocks\conf\token.txt.
24332 2026-04-08 10:53:13,308 webull.core.http.initializer.token.token_storage WARNING storage_token Note: The token file already exists, the latest token configuration will be overwritten and written to the token file after successful 2FA verification. path:C:\Users\yalil\OneDrive\Desktop\AI-projects\quantitivestocks\conf\token.txt.
24332 2026-04-08 10:53:13,309 webull.core.http.initializer.token.token_manager INFO load_token_from_local reading token from file...
24332 2026-04-08 10:53:13,310 webull.core.http.initializer.token.token_manager INFO load_token_from_local read local token result. token:a8391a******03689b expires:1776937170799 status:NORMAL
24332 2026-04-08 10:53:13,592 webull.core.http.initializer.token.token_manager INFO fetch_token_from_server create_token result. token:a8391a******03689b expires:1776937170799 status:NORMAL
24332 2026-04-08 10:53:13,593 webull.core.http.initializer.token.token_manager INFO fetch_token_from_server create_token status is verified, no further check required, returning directly. token:a8391a******03689b expires:1776937170799 status:NORMAL
24332 2026-04-08 10:53:13,593 webull.core.http.initializer.token.token_manager INFO save_token_to_local writing token to local file. token:a8391a******03689b expires:1776937170799 status:NORMAL
24332 2026-04-08 10:53:13,594 webull.core.http.initializer.token.token_manager INFO save_token_to_local writing token to file completed.
24332 2026-04-08 10:53:13,594 webull.core.http.initializer.token.token_manager INFO init_token finished. token:a8391a******03689b expires:1776937170799 status:NORMAL
26552 2026-04-08 10:55:13,088 webull.core.http.initializer.client_initializer INFO _check_token_enable result is True
26552 2026-04-08 10:55:13,091 webull.core.http.initializer.token.token_storage INFO storage_token uses the default configuration, conf.
26552 2026-04-08 10:55:13,092 webull.core.http.initializer.token.token_storage INFO storage_token initialized path:C:\Users\yalil\OneDrive\Desktop\AI-projects\quantitivestocks\conf\token.txt.
26552 2026-04-08 10:55:13,092 webull.core.http.initializer.token.token_storage WARNING storage_token Note: The token file already exists, the latest token configuration will be overwritten and written to the token file after successful 2FA verification. path:C:\Users\yalil\OneDrive\Desktop\AI-projects\quantitivestocks\conf\token.txt.
26552 2026-04-08 10:55:13,093 webull.core.http.initializer.token.token_manager INFO load_token_from_local reading token from file...
26552 2026-04-08 10:55:13,094 webull.core.http.initializer.token.token_manager INFO load_token_from_local read local token result. token:a8391a******03689b expires:1776937170799 status:NORMAL
26552 2026-04-08 10:55:13,299 webull.core.http.initializer.token.token_manager INFO fetch_token_from_server create_token result. token:a8391a******03689b expires:1776937170799 status:NORMAL
26552 2026-04-08 10:55:13,302 webull.core.http.initializer.token.token_manager INFO fetch_token_from_server create_token status is verified, no further check required, returning directly. token:a8391a******03689b expires:1776937170799 status:NORMAL
26552 2026-04-08 10:55:13,302 webull.core.http.initializer.token.token_manager INFO save_token_to_local writing token to local file. token:a8391a******03689b expires:1776937170799 status:NORMAL
26552 2026-04-08 10:55:13,303 webull.core.http.initializer.token.token_manager INFO save_token_to_local writing token to file completed.
26552 2026-04-08 10:55:13,303 webull.core.http.initializer.token.token_manager INFO init_token finished. token:a8391a******03689b expires:1776937170799 status:NORMAL
27860 2026-04-08 10:57:13,020 webull.core.http.initializer.client_initializer INFO _check_token_enable result is True
27860 2026-04-08 10:57:13,021 webull.core.http.initializer.token.token_storage INFO storage_token uses the default configuration, conf.
27860 2026-04-08 10:57:13,023 webull.core.http.initializer.token.token_storage INFO storage_token initialized path:C:\Users\yalil\OneDrive\Desktop\AI-projects\quantitivestocks\conf\token.txt.
27860 2026-04-08 10:57:13,023 webull.core.http.initializer.token.token_storage WARNING storage_token Note: The token file already exists, the latest token configuration will be overwritten and written to the token file after successful 2FA verification. path:C:\Users\yalil\OneDrive\Desktop\AI-projects\quantitivestocks\conf\token.txt.
27860 2026-04-08 10:57:13,023 webull.core.http.initializer.token.token_manager INFO load_token_from_local reading token from file...
27860 2026-04-08 10:57:13,025 webull.core.http.initializer.token.token_manager INFO load_token_from_local read local token result. token:a8391a******03689b expires:1776937170799 status:NORMAL
27860 2026-04-08 10:57:13,170 webull.core.http.initializer.token.token_manager INFO fetch_token_from_server create_token result. token:a8391a******03689b expires:1776937170799 status:NORMAL
27860 2026-04-08 10:57:13,172 webull.core.http.initializer.token.token_manager INFO fetch_token_from_server create_token status is verified, no further check required, returning directly. token:a8391a******03689b expires:1776937170799 status:NORMAL
27860 2026-04-08 10:57:13,172 webull.core.http.initializer.token.token_manager INFO save_token_to_local writing token to local file. token:a8391a******03689b expires:1776937170799 status:NORMAL
27860 2026-04-08 10:57:13,173 webull.core.http.initializer.token.token_manager INFO save_token_to_local writing token to file completed.
27860 2026-04-08 10:57:13,173 webull.core.http.initializer.token.token_manager INFO init_token finished. token:a8391a******03689b expires:1776937170799 status:NORMAL
27296 2026-04-08 10:59:13,347 webull.core.http.initializer.client_initializer INFO _check_token_enable result is True
27296 2026-04-08 10:59:13,349 webull.core.http.initializer.token.token_storage INFO storage_token uses the default configuration, conf.
27296 2026-04-08 10:59:13,350 webull.core.http.initializer.token.token_storage INFO storage_token initialized path:C:\Users\yalil\OneDrive\Desktop\AI-projects\quantitivestocks\conf\token.txt.
27296 2026-04-08 10:59:13,350 webull.core.http.initializer.token.token_storage WARNING storage_token Note: The token file already exists, the latest token configuration will be overwritten and written to the token file after successful 2FA verification. path:C:\Users\yalil\OneDrive\Desktop\AI-projects\quantitivestocks\conf\token.txt.
27296 2026-04-08 10:59:13,350 webull.core.http.initializer.token.token_manager INFO load_token_from_local reading token from file...
27296 2026-04-08 10:59:13,352 webull.core.http.initializer.token.token_manager INFO load_token_from_local read local token result. token:a8391a******03689b expires:1776937170799 status:NORMAL
27296 2026-04-08 10:59:13,597 webull.core.http.initializer.token.token_manager INFO fetch_token_from_server create_token result. token:a8391a******03689b expires:1776937170799 status:NORMAL
27296 2026-04-08 10:59:13,598 webull.core.http.initializer.token.token_manager INFO fetch_token_from_server create_token status is verified, no further check required, returning directly. token:a8391a******03689b expires:1776937170799 status:NORMAL
27296 2026-04-08 10:59:13,598 webull.core.http.initializer.token.token_manager INFO save_token_to_local writing token to local file. token:a8391a******03689b expires:1776937170799 status:NORMAL
27296 2026-04-08 10:59:13,599 webull.core.http.initializer.token.token_manager INFO save_token_to_local writing token to file completed.
27296 2026-04-08 10:59:13,599 webull.core.http.initializer.token.token_manager INFO init_token finished. token:a8391a******03689b expires:1776937170799 status:NORMAL
28360 2026-04-08 11:01:13,304 webull.core.http.initializer.client_initializer INFO _check_token_enable result is True
28360 2026-04-08 11:01:13,306 webull.core.http.initializer.token.token_storage INFO storage_token uses the default configuration, conf.
28360 2026-04-08 11:01:13,308 webull.core.http.initializer.token.token_storage INFO storage_token initialized path:C:\Users\yalil\OneDrive\Desktop\AI-projects\quantitivestocks\conf\token.txt.
28360 2026-04-08 11:01:13,308 webull.core.http.initializer.token.token_storage WARNING storage_token Note: The token file already exists, the latest token configuration will be overwritten and written to the token file after successful 2FA verification. path:C:\Users\yalil\OneDrive\Desktop\AI-projects\quantitivestocks\conf\token.txt.
28360 2026-04-08 11:01:13,309 webull.core.http.initializer.token.token_manager INFO load_token_from_local reading token from file...
28360 2026-04-08 11:01:13,310 webull.core.http.initializer.token.token_manager INFO load_token_from_local read local token result. token:a8391a******03689b expires:1776937170799 status:NORMAL
28360 2026-04-08 11:01:13,515 webull.core.http.initializer.token.token_manager INFO fetch_token_from_server create_token result. token:a8391a******03689b expires:1776937170799 status:NORMAL
28360 2026-04-08 11:01:13,516 webull.core.http.initializer.token.token_manager INFO fetch_token_from_server create_token status is verified, no further check required, returning directly. token:a8391a******03689b expires:1776937170799 status:NORMAL
28360 2026-04-08 11:01:13,517 webull.core.http.initializer.token.token_manager INFO save_token_to_local writing token to local file. token:a8391a******03689b expires:1776937170799 status:NORMAL
28360 2026-04-08 11:01:13,517 webull.core.http.initializer.token.token_manager INFO save_token_to_local writing token to file completed.
28360 2026-04-08 11:01:13,517 webull.core.http.initializer.token.token_manager INFO init_token finished. token:a8391a******03689b expires:1776937170799 status:NORMAL
27908 2026-04-08 11:03:13,150 webull.core.http.initializer.client_initializer INFO _check_token_enable result is True
27908 2026-04-08 11:03:13,153 webull.core.http.initializer.token.token_storage INFO storage_token uses the default configuration, conf.
27908 2026-04-08 11:03:13,154 webull.core.http.initializer.token.token_storage INFO storage_token initialized path:C:\Users\yalil\OneDrive\Desktop\AI-projects\quantitivestocks\conf\token.txt.
27908 2026-04-08 11:03:13,155 webull.core.http.initializer.token.token_storage WARNING storage_token Note: The token file already exists, the latest token configuration will be overwritten and written to the token file after successful 2FA verification. path:C:\Users\yalil\OneDrive\Desktop\AI-projects\quantitivestocks\conf\token.txt.
27908 2026-04-08 11:03:13,155 webull.core.http.initializer.token.token_manager INFO load_token_from_local reading token from file...
27908 2026-04-08 11:03:13,157 webull.core.http.initializer.token.token_manager INFO load_token_from_local read local token result. token:a8391a******03689b expires:1776937170799 status:NORMAL
27908 2026-04-08 11:03:13,493 webull.core.http.initializer.token.token_manager INFO fetch_token_from_server create_token result. token:a8391a******03689b expires:1776937170799 status:NORMAL
27908 2026-04-08 11:03:13,494 webull.core.http.initializer.token.token_manager INFO fetch_token_from_server create_token status is verified, no further check required, returning directly. token:a8391a******03689b expires:1776937170799 status:NORMAL
27908 2026-04-08 11:03:13,495 webull.core.http.initializer.token.token_manager INFO save_token_to_local writing token to local file. token:a8391a******03689b expires:1776937170799 status:NORMAL
27908 2026-04-08 11:03:13,495 webull.core.http.initializer.token.token_manager INFO save_token_to_local writing token to file completed.
27908 2026-04-08 11:03:13,496 webull.core.http.initializer.token.token_manager INFO init_token finished. token:a8391a******03689b expires:1776937170799 status:NORMAL
28656 2026-04-08 11:05:13,282 webull.core.http.initializer.client_initializer INFO _check_token_enable result is True
28656 2026-04-08 11:05:13,286 webull.core.http.initializer.token.token_storage INFO storage_token uses the default configuration, conf.
28656 2026-04-08 11:05:13,287 webull.core.http.initializer.token.token_storage INFO storage_token initialized path:C:\Users\yalil\OneDrive\Desktop\AI-projects\quantitivestocks\conf\token.txt.
28656 2026-04-08 11:05:13,287 webull.core.http.initializer.token.token_storage WARNING storage_token Note: The token file already exists, the latest token configuration will be overwritten and written to the token file after successful 2FA verification. path:C:\Users\yalil\OneDrive\Desktop\AI-projects\quantitivestocks\conf\token.txt.
28656 2026-04-08 11:05:13,288 webull.core.http.initializer.token.token_manager INFO load_token_from_local reading token from file...
28656 2026-04-08 11:05:13,290 webull.core.http.initializer.token.token_manager INFO load_token_from_local read local token result. token:a8391a******03689b expires:1776937170799 status:NORMAL
28656 2026-04-08 11:05:13,587 webull.core.http.initializer.token.token_manager INFO fetch_token_from_server create_token result. token:a8391a******03689b expires:1776937170799 status:NORMAL
28656 2026-04-08 11:05:13,589 webull.core.http.initializer.token.token_manager INFO fetch_token_from_server create_token status is verified, no further check required, returning directly. token:a8391a******03689b expires:1776937170799 status:NORMAL
28656 2026-04-08 11:05:13,590 webull.core.http.initializer.token.token_manager INFO save_token_to_local writing token to local file. token:a8391a******03689b expires:1776937170799 status:NORMAL
28656 2026-04-08 11:05:13,591 webull.core.http.initializer.token.token_manager INFO save_token_to_local writing token to file completed.
28656 2026-04-08 11:05:13,591 webull.core.http.initializer.token.token_manager INFO init_token finished. token:a8391a******03689b expires:1776937170799 status:NORMAL
11016 2026-04-08 11:07:13,391 webull.core.http.initializer.client_initializer INFO _check_token_enable result is True
11016 2026-04-08 11:07:13,394 webull.core.http.initializer.token.token_storage INFO storage_token uses the default configuration, conf.
11016 2026-04-08 11:07:13,394 webull.core.http.initializer.token.token_storage INFO storage_token initialized path:C:\Users\yalil\OneDrive\Desktop\AI-projects\quantitivestocks\conf\token.txt.
11016 2026-04-08 11:07:13,395 webull.core.http.initializer.token.token_storage WARNING storage_token Note: The token file already exists, the latest token configuration will be overwritten and written to the token file after successful 2FA verification. path:C:\Users\yalil\OneDrive\Desktop\AI-projects\quantitivestocks\conf\token.txt.
11016 2026-04-08 11:07:13,395 webull.core.http.initializer.token.token_manager INFO load_token_from_local reading token from file...
11016 2026-04-08 11:07:13,396 webull.core.http.initializer.token.token_manager INFO load_token_from_local read local token result. token:a8391a******03689b expires:1776937170799 status:NORMAL
11016 2026-04-08 11:07:13,557 webull.core.http.initializer.token.token_manager INFO fetch_token_from_server create_token result. token:a8391a******03689b expires:1776937170799 status:NORMAL
11016 2026-04-08 11:07:13,558 webull.core.http.initializer.token.token_manager INFO fetch_token_from_server create_token status is verified, no further check required, returning directly. token:a8391a******03689b expires:1776937170799 status:NORMAL
11016 2026-04-08 11:07:13,559 webull.core.http.initializer.token.token_manager INFO save_token_to_local writing token to local file. token:a8391a******03689b expires:1776937170799 status:NORMAL
11016 2026-04-08 11:07:13,559 webull.core.http.initializer.token.token_manager INFO save_token_to_local writing token to file completed.
11016 2026-04-08 11:07:13,560 webull.core.http.initializer.token.token_manager INFO init_token finished. token:a8391a******03689b expires:1776937170799 status:NORMAL
22552 2026-04-08 11:09:13,716 webull.core.http.initializer.client_initializer INFO _check_token_enable result is True
22552 2026-04-08 11:09:13,738 webull.core.http.initializer.token.token_storage INFO storage_token uses the default configuration, conf.
22552 2026-04-08 11:09:13,740 webull.core.http.initializer.token.token_storage INFO storage_token initialized path:C:\Users\yalil\OneDrive\Desktop\AI-projects\quantitivestocks\conf\token.txt.
22552 2026-04-08 11:09:13,741 webull.core.http.initializer.token.token_storage WARNING storage_token Note: The token file already exists, the latest token configuration will be overwritten and written to the token file after successful 2FA verification. path:C:\Users\yalil\OneDrive\Desktop\AI-projects\quantitivestocks\conf\token.txt.
22552 2026-04-08 11:09:13,769 webull.core.http.initializer.token.token_manager INFO load_token_from_local reading token from file...
22552 2026-04-08 11:09:13,771 webull.core.http.initializer.token.token_manager INFO load_token_from_local read local token result. token:a8391a******03689b expires:1776937170799 status:NORMAL
22552 2026-04-08 11:09:14,101 webull.core.http.initializer.token.token_manager INFO fetch_token_from_server create_token result. token:a8391a******03689b expires:1776937170799 status:NORMAL
22552 2026-04-08 11:09:14,103 webull.core.http.initializer.token.token_manager INFO fetch_token_from_server create_token status is verified, no further check required, returning directly. token:a8391a******03689b expires:1776937170799 status:NORMAL
22552 2026-04-08 11:09:14,103 webull.core.http.initializer.token.token_manager INFO save_token_to_local writing token to local file. token:a8391a******03689b expires:1776937170799 status:NORMAL
22552 2026-04-08 11:09:14,104 webull.core.http.initializer.token.token_manager INFO save_token_to_local writing token to file completed.
22552 2026-04-08 11:09:14,104 webull.core.http.initializer.token.token_manager INFO init_token finished. token:a8391a******03689b expires:1776937170799 status:NORMAL
28088 2026-04-08 11:11:13,821 webull.core.http.initializer.client_initializer INFO _check_token_enable result is True
28088 2026-04-08 11:11:13,824 webull.core.http.initializer.token.token_storage INFO storage_token uses the default configuration, conf.
28088 2026-04-08 11:11:13,825 webull.core.http.initializer.token.token_storage INFO storage_token initialized path:C:\Users\yalil\OneDrive\Desktop\AI-projects\quantitivestocks\conf\token.txt.
28088 2026-04-08 11:11:13,825 webull.core.http.initializer.token.token_storage WARNING storage_token Note: The token file already exists, the latest token configuration will be overwritten and written to the token file after successful 2FA verification. path:C:\Users\yalil\OneDrive\Desktop\AI-projects\quantitivestocks\conf\token.txt.
28088 2026-04-08 11:11:13,826 webull.core.http.initializer.token.token_manager INFO load_token_from_local reading token from file...
28088 2026-04-08 11:11:13,827 webull.core.http.initializer.token.token_manager INFO load_token_from_local read local token result. token:a8391a******03689b expires:1776937170799 status:NORMAL
28088 2026-04-08 11:11:14,055 webull.core.http.initializer.token.token_manager INFO fetch_token_from_server create_token result. token:a8391a******03689b expires:1776937170799 status:NORMAL
28088 2026-04-08 11:11:14,056 webull.core.http.initializer.token.token_manager INFO fetch_token_from_server create_token status is verified, no further check required, returning directly. token:a8391a******03689b expires:1776937170799 status:NORMAL
28088 2026-04-08 11:11:14,057 webull.core.http.initializer.token.token_manager INFO save_token_to_local writing token to local file. token:a8391a******03689b expires:1776937170799 status:NORMAL
28088 2026-04-08 11:11:14,058 webull.core.http.initializer.token.token_manager INFO save_token_to_local writing token to file completed.
28088 2026-04-08 11:11:14,058 webull.core.http.initializer.token.token_manager INFO init_token finished. token:a8391a******03689b expires:1776937170799 status:NORMAL
28256 2026-04-08 11:13:14,449 webull.core.http.initializer.client_initializer INFO _check_token_enable result is True
28256 2026-04-08 11:13:14,450 webull.core.http.initializer.token.token_storage INFO storage_token uses the default configuration, conf.
28256 2026-04-08 11:13:14,451 webull.core.http.initializer.token.token_storage INFO storage_token initialized path:C:\Users\yalil\OneDrive\Desktop\AI-projects\quantitivestocks\conf\token.txt.
28256 2026-04-08 11:13:14,452 webull.core.http.initializer.token.token_storage WARNING storage_token Note: The token file already exists, the latest token configuration will be overwritten and written to the token file after successful 2FA verification. path:C:\Users\yalil\OneDrive\Desktop\AI-projects\quantitivestocks\conf\token.txt.
28256 2026-04-08 11:13:14,452 webull.core.http.initializer.token.token_manager INFO load_token_from_local reading token from file...
28256 2026-04-08 11:13:14,453 webull.core.http.initializer.token.token_manager INFO load_token_from_local read local token result. token:a8391a******03689b expires:1776937170799 status:NORMAL
28256 2026-04-08 11:13:14,667 webull.core.http.initializer.token.token_manager INFO fetch_token_from_server create_token result. token:a8391a******03689b expires:1776937170799 status:NORMAL
28256 2026-04-08 11:13:14,669 webull.core.http.initializer.token.token_manager INFO fetch_token_from_server create_token status is verified, no further check required, returning directly. token:a8391a******03689b expires:1776937170799 status:NORMAL
28256 2026-04-08 11:13:14,670 webull.core.http.initializer.token.token_manager INFO save_token_to_local writing token to local file. token:a8391a******03689b expires:1776937170799 status:NORMAL
28256 2026-04-08 11:13:14,671 webull.core.http.initializer.token.token_manager INFO save_token_to_local writing token to file completed.
28256 2026-04-08 11:13:14,671 webull.core.http.initializer.token.token_manager INFO init_token finished. token:a8391a******03689b expires:1776937170799 status:NORMAL
18648 2026-04-08 11:15:14,145 webull.core.http.initializer.client_initializer INFO _check_token_enable result is True
18648 2026-04-08 11:15:14,148 webull.core.http.initializer.token.token_storage INFO storage_token uses the default configuration, conf.
18648 2026-04-08 11:15:14,149 webull.core.http.initializer.token.token_storage INFO storage_token initialized path:C:\Users\yalil\OneDrive\Desktop\AI-projects\quantitivestocks\conf\token.txt.
18648 2026-04-08 11:15:14,149 webull.core.http.initializer.token.token_storage WARNING storage_token Note: The token file already exists, the latest token configuration will be overwritten and written to the token file after successful 2FA verification. path:C:\Users\yalil\OneDrive\Desktop\AI-projects\quantitivestocks\conf\token.txt.
18648 2026-04-08 11:15:14,150 webull.core.http.initializer.token.token_manager INFO load_token_from_local reading token from file...
18648 2026-04-08 11:15:14,152 webull.core.http.initializer.token.token_manager INFO load_token_from_local read local token result. token:a8391a******03689b expires:1776937170799 status:NORMAL
18648 2026-04-08 11:15:14,382 webull.core.http.initializer.token.token_manager INFO fetch_token_from_server create_token result. token:a8391a******03689b expires:1776937170799 status:NORMAL
18648 2026-04-08 11:15:14,384 webull.core.http.initializer.token.token_manager INFO fetch_token_from_server create_token status is verified, no further check required, returning directly. token:a8391a******03689b expires:1776937170799 status:NORMAL
18648 2026-04-08 11:15:14,384 webull.core.http.initializer.token.token_manager INFO save_token_to_local writing token to local file. token:a8391a******03689b expires:1776937170799 status:NORMAL
18648 2026-04-08 11:15:14,385 webull.core.http.initializer.token.token_manager INFO save_token_to_local writing token to file completed.
18648 2026-04-08 11:15:14,385 webull.core.http.initializer.token.token_manager INFO init_token finished. token:a8391a******03689b expires:1776937170799 status:NORMAL
26896 2026-04-08 11:17:14,664 webull.core.http.initializer.client_initializer INFO _check_token_enable result is True
26896 2026-04-08 11:17:14,666 webull.core.http.initializer.token.token_storage INFO storage_token uses the default configuration, conf.
26896 2026-04-08 11:17:14,668 webull.core.http.initializer.token.token_storage INFO storage_token initialized path:C:\Users\yalil\OneDrive\Desktop\AI-projects\quantitivestocks\conf\token.txt.
26896 2026-04-08 11:17:14,668 webull.core.http.initializer.token.token_storage WARNING storage_token Note: The token file already exists, the latest token configuration will be overwritten and written to the token file after successful 2FA verification. path:C:\Users\yalil\OneDrive\Desktop\AI-projects\quantitivestocks\conf\token.txt.
26896 2026-04-08 11:17:14,669 webull.core.http.initializer.token.token_manager INFO load_token_from_local reading token from file...
26896 2026-04-08 11:17:14,670 webull.core.http.initializer.token.token_manager INFO load_token_from_local read local token result. token:a8391a******03689b expires:1776937170799 status:NORMAL
26896 2026-04-08 11:17:14,933 webull.core.http.initializer.token.token_manager INFO fetch_token_from_server create_token result. token:a8391a******03689b expires:1776937170799 status:NORMAL
26896 2026-04-08 11:17:14,935 webull.core.http.initializer.token.token_manager INFO fetch_token_from_server create_token status is verified, no further check required, returning directly. token:a8391a******03689b expires:1776937170799 status:NORMAL
26896 2026-04-08 11:17:14,935 webull.core.http.initializer.token.token_manager INFO save_token_to_local writing token to local file. token:a8391a******03689b expires:1776937170799 status:NORMAL
26896 2026-04-08 11:17:14,936 webull.core.http.initializer.token.token_manager INFO save_token_to_local writing token to file completed.
26896 2026-04-08 11:17:14,936 webull.core.http.initializer.token.token_manager INFO init_token finished. token:a8391a******03689b expires:1776937170799 status:NORMAL
21564 2026-04-08 11:19:14,420 webull.core.http.initializer.client_initializer INFO _check_token_enable result is True
21564 2026-04-08 11:19:14,423 webull.core.http.initializer.token.token_storage INFO storage_token uses the default configuration, conf.
21564 2026-04-08 11:19:14,424 webull.core.http.initializer.token.token_storage INFO storage_token initialized path:C:\Users\yalil\OneDrive\Desktop\AI-projects\quantitivestocks\conf\token.txt.
21564 2026-04-08 11:19:14,425 webull.core.http.initializer.token.token_storage WARNING storage_token Note: The token file already exists, the latest token configuration will be overwritten and written to the token file after successful 2FA verification. path:C:\Users\yalil\OneDrive\Desktop\AI-projects\quantitivestocks\conf\token.txt.
21564 2026-04-08 11:19:14,425 webull.core.http.initializer.token.token_manager INFO load_token_from_local reading token from file...
21564 2026-04-08 11:19:14,427 webull.core.http.initializer.token.token_manager INFO load_token_from_local read local token result. token:a8391a******03689b expires:1776937170799 status:NORMAL
21564 2026-04-08 11:19:14,783 webull.core.http.initializer.token.token_manager INFO fetch_token_from_server create_token result. token:a8391a******03689b expires:1776937170799 status:NORMAL
21564 2026-04-08 11:19:14,784 webull.core.http.initializer.token.token_manager INFO fetch_token_from_server create_token status is verified, no further check required, returning directly. token:a8391a******03689b expires:1776937170799 status:NORMAL
21564 2026-04-08 11:19:14,784 webull.core.http.initializer.token.token_manager INFO save_token_to_local writing token to local file. token:a8391a******03689b expires:1776937170799 status:NORMAL
21564 2026-04-08 11:19:14,785 webull.core.http.initializer.token.token_manager INFO save_token_to_local writing token to file completed.
21564 2026-04-08 11:19:14,786 webull.core.http.initializer.token.token_manager INFO init_token finished. token:a8391a******03689b expires:1776937170799 status:NORMAL
26956 2026-04-08 11:21:14,394 webull.core.http.initializer.client_initializer INFO _check_token_enable result is True
26956 2026-04-08 11:21:14,397 webull.core.http.initializer.token.token_storage INFO storage_token uses the default configuration, conf.
26956 2026-04-08 11:21:14,398 webull.core.http.initializer.token.token_storage INFO storage_token initialized path:C:\Users\yalil\OneDrive\Desktop\AI-projects\quantitivestocks\conf\token.txt.
26956 2026-04-08 11:21:14,398 webull.core.http.initializer.token.token_storage WARNING storage_token Note: The token file already exists, the latest token configuration will be overwritten and written to the token file after successful 2FA verification. path:C:\Users\yalil\OneDrive\Desktop\AI-projects\quantitivestocks\conf\token.txt.
26956 2026-04-08 11:21:14,399 webull.core.http.initializer.token.token_manager INFO load_token_from_local reading token from file...
26956 2026-04-08 11:21:14,400 webull.core.http.initializer.token.token_manager INFO load_token_from_local read local token result. token:a8391a******03689b expires:1776937170799 status:NORMAL
26956 2026-04-08 11:21:14,684 webull.core.http.initializer.token.token_manager INFO fetch_token_from_server create_token result. token:a8391a******03689b expires:1776937170799 status:NORMAL
26956 2026-04-08 11:21:14,686 webull.core.http.initializer.token.token_manager INFO fetch_token_from_server create_token status is verified, no further check required, returning directly. token:a8391a******03689b expires:1776937170799 status:NORMAL
26956 2026-04-08 11:21:14,686 webull.core.http.initializer.token.token_manager INFO save_token_to_local writing token to local file. token:a8391a******03689b expires:1776937170799 status:NORMAL
26956 2026-04-08 11:21:14,687 webull.core.http.initializer.token.token_manager INFO save_token_to_local writing token to file completed.
26956 2026-04-08 11:21:14,687 webull.core.http.initializer.token.token_manager INFO init_token finished. token:a8391a******03689b expires:1776937170799 status:NORMAL
26788 2026-04-08 11:23:15,426 webull.core.http.initializer.client_initializer INFO _check_token_enable result is True
26788 2026-04-08 11:23:15,431 webull.core.http.initializer.token.token_storage INFO storage_token uses the default configuration, conf.
26788 2026-04-08 11:23:15,432 webull.core.http.initializer.token.token_storage INFO storage_token initialized path:C:\Users\yalil\OneDrive\Desktop\AI-projects\quantitivestocks\conf\token.txt.
26788 2026-04-08 11:23:15,433 webull.core.http.initializer.token.token_storage WARNING storage_token Note: The token file already exists, the latest token configuration will be overwritten and written to the token file after successful 2FA verification. path:C:\Users\yalil\OneDrive\Desktop\AI-projects\quantitivestocks\conf\token.txt.
26788 2026-04-08 11:23:15,433 webull.core.http.initializer.token.token_manager INFO load_token_from_local reading token from file...
26788 2026-04-08 11:23:15,439 webull.core.http.initializer.token.token_manager INFO load_token_from_local read local token result. token:a8391a******03689b expires:1776937170799 status:NORMAL
26788 2026-04-08 11:23:15,696 webull.core.http.initializer.token.token_manager INFO fetch_token_from_server create_token result. token:a8391a******03689b expires:1776937170799 status:NORMAL
26788 2026-04-08 11:23:15,698 webull.core.http.initializer.token.token_manager INFO fetch_token_from_server create_token status is verified, no further check required, returning directly. token:a8391a******03689b expires:1776937170799 status:NORMAL
26788 2026-04-08 11:23:15,698 webull.core.http.initializer.token.token_manager INFO save_token_to_local writing token to local file. token:a8391a******03689b expires:1776937170799 status:NORMAL
26788 2026-04-08 11:23:15,699 webull.core.http.initializer.token.token_manager INFO save_token_to_local writing token to file completed.
26788 2026-04-08 11:23:15,699 webull.core.http.initializer.token.token_manager INFO init_token finished. token:a8391a******03689b expires:1776937170799 status:NORMAL
26964 2026-04-08 11:25:15,032 webull.core.http.initializer.client_initializer INFO _check_token_enable result is True
26964 2026-04-08 11:25:15,034 webull.core.http.initializer.token.token_storage INFO storage_token uses the default configuration, conf.
26964 2026-04-08 11:25:15,035 webull.core.http.initializer.token.token_storage INFO storage_token initialized path:C:\Users\yalil\OneDrive\Desktop\AI-projects\quantitivestocks\conf\token.txt.
26964 2026-04-08 11:25:15,036 webull.core.http.initializer.token.token_storage WARNING storage_token Note: The token file already exists, the latest token configuration will be overwritten and written to the token file after successful 2FA verification. path:C:\Users\yalil\OneDrive\Desktop\AI-projects\quantitivestocks\conf\token.txt.
26964 2026-04-08 11:25:15,036 webull.core.http.initializer.token.token_manager INFO load_token_from_local reading token from file...
26964 2026-04-08 11:25:15,037 webull.core.http.initializer.token.token_manager INFO load_token_from_local read local token result. token:a8391a******03689b expires:1776937170799 status:NORMAL
26964 2026-04-08 11:25:15,249 webull.core.http.initializer.token.token_manager INFO fetch_token_from_server create_token result. token:a8391a******03689b expires:1776937170799 status:NORMAL
26964 2026-04-08 11:25:15,250 webull.core.http.initializer.token.token_manager INFO fetch_token_from_server create_token status is verified, no further check required, returning directly. token:a8391a******03689b expires:1776937170799 status:NORMAL
26964 2026-04-08 11:25:15,251 webull.core.http.initializer.token.token_manager INFO save_token_to_local writing token to local file. token:a8391a******03689b expires:1776937170799 status:NORMAL
26964 2026-04-08 11:25:15,251 webull.core.http.initializer.token.token_manager INFO save_token_to_local writing token to file completed.
26964 2026-04-08 11:25:15,251 webull.core.http.initializer.token.token_manager INFO init_token finished. token:a8391a******03689b expires:1776937170799 status:NORMAL
24652 2026-04-08 11:27:14,355 webull.core.http.initializer.client_initializer INFO _check_token_enable result is True
24652 2026-04-08 11:27:14,357 webull.core.http.initializer.token.token_storage INFO storage_token uses the default configuration, conf.
24652 2026-04-08 11:27:14,357 webull.core.http.initializer.token.token_storage INFO storage_token initialized path:C:\Users\yalil\OneDrive\Desktop\AI-projects\quantitivestocks\conf\token.txt.
24652 2026-04-08 11:27:14,358 webull.core.http.initializer.token.token_storage WARNING storage_token Note: The token file already exists, the latest token configuration will be overwritten and written to the token file after successful 2FA verification. path:C:\Users\yalil\OneDrive\Desktop\AI-projects\quantitivestocks\conf\token.txt.
24652 2026-04-08 11:27:14,382 webull.core.http.initializer.token.token_manager INFO load_token_from_local reading token from file...
24652 2026-04-08 11:27:14,383 webull.core.http.initializer.token.token_manager INFO load_token_from_local read local token result. token:a8391a******03689b expires:1776937170799 status:NORMAL
24652 2026-04-08 11:27:14,541 webull.core.http.initializer.token.token_manager INFO fetch_token_from_server create_token result. token:a8391a******03689b expires:1776937170799 status:NORMAL
24652 2026-04-08 11:27:14,542 webull.core.http.initializer.token.token_manager INFO fetch_token_from_server create_token status is verified, no further check required, returning directly. token:a8391a******03689b expires:1776937170799 status:NORMAL
24652 2026-04-08 11:27:14,543 webull.core.http.initializer.token.token_manager INFO save_token_to_local writing token to local file. token:a8391a******03689b expires:1776937170799 status:NORMAL
24652 2026-04-08 11:27:14,544 webull.core.http.initializer.token.token_manager INFO save_token_to_local writing token to file completed.
24652 2026-04-08 11:27:14,544 webull.core.http.initializer.token.token_manager INFO init_token finished. token:a8391a******03689b expires:1776937170799 status:NORMAL
27756 2026-04-08 11:29:14,697 webull.core.http.initializer.client_initializer INFO _check_token_enable result is True
27756 2026-04-08 11:29:14,700 webull.core.http.initializer.token.token_storage INFO storage_token uses the default configuration, conf.
27756 2026-04-08 11:29:14,701 webull.core.http.initializer.token.token_storage INFO storage_token initialized path:C:\Users\yalil\OneDrive\Desktop\AI-projects\quantitivestocks\conf\token.txt.
27756 2026-04-08 11:29:14,701 webull.core.http.initializer.token.token_storage WARNING storage_token Note: The token file already exists, the latest token configuration will be overwritten and written to the token file after successful 2FA verification. path:C:\Users\yalil\OneDrive\Desktop\AI-projects\quantitivestocks\conf\token.txt.
27756 2026-04-08 11:29:14,701 webull.core.http.initializer.token.token_manager INFO load_token_from_local reading token from file...
27756 2026-04-08 11:29:14,703 webull.core.http.initializer.token.token_manager INFO load_token_from_local read local token result. token:a8391a******03689b expires:1776937170799 status:NORMAL
27756 2026-04-08 11:29:14,947 webull.core.http.initializer.token.token_manager INFO fetch_token_from_server create_token result. token:a8391a******03689b expires:1776937170799 status:NORMAL
27756 2026-04-08 11:29:14,948 webull.core.http.initializer.token.token_manager INFO fetch_token_from_server create_token status is verified, no further check required, returning directly. token:a8391a******03689b expires:1776937170799 status:NORMAL
27756 2026-04-08 11:29:14,949 webull.core.http.initializer.token.token_manager INFO save_token_to_local writing token to local file. token:a8391a******03689b expires:1776937170799 status:NORMAL
27756 2026-04-08 11:29:14,950 webull.core.http.initializer.token.token_manager INFO save_token_to_local writing token to file completed.
27756 2026-04-08 11:29:14,950 webull.core.http.initializer.token.token_manager INFO init_token finished. token:a8391a******03689b expires:1776937170799 status:NORMAL
28220 2026-04-08 11:31:14,591 webull.core.http.initializer.client_initializer INFO _check_token_enable result is True
28220 2026-04-08 11:31:14,592 webull.core.http.initializer.token.token_storage INFO storage_token uses the default configuration, conf.
28220 2026-04-08 11:31:14,593 webull.core.http.initializer.token.token_storage INFO storage_token initialized path:C:\Users\yalil\OneDrive\Desktop\AI-projects\quantitivestocks\conf\token.txt.
28220 2026-04-08 11:31:14,593 webull.core.http.initializer.token.token_storage WARNING storage_token Note: The token file already exists, the latest token configuration will be overwritten and written to the token file after successful 2FA verification. path:C:\Users\yalil\OneDrive\Desktop\AI-projects\quantitivestocks\conf\token.txt.
28220 2026-04-08 11:31:14,594 webull.core.http.initializer.token.token_manager INFO load_token_from_local reading token from file...
28220 2026-04-08 11:31:14,595 webull.core.http.initializer.token.token_manager INFO load_token_from_local read local token result. token:a8391a******03689b expires:1776937170799 status:NORMAL
28220 2026-04-08 11:31:14,839 webull.core.http.initializer.token.token_manager INFO fetch_token_from_server create_token result. token:a8391a******03689b expires:1776937170799 status:NORMAL
28220 2026-04-08 11:31:14,841 webull.core.http.initializer.token.token_manager INFO fetch_token_from_server create_token status is verified, no further check required, returning directly. token:a8391a******03689b expires:1776937170799 status:NORMAL
28220 2026-04-08 11:31:14,841 webull.core.http.initializer.token.token_manager INFO save_token_to_local writing token to local file. token:a8391a******03689b expires:1776937170799 status:NORMAL
28220 2026-04-08 11:31:14,842 webull.core.http.initializer.token.token_manager INFO save_token_to_local writing token to file completed.
28220 2026-04-08 11:31:14,842 webull.core.http.initializer.token.token_manager INFO init_token finished. token:a8391a******03689b expires:1776937170799 status:NORMAL
23912 2026-04-08 11:33:14,871 webull.core.http.initializer.client_initializer INFO _check_token_enable result is True
23912 2026-04-08 11:33:14,873 webull.core.http.initializer.token.token_storage INFO storage_token uses the default configuration, conf.
23912 2026-04-08 11:33:14,874 webull.core.http.initializer.token.token_storage INFO storage_token initialized path:C:\Users\yalil\OneDrive\Desktop\AI-projects\quantitivestocks\conf\token.txt.
23912 2026-04-08 11:33:14,874 webull.core.http.initializer.token.token_storage WARNING storage_token Note: The token file already exists, the latest token configuration will be overwritten and written to the token file after successful 2FA verification. path:C:\Users\yalil\OneDrive\Desktop\AI-projects\quantitivestocks\conf\token.txt.
23912 2026-04-08 11:33:14,874 webull.core.http.initializer.token.token_manager INFO load_token_from_local reading token from file...
23912 2026-04-08 11:33:14,876 webull.core.http.initializer.token.token_manager INFO load_token_from_local read local token result. token:a8391a******03689b expires:1776937170799 status:NORMAL
23912 2026-04-08 11:33:15,158 webull.core.http.initializer.token.token_manager INFO fetch_token_from_server create_token result. token:a8391a******03689b expires:1776937170799 status:NORMAL
23912 2026-04-08 11:33:15,160 webull.core.http.initializer.token.token_manager INFO fetch_token_from_server create_token status is verified, no further check required, returning directly. token:a8391a******03689b expires:1776937170799 status:NORMAL
23912 2026-04-08 11:33:15,160 webull.core.http.initializer.token.token_manager INFO save_token_to_local writing token to local file. token:a8391a******03689b expires:1776937170799 status:NORMAL
23912 2026-04-08 11:33:15,161 webull.core.http.initializer.token.token_manager INFO save_token_to_local writing token to file completed.
23912 2026-04-08 11:33:15,161 webull.core.http.initializer.token.token_manager INFO init_token finished. token:a8391a******03689b expires:1776937170799 status:NORMAL
25696 2026-04-08 11:35:14,964 webull.core.http.initializer.client_initializer INFO _check_token_enable result is True
25696 2026-04-08 11:35:14,966 webull.core.http.initializer.token.token_storage INFO storage_token uses the default configuration, conf.
25696 2026-04-08 11:35:14,967 webull.core.http.initializer.token.token_storage INFO storage_token initialized path:C:\Users\yalil\OneDrive\Desktop\AI-projects\quantitivestocks\conf\token.txt.
25696 2026-04-08 11:35:14,967 webull.core.http.initializer.token.token_storage WARNING storage_token Note: The token file already exists, the latest token configuration will be overwritten and written to the token file after successful 2FA verification. path:C:\Users\yalil\OneDrive\Desktop\AI-projects\quantitivestocks\conf\token.txt.
25696 2026-04-08 11:35:14,968 webull.core.http.initializer.token.token_manager INFO load_token_from_local reading token from file...
25696 2026-04-08 11:35:14,969 webull.core.http.initializer.token.token_manager INFO load_token_from_local read local token result. token:a8391a******03689b expires:1776937170799 status:NORMAL
25696 2026-04-08 11:35:15,205 webull.core.http.initializer.token.token_manager INFO fetch_token_from_server create_token result. token:a8391a******03689b expires:1776937170799 status:NORMAL
25696 2026-04-08 11:35:15,207 webull.core.http.initializer.token.token_manager INFO fetch_token_from_server create_token status is verified, no further check required, returning directly. token:a8391a******03689b expires:1776937170799 status:NORMAL
25696 2026-04-08 11:35:15,207 webull.core.http.initializer.token.token_manager INFO save_token_to_local writing token to local file. token:a8391a******03689b expires:1776937170799 status:NORMAL
25696 2026-04-08 11:35:15,208 webull.core.http.initializer.token.token_manager INFO save_token_to_local writing token to file completed.
25696 2026-04-08 11:35:15,208 webull.core.http.initializer.token.token_manager INFO init_token finished. token:a8391a******03689b expires:1776937170799 status:NORMAL
27952 2026-04-08 11:37:14,866 webull.core.http.initializer.client_initializer INFO _check_token_enable result is True
27952 2026-04-08 11:37:14,868 webull.core.http.initializer.token.token_storage INFO storage_token uses the default configuration, conf.
27952 2026-04-08 11:37:14,869 webull.core.http.initializer.token.token_storage INFO storage_token initialized path:C:\Users\yalil\OneDrive\Desktop\AI-projects\quantitivestocks\conf\token.txt.
27952 2026-04-08 11:37:14,869 webull.core.http.initializer.token.token_storage WARNING storage_token Note: The token file already exists, the latest token configuration will be overwritten and written to the token file after successful 2FA verification. path:C:\Users\yalil\OneDrive\Desktop\AI-projects\quantitivestocks\conf\token.txt.
27952 2026-04-08 11:37:14,869 webull.core.http.initializer.token.token_manager INFO load_token_from_local reading token from file...
27952 2026-04-08 11:37:14,872 webull.core.http.initializer.token.token_manager INFO load_token_from_local read local token result. token:a8391a******03689b expires:1776937170799 status:NORMAL
27952 2026-04-08 11:37:15,049 webull.core.http.initializer.token.token_manager INFO fetch_token_from_server create_token result. token:a8391a******03689b expires:1776937170799 status:NORMAL
27952 2026-04-08 11:37:15,051 webull.core.http.initializer.token.token_manager INFO fetch_token_from_server create_token status is verified, no further check required, returning directly. token:a8391a******03689b expires:1776937170799 status:NORMAL
27952 2026-04-08 11:37:15,051 webull.core.http.initializer.token.token_manager INFO save_token_to_local writing token to local file. token:a8391a******03689b expires:1776937170799 status:NORMAL
27952 2026-04-08 11:37:15,052 webull.core.http.initializer.token.token_manager INFO save_token_to_local writing token to file completed.
27952 2026-04-08 11:37:15,052 webull.core.http.initializer.token.token_manager INFO init_token finished. token:a8391a******03689b expires:1776937170799 status:NORMAL
23524 2026-04-08 11:39:15,172 webull.core.http.initializer.client_initializer INFO _check_token_enable result is True
23524 2026-04-08 11:39:15,174 webull.core.http.initializer.token.token_storage INFO storage_token uses the default configuration, conf.
23524 2026-04-08 11:39:15,175 webull.core.http.initializer.token.token_storage INFO storage_token initialized path:C:\Users\yalil\OneDrive\Desktop\AI-projects\quantitivestocks\conf\token.txt.
23524 2026-04-08 11:39:15,175 webull.core.http.initializer.token.token_storage WARNING storage_token Note: The token file already exists, the latest token configuration will be overwritten and written to the token file after successful 2FA verification. path:C:\Users\yalil\OneDrive\Desktop\AI-projects\quantitivestocks\conf\token.txt.
23524 2026-04-08 11:39:15,176 webull.core.http.initializer.token.token_manager INFO load_token_from_local reading token from file...
23524 2026-04-08 11:39:15,177 webull.core.http.initializer.token.token_manager INFO load_token_from_local read local token result. token:a8391a******03689b expires:1776937170799 status:NORMAL
23524 2026-04-08 11:39:15,361 webull.core.http.initializer.token.token_manager INFO fetch_token_from_server create_token result. token:a8391a******03689b expires:1776937170799 status:NORMAL
23524 2026-04-08 11:39:15,362 webull.core.http.initializer.token.token_manager INFO fetch_token_from_server create_token status is verified, no further check required, returning directly. token:a8391a******03689b expires:1776937170799 status:NORMAL
23524 2026-04-08 11:39:15,362 webull.core.http.initializer.token.token_manager INFO save_token_to_local writing token to local file. token:a8391a******03689b expires:1776937170799 status:NORMAL
23524 2026-04-08 11:39:15,363 webull.core.http.initializer.token.token_manager INFO save_token_to_local writing token to file completed.
23524 2026-04-08 11:39:15,364 webull.core.http.initializer.token.token_manager INFO init_token finished. token:a8391a******03689b expires:1776937170799 status:NORMAL
27344 2026-04-08 11:41:15,557 webull.core.http.initializer.client_initializer INFO _check_token_enable result is True
27344 2026-04-08 11:41:15,559 webull.core.http.initializer.token.token_storage INFO storage_token uses the default configuration, conf.
27344 2026-04-08 11:41:15,560 webull.core.http.initializer.token.token_storage INFO storage_token initialized path:C:\Users\yalil\OneDrive\Desktop\AI-projects\quantitivestocks\conf\token.txt.
27344 2026-04-08 11:41:15,560 webull.core.http.initializer.token.token_storage WARNING storage_token Note: The token file already exists, the latest token configuration will be overwritten and written to the token file after successful 2FA verification. path:C:\Users\yalil\OneDrive\Desktop\AI-projects\quantitivestocks\conf\token.txt.
27344 2026-04-08 11:41:15,561 webull.core.http.initializer.token.token_manager INFO load_token_from_local reading token from file...
27344 2026-04-08 11:41:15,562 webull.core.http.initializer.token.token_manager INFO load_token_from_local read local token result. token:a8391a******03689b expires:1776937170799 status:NORMAL
27344 2026-04-08 11:41:15,922 webull.core.http.initializer.token.token_manager INFO fetch_token_from_server create_token result. token:a8391a******03689b expires:1776937170799 status:NORMAL
27344 2026-04-08 11:41:15,923 webull.core.http.initializer.token.token_manager INFO fetch_token_from_server create_token status is verified, no further check required, returning directly. token:a8391a******03689b expires:1776937170799 status:NORMAL
27344 2026-04-08 11:41:15,924 webull.core.http.initializer.token.token_manager INFO save_token_to_local writing token to local file. token:a8391a******03689b expires:1776937170799 status:NORMAL
27344 2026-04-08 11:41:15,924 webull.core.http.initializer.token.token_manager INFO save_token_to_local writing token to file completed.
27344 2026-04-08 11:41:15,924 webull.core.http.initializer.token.token_manager INFO init_token finished. token:a8391a******03689b expires:1776937170799 status:NORMAL
27048 2026-04-08 11:43:15,824 webull.core.http.initializer.client_initializer INFO _check_token_enable result is True
27048 2026-04-08 11:43:15,826 webull.core.http.initializer.token.token_storage INFO storage_token uses the default configuration, conf.
27048 2026-04-08 11:43:15,827 webull.core.http.initializer.token.token_storage INFO storage_token initialized path:C:\Users\yalil\OneDrive\Desktop\AI-projects\quantitivestocks\conf\token.txt.
27048 2026-04-08 11:43:15,828 webull.core.http.initializer.token.token_storage WARNING storage_token Note: The token file already exists, the latest token configuration will be overwritten and written to the token file after successful 2FA verification. path:C:\Users\yalil\OneDrive\Desktop\AI-projects\quantitivestocks\conf\token.txt.
27048 2026-04-08 11:43:15,828 webull.core.http.initializer.token.token_manager INFO load_token_from_local reading token from file...
27048 2026-04-08 11:43:15,830 webull.core.http.initializer.token.token_manager INFO load_token_from_local read local token result. token:a8391a******03689b expires:1776937170799 status:NORMAL
27048 2026-04-08 11:43:15,997 webull.core.http.initializer.token.token_manager INFO fetch_token_from_server create_token result. token:a8391a******03689b expires:1776937170799 status:NORMAL
27048 2026-04-08 11:43:15,999 webull.core.http.initializer.token.token_manager INFO fetch_token_from_server create_token status is verified, no further check required, returning directly. token:a8391a******03689b expires:1776937170799 status:NORMAL
27048 2026-04-08 11:43:15,999 webull.core.http.initializer.token.token_manager INFO save_token_to_local writing token to local file. token:a8391a******03689b expires:1776937170799 status:NORMAL
27048 2026-04-08 11:43:16,000 webull.core.http.initializer.token.token_manager INFO save_token_to_local writing token to file completed.
27048 2026-04-08 11:43:16,000 webull.core.http.initializer.token.token_manager INFO init_token finished. token:a8391a******03689b expires:1776937170799 status:NORMAL
27780 2026-04-08 11:45:16,311 webull.core.http.initializer.client_initializer INFO _check_token_enable result is True
27780 2026-04-08 11:45:16,313 webull.core.http.initializer.token.token_storage INFO storage_token uses the default configuration, conf.
27780 2026-04-08 11:45:16,314 webull.core.http.initializer.token.token_storage INFO storage_token initialized path:C:\Users\yalil\OneDrive\Desktop\AI-projects\quantitivestocks\conf\token.txt.
27780 2026-04-08 11:45:16,314 webull.core.http.initializer.token.token_storage WARNING storage_token Note: The token file already exists, the latest token configuration will be overwritten and written to the token file after successful 2FA verification. path:C:\Users\yalil\OneDrive\Desktop\AI-projects\quantitivestocks\conf\token.txt.
27780 2026-04-08 11:45:16,315 webull.core.http.initializer.token.token_manager INFO load_token_from_local reading token from file...
27780 2026-04-08 11:45:16,316 webull.core.http.initializer.token.token_manager INFO load_token_from_local read local token result. token:a8391a******03689b expires:1776937170799 status:NORMAL
27780 2026-04-08 11:45:16,590 webull.core.http.initializer.token.token_manager INFO fetch_token_from_server create_token result. token:a8391a******03689b expires:1776937170799 status:NORMAL
27780 2026-04-08 11:45:16,591 webull.core.http.initializer.token.token_manager INFO fetch_token_from_server create_token status is verified, no further check required, returning directly. token:a8391a******03689b expires:1776937170799 status:NORMAL
27780 2026-04-08 11:45:16,592 webull.core.http.initializer.token.token_manager INFO save_token_to_local writing token to local file. token:a8391a******03689b expires:1776937170799 status:NORMAL
27780 2026-04-08 11:45:16,592 webull.core.http.initializer.token.token_manager INFO save_token_to_local writing token to file completed.
27780 2026-04-08 11:45:16,593 webull.core.http.initializer.token.token_manager INFO init_token finished. token:a8391a******03689b expires:1776937170799 status:NORMAL
22464 2026-04-08 11:47:16,021 webull.core.http.initializer.client_initializer INFO _check_token_enable result is True
22464 2026-04-08 11:47:16,023 webull.core.http.initializer.token.token_storage INFO storage_token uses the default configuration, conf.
22464 2026-04-08 11:47:16,024 webull.core.http.initializer.token.token_storage INFO storage_token initialized path:C:\Users\yalil\OneDrive\Desktop\AI-projects\quantitivestocks\conf\token.txt.
22464 2026-04-08 11:47:16,025 webull.core.http.initializer.token.token_storage WARNING storage_token Note: The token file already exists, the latest token configuration will be overwritten and written to the token file after successful 2FA verification. path:C:\Users\yalil\OneDrive\Desktop\AI-projects\quantitivestocks\conf\token.txt.
22464 2026-04-08 11:47:16,025 webull.core.http.initializer.token.token_manager INFO load_token_from_local reading token from file...
22464 2026-04-08 11:47:16,026 webull.core.http.initializer.token.token_manager INFO load_token_from_local read local token result. token:a8391a******03689b expires:1776937170799 status:NORMAL
22464 2026-04-08 11:47:16,249 webull.core.http.initializer.token.token_manager INFO fetch_token_from_server create_token result. token:a8391a******03689b expires:1776937170799 status:NORMAL
22464 2026-04-08 11:47:16,251 webull.core.http.initializer.token.token_manager INFO fetch_token_from_server create_token status is verified, no further check required, returning directly. token:a8391a******03689b expires:1776937170799 status:NORMAL
22464 2026-04-08 11:47:16,251 webull.core.http.initializer.token.token_manager INFO save_token_to_local writing token to local file. token:a8391a******03689b expires:1776937170799 status:NORMAL
22464 2026-04-08 11:47:16,252 webull.core.http.initializer.token.token_manager INFO save_token_to_local writing token to file completed.
22464 2026-04-08 11:47:16,252 webull.core.http.initializer.token.token_manager INFO init_token finished. token:a8391a******03689b expires:1776937170799 status:NORMAL
400 2026-04-08 11:49:16,646 webull.core.http.initializer.client_initializer INFO _check_token_enable result is True
400 2026-04-08 11:49:16,648 webull.core.http.initializer.token.token_storage INFO storage_token uses the default configuration, conf.
400 2026-04-08 11:49:16,649 webull.core.http.initializer.token.token_storage INFO storage_token initialized path:C:\Users\yalil\OneDrive\Desktop\AI-projects\quantitivestocks\conf\token.txt.
400 2026-04-08 11:49:16,650 webull.core.http.initializer.token.token_storage WARNING storage_token Note: The token file already exists, the latest token configuration will be overwritten and written to the token file after successful 2FA verification. path:C:\Users\yalil\OneDrive\Desktop\AI-projects\quantitivestocks\conf\token.txt.
400 2026-04-08 11:49:16,650 webull.core.http.initializer.token.token_manager INFO load_token_from_local reading token from file...
400 2026-04-08 11:49:16,651 webull.core.http.initializer.token.token_manager INFO load_token_from_local read local token result. token:a8391a******03689b expires:1776937170799 status:NORMAL
400 2026-04-08 11:49:16,827 webull.core.http.initializer.token.token_manager INFO fetch_token_from_server create_token result. token:a8391a******03689b expires:1776937170799 status:NORMAL
400 2026-04-08 11:49:16,830 webull.core.http.initializer.token.token_manager INFO fetch_token_from_server create_token status is verified, no further check required, returning directly. token:a8391a******03689b expires:1776937170799 status:NORMAL
400 2026-04-08 11:49:16,831 webull.core.http.initializer.token.token_manager INFO save_token_to_local writing token to local file. token:a8391a******03689b expires:1776937170799 status:NORMAL
400 2026-04-08 11:49:16,832 webull.core.http.initializer.token.token_manager INFO save_token_to_local writing token to file completed.
400 2026-04-08 11:49:16,832 webull.core.http.initializer.token.token_manager INFO init_token finished. token:a8391a******03689b expires:1776937170799 status:NORMAL
27912 2026-04-08 11:51:16,167 webull.core.http.initializer.client_initializer INFO _check_token_enable result is True
27912 2026-04-08 11:51:16,170 webull.core.http.initializer.token.token_storage INFO storage_token uses the default configuration, conf.
27912 2026-04-08 11:51:16,170 webull.core.http.initializer.token.token_storage INFO storage_token initialized path:C:\Users\yalil\OneDrive\Desktop\AI-projects\quantitivestocks\conf\token.txt.
27912 2026-04-08 11:51:16,171 webull.core.http.initializer.token.token_storage WARNING storage_token Note: The token file already exists, the latest token configuration will be overwritten and written to the token file after successful 2FA verification. path:C:\Users\yalil\OneDrive\Desktop\AI-projects\quantitivestocks\conf\token.txt.
27912 2026-04-08 11:51:16,171 webull.core.http.initializer.token.token_manager INFO load_token_from_local reading token from file...
27912 2026-04-08 11:51:16,172 webull.core.http.initializer.token.token_manager INFO load_token_from_local read local token result. token:a8391a******03689b expires:1776937170799 status:NORMAL
27912 2026-04-08 11:51:16,448 webull.core.http.initializer.token.token_manager INFO fetch_token_from_server create_token result. token:a8391a******03689b expires:1776937170799 status:NORMAL
27912 2026-04-08 11:51:16,449 webull.core.http.initializer.token.token_manager INFO fetch_token_from_server create_token status is verified, no further check required, returning directly. token:a8391a******03689b expires:1776937170799 status:NORMAL
27912 2026-04-08 11:51:16,450 webull.core.http.initializer.token.token_manager INFO save_token_to_local writing token to local file. token:a8391a******03689b expires:1776937170799 status:NORMAL
27912 2026-04-08 11:51:16,451 webull.core.http.initializer.token.token_manager INFO save_token_to_local writing token to file completed.
27912 2026-04-08 11:51:16,451 webull.core.http.initializer.token.token_manager INFO init_token finished. token:a8391a******03689b expires:1776937170799 status:NORMAL
23584 2026-04-08 11:53:18,064 webull.core.http.initializer.client_initializer INFO _check_token_enable result is True
23584 2026-04-08 11:53:18,065 webull.core.http.initializer.token.token_storage INFO storage_token uses the default configuration, conf.
23584 2026-04-08 11:53:18,067 webull.core.http.initializer.token.token_storage INFO storage_token initialized path:C:\Users\yalil\OneDrive\Desktop\AI-projects\quantitivestocks\conf\token.txt.
23584 2026-04-08 11:53:18,067 webull.core.http.initializer.token.token_storage WARNING storage_token Note: The token file already exists, the latest token configuration will be overwritten and written to the token file after successful 2FA verification. path:C:\Users\yalil\OneDrive\Desktop\AI-projects\quantitivestocks\conf\token.txt.
23584 2026-04-08 11:53:18,068 webull.core.http.initializer.token.token_manager INFO load_token_from_local reading token from file...
23584 2026-04-08 11:53:18,069 webull.core.http.initializer.token.token_manager INFO load_token_from_local read local token result. token:a8391a******03689b expires:1776937170799 status:NORMAL
23584 2026-04-08 11:53:18,309 webull.core.http.initializer.token.token_manager INFO fetch_token_from_server create_token result. token:a8391a******03689b expires:1776937170799 status:NORMAL
23584 2026-04-08 11:53:18,311 webull.core.http.initializer.token.token_manager INFO fetch_token_from_server create_token status is verified, no further check required, returning directly. token:a8391a******03689b expires:1776937170799 status:NORMAL
23584 2026-04-08 11:53:18,311 webull.core.http.initializer.token.token_manager INFO save_token_to_local writing token to local file. token:a8391a******03689b expires:1776937170799 status:NORMAL
23584 2026-04-08 11:53:18,312 webull.core.http.initializer.token.token_manager INFO save_token_to_local writing token to file completed.
23584 2026-04-08 11:53:18,312 webull.core.http.initializer.token.token_manager INFO init_token finished. token:a8391a******03689b expires:1776937170799 status:NORMAL
24128 2026-04-08 11:55:16,530 webull.core.http.initializer.client_initializer INFO _check_token_enable result is True
24128 2026-04-08 11:55:16,532 webull.core.http.initializer.token.token_storage INFO storage_token uses the default configuration, conf.
24128 2026-04-08 11:55:16,533 webull.core.http.initializer.token.token_storage INFO storage_token initialized path:C:\Users\yalil\OneDrive\Desktop\AI-projects\quantitivestocks\conf\token.txt.
24128 2026-04-08 11:55:16,533 webull.core.http.initializer.token.token_storage WARNING storage_token Note: The token file already exists, the latest token configuration will be overwritten and written to the token file after successful 2FA verification. path:C:\Users\yalil\OneDrive\Desktop\AI-projects\quantitivestocks\conf\token.txt.
24128 2026-04-08 11:55:16,533 webull.core.http.initializer.token.token_manager INFO load_token_from_local reading token from file...
24128 2026-04-08 11:55:16,535 webull.core.http.initializer.token.token_manager INFO load_token_from_local read local token result. token:a8391a******03689b expires:1776937170799 status:NORMAL
24128 2026-04-08 11:55:16,794 webull.core.http.initializer.token.token_manager INFO fetch_token_from_server create_token result. token:a8391a******03689b expires:1776937170799 status:NORMAL
24128 2026-04-08 11:55:16,796 webull.core.http.initializer.token.token_manager INFO fetch_token_from_server create_token status is verified, no further check required, returning directly. token:a8391a******03689b expires:1776937170799 status:NORMAL
24128 2026-04-08 11:55:16,796 webull.core.http.initializer.token.token_manager INFO save_token_to_local writing token to local file. token:a8391a******03689b expires:1776937170799 status:NORMAL
24128 2026-04-08 11:55:16,797 webull.core.http.initializer.token.token_manager INFO save_token_to_local writing token to file completed.
24128 2026-04-08 11:55:16,797 webull.core.http.initializer.token.token_manager INFO init_token finished. token:a8391a******03689b expires:1776937170799 status:NORMAL
25072 2026-04-08 11:57:17,370 webull.core.http.initializer.client_initializer INFO _check_token_enable result is True
25072 2026-04-08 11:57:17,413 webull.core.http.initializer.token.token_storage INFO storage_token uses the default configuration, conf.
25072 2026-04-08 11:57:17,444 webull.core.http.initializer.token.token_storage INFO storage_token initialized path:C:\Users\yalil\OneDrive\Desktop\AI-projects\quantitivestocks\conf\token.txt.
25072 2026-04-08 11:57:17,444 webull.core.http.initializer.token.token_storage WARNING storage_token Note: The token file already exists, the latest token configuration will be overwritten and written to the token file after successful 2FA verification. path:C:\Users\yalil\OneDrive\Desktop\AI-projects\quantitivestocks\conf\token.txt.
25072 2026-04-08 11:57:17,445 webull.core.http.initializer.token.token_manager INFO load_token_from_local reading token from file...
25072 2026-04-08 11:57:17,446 webull.core.http.initializer.token.token_manager INFO load_token_from_local read local token result. token:a8391a******03689b expires:1776937170799 status:NORMAL
25072 2026-04-08 11:57:17,780 webull.core.http.initializer.token.token_manager INFO fetch_token_from_server create_token result. token:a8391a******03689b expires:1776937170799 status:NORMAL
25072 2026-04-08 11:57:17,782 webull.core.http.initializer.token.token_manager INFO fetch_token_from_server create_token status is verified, no further check required, returning directly. token:a8391a******03689b expires:1776937170799 status:NORMAL
25072 2026-04-08 11:57:17,782 webull.core.http.initializer.token.token_manager INFO save_token_to_local writing token to local file. token:a8391a******03689b expires:1776937170799 status:NORMAL
25072 2026-04-08 11:57:17,783 webull.core.http.initializer.token.token_manager INFO save_token_to_local writing token to file completed.
25072 2026-04-08 11:57:17,783 webull.core.http.initializer.token.token_manager INFO init_token finished. token:a8391a******03689b expires:1776937170799 status:NORMAL
5756 2026-04-08 11:59:16,774 webull.core.http.initializer.client_initializer INFO _check_token_enable result is True
5756 2026-04-08 11:59:16,776 webull.core.http.initializer.token.token_storage INFO storage_token uses the default configuration, conf.
5756 2026-04-08 11:59:16,777 webull.core.http.initializer.token.token_storage INFO storage_token initialized path:C:\Users\yalil\OneDrive\Desktop\AI-projects\quantitivestocks\conf\token.txt.
5756 2026-04-08 11:59:16,778 webull.core.http.initializer.token.token_storage WARNING storage_token Note: The token file already exists, the latest token configuration will be overwritten and written to the token file after successful 2FA verification. path:C:\Users\yalil\OneDrive\Desktop\AI-projects\quantitivestocks\conf\token.txt.
5756 2026-04-08 11:59:16,778 webull.core.http.initializer.token.token_manager INFO load_token_from_local reading token from file...
5756 2026-04-08 11:59:16,779 webull.core.http.initializer.token.token_manager INFO load_token_from_local read local token result. token:a8391a******03689b expires:1776937170799 status:NORMAL
5756 2026-04-08 11:59:17,131 webull.core.http.initializer.token.token_manager INFO fetch_token_from_server create_token result. token:a8391a******03689b expires:1776937170799 status:NORMAL
5756 2026-04-08 11:59:17,133 webull.core.http.initializer.token.token_manager INFO fetch_token_from_server create_token status is verified, no further check required, returning directly. token:a8391a******03689b expires:1776937170799 status:NORMAL
5756 2026-04-08 11:59:17,133 webull.core.http.initializer.token.token_manager INFO save_token_to_local writing token to local file. token:a8391a******03689b expires:1776937170799 status:NORMAL
5756 2026-04-08 11:59:17,133 webull.core.http.initializer.token.token_manager INFO save_token_to_local writing token to file completed.
5756 2026-04-08 11:59:17,133 webull.core.http.initializer.token.token_manager INFO init_token finished. token:a8391a******03689b expires:1776937170799 status:NORMAL
9232 2026-04-08 12:01:16,977 webull.core.http.initializer.client_initializer INFO _check_token_enable result is True
9232 2026-04-08 12:01:16,979 webull.core.http.initializer.token.token_storage INFO storage_token uses the default configuration, conf.
9232 2026-04-08 12:01:16,980 webull.core.http.initializer.token.token_storage INFO storage_token initialized path:C:\Users\yalil\OneDrive\Desktop\AI-projects\quantitivestocks\conf\token.txt.
9232 2026-04-08 12:01:16,981 webull.core.http.initializer.token.token_storage WARNING storage_token Note: The token file already exists, the latest token configuration will be overwritten and written to the token file after successful 2FA verification. path:C:\Users\yalil\OneDrive\Desktop\AI-projects\quantitivestocks\conf\token.txt.
9232 2026-04-08 12:01:16,981 webull.core.http.initializer.token.token_manager INFO load_token_from_local reading token from file...
9232 2026-04-08 12:01:16,982 webull.core.http.initializer.token.token_manager INFO load_token_from_local read local token result. token:a8391a******03689b expires:1776937170799 status:NORMAL
9232 2026-04-08 12:01:17,134 webull.core.http.initializer.token.token_manager INFO fetch_token_from_server create_token result. token:a8391a******03689b expires:1776937170799 status:NORMAL
9232 2026-04-08 12:01:17,135 webull.core.http.initializer.token.token_manager INFO fetch_token_from_server create_token status is verified, no further check required, returning directly. token:a8391a******03689b expires:1776937170799 status:NORMAL
9232 2026-04-08 12:01:17,136 webull.core.http.initializer.token.token_manager INFO save_token_to_local writing token to local file. token:a8391a******03689b expires:1776937170799 status:NORMAL
9232 2026-04-08 12:01:17,136 webull.core.http.initializer.token.token_manager INFO save_token_to_local writing token to file completed.
9232 2026-04-08 12:01:17,137 webull.core.http.initializer.token.token_manager INFO init_token finished. token:a8391a******03689b expires:1776937170799 status:NORMAL
8180 2026-04-08 12:03:17,058 webull.core.http.initializer.client_initializer INFO _check_token_enable result is True
8180 2026-04-08 12:03:17,061 webull.core.http.initializer.token.token_storage INFO storage_token uses the default configuration, conf.
8180 2026-04-08 12:03:17,062 webull.core.http.initializer.token.token_storage INFO storage_token initialized path:C:\Users\yalil\OneDrive\Desktop\AI-projects\quantitivestocks\conf\token.txt.
8180 2026-04-08 12:03:17,062 webull.core.http.initializer.token.token_storage WARNING storage_token Note: The token file already exists, the latest token configuration will be overwritten and written to the token file after successful 2FA verification. path:C:\Users\yalil\OneDrive\Desktop\AI-projects\quantitivestocks\conf\token.txt.
8180 2026-04-08 12:03:17,063 webull.core.http.initializer.token.token_manager INFO load_token_from_local reading token from file...
8180 2026-04-08 12:03:17,064 webull.core.http.initializer.token.token_manager INFO load_token_from_local read local token result. token:a8391a******03689b expires:1776937170799 status:NORMAL
8180 2026-04-08 12:03:17,428 webull.core.http.initializer.token.token_manager INFO fetch_token_from_server create_token result. token:a8391a******03689b expires:1776937170799 status:NORMAL
8180 2026-04-08 12:03:17,430 webull.core.http.initializer.token.token_manager INFO fetch_token_from_server create_token status is verified, no further check required, returning directly. token:a8391a******03689b expires:1776937170799 status:NORMAL
8180 2026-04-08 12:03:17,431 webull.core.http.initializer.token.token_manager INFO save_token_to_local writing token to local file. token:a8391a******03689b expires:1776937170799 status:NORMAL
8180 2026-04-08 12:03:17,432 webull.core.http.initializer.token.token_manager INFO save_token_to_local writing token to file completed.
8180 2026-04-08 12:03:17,432 webull.core.http.initializer.token.token_manager INFO init_token finished. token:a8391a******03689b expires:1776937170799 status:NORMAL
24684 2026-04-08 12:05:17,140 webull.core.http.initializer.client_initializer INFO _check_token_enable result is True
24684 2026-04-08 12:05:17,143 webull.core.http.initializer.token.token_storage INFO storage_token uses the default configuration, conf.
24684 2026-04-08 12:05:17,144 webull.core.http.initializer.token.token_storage INFO storage_token initialized path:C:\Users\yalil\OneDrive\Desktop\AI-projects\quantitivestocks\conf\token.txt.
24684 2026-04-08 12:05:17,145 webull.core.http.initializer.token.token_storage WARNING storage_token Note: The token file already exists, the latest token configuration will be overwritten and written to the token file after successful 2FA verification. path:C:\Users\yalil\OneDrive\Desktop\AI-projects\quantitivestocks\conf\token.txt.
24684 2026-04-08 12:05:17,145 webull.core.http.initializer.token.token_manager INFO load_token_from_local reading token from file...
24684 2026-04-08 12:05:17,146 webull.core.http.initializer.token.token_manager INFO load_token_from_local read local token result. token:a8391a******03689b expires:1776937170799 status:NORMAL
24684 2026-04-08 12:05:17,364 webull.core.http.initializer.token.token_manager INFO fetch_token_from_server create_token result. token:a8391a******03689b expires:1776937170799 status:NORMAL
24684 2026-04-08 12:05:17,365 webull.core.http.initializer.token.token_manager INFO fetch_token_from_server create_token status is verified, no further check required, returning directly. token:a8391a******03689b expires:1776937170799 status:NORMAL
24684 2026-04-08 12:05:17,366 webull.core.http.initializer.token.token_manager INFO save_token_to_local writing token to local file. token:a8391a******03689b expires:1776937170799 status:NORMAL
24684 2026-04-08 12:05:17,366 webull.core.http.initializer.token.token_manager INFO save_token_to_local writing token to file completed.
24684 2026-04-08 12:05:17,366 webull.core.http.initializer.token.token_manager INFO init_token finished. token:a8391a******03689b expires:1776937170799 status:NORMAL
28484 2026-04-08 12:07:17,052 webull.core.http.initializer.client_initializer INFO _check_token_enable result is True
28484 2026-04-08 12:07:17,055 webull.core.http.initializer.token.token_storage INFO storage_token uses the default configuration, conf.
28484 2026-04-08 12:07:17,056 webull.core.http.initializer.token.token_storage INFO storage_token initialized path:C:\Users\yalil\OneDrive\Desktop\AI-projects\quantitivestocks\conf\token.txt.
28484 2026-04-08 12:07:17,056 webull.core.http.initializer.token.token_storage WARNING storage_token Note: The token file already exists, the latest token configuration will be overwritten and written to the token file after successful 2FA verification. path:C:\Users\yalil\OneDrive\Desktop\AI-projects\quantitivestocks\conf\token.txt.
28484 2026-04-08 12:07:17,056 webull.core.http.initializer.token.token_manager INFO load_token_from_local reading token from file...
28484 2026-04-08 12:07:17,058 webull.core.http.initializer.token.token_manager INFO load_token_from_local read local token result. token:a8391a******03689b expires:1776937170799 status:NORMAL
28484 2026-04-08 12:07:17,347 webull.core.http.initializer.token.token_manager INFO fetch_token_from_server create_token result. token:a8391a******03689b expires:1776937170799 status:NORMAL
28484 2026-04-08 12:07:17,349 webull.core.http.initializer.token.token_manager INFO fetch_token_from_server create_token status is verified, no further check required, returning directly. token:a8391a******03689b expires:1776937170799 status:NORMAL
28484 2026-04-08 12:07:17,349 webull.core.http.initializer.token.token_manager INFO save_token_to_local writing token to local file. token:a8391a******03689b expires:1776937170799 status:NORMAL
28484 2026-04-08 12:07:17,350 webull.core.http.initializer.token.token_manager INFO save_token_to_local writing token to file completed.
28484 2026-04-08 12:07:17,350 webull.core.http.initializer.token.token_manager INFO init_token finished. token:a8391a******03689b expires:1776937170799 status:NORMAL
24056 2026-04-08 12:09:17,065 webull.core.http.initializer.client_initializer INFO _check_token_enable result is True
24056 2026-04-08 12:09:17,068 webull.core.http.initializer.token.token_storage INFO storage_token uses the default configuration, conf.
24056 2026-04-08 12:09:17,068 webull.core.http.initializer.token.token_storage INFO storage_token initialized path:C:\Users\yalil\OneDrive\Desktop\AI-projects\quantitivestocks\conf\token.txt.
24056 2026-04-08 12:09:17,069 webull.core.http.initializer.token.token_storage WARNING storage_token Note: The token file already exists, the latest token configuration will be overwritten and written to the token file after successful 2FA verification. path:C:\Users\yalil\OneDrive\Desktop\AI-projects\quantitivestocks\conf\token.txt.
24056 2026-04-08 12:09:17,069 webull.core.http.initializer.token.token_manager INFO load_token_from_local reading token from file...
24056 2026-04-08 12:09:17,070 webull.core.http.initializer.token.token_manager INFO load_token_from_local read local token result. token:a8391a******03689b expires:1776937170799 status:NORMAL
24056 2026-04-08 12:09:17,236 webull.core.http.initializer.token.token_manager INFO fetch_token_from_server create_token result. token:a8391a******03689b expires:1776937170799 status:NORMAL
24056 2026-04-08 12:09:17,238 webull.core.http.initializer.token.token_manager INFO fetch_token_from_server create_token status is verified, no further check required, returning directly. token:a8391a******03689b expires:1776937170799 status:NORMAL
24056 2026-04-08 12:09:17,238 webull.core.http.initializer.token.token_manager INFO save_token_to_local writing token to local file. token:a8391a******03689b expires:1776937170799 status:NORMAL
24056 2026-04-08 12:09:17,239 webull.core.http.initializer.token.token_manager INFO save_token_to_local writing token to file completed.
24056 2026-04-08 12:09:17,239 webull.core.http.initializer.token.token_manager INFO init_token finished. token:a8391a******03689b expires:1776937170799 status:NORMAL
19436 2026-04-08 12:11:17,679 webull.core.http.initializer.client_initializer INFO _check_token_enable result is True
19436 2026-04-08 12:11:17,680 webull.core.http.initializer.token.token_storage INFO storage_token uses the default configuration, conf.
19436 2026-04-08 12:11:17,681 webull.core.http.initializer.token.token_storage INFO storage_token initialized path:C:\Users\yalil\OneDrive\Desktop\AI-projects\quantitivestocks\conf\token.txt.
19436 2026-04-08 12:11:17,682 webull.core.http.initializer.token.token_storage WARNING storage_token Note: The token file already exists, the latest token configuration will be overwritten and written to the token file after successful 2FA verification. path:C:\Users\yalil\OneDrive\Desktop\AI-projects\quantitivestocks\conf\token.txt.
19436 2026-04-08 12:11:17,682 webull.core.http.initializer.token.token_manager INFO load_token_from_local reading token from file...
19436 2026-04-08 12:11:17,683 webull.core.http.initializer.token.token_manager INFO load_token_from_local read local token result. token:a8391a******03689b expires:1776937170799 status:NORMAL
19436 2026-04-08 12:11:17,915 webull.core.http.initializer.token.token_manager INFO fetch_token_from_server create_token result. token:a8391a******03689b expires:1776937170799 status:NORMAL
19436 2026-04-08 12:11:17,917 webull.core.http.initializer.token.token_manager INFO fetch_token_from_server create_token status is verified, no further check required, returning directly. token:a8391a******03689b expires:1776937170799 status:NORMAL
19436 2026-04-08 12:11:17,917 webull.core.http.initializer.token.token_manager INFO save_token_to_local writing token to local file. token:a8391a******03689b expires:1776937170799 status:NORMAL
19436 2026-04-08 12:11:17,918 webull.core.http.initializer.token.token_manager INFO save_token_to_local writing token to file completed.
19436 2026-04-08 12:11:17,918 webull.core.http.initializer.token.token_manager INFO init_token finished. token:a8391a******03689b expires:1776937170799 status:NORMAL
27968 2026-04-08 12:13:17,536 webull.core.http.initializer.client_initializer INFO _check_token_enable result is True
27968 2026-04-08 12:13:17,539 webull.core.http.initializer.token.token_storage INFO storage_token uses the default configuration, conf.
27968 2026-04-08 12:13:17,540 webull.core.http.initializer.token.token_storage INFO storage_token initialized path:C:\Users\yalil\OneDrive\Desktop\AI-projects\quantitivestocks\conf\token.txt.
27968 2026-04-08 12:13:17,541 webull.core.http.initializer.token.token_storage WARNING storage_token Note: The token file already exists, the latest token configuration will be overwritten and written to the token file after successful 2FA verification. path:C:\Users\yalil\OneDrive\Desktop\AI-projects\quantitivestocks\conf\token.txt.
27968 2026-04-08 12:13:17,541 webull.core.http.initializer.token.token_manager INFO load_token_from_local reading token from file...
27968 2026-04-08 12:13:17,543 webull.core.http.initializer.token.token_manager INFO load_token_from_local read local token result. token:a8391a******03689b expires:1776937170799 status:NORMAL
27968 2026-04-08 12:13:17,712 webull.core.http.initializer.token.token_manager INFO fetch_token_from_server create_token result. token:a8391a******03689b expires:1776937170799 status:NORMAL
27968 2026-04-08 12:13:17,714 webull.core.http.initializer.token.token_manager INFO fetch_token_from_server create_token status is verified, no further check required, returning directly. token:a8391a******03689b expires:1776937170799 status:NORMAL
27968 2026-04-08 12:13:17,714 webull.core.http.initializer.token.token_manager INFO save_token_to_local writing token to local file. token:a8391a******03689b expires:1776937170799 status:NORMAL
27968 2026-04-08 12:13:17,714 webull.core.http.initializer.token.token_manager INFO save_token_to_local writing token to file completed.
27968 2026-04-08 12:13:17,715 webull.core.http.initializer.token.token_manager INFO init_token finished. token:a8391a******03689b expires:1776937170799 status:NORMAL
27564 2026-04-08 12:15:17,650 webull.core.http.initializer.client_initializer INFO _check_token_enable result is True
27564 2026-04-08 12:15:17,653 webull.core.http.initializer.token.token_storage INFO storage_token uses the default configuration, conf.
27564 2026-04-08 12:15:17,654 webull.core.http.initializer.token.token_storage INFO storage_token initialized path:C:\Users\yalil\OneDrive\Desktop\AI-projects\quantitivestocks\conf\token.txt.
27564 2026-04-08 12:15:17,654 webull.core.http.initializer.token.token_storage WARNING storage_token Note: The token file already exists, the latest token configuration will be overwritten and written to the token file after successful 2FA verification. path:C:\Users\yalil\OneDrive\Desktop\AI-projects\quantitivestocks\conf\token.txt.
27564 2026-04-08 12:15:17,655 webull.core.http.initializer.token.token_manager INFO load_token_from_local reading token from file...
27564 2026-04-08 12:15:17,657 webull.core.http.initializer.token.token_manager INFO load_token_from_local read local token result. token:a8391a******03689b expires:1776937170799 status:NORMAL
27564 2026-04-08 12:15:17,816 webull.core.http.initializer.token.token_manager INFO fetch_token_from_server create_token result. token:a8391a******03689b expires:1776937170799 status:NORMAL
27564 2026-04-08 12:15:17,817 webull.core.http.initializer.token.token_manager INFO fetch_token_from_server create_token status is verified, no further check required, returning directly. token:a8391a******03689b expires:1776937170799 status:NORMAL
27564 2026-04-08 12:15:17,817 webull.core.http.initializer.token.token_manager INFO save_token_to_local writing token to local file. token:a8391a******03689b expires:1776937170799 status:NORMAL
27564 2026-04-08 12:15:17,818 webull.core.http.initializer.token.token_manager INFO save_token_to_local writing token to file completed.
27564 2026-04-08 12:15:17,818 webull.core.http.initializer.token.token_manager INFO init_token finished. token:a8391a******03689b expires:1776937170799 status:NORMAL
26504 2026-04-08 12:17:19,598 webull.core.http.initializer.client_initializer INFO _check_token_enable result is True
26504 2026-04-08 12:17:19,600 webull.core.http.initializer.token.token_storage INFO storage_token uses the default configuration, conf.
26504 2026-04-08 12:17:19,604 webull.core.http.initializer.token.token_storage INFO storage_token initialized path:C:\Users\yalil\OneDrive\Desktop\AI-projects\quantitivestocks\conf\token.txt.
26504 2026-04-08 12:17:19,605 webull.core.http.initializer.token.token_storage WARNING storage_token Note: The token file already exists, the latest token configuration will be overwritten and written to the token file after successful 2FA verification. path:C:\Users\yalil\OneDrive\Desktop\AI-projects\quantitivestocks\conf\token.txt.
26504 2026-04-08 12:17:19,606 webull.core.http.initializer.token.token_manager INFO load_token_from_local reading token from file...
26504 2026-04-08 12:17:19,607 webull.core.http.initializer.token.token_manager INFO load_token_from_local read local token result. token:a8391a******03689b expires:1776937170799 status:NORMAL
26504 2026-04-08 12:17:19,951 webull.core.http.initializer.token.token_manager INFO fetch_token_from_server create_token result. token:a8391a******03689b expires:1776937170799 status:NORMAL
26504 2026-04-08 12:17:19,953 webull.core.http.initializer.token.token_manager INFO fetch_token_from_server create_token status is verified, no further check required, returning directly. token:a8391a******03689b expires:1776937170799 status:NORMAL
26504 2026-04-08 12:17:19,953 webull.core.http.initializer.token.token_manager INFO save_token_to_local writing token to local file. token:a8391a******03689b expires:1776937170799 status:NORMAL
26504 2026-04-08 12:17:19,953 webull.core.http.initializer.token.token_manager INFO save_token_to_local writing token to file completed.
26504 2026-04-08 12:17:19,954 webull.core.http.initializer.token.token_manager INFO init_token finished. token:a8391a******03689b expires:1776937170799 status:NORMAL
27544 2026-04-08 12:19:17,841 webull.core.http.initializer.client_initializer INFO _check_token_enable result is True
27544 2026-04-08 12:19:17,844 webull.core.http.initializer.token.token_storage INFO storage_token uses the default configuration, conf.
27544 2026-04-08 12:19:17,845 webull.core.http.initializer.token.token_storage INFO storage_token initialized path:C:\Users\yalil\OneDrive\Desktop\AI-projects\quantitivestocks\conf\token.txt.
27544 2026-04-08 12:19:17,846 webull.core.http.initializer.token.token_storage WARNING storage_token Note: The token file already exists, the latest token configuration will be overwritten and written to the token file after successful 2FA verification. path:C:\Users\yalil\OneDrive\Desktop\AI-projects\quantitivestocks\conf\token.txt.
27544 2026-04-08 12:19:17,846 webull.core.http.initializer.token.token_manager INFO load_token_from_local reading token from file...
27544 2026-04-08 12:19:17,848 webull.core.http.initializer.token.token_manager INFO load_token_from_local read local token result. token:a8391a******03689b expires:1776937170799 status:NORMAL
27544 2026-04-08 12:19:18,008 webull.core.http.initializer.token.token_manager INFO fetch_token_from_server create_token result. token:a8391a******03689b expires:1776937170799 status:NORMAL
27544 2026-04-08 12:19:18,010 webull.core.http.initializer.token.token_manager INFO fetch_token_from_server create_token status is verified, no further check required, returning directly. token:a8391a******03689b expires:1776937170799 status:NORMAL
27544 2026-04-08 12:19:18,010 webull.core.http.initializer.token.token_manager INFO save_token_to_local writing token to local file. token:a8391a******03689b expires:1776937170799 status:NORMAL
27544 2026-04-08 12:19:18,011 webull.core.http.initializer.token.token_manager INFO save_token_to_local writing token to file completed.
27544 2026-04-08 12:19:18,011 webull.core.http.initializer.token.token_manager INFO init_token finished. token:a8391a******03689b expires:1776937170799 status:NORMAL
8 2026-04-08 12:21:17,717 webull.core.http.initializer.client_initializer INFO _check_token_enable result is True
8 2026-04-08 12:21:17,719 webull.core.http.initializer.token.token_storage INFO storage_token uses the default configuration, conf.
8 2026-04-08 12:21:17,720 webull.core.http.initializer.token.token_storage INFO storage_token initialized path:C:\Users\yalil\OneDrive\Desktop\AI-projects\quantitivestocks\conf\token.txt.
8 2026-04-08 12:21:17,720 webull.core.http.initializer.token.token_storage WARNING storage_token Note: The token file already exists, the latest token configuration will be overwritten and written to the token file after successful 2FA verification. path:C:\Users\yalil\OneDrive\Desktop\AI-projects\quantitivestocks\conf\token.txt.
8 2026-04-08 12:21:17,721 webull.core.http.initializer.token.token_manager INFO load_token_from_local reading token from file...
8 2026-04-08 12:21:17,722 webull.core.http.initializer.token.token_manager INFO load_token_from_local read local token result. token:a8391a******03689b expires:1776937170799 status:NORMAL
8 2026-04-08 12:21:18,099 webull.core.http.initializer.token.token_manager INFO fetch_token_from_server create_token result. token:a8391a******03689b expires:1776937170799 status:NORMAL
8 2026-04-08 12:21:18,101 webull.core.http.initializer.token.token_manager INFO fetch_token_from_server create_token status is verified, no further check required, returning directly. token:a8391a******03689b expires:1776937170799 status:NORMAL
8 2026-04-08 12:21:18,102 webull.core.http.initializer.token.token_manager INFO save_token_to_local writing token to local file. token:a8391a******03689b expires:1776937170799 status:NORMAL
8 2026-04-08 12:21:18,102 webull.core.http.initializer.token.token_manager INFO save_token_to_local writing token to file completed.
8 2026-04-08 12:21:18,103 webull.core.http.initializer.token.token_manager INFO init_token finished. token:a8391a******03689b expires:1776937170799 status:NORMAL
1368 2026-04-08 12:23:18,330 webull.core.http.initializer.client_initializer INFO _check_token_enable result is True
1368 2026-04-08 12:23:18,332 webull.core.http.initializer.token.token_storage INFO storage_token uses the default configuration, conf.
1368 2026-04-08 12:23:18,332 webull.core.http.initializer.token.token_storage INFO storage_token initialized path:C:\Users\yalil\OneDrive\Desktop\AI-projects\quantitivestocks\conf\token.txt.
1368 2026-04-08 12:23:18,333 webull.core.http.initializer.token.token_storage WARNING storage_token Note: The token file already exists, the latest token configuration will be overwritten and written to the token file after successful 2FA verification. path:C:\Users\yalil\OneDrive\Desktop\AI-projects\quantitivestocks\conf\token.txt.
1368 2026-04-08 12:23:18,333 webull.core.http.initializer.token.token_manager INFO load_token_from_local reading token from file...
1368 2026-04-08 12:23:18,335 webull.core.http.initializer.token.token_manager INFO load_token_from_local read local token result. token:a8391a******03689b expires:1776937170799 status:NORMAL
1368 2026-04-08 12:23:18,551 webull.core.http.initializer.token.token_manager INFO fetch_token_from_server create_token result. token:a8391a******03689b expires:1776937170799 status:NORMAL
1368 2026-04-08 12:23:18,552 webull.core.http.initializer.token.token_manager INFO fetch_token_from_server create_token status is verified, no further check required, returning directly. token:a8391a******03689b expires:1776937170799 status:NORMAL
1368 2026-04-08 12:23:18,552 webull.core.http.initializer.token.token_manager INFO save_token_to_local writing token to local file. token:a8391a******03689b expires:1776937170799 status:NORMAL
1368 2026-04-08 12:23:18,553 webull.core.http.initializer.token.token_manager INFO save_token_to_local writing token to file completed.
1368 2026-04-08 12:23:18,554 webull.core.http.initializer.token.token_manager INFO init_token finished. token:a8391a******03689b expires:1776937170799 status:NORMAL
28640 2026-04-08 12:25:18,106 webull.core.http.initializer.client_initializer INFO _check_token_enable result is True
28640 2026-04-08 12:25:18,108 webull.core.http.initializer.token.token_storage INFO storage_token uses the default configuration, conf.
28640 2026-04-08 12:25:18,110 webull.core.http.initializer.token.token_storage INFO storage_token initialized path:C:\Users\yalil\OneDrive\Desktop\AI-projects\quantitivestocks\conf\token.txt.
28640 2026-04-08 12:25:18,110 webull.core.http.initializer.token.token_storage WARNING storage_token Note: The token file already exists, the latest token configuration will be overwritten and written to the token file after successful 2FA verification. path:C:\Users\yalil\OneDrive\Desktop\AI-projects\quantitivestocks\conf\token.txt.
28640 2026-04-08 12:25:18,111 webull.core.http.initializer.token.token_manager INFO load_token_from_local reading token from file...
28640 2026-04-08 12:25:18,112 webull.core.http.initializer.token.token_manager INFO load_token_from_local read local token result. token:a8391a******03689b expires:1776937170799 status:NORMAL
28640 2026-04-08 12:25:18,288 webull.core.http.initializer.token.token_manager INFO fetch_token_from_server create_token result. token:a8391a******03689b expires:1776937170799 status:NORMAL
28640 2026-04-08 12:25:18,290 webull.core.http.initializer.token.token_manager INFO fetch_token_from_server create_token status is verified, no further check required, returning directly. token:a8391a******03689b expires:1776937170799 status:NORMAL
28640 2026-04-08 12:25:18,290 webull.core.http.initializer.token.token_manager INFO save_token_to_local writing token to local file. token:a8391a******03689b expires:1776937170799 status:NORMAL
28640 2026-04-08 12:25:18,291 webull.core.http.initializer.token.token_manager INFO save_token_to_local writing token to file completed.
28640 2026-04-08 12:25:18,291 webull.core.http.initializer.token.token_manager INFO init_token finished. token:a8391a******03689b expires:1776937170799 status:NORMAL
7376 2026-04-08 12:27:18,235 webull.core.http.initializer.client_initializer INFO _check_token_enable result is True
7376 2026-04-08 12:27:18,238 webull.core.http.initializer.token.token_storage INFO storage_token uses the default configuration, conf.
7376 2026-04-08 12:27:18,239 webull.core.http.initializer.token.token_storage INFO storage_token initialized path:C:\Users\yalil\OneDrive\Desktop\AI-projects\quantitivestocks\conf\token.txt.
7376 2026-04-08 12:27:18,239 webull.core.http.initializer.token.token_storage WARNING storage_token Note: The token file already exists, the latest token configuration will be overwritten and written to the token file after successful 2FA verification. path:C:\Users\yalil\OneDrive\Desktop\AI-projects\quantitivestocks\conf\token.txt.
7376 2026-04-08 12:27:18,239 webull.core.http.initializer.token.token_manager INFO load_token_from_local reading token from file...
7376 2026-04-08 12:27:18,241 webull.core.http.initializer.token.token_manager INFO load_token_from_local read local token result. token:a8391a******03689b expires:1776937170799 status:NORMAL
7376 2026-04-08 12:27:18,531 webull.core.http.initializer.token.token_manager INFO fetch_token_from_server create_token result. token:a8391a******03689b expires:1776937170799 status:NORMAL
7376 2026-04-08 12:27:18,533 webull.core.http.initializer.token.token_manager INFO fetch_token_from_server create_token status is verified, no further check required, returning directly. token:a8391a******03689b expires:1776937170799 status:NORMAL
7376 2026-04-08 12:27:18,533 webull.core.http.initializer.token.token_manager INFO save_token_to_local writing token to local file. token:a8391a******03689b expires:1776937170799 status:NORMAL
7376 2026-04-08 12:27:18,534 webull.core.http.initializer.token.token_manager INFO save_token_to_local writing token to file completed.
7376 2026-04-08 12:27:18,535 webull.core.http.initializer.token.token_manager INFO init_token finished. token:a8391a******03689b expires:1776937170799 status:NORMAL
19120 2026-04-08 12:29:18,237 webull.core.http.initializer.client_initializer INFO _check_token_enable result is True
19120 2026-04-08 12:29:18,238 webull.core.http.initializer.token.token_storage INFO storage_token uses the default configuration, conf.
19120 2026-04-08 12:29:18,239 webull.core.http.initializer.token.token_storage INFO storage_token initialized path:C:\Users\yalil\OneDrive\Desktop\AI-projects\quantitivestocks\conf\token.txt.
19120 2026-04-08 12:29:18,239 webull.core.http.initializer.token.token_storage WARNING storage_token Note: The token file already exists, the latest token configuration will be overwritten and written to the token file after successful 2FA verification. path:C:\Users\yalil\OneDrive\Desktop\AI-projects\quantitivestocks\conf\token.txt.
19120 2026-04-08 12:29:18,240 webull.core.http.initializer.token.token_manager INFO load_token_from_local reading token from file...
19120 2026-04-08 12:29:18,241 webull.core.http.initializer.token.token_manager INFO load_token_from_local read local token result. token:a8391a******03689b expires:1776937170799 status:NORMAL
19120 2026-04-08 12:29:18,436 webull.core.http.initializer.token.token_manager INFO fetch_token_from_server create_token result. token:a8391a******03689b expires:1776937170799 status:NORMAL
19120 2026-04-08 12:29:18,438 webull.core.http.initializer.token.token_manager INFO fetch_token_from_server create_token status is verified, no further check required, returning directly. token:a8391a******03689b expires:1776937170799 status:NORMAL
19120 2026-04-08 12:29:18,438 webull.core.http.initializer.token.token_manager INFO save_token_to_local writing token to local file. token:a8391a******03689b expires:1776937170799 status:NORMAL
19120 2026-04-08 12:29:18,439 webull.core.http.initializer.token.token_manager INFO save_token_to_local writing token to file completed.
19120 2026-04-08 12:29:18,439 webull.core.http.initializer.token.token_manager INFO init_token finished. token:a8391a******03689b expires:1776937170799 status:NORMAL
22484 2026-04-08 12:31:18,458 webull.core.http.initializer.client_initializer INFO _check_token_enable result is True
22484 2026-04-08 12:31:18,461 webull.core.http.initializer.token.token_storage INFO storage_token uses the default configuration, conf.
22484 2026-04-08 12:31:18,463 webull.core.http.initializer.token.token_storage INFO storage_token initialized path:C:\Users\yalil\OneDrive\Desktop\AI-projects\quantitivestocks\conf\token.txt.
22484 2026-04-08 12:31:18,464 webull.core.http.initializer.token.token_storage WARNING storage_token Note: The token file already exists, the latest token configuration will be overwritten and written to the token file after successful 2FA verification. path:C:\Users\yalil\OneDrive\Desktop\AI-projects\quantitivestocks\conf\token.txt.
22484 2026-04-08 12:31:18,464 webull.core.http.initializer.token.token_manager INFO load_token_from_local reading token from file...
22484 2026-04-08 12:31:18,465 webull.core.http.initializer.token.token_manager INFO load_token_from_local read local token result. token:a8391a******03689b expires:1776937170799 status:NORMAL
22484 2026-04-08 12:31:18,683 webull.core.http.initializer.token.token_manager INFO fetch_token_from_server create_token result. token:a8391a******03689b expires:1776937170799 status:NORMAL
22484 2026-04-08 12:31:18,685 webull.core.http.initializer.token.token_manager INFO fetch_token_from_server create_token status is verified, no further check required, returning directly. token:a8391a******03689b expires:1776937170799 status:NORMAL
22484 2026-04-08 12:31:18,685 webull.core.http.initializer.token.token_manager INFO save_token_to_local writing token to local file. token:a8391a******03689b expires:1776937170799 status:NORMAL
22484 2026-04-08 12:31:18,686 webull.core.http.initializer.token.token_manager INFO save_token_to_local writing token to file completed.
22484 2026-04-08 12:31:18,687 webull.core.http.initializer.token.token_manager INFO init_token finished. token:a8391a******03689b expires:1776937170799 status:NORMAL
28984 2026-04-08 12:33:18,514 webull.core.http.initializer.client_initializer INFO _check_token_enable result is True
28984 2026-04-08 12:33:18,516 webull.core.http.initializer.token.token_storage INFO storage_token uses the default configuration, conf.
28984 2026-04-08 12:33:18,517 webull.core.http.initializer.token.token_storage INFO storage_token initialized path:C:\Users\yalil\OneDrive\Desktop\AI-projects\quantitivestocks\conf\token.txt.
28984 2026-04-08 12:33:18,518 webull.core.http.initializer.token.token_storage WARNING storage_token Note: The token file already exists, the latest token configuration will be overwritten and written to the token file after successful 2FA verification. path:C:\Users\yalil\OneDrive\Desktop\AI-projects\quantitivestocks\conf\token.txt.
28984 2026-04-08 12:33:18,518 webull.core.http.initializer.token.token_manager INFO load_token_from_local reading token from file...
28984 2026-04-08 12:33:18,519 webull.core.http.initializer.token.token_manager INFO load_token_from_local read local token result. token:a8391a******03689b expires:1776937170799 status:NORMAL
28984 2026-04-08 12:33:18,765 webull.core.http.initializer.token.token_manager INFO fetch_token_from_server create_token result. token:a8391a******03689b expires:1776937170799 status:NORMAL
28984 2026-04-08 12:33:18,767 webull.core.http.initializer.token.token_manager INFO fetch_token_from_server create_token status is verified, no further check required, returning directly. token:a8391a******03689b expires:1776937170799 status:NORMAL
28984 2026-04-08 12:33:18,767 webull.core.http.initializer.token.token_manager INFO save_token_to_local writing token to local file. token:a8391a******03689b expires:1776937170799 status:NORMAL
28984 2026-04-08 12:33:18,768 webull.core.http.initializer.token.token_manager INFO save_token_to_local writing token to file completed.
28984 2026-04-08 12:33:18,768 webull.core.http.initializer.token.token_manager INFO init_token finished. token:a8391a******03689b expires:1776937170799 status:NORMAL
14420 2026-04-08 12:35:19,030 webull.core.http.initializer.client_initializer INFO _check_token_enable result is True
14420 2026-04-08 12:35:19,033 webull.core.http.initializer.token.token_storage INFO storage_token uses the default configuration, conf.
14420 2026-04-08 12:35:19,035 webull.core.http.initializer.token.token_storage INFO storage_token initialized path:C:\Users\yalil\OneDrive\Desktop\AI-projects\quantitivestocks\conf\token.txt.
14420 2026-04-08 12:35:19,036 webull.core.http.initializer.token.token_storage WARNING storage_token Note: The token file already exists, the latest token configuration will be overwritten and written to the token file after successful 2FA verification. path:C:\Users\yalil\OneDrive\Desktop\AI-projects\quantitivestocks\conf\token.txt.
14420 2026-04-08 12:35:19,036 webull.core.http.initializer.token.token_manager INFO load_token_from_local reading token from file...
14420 2026-04-08 12:35:19,038 webull.core.http.initializer.token.token_manager INFO load_token_from_local read local token result. token:a8391a******03689b expires:1776937170799 status:NORMAL
14420 2026-04-08 12:35:19,397 webull.core.http.initializer.token.token_manager INFO fetch_token_from_server create_token result. token:a8391a******03689b expires:1776937170799 status:NORMAL
14420 2026-04-08 12:35:19,409 webull.core.http.initializer.token.token_manager INFO fetch_token_from_server create_token status is verified, no further check required, returning directly. token:a8391a******03689b expires:1776937170799 status:NORMAL
14420 2026-04-08 12:35:19,409 webull.core.http.initializer.token.token_manager INFO save_token_to_local writing token to local file. token:a8391a******03689b expires:1776937170799 status:NORMAL
14420 2026-04-08 12:35:19,410 webull.core.http.initializer.token.token_manager INFO save_token_to_local writing token to file completed.
14420 2026-04-08 12:35:19,411 webull.core.http.initializer.token.token_manager INFO init_token finished. token:a8391a******03689b expires:1776937170799 status:NORMAL
30588 2026-04-08 12:37:18,404 webull.core.http.initializer.client_initializer INFO _check_token_enable result is True
30588 2026-04-08 12:37:18,407 webull.core.http.initializer.token.token_storage INFO storage_token uses the default configuration, conf.
30588 2026-04-08 12:37:18,408 webull.core.http.initializer.token.token_storage INFO storage_token initialized path:C:\Users\yalil\OneDrive\Desktop\AI-projects\quantitivestocks\conf\token.txt.
30588 2026-04-08 12:37:18,408 webull.core.http.initializer.token.token_storage WARNING storage_token Note: The token file already exists, the latest token configuration will be overwritten and written to the token file after successful 2FA verification. path:C:\Users\yalil\OneDrive\Desktop\AI-projects\quantitivestocks\conf\token.txt.
30588 2026-04-08 12:37:18,409 webull.core.http.initializer.token.token_manager INFO load_token_from_local reading token from file...
30588 2026-04-08 12:37:18,410 webull.core.http.initializer.token.token_manager INFO load_token_from_local read local token result. token:a8391a******03689b expires:1776937170799 status:NORMAL
30588 2026-04-08 12:37:18,759 webull.core.http.initializer.token.token_manager INFO fetch_token_from_server create_token result. token:a8391a******03689b expires:1776937170799 status:NORMAL
30588 2026-04-08 12:37:18,761 webull.core.http.initializer.token.token_manager INFO fetch_token_from_server create_token status is verified, no further check required, returning directly. token:a8391a******03689b expires:1776937170799 status:NORMAL
30588 2026-04-08 12:37:18,761 webull.core.http.initializer.token.token_manager INFO save_token_to_local writing token to local file. token:a8391a******03689b expires:1776937170799 status:NORMAL
30588 2026-04-08 12:37:18,762 webull.core.http.initializer.token.token_manager INFO save_token_to_local writing token to file completed.
30588 2026-04-08 12:37:18,762 webull.core.http.initializer.token.token_manager INFO init_token finished. token:a8391a******03689b expires:1776937170799 status:NORMAL
27896 2026-04-08 12:39:18,531 webull.core.http.initializer.client_initializer INFO _check_token_enable result is True
27896 2026-04-08 12:39:18,535 webull.core.http.initializer.token.token_storage INFO storage_token uses the default configuration, conf.
27896 2026-04-08 12:39:18,536 webull.core.http.initializer.token.token_storage INFO storage_token initialized path:C:\Users\yalil\OneDrive\Desktop\AI-projects\quantitivestocks\conf\token.txt.
27896 2026-04-08 12:39:18,536 webull.core.http.initializer.token.token_storage WARNING storage_token Note: The token file already exists, the latest token configuration will be overwritten and written to the token file after successful 2FA verification. path:C:\Users\yalil\OneDrive\Desktop\AI-projects\quantitivestocks\conf\token.txt.
27896 2026-04-08 12:39:18,537 webull.core.http.initializer.token.token_manager INFO load_token_from_local reading token from file...
27896 2026-04-08 12:39:18,539 webull.core.http.initializer.token.token_manager INFO load_token_from_local read local token result. token:a8391a******03689b expires:1776937170799 status:NORMAL
27896 2026-04-08 12:39:18,786 webull.core.http.initializer.token.token_manager INFO fetch_token_from_server create_token result. token:a8391a******03689b expires:1776937170799 status:NORMAL
27896 2026-04-08 12:39:18,788 webull.core.http.initializer.token.token_manager INFO fetch_token_from_server create_token status is verified, no further check required, returning directly. token:a8391a******03689b expires:1776937170799 status:NORMAL
27896 2026-04-08 12:39:18,788 webull.core.http.initializer.token.token_manager INFO save_token_to_local writing token to local file. token:a8391a******03689b expires:1776937170799 status:NORMAL
27896 2026-04-08 12:39:18,789 webull.core.http.initializer.token.token_manager INFO save_token_to_local writing token to file completed.
27896 2026-04-08 12:39:18,789 webull.core.http.initializer.token.token_manager INFO init_token finished. token:a8391a******03689b expires:1776937170799 status:NORMAL
27888 2026-04-08 12:41:18,849 webull.core.http.initializer.client_initializer INFO _check_token_enable result is True
27888 2026-04-08 12:41:18,850 webull.core.http.initializer.token.token_storage INFO storage_token uses the default configuration, conf.
27888 2026-04-08 12:41:18,851 webull.core.http.initializer.token.token_storage INFO storage_token initialized path:C:\Users\yalil\OneDrive\Desktop\AI-projects\quantitivestocks\conf\token.txt.
27888 2026-04-08 12:41:18,852 webull.core.http.initializer.token.token_storage WARNING storage_token Note: The token file already exists, the latest token configuration will be overwritten and written to the token file after successful 2FA verification. path:C:\Users\yalil\OneDrive\Desktop\AI-projects\quantitivestocks\conf\token.txt.
27888 2026-04-08 12:41:18,852 webull.core.http.initializer.token.token_manager INFO load_token_from_local reading token from file...
27888 2026-04-08 12:41:18,853 webull.core.http.initializer.token.token_manager INFO load_token_from_local read local token result. token:a8391a******03689b expires:1776937170799 status:NORMAL
27888 2026-04-08 12:41:19,024 webull.core.http.initializer.token.token_manager INFO fetch_token_from_server create_token result. token:a8391a******03689b expires:1776937170799 status:NORMAL
27888 2026-04-08 12:41:19,026 webull.core.http.initializer.token.token_manager INFO fetch_token_from_server create_token status is verified, no further check required, returning directly. token:a8391a******03689b expires:1776937170799 status:NORMAL
27888 2026-04-08 12:41:19,026 webull.core.http.initializer.token.token_manager INFO save_token_to_local writing token to local file. token:a8391a******03689b expires:1776937170799 status:NORMAL
27888 2026-04-08 12:41:19,027 webull.core.http.initializer.token.token_manager INFO save_token_to_local writing token to file completed.
27888 2026-04-08 12:41:19,027 webull.core.http.initializer.token.token_manager INFO init_token finished. token:a8391a******03689b expires:1776937170799 status:NORMAL
29732 2026-04-08 12:43:18,984 webull.core.http.initializer.client_initializer INFO _check_token_enable result is True
29732 2026-04-08 12:43:18,987 webull.core.http.initializer.token.token_storage INFO storage_token uses the default configuration, conf.
29732 2026-04-08 12:43:18,988 webull.core.http.initializer.token.token_storage INFO storage_token initialized path:C:\Users\yalil\OneDrive\Desktop\AI-projects\quantitivestocks\conf\token.txt.
29732 2026-04-08 12:43:18,988 webull.core.http.initializer.token.token_storage WARNING storage_token Note: The token file already exists, the latest token configuration will be overwritten and written to the token file after successful 2FA verification. path:C:\Users\yalil\OneDrive\Desktop\AI-projects\quantitivestocks\conf\token.txt.
29732 2026-04-08 12:43:18,988 webull.core.http.initializer.token.token_manager INFO load_token_from_local reading token from file...
29732 2026-04-08 12:43:18,990 webull.core.http.initializer.token.token_manager INFO load_token_from_local read local token result. token:a8391a******03689b expires:1776937170799 status:NORMAL
29732 2026-04-08 12:43:19,340 webull.core.http.initializer.token.token_manager INFO fetch_token_from_server create_token result. token:a8391a******03689b expires:1776937170799 status:NORMAL
29732 2026-04-08 12:43:19,342 webull.core.http.initializer.token.token_manager INFO fetch_token_from_server create_token status is verified, no further check required, returning directly. token:a8391a******03689b expires:1776937170799 status:NORMAL
29732 2026-04-08 12:43:19,342 webull.core.http.initializer.token.token_manager INFO save_token_to_local writing token to local file. token:a8391a******03689b expires:1776937170799 status:NORMAL
29732 2026-04-08 12:43:19,343 webull.core.http.initializer.token.token_manager INFO save_token_to_local writing token to file completed.
29732 2026-04-08 12:43:19,343 webull.core.http.initializer.token.token_manager INFO init_token finished. token:a8391a******03689b expires:1776937170799 status:NORMAL
29264 2026-04-08 12:45:19,127 webull.core.http.initializer.client_initializer INFO _check_token_enable result is True
29264 2026-04-08 12:45:19,129 webull.core.http.initializer.token.token_storage INFO storage_token uses the default configuration, conf.
29264 2026-04-08 12:45:19,131 webull.core.http.initializer.token.token_storage INFO storage_token initialized path:C:\Users\yalil\OneDrive\Desktop\AI-projects\quantitivestocks\conf\token.txt.
29264 2026-04-08 12:45:19,131 webull.core.http.initializer.token.token_storage WARNING storage_token Note: The token file already exists, the latest token configuration will be overwritten and written to the token file after successful 2FA verification. path:C:\Users\yalil\OneDrive\Desktop\AI-projects\quantitivestocks\conf\token.txt.
29264 2026-04-08 12:45:19,132 webull.core.http.initializer.token.token_manager INFO load_token_from_local reading token from file...
29264 2026-04-08 12:45:19,133 webull.core.http.initializer.token.token_manager INFO load_token_from_local read local token result. token:a8391a******03689b expires:1776937170799 status:NORMAL
29264 2026-04-08 12:45:19,363 webull.core.http.initializer.token.token_manager INFO fetch_token_from_server create_token result. token:a8391a******03689b expires:1776937170799 status:NORMAL
29264 2026-04-08 12:45:19,365 webull.core.http.initializer.token.token_manager INFO fetch_token_from_server create_token status is verified, no further check required, returning directly. token:a8391a******03689b expires:1776937170799 status:NORMAL
29264 2026-04-08 12:45:19,365 webull.core.http.initializer.token.token_manager INFO save_token_to_local writing token to local file. token:a8391a******03689b expires:1776937170799 status:NORMAL
29264 2026-04-08 12:45:19,365 webull.core.http.initializer.token.token_manager INFO save_token_to_local writing token to file completed.
29264 2026-04-08 12:45:19,365 webull.core.http.initializer.token.token_manager INFO init_token finished. token:a8391a******03689b expires:1776937170799 status:NORMAL
4408 2026-04-08 12:47:19,303 webull.core.http.initializer.client_initializer INFO _check_token_enable result is True
4408 2026-04-08 12:47:19,306 webull.core.http.initializer.token.token_storage INFO storage_token uses the default configuration, conf.
4408 2026-04-08 12:47:19,308 webull.core.http.initializer.token.token_storage INFO storage_token initialized path:C:\Users\yalil\OneDrive\Desktop\AI-projects\quantitivestocks\conf\token.txt.
4408 2026-04-08 12:47:19,308 webull.core.http.initializer.token.token_storage WARNING storage_token Note: The token file already exists, the latest token configuration will be overwritten and written to the token file after successful 2FA verification. path:C:\Users\yalil\OneDrive\Desktop\AI-projects\quantitivestocks\conf\token.txt.
4408 2026-04-08 12:47:19,309 webull.core.http.initializer.token.token_manager INFO load_token_from_local reading token from file...
4408 2026-04-08 12:47:19,310 webull.core.http.initializer.token.token_manager INFO load_token_from_local read local token result. token:a8391a******03689b expires:1776937170799 status:NORMAL
4408 2026-04-08 12:47:19,469 webull.core.http.initializer.token.token_manager INFO fetch_token_from_server create_token result. token:a8391a******03689b expires:1776937170799 status:NORMAL
4408 2026-04-08 12:47:19,470 webull.core.http.initializer.token.token_manager INFO fetch_token_from_server create_token status is verified, no further check required, returning directly. token:a8391a******03689b expires:1776937170799 status:NORMAL
4408 2026-04-08 12:47:19,470 webull.core.http.initializer.token.token_manager INFO save_token_to_local writing token to local file. token:a8391a******03689b expires:1776937170799 status:NORMAL
4408 2026-04-08 12:47:19,471 webull.core.http.initializer.token.token_manager INFO save_token_to_local writing token to file completed.
4408 2026-04-08 12:47:19,471 webull.core.http.initializer.token.token_manager INFO init_token finished. token:a8391a******03689b expires:1776937170799 status:NORMAL
28936 2026-04-08 12:49:22,516 webull.core.http.initializer.client_initializer INFO _check_token_enable result is True
28936 2026-04-08 12:49:22,541 webull.core.http.initializer.token.token_storage INFO storage_token uses the default configuration, conf.
28936 2026-04-08 12:49:22,542 webull.core.http.initializer.token.token_storage INFO storage_token initialized path:C:\Users\yalil\OneDrive\Desktop\AI-projects\quantitivestocks\conf\token.txt.
28936 2026-04-08 12:49:22,543 webull.core.http.initializer.token.token_storage WARNING storage_token Note: The token file already exists, the latest token configuration will be overwritten and written to the token file after successful 2FA verification. path:C:\Users\yalil\OneDrive\Desktop\AI-projects\quantitivestocks\conf\token.txt.
28936 2026-04-08 12:49:22,555 webull.core.http.initializer.token.token_manager INFO load_token_from_local reading token from file...
28936 2026-04-08 12:49:22,557 webull.core.http.initializer.token.token_manager INFO load_token_from_local read local token result. token:a8391a******03689b expires:1776937170799 status:NORMAL
28936 2026-04-08 12:49:22,838 webull.core.http.initializer.token.token_manager INFO fetch_token_from_server create_token result. token:a8391a******03689b expires:1776937170799 status:NORMAL
28936 2026-04-08 12:49:22,839 webull.core.http.initializer.token.token_manager INFO fetch_token_from_server create_token status is verified, no further check required, returning directly. token:a8391a******03689b expires:1776937170799 status:NORMAL
28936 2026-04-08 12:49:22,839 webull.core.http.initializer.token.token_manager INFO save_token_to_local writing token to local file. token:a8391a******03689b expires:1776937170799 status:NORMAL
28936 2026-04-08 12:49:22,840 webull.core.http.initializer.token.token_manager INFO save_token_to_local writing token to file completed.
28936 2026-04-08 12:49:22,841 webull.core.http.initializer.token.token_manager INFO init_token finished. token:a8391a******03689b expires:1776937170799 status:NORMAL
26496 2026-04-08 12:51:23,993 webull.core.http.initializer.client_initializer INFO _check_token_enable result is True
26496 2026-04-08 12:51:23,995 webull.core.http.initializer.token.token_storage INFO storage_token uses the default configuration, conf.
26496 2026-04-08 12:51:24,009 webull.core.http.initializer.token.token_storage INFO storage_token initialized path:C:\Users\yalil\OneDrive\Desktop\AI-projects\quantitivestocks\conf\token.txt.
26496 2026-04-08 12:51:24,010 webull.core.http.initializer.token.token_storage WARNING storage_token Note: The token file already exists, the latest token configuration will be overwritten and written to the token file after successful 2FA verification. path:C:\Users\yalil\OneDrive\Desktop\AI-projects\quantitivestocks\conf\token.txt.
26496 2026-04-08 12:51:24,010 webull.core.http.initializer.token.token_manager INFO load_token_from_local reading token from file...
26496 2026-04-08 12:51:24,012 webull.core.http.initializer.token.token_manager INFO load_token_from_local read local token result. token:a8391a******03689b expires:1776937170799 status:NORMAL
26496 2026-04-08 12:51:24,168 webull.core.http.initializer.token.token_manager INFO fetch_token_from_server create_token result. token:a8391a******03689b expires:1776937170799 status:NORMAL
26496 2026-04-08 12:51:24,170 webull.core.http.initializer.token.token_manager INFO fetch_token_from_server create_token status is verified, no further check required, returning directly. token:a8391a******03689b expires:1776937170799 status:NORMAL
26496 2026-04-08 12:51:24,170 webull.core.http.initializer.token.token_manager INFO save_token_to_local writing token to local file. token:a8391a******03689b expires:1776937170799 status:NORMAL
26496 2026-04-08 12:51:24,171 webull.core.http.initializer.token.token_manager INFO save_token_to_local writing token to file completed.
26496 2026-04-08 12:51:24,172 webull.core.http.initializer.token.token_manager INFO init_token finished. token:a8391a******03689b expires:1776937170799 status:NORMAL
2028 2026-04-08 12:53:19,401 webull.core.http.initializer.client_initializer INFO _check_token_enable result is True
2028 2026-04-08 12:53:19,403 webull.core.http.initializer.token.token_storage INFO storage_token uses the default configuration, conf.
2028 2026-04-08 12:53:19,404 webull.core.http.initializer.token.token_storage INFO storage_token initialized path:C:\Users\yalil\OneDrive\Desktop\AI-projects\quantitivestocks\conf\token.txt.
2028 2026-04-08 12:53:19,404 webull.core.http.initializer.token.token_storage WARNING storage_token Note: The token file already exists, the latest token configuration will be overwritten and written to the token file after successful 2FA verification. path:C:\Users\yalil\OneDrive\Desktop\AI-projects\quantitivestocks\conf\token.txt.
2028 2026-04-08 12:53:19,405 webull.core.http.initializer.token.token_manager INFO load_token_from_local reading token from file...
2028 2026-04-08 12:53:19,407 webull.core.http.initializer.token.token_manager INFO load_token_from_local read local token result. token:a8391a******03689b expires:1776937170799 status:NORMAL
2028 2026-04-08 12:53:19,713 webull.core.http.initializer.token.token_manager INFO fetch_token_from_server create_token result. token:a8391a******03689b expires:1776937170799 status:NORMAL
2028 2026-04-08 12:53:19,715 webull.core.http.initializer.token.token_manager INFO fetch_token_from_server create_token status is verified, no further check required, returning directly. token:a8391a******03689b expires:1776937170799 status:NORMAL
2028 2026-04-08 12:53:19,715 webull.core.http.initializer.token.token_manager INFO save_token_to_local writing token to local file. token:a8391a******03689b expires:1776937170799 status:NORMAL
2028 2026-04-08 12:53:19,716 webull.core.http.initializer.token.token_manager INFO save_token_to_local writing token to file completed.
2028 2026-04-08 12:53:19,716 webull.core.http.initializer.token.token_manager INFO init_token finished. token:a8391a******03689b expires:1776937170799 status:NORMAL
25936 2026-04-08 12:55:19,960 webull.core.http.initializer.client_initializer INFO _check_token_enable result is True
25936 2026-04-08 12:55:19,962 webull.core.http.initializer.token.token_storage INFO storage_token uses the default configuration, conf.
25936 2026-04-08 12:55:19,963 webull.core.http.initializer.token.token_storage INFO storage_token initialized path:C:\Users\yalil\OneDrive\Desktop\AI-projects\quantitivestocks\conf\token.txt.
25936 2026-04-08 12:55:19,963 webull.core.http.initializer.token.token_storage WARNING storage_token Note: The token file already exists, the latest token configuration will be overwritten and written to the token file after successful 2FA verification. path:C:\Users\yalil\OneDrive\Desktop\AI-projects\quantitivestocks\conf\token.txt.
25936 2026-04-08 12:55:19,964 webull.core.http.initializer.token.token_manager INFO load_token_from_local reading token from file...
25936 2026-04-08 12:55:19,965 webull.core.http.initializer.token.token_manager INFO load_token_from_local read local token result. token:a8391a******03689b expires:1776937170799 status:NORMAL
25936 2026-04-08 12:55:20,180 webull.core.http.initializer.token.token_manager INFO fetch_token_from_server create_token result. token:a8391a******03689b expires:1776937170799 status:NORMAL
25936 2026-04-08 12:55:20,182 webull.core.http.initializer.token.token_manager INFO fetch_token_from_server create_token status is verified, no further check required, returning directly. token:a8391a******03689b expires:1776937170799 status:NORMAL
25936 2026-04-08 12:55:20,183 webull.core.http.initializer.token.token_manager INFO save_token_to_local writing token to local file. token:a8391a******03689b expires:1776937170799 status:NORMAL
25936 2026-04-08 12:55:20,184 webull.core.http.initializer.token.token_manager INFO save_token_to_local writing token to file completed.
25936 2026-04-08 12:55:20,184 webull.core.http.initializer.token.token_manager INFO init_token finished. token:a8391a******03689b expires:1776937170799 status:NORMAL
29632 2026-04-08 12:57:19,796 webull.core.http.initializer.client_initializer INFO _check_token_enable result is True
29632 2026-04-08 12:57:19,798 webull.core.http.initializer.token.token_storage INFO storage_token uses the default configuration, conf.
29632 2026-04-08 12:57:19,800 webull.core.http.initializer.token.token_storage INFO storage_token initialized path:C:\Users\yalil\OneDrive\Desktop\AI-projects\quantitivestocks\conf\token.txt.
29632 2026-04-08 12:57:19,800 webull.core.http.initializer.token.token_storage WARNING storage_token Note: The token file already exists, the latest token configuration will be overwritten and written to the token file after successful 2FA verification. path:C:\Users\yalil\OneDrive\Desktop\AI-projects\quantitivestocks\conf\token.txt.
29632 2026-04-08 12:57:19,800 webull.core.http.initializer.token.token_manager INFO load_token_from_local reading token from file...
29632 2026-04-08 12:57:19,802 webull.core.http.initializer.token.token_manager INFO load_token_from_local read local token result. token:a8391a******03689b expires:1776937170799 status:NORMAL
29632 2026-04-08 12:57:20,074 webull.core.http.initializer.token.token_manager INFO fetch_token_from_server create_token result. token:a8391a******03689b expires:1776937170799 status:NORMAL
29632 2026-04-08 12:57:20,076 webull.core.http.initializer.token.token_manager INFO fetch_token_from_server create_token status is verified, no further check required, returning directly. token:a8391a******03689b expires:1776937170799 status:NORMAL
29632 2026-04-08 12:57:20,076 webull.core.http.initializer.token.token_manager INFO save_token_to_local writing token to local file. token:a8391a******03689b expires:1776937170799 status:NORMAL
29632 2026-04-08 12:57:20,077 webull.core.http.initializer.token.token_manager INFO save_token_to_local writing token to file completed.
29632 2026-04-08 12:57:20,078 webull.core.http.initializer.token.token_manager INFO init_token finished. token:a8391a******03689b expires:1776937170799 status:NORMAL
15404 2026-04-08 12:59:20,490 webull.core.http.initializer.client_initializer INFO _check_token_enable result is True
15404 2026-04-08 12:59:20,492 webull.core.http.initializer.token.token_storage INFO storage_token uses the default configuration, conf.
15404 2026-04-08 12:59:20,493 webull.core.http.initializer.token.token_storage INFO storage_token initialized path:C:\Users\yalil\OneDrive\Desktop\AI-projects\quantitivestocks\conf\token.txt.
15404 2026-04-08 12:59:20,493 webull.core.http.initializer.token.token_storage WARNING storage_token Note: The token file already exists, the latest token configuration will be overwritten and written to the token file after successful 2FA verification. path:C:\Users\yalil\OneDrive\Desktop\AI-projects\quantitivestocks\conf\token.txt.
15404 2026-04-08 12:59:20,494 webull.core.http.initializer.token.token_manager INFO load_token_from_local reading token from file...
15404 2026-04-08 12:59:20,494 webull.core.http.initializer.token.token_manager INFO load_token_from_local read local token result. token:a8391a******03689b expires:1776937170799 status:NORMAL
15404 2026-04-08 12:59:20,765 webull.core.http.initializer.token.token_manager INFO fetch_token_from_server create_token result. token:a8391a******03689b expires:1776937170799 status:NORMAL
15404 2026-04-08 12:59:20,768 webull.core.http.initializer.token.token_manager INFO fetch_token_from_server create_token status is verified, no further check required, returning directly. token:a8391a******03689b expires:1776937170799 status:NORMAL
15404 2026-04-08 12:59:20,768 webull.core.http.initializer.token.token_manager INFO save_token_to_local writing token to local file. token:a8391a******03689b expires:1776937170799 status:NORMAL
15404 2026-04-08 12:59:20,769 webull.core.http.initializer.token.token_manager INFO save_token_to_local writing token to file completed.
15404 2026-04-08 12:59:20,769 webull.core.http.initializer.token.token_manager INFO init_token finished. token:a8391a******03689b expires:1776937170799 status:NORMAL
26012 2026-04-08 13:01:19,974 webull.core.http.initializer.client_initializer INFO _check_token_enable result is True
26012 2026-04-08 13:01:19,978 webull.core.http.initializer.token.token_storage INFO storage_token uses the default configuration, conf.
26012 2026-04-08 13:01:19,979 webull.core.http.initializer.token.token_storage INFO storage_token initialized path:C:\Users\yalil\OneDrive\Desktop\AI-projects\quantitivestocks\conf\token.txt.
26012 2026-04-08 13:01:19,979 webull.core.http.initializer.token.token_storage WARNING storage_token Note: The token file already exists, the latest token configuration will be overwritten and written to the token file after successful 2FA verification. path:C:\Users\yalil\OneDrive\Desktop\AI-projects\quantitivestocks\conf\token.txt.
26012 2026-04-08 13:01:19,980 webull.core.http.initializer.token.token_manager INFO load_token_from_local reading token from file...
26012 2026-04-08 13:01:19,981 webull.core.http.initializer.token.token_manager INFO load_token_from_local read local token result. token:a8391a******03689b expires:1776937170799 status:NORMAL
26012 2026-04-08 13:01:20,349 webull.core.http.initializer.token.token_manager INFO fetch_token_from_server create_token result. token:a8391a******03689b expires:1776937170799 status:NORMAL
26012 2026-04-08 13:01:20,351 webull.core.http.initializer.token.token_manager INFO fetch_token_from_server create_token status is verified, no further check required, returning directly. token:a8391a******03689b expires:1776937170799 status:NORMAL
26012 2026-04-08 13:01:20,351 webull.core.http.initializer.token.token_manager INFO save_token_to_local writing token to local file. token:a8391a******03689b expires:1776937170799 status:NORMAL
26012 2026-04-08 13:01:20,352 webull.core.http.initializer.token.token_manager INFO save_token_to_local writing token to file completed.
26012 2026-04-08 13:01:20,352 webull.core.http.initializer.token.token_manager INFO init_token finished. token:a8391a******03689b expires:1776937170799 status:NORMAL
21372 2026-04-08 13:04:27,404 webull.core.http.initializer.client_initializer INFO _check_token_enable result is True
21372 2026-04-08 13:04:27,407 webull.core.http.initializer.token.token_storage INFO storage_token uses the default configuration, conf.
21372 2026-04-08 13:04:27,408 webull.core.http.initializer.token.token_storage INFO storage_token initialized path:C:\Users\yalil\OneDrive\Desktop\AI-projects\quantitivestocks\conf\token.txt.
21372 2026-04-08 13:04:27,409 webull.core.http.initializer.token.token_storage WARNING storage_token Note: The token file already exists, the latest token configuration will be overwritten and written to the token file after successful 2FA verification. path:C:\Users\yalil\OneDrive\Desktop\AI-projects\quantitivestocks\conf\token.txt.
21372 2026-04-08 13:04:27,409 webull.core.http.initializer.token.token_manager INFO load_token_from_local reading token from file...
21372 2026-04-08 13:04:27,410 webull.core.http.initializer.token.token_manager INFO load_token_from_local read local token result. token:a8391a******03689b expires:1776937170799 status:NORMAL
21372 2026-04-08 13:04:27,638 webull.core.http.initializer.token.token_manager INFO fetch_token_from_server create_token result. token:a8391a******03689b expires:1776937170799 status:NORMAL
21372 2026-04-08 13:04:27,639 webull.core.http.initializer.token.token_manager INFO fetch_token_from_server create_token status is verified, no further check required, returning directly. token:a8391a******03689b expires:1776937170799 status:NORMAL
21372 2026-04-08 13:04:27,640 webull.core.http.initializer.token.token_manager INFO save_token_to_local writing token to local file. token:a8391a******03689b expires:1776937170799 status:NORMAL
21372 2026-04-08 13:04:27,640 webull.core.http.initializer.token.token_manager INFO save_token_to_local writing token to file completed.
21372 2026-04-08 13:04:27,640 webull.core.http.initializer.token.token_manager INFO init_token finished. token:a8391a******03689b expires:1776937170799 status:NORMAL
11448 2026-04-08 13:06:33,045 webull.core.client ERROR ServerException occurred. Host:api.webull.com SDK-Version:2.0.2 Request:{
  "_version": "v2",
  "_action_name": "/openapi/config",
  "_protocol_type": "https",
  "_accept_format": "JSON",
  "_params": {},
  "_method": "GET",
  "_header": {
    "x-version": "v2",
    "Accept-Encoding": "gzip",
    "x-app-key": "",
    "x-timestamp": "2026-04-08T20:06:32Z",
    "x-signature-version": "1.0",
    "x-signature-algorithm": "HMAC-SHA1",
    "x-signature-nonce": "a5a6f174-0196-58ba-a89b-1796920c7a5d",
    "x-signature": "D1UuAkurw7xtXW+DhB9/pW0W31A=",
    "User-Agent": "WebullApiSDK (Windows 11;AMD64) Python/3.12.12 Core/2.0.2 python-requests/2.33.1"
  },
  "_body_params": null,
  "_uri_pattern": null,
  "_uri_params": null,
  "_content": null,
  "_extra_user_agent": {},
  "string_to_sign": "",
  "_request_connect_timeout": null,
  "_request_read_timeout": null,
  "endpoint": "api.webull.com",
  "_signer_spec": "<module 'webull.core.auth.algorithm.sha_hmac1' from 'C:\\\\Users\\\\yalil\\\\OneDrive\\\\Desktop\\\\AI-projects\\\\quantitivestocks\\\\.venv\\\\Lib\\\\site-packages\\\\webull\\\\core\\\\auth\\\\algorithm\\\\sha_hmac1.py'>"
} Response:{'error_code': 'UNAUTHORIZED'} ServerException:HTTP Status: 401, Code: UNAUTHORIZED, Msg: , RequestID: 4ac0641c-4161-41c9-9944-2480164c35ef
11448 2026-04-08 13:06:33,045 webull.core.client ERROR get_response exception. {
  "error_code": "UNAUTHORIZED",
  "error_msg": "",
  "http_status": 401,
  "request_id": "4ac0641c-4161-41c9-9944-2480164c35ef"
}
19272 2026-04-08 13:07:08,814 webull.core.http.initializer.client_initializer INFO _check_token_enable result is True
19272 2026-04-08 13:07:08,815 webull.core.http.initializer.token.token_storage INFO storage_token uses the default configuration, conf.
19272 2026-04-08 13:07:08,816 webull.core.http.initializer.token.token_storage INFO storage_token initialized path:C:\Users\yalil\OneDrive\Desktop\AI-projects\quantitivestocks\conf\token.txt.
19272 2026-04-08 13:07:08,816 webull.core.http.initializer.token.token_storage WARNING storage_token Note: The token file already exists, the latest token configuration will be overwritten and written to the token file after successful 2FA verification. path:C:\Users\yalil\OneDrive\Desktop\AI-projects\quantitivestocks\conf\token.txt.
19272 2026-04-08 13:07:08,816 webull.core.http.initializer.token.token_manager INFO load_token_from_local reading token from file...
19272 2026-04-08 13:07:08,816 webull.core.http.initializer.token.token_manager INFO load_token_from_local read local token result. token:a8391a******03689b expires:1776937170799 status:NORMAL
19272 2026-04-08 13:07:09,162 webull.core.http.initializer.token.token_manager INFO fetch_token_from_server create_token result. token:a8391a******03689b expires:1776937170799 status:NORMAL
19272 2026-04-08 13:07:09,164 webull.core.http.initializer.token.token_manager INFO fetch_token_from_server create_token status is verified, no further check required, returning directly. token:a8391a******03689b expires:1776937170799 status:NORMAL
19272 2026-04-08 13:07:09,164 webull.core.http.initializer.token.token_manager INFO save_token_to_local writing token to local file. token:a8391a******03689b expires:1776937170799 status:NORMAL
19272 2026-04-08 13:07:09,164 webull.core.http.initializer.token.token_manager INFO save_token_to_local writing token to file completed.
19272 2026-04-08 13:07:09,165 webull.core.http.initializer.token.token_manager INFO init_token finished. token:a8391a******03689b expires:1776937170799 status:NORMAL
9600 2026-04-08 13:07:20,536 webull.core.http.initializer.client_initializer INFO _check_token_enable result is True
9600 2026-04-08 13:07:20,537 webull.core.http.initializer.token.token_storage INFO storage_token uses the default configuration, conf.
9600 2026-04-08 13:07:20,538 webull.core.http.initializer.token.token_storage INFO storage_token initialized path:C:\Users\yalil\OneDrive\Desktop\AI-projects\quantitivestocks\conf\token.txt.
9600 2026-04-08 13:07:20,538 webull.core.http.initializer.token.token_storage WARNING storage_token Note: The token file already exists, the latest token configuration will be overwritten and written to the token file after successful 2FA verification. path:C:\Users\yalil\OneDrive\Desktop\AI-projects\quantitivestocks\conf\token.txt.
9600 2026-04-08 13:07:20,538 webull.core.http.initializer.token.token_manager INFO load_token_from_local reading token from file...
9600 2026-04-08 13:07:20,544 webull.core.http.initializer.token.token_manager INFO load_token_from_local read local token result. token:a8391a******03689b expires:1776937170799 status:NORMAL
9600 2026-04-08 13:07:20,897 webull.core.http.initializer.token.token_manager INFO fetch_token_from_server create_token result. token:a8391a******03689b expires:1776937170799 status:NORMAL
9600 2026-04-08 13:07:20,899 webull.core.http.initializer.token.token_manager INFO fetch_token_from_server create_token status is verified, no further check required, returning directly. token:a8391a******03689b expires:1776937170799 status:NORMAL
9600 2026-04-08 13:07:20,899 webull.core.http.initializer.token.token_manager INFO save_token_to_local writing token to local file. token:a8391a******03689b expires:1776937170799 status:NORMAL
9600 2026-04-08 13:07:20,900 webull.core.http.initializer.token.token_manager INFO save_token_to_local writing token to file completed.
9600 2026-04-08 13:07:20,900 webull.core.http.initializer.token.token_manager INFO init_token finished. token:a8391a******03689b expires:1776937170799 status:NORMAL
21360 2026-04-08 13:10:30,998 webull.core.http.initializer.client_initializer INFO _check_token_enable result is True
21360 2026-04-08 13:10:31,015 webull.core.http.initializer.token.token_storage INFO storage_token uses the default configuration, conf.
21360 2026-04-08 13:10:31,016 webull.core.http.initializer.token.token_storage INFO storage_token initialized path:C:\Users\yalil\OneDrive\Desktop\AI-projects\quantitivestocks\conf\token.txt.
21360 2026-04-08 13:10:31,017 webull.core.http.initializer.token.token_storage WARNING storage_token Note: The token file already exists, the latest token configuration will be overwritten and written to the token file after successful 2FA verification. path:C:\Users\yalil\OneDrive\Desktop\AI-projects\quantitivestocks\conf\token.txt.
21360 2026-04-08 13:10:31,017 webull.core.http.initializer.token.token_manager INFO load_token_from_local reading token from file...
21360 2026-04-08 13:10:31,024 webull.core.http.initializer.token.token_manager INFO load_token_from_local read local token result. token:a8391a******03689b expires:1776937170799 status:NORMAL
21360 2026-04-08 13:10:31,303 webull.core.http.initializer.token.token_manager INFO fetch_token_from_server create_token result. token:a8391a******03689b expires:1776937170799 status:NORMAL
21360 2026-04-08 13:10:31,304 webull.core.http.initializer.token.token_manager INFO fetch_token_from_server create_token status is verified, no further check required, returning directly. token:a8391a******03689b expires:1776937170799 status:NORMAL
21360 2026-04-08 13:10:31,306 webull.core.http.initializer.token.token_manager INFO save_token_to_local writing token to local file. token:a8391a******03689b expires:1776937170799 status:NORMAL
21360 2026-04-08 13:10:31,307 webull.core.http.initializer.token.token_manager INFO save_token_to_local writing token to file completed.
21360 2026-04-08 13:10:31,307 webull.core.http.initializer.token.token_manager INFO init_token finished. token:a8391a******03689b expires:1776937170799 status:NORMAL
3840 2026-04-08 13:15:26,445 webull.core.http.initializer.client_initializer INFO _check_token_enable result is True
3840 2026-04-08 13:15:26,552 webull.core.http.initializer.token.token_storage INFO storage_token uses the default configuration, conf.
3840 2026-04-08 13:15:26,598 webull.core.http.initializer.token.token_storage INFO storage_token initialized path:C:\Users\yalil\OneDrive\Desktop\AI-projects\quantitivestocks\conf\token.txt.
3840 2026-04-08 13:15:26,643 webull.core.http.initializer.token.token_storage WARNING storage_token Note: The token file already exists, the latest token configuration will be overwritten and written to the token file after successful 2FA verification. path:C:\Users\yalil\OneDrive\Desktop\AI-projects\quantitivestocks\conf\token.txt.
3840 2026-04-08 13:15:26,721 webull.core.http.initializer.token.token_manager INFO load_token_from_local reading token from file...
3840 2026-04-08 13:15:26,721 webull.core.http.initializer.token.token_manager INFO load_token_from_local read local token result. token:a8391a******03689b expires:1776937170799 status:NORMAL
3840 2026-04-08 13:15:27,094 webull.core.http.initializer.token.token_manager INFO fetch_token_from_server create_token result. token:a8391a******03689b expires:1776937170799 status:NORMAL
3840 2026-04-08 13:15:27,095 webull.core.http.initializer.token.token_manager INFO fetch_token_from_server create_token status is verified, no further check required, returning directly. token:a8391a******03689b expires:1776937170799 status:NORMAL
3840 2026-04-08 13:15:27,095 webull.core.http.initializer.token.token_manager INFO save_token_to_local writing token to local file. token:a8391a******03689b expires:1776937170799 status:NORMAL
3840 2026-04-08 13:15:27,096 webull.core.http.initializer.token.token_manager INFO save_token_to_local writing token to file completed.
3840 2026-04-08 13:15:27,096 webull.core.http.initializer.token.token_manager INFO init_token finished. token:a8391a******03689b expires:1776937170799 status:NORMAL
25800 2026-04-08 13:17:09,820 webull.core.http.initializer.client_initializer INFO _check_token_enable result is True
25800 2026-04-08 13:17:09,823 webull.core.http.initializer.token.token_storage INFO storage_token uses the default configuration, conf.
25800 2026-04-08 13:17:09,825 webull.core.http.initializer.token.token_storage INFO storage_token initialized path:C:\Users\yalil\OneDrive\Desktop\AI-projects\quantitivestocks\conf\token.txt.
25800 2026-04-08 13:17:09,826 webull.core.http.initializer.token.token_storage WARNING storage_token Note: The token file already exists, the latest token configuration will be overwritten and written to the token file after successful 2FA verification. path:C:\Users\yalil\OneDrive\Desktop\AI-projects\quantitivestocks\conf\token.txt.
25800 2026-04-08 13:17:09,826 webull.core.http.initializer.token.token_manager INFO load_token_from_local reading token from file...
25800 2026-04-08 13:17:09,835 webull.core.http.initializer.token.token_manager INFO load_token_from_local read local token result. token:a8391a******03689b expires:1776937170799 status:NORMAL
25800 2026-04-08 13:17:10,100 webull.core.http.initializer.token.token_manager INFO fetch_token_from_server create_token result. token:a8391a******03689b expires:1776937170799 status:NORMAL
25800 2026-04-08 13:17:10,101 webull.core.http.initializer.token.token_manager INFO fetch_token_from_server create_token status is verified, no further check required, returning directly. token:a8391a******03689b expires:1776937170799 status:NORMAL
25800 2026-04-08 13:17:10,101 webull.core.http.initializer.token.token_manager INFO save_token_to_local writing token to local file. token:a8391a******03689b expires:1776937170799 status:NORMAL
25800 2026-04-08 13:17:10,102 webull.core.http.initializer.token.token_manager INFO save_token_to_local writing token to file completed.
25800 2026-04-08 13:17:10,102 webull.core.http.initializer.token.token_manager INFO init_token finished. token:a8391a******03689b expires:1776937170799 status:NORMAL
18128 2026-04-08 13:19:12,726 webull.core.http.initializer.client_initializer INFO _check_token_enable result is True
18128 2026-04-08 13:19:12,731 webull.core.http.initializer.token.token_storage INFO storage_token uses the default configuration, conf.
18128 2026-04-08 13:19:12,756 webull.core.http.initializer.token.token_storage INFO storage_token initialized path:C:\Users\yalil\OneDrive\Desktop\AI-projects\quantitivestocks\conf\token.txt.
18128 2026-04-08 13:19:12,757 webull.core.http.initializer.token.token_storage WARNING storage_token Note: The token file already exists, the latest token configuration will be overwritten and written to the token file after successful 2FA verification. path:C:\Users\yalil\OneDrive\Desktop\AI-projects\quantitivestocks\conf\token.txt.
18128 2026-04-08 13:19:12,758 webull.core.http.initializer.token.token_manager INFO load_token_from_local reading token from file...
18128 2026-04-08 13:19:12,760 webull.core.http.initializer.token.token_manager INFO load_token_from_local read local token result. token:a8391a******03689b expires:1776937170799 status:NORMAL
18128 2026-04-08 13:19:13,095 webull.core.http.initializer.token.token_manager INFO fetch_token_from_server create_token result. token:a8391a******03689b expires:1776937170799 status:NORMAL
18128 2026-04-08 13:19:13,097 webull.core.http.initializer.token.token_manager INFO fetch_token_from_server create_token status is verified, no further check required, returning directly. token:a8391a******03689b expires:1776937170799 status:NORMAL
18128 2026-04-08 13:19:13,097 webull.core.http.initializer.token.token_manager INFO save_token_to_local writing token to local file. token:a8391a******03689b expires:1776937170799 status:NORMAL
18128 2026-04-08 13:19:13,098 webull.core.http.initializer.token.token_manager INFO save_token_to_local writing token to file completed.
18128 2026-04-08 13:19:13,099 webull.core.http.initializer.token.token_manager INFO init_token finished. token:a8391a******03689b expires:1776937170799 status:NORMAL
22720 2026-04-08 13:21:15,558 webull.core.http.initializer.client_initializer INFO _check_token_enable result is True
22720 2026-04-08 13:21:15,562 webull.core.http.initializer.token.token_storage INFO storage_token uses the default configuration, conf.
22720 2026-04-08 13:21:15,564 webull.core.http.initializer.token.token_storage INFO storage_token initialized path:C:\Users\yalil\OneDrive\Desktop\AI-projects\quantitivestocks\conf\token.txt.
22720 2026-04-08 13:21:15,565 webull.core.http.initializer.token.token_storage WARNING storage_token Note: The token file already exists, the latest token configuration will be overwritten and written to the token file after successful 2FA verification. path:C:\Users\yalil\OneDrive\Desktop\AI-projects\quantitivestocks\conf\token.txt.
22720 2026-04-08 13:21:15,566 webull.core.http.initializer.token.token_manager INFO load_token_from_local reading token from file...
22720 2026-04-08 13:21:15,572 webull.core.http.initializer.token.token_manager INFO load_token_from_local read local token result. token:a8391a******03689b expires:1776937170799 status:NORMAL
22720 2026-04-08 13:21:15,849 webull.core.http.initializer.token.token_manager INFO fetch_token_from_server create_token result. token:a8391a******03689b expires:1776937170799 status:NORMAL
22720 2026-04-08 13:21:15,851 webull.core.http.initializer.token.token_manager INFO fetch_token_from_server create_token status is verified, no further check required, returning directly. token:a8391a******03689b expires:1776937170799 status:NORMAL
22720 2026-04-08 13:21:15,851 webull.core.http.initializer.token.token_manager INFO save_token_to_local writing token to local file. token:a8391a******03689b expires:1776937170799 status:NORMAL
22720 2026-04-08 13:21:15,852 webull.core.http.initializer.token.token_manager INFO save_token_to_local writing token to file completed.
22720 2026-04-08 13:21:15,853 webull.core.http.initializer.token.token_manager INFO init_token finished. token:a8391a******03689b expires:1776937170799 status:NORMAL
25192 2026-04-08 13:23:10,636 webull.core.http.initializer.client_initializer INFO _check_token_enable result is True
25192 2026-04-08 13:23:10,640 webull.core.http.initializer.token.token_storage INFO storage_token uses the default configuration, conf.
25192 2026-04-08 13:23:10,642 webull.core.http.initializer.token.token_storage INFO storage_token initialized path:C:\Users\yalil\OneDrive\Desktop\AI-projects\quantitivestocks\conf\token.txt.
25192 2026-04-08 13:23:10,642 webull.core.http.initializer.token.token_storage WARNING storage_token Note: The token file already exists, the latest token configuration will be overwritten and written to the token file after successful 2FA verification. path:C:\Users\yalil\OneDrive\Desktop\AI-projects\quantitivestocks\conf\token.txt.
25192 2026-04-08 13:23:10,643 webull.core.http.initializer.token.token_manager INFO load_token_from_local reading token from file...
25192 2026-04-08 13:23:10,645 webull.core.http.initializer.token.token_manager INFO load_token_from_local read local token result. token:a8391a******03689b expires:1776937170799 status:NORMAL
25192 2026-04-08 13:23:10,825 webull.core.http.initializer.token.token_manager INFO fetch_token_from_server create_token result. token:a8391a******03689b expires:1776937170799 status:NORMAL
25192 2026-04-08 13:23:10,827 webull.core.http.initializer.token.token_manager INFO fetch_token_from_server create_token status is verified, no further check required, returning directly. token:a8391a******03689b expires:1776937170799 status:NORMAL
25192 2026-04-08 13:23:10,827 webull.core.http.initializer.token.token_manager INFO save_token_to_local writing token to local file. token:a8391a******03689b expires:1776937170799 status:NORMAL
25192 2026-04-08 13:23:10,828 webull.core.http.initializer.token.token_manager INFO save_token_to_local writing token to file completed.
25192 2026-04-08 13:23:10,829 webull.core.http.initializer.token.token_manager INFO init_token finished. token:a8391a******03689b expires:1776937170799 status:NORMAL
10132 2026-04-08 13:25:18,211 webull.core.http.initializer.client_initializer INFO _check_token_enable result is True
10132 2026-04-08 13:25:18,216 webull.core.http.initializer.token.token_storage INFO storage_token uses the default configuration, conf.
10132 2026-04-08 13:25:18,218 webull.core.http.initializer.token.token_storage INFO storage_token initialized path:C:\Users\yalil\OneDrive\Desktop\AI-projects\quantitivestocks\conf\token.txt.
10132 2026-04-08 13:25:18,219 webull.core.http.initializer.token.token_storage WARNING storage_token Note: The token file already exists, the latest token configuration will be overwritten and written to the token file after successful 2FA verification. path:C:\Users\yalil\OneDrive\Desktop\AI-projects\quantitivestocks\conf\token.txt.
10132 2026-04-08 13:25:18,220 webull.core.http.initializer.token.token_manager INFO load_token_from_local reading token from file...
10132 2026-04-08 13:25:18,221 webull.core.http.initializer.token.token_manager INFO load_token_from_local read local token result. token:a8391a******03689b expires:1776937170799 status:NORMAL
10132 2026-04-08 13:25:18,401 webull.core.http.initializer.token.token_manager INFO fetch_token_from_server create_token result. token:a8391a******03689b expires:1776937170799 status:NORMAL
10132 2026-04-08 13:25:18,404 webull.core.http.initializer.token.token_manager INFO fetch_token_from_server create_token status is verified, no further check required, returning directly. token:a8391a******03689b expires:1776937170799 status:NORMAL
10132 2026-04-08 13:25:18,404 webull.core.http.initializer.token.token_manager INFO save_token_to_local writing token to local file. token:a8391a******03689b expires:1776937170799 status:NORMAL
10132 2026-04-08 13:25:18,405 webull.core.http.initializer.token.token_manager INFO save_token_to_local writing token to file completed.
10132 2026-04-08 13:25:18,406 webull.core.http.initializer.token.token_manager INFO init_token finished. token:a8391a******03689b expires:1776937170799 status:NORMAL
15616 2026-04-08 13:27:11,221 webull.core.http.initializer.client_initializer INFO _check_token_enable result is True
15616 2026-04-08 13:27:11,225 webull.core.http.initializer.token.token_storage INFO storage_token uses the default configuration, conf.
15616 2026-04-08 13:27:11,226 webull.core.http.initializer.token.token_storage INFO storage_token initialized path:C:\Users\yalil\OneDrive\Desktop\AI-projects\quantitivestocks\conf\token.txt.
15616 2026-04-08 13:27:11,226 webull.core.http.initializer.token.token_storage WARNING storage_token Note: The token file already exists, the latest token configuration will be overwritten and written to the token file after successful 2FA verification. path:C:\Users\yalil\OneDrive\Desktop\AI-projects\quantitivestocks\conf\token.txt.
15616 2026-04-08 13:27:11,227 webull.core.http.initializer.token.token_manager INFO load_token_from_local reading token from file...
15616 2026-04-08 13:27:11,228 webull.core.http.initializer.token.token_manager INFO load_token_from_local read local token result. token:a8391a******03689b expires:1776937170799 status:NORMAL
15616 2026-04-08 13:27:11,470 webull.core.http.initializer.token.token_manager INFO fetch_token_from_server create_token result. token:a8391a******03689b expires:1776937170799 status:NORMAL
15616 2026-04-08 13:27:11,472 webull.core.http.initializer.token.token_manager INFO fetch_token_from_server create_token status is verified, no further check required, returning directly. token:a8391a******03689b expires:1776937170799 status:NORMAL
15616 2026-04-08 13:27:11,472 webull.core.http.initializer.token.token_manager INFO save_token_to_local writing token to local file. token:a8391a******03689b expires:1776937170799 status:NORMAL
15616 2026-04-08 13:27:11,473 webull.core.http.initializer.token.token_manager INFO save_token_to_local writing token to file completed.
15616 2026-04-08 13:27:11,473 webull.core.http.initializer.token.token_manager INFO init_token finished. token:a8391a******03689b expires:1776937170799 status:NORMAL
19636 2026-04-08 13:29:10,522 webull.core.http.initializer.client_initializer INFO _check_token_enable result is True
19636 2026-04-08 13:29:10,525 webull.core.http.initializer.token.token_storage INFO storage_token uses the default configuration, conf.
19636 2026-04-08 13:29:10,526 webull.core.http.initializer.token.token_storage INFO storage_token initialized path:C:\Users\yalil\OneDrive\Desktop\AI-projects\quantitivestocks\conf\token.txt.
19636 2026-04-08 13:29:10,526 webull.core.http.initializer.token.token_storage WARNING storage_token Note: The token file already exists, the latest token configuration will be overwritten and written to the token file after successful 2FA verification. path:C:\Users\yalil\OneDrive\Desktop\AI-projects\quantitivestocks\conf\token.txt.
19636 2026-04-08 13:29:10,526 webull.core.http.initializer.token.token_manager INFO load_token_from_local reading token from file...
19636 2026-04-08 13:29:10,528 webull.core.http.initializer.token.token_manager INFO load_token_from_local read local token result. token:a8391a******03689b expires:1776937170799 status:NORMAL
19636 2026-04-08 13:29:10,709 webull.core.http.initializer.token.token_manager INFO fetch_token_from_server create_token result. token:a8391a******03689b expires:1776937170799 status:NORMAL
19636 2026-04-08 13:29:10,711 webull.core.http.initializer.token.token_manager INFO fetch_token_from_server create_token status is verified, no further check required, returning directly. token:a8391a******03689b expires:1776937170799 status:NORMAL
19636 2026-04-08 13:29:10,712 webull.core.http.initializer.token.token_manager INFO save_token_to_local writing token to local file. token:a8391a******03689b expires:1776937170799 status:NORMAL
19636 2026-04-08 13:29:10,713 webull.core.http.initializer.token.token_manager INFO save_token_to_local writing token to file completed.
19636 2026-04-08 13:29:10,713 webull.core.http.initializer.token.token_manager INFO init_token finished. token:a8391a******03689b expires:1776937170799 status:NORMAL
25556 2026-04-08 13:31:10,601 webull.core.http.initializer.client_initializer INFO _check_token_enable result is True
25556 2026-04-08 13:31:10,605 webull.core.http.initializer.token.token_storage INFO storage_token uses the default configuration, conf.
25556 2026-04-08 13:31:10,607 webull.core.http.initializer.token.token_storage INFO storage_token initialized path:C:\Users\yalil\OneDrive\Desktop\AI-projects\quantitivestocks\conf\token.txt.
25556 2026-04-08 13:31:10,608 webull.core.http.initializer.token.token_storage WARNING storage_token Note: The token file already exists, the latest token configuration will be overwritten and written to the token file after successful 2FA verification. path:C:\Users\yalil\OneDrive\Desktop\AI-projects\quantitivestocks\conf\token.txt.
25556 2026-04-08 13:31:10,609 webull.core.http.initializer.token.token_manager INFO load_token_from_local reading token from file...
25556 2026-04-08 13:31:10,611 webull.core.http.initializer.token.token_manager INFO load_token_from_local read local token result. token:a8391a******03689b expires:1776937170799 status:NORMAL
25556 2026-04-08 13:31:10,844 webull.core.http.initializer.token.token_manager INFO fetch_token_from_server create_token result. token:a8391a******03689b expires:1776937170799 status:NORMAL
25556 2026-04-08 13:31:10,846 webull.core.http.initializer.token.token_manager INFO fetch_token_from_server create_token status is verified, no further check required, returning directly. token:a8391a******03689b expires:1776937170799 status:NORMAL
25556 2026-04-08 13:31:10,847 webull.core.http.initializer.token.token_manager INFO save_token_to_local writing token to local file. token:a8391a******03689b expires:1776937170799 status:NORMAL
25556 2026-04-08 13:31:10,848 webull.core.http.initializer.token.token_manager INFO save_token_to_local writing token to file completed.
25556 2026-04-08 13:31:10,849 webull.core.http.initializer.token.token_manager INFO init_token finished. token:a8391a******03689b expires:1776937170799 status:NORMAL
4440 2026-04-08 13:33:10,821 webull.core.http.initializer.client_initializer INFO _check_token_enable result is True
4440 2026-04-08 13:33:10,825 webull.core.http.initializer.token.token_storage INFO storage_token uses the default configuration, conf.
4440 2026-04-08 13:33:10,826 webull.core.http.initializer.token.token_storage INFO storage_token initialized path:C:\Users\yalil\OneDrive\Desktop\AI-projects\quantitivestocks\conf\token.txt.
4440 2026-04-08 13:33:10,827 webull.core.http.initializer.token.token_storage WARNING storage_token Note: The token file already exists, the latest token configuration will be overwritten and written to the token file after successful 2FA verification. path:C:\Users\yalil\OneDrive\Desktop\AI-projects\quantitivestocks\conf\token.txt.
4440 2026-04-08 13:33:10,827 webull.core.http.initializer.token.token_manager INFO load_token_from_local reading token from file...
4440 2026-04-08 13:33:10,829 webull.core.http.initializer.token.token_manager INFO load_token_from_local read local token result. token:a8391a******03689b expires:1776937170799 status:NORMAL
4440 2026-04-08 13:33:11,065 webull.core.http.initializer.token.token_manager INFO fetch_token_from_server create_token result. token:a8391a******03689b expires:1776937170799 status:NORMAL
4440 2026-04-08 13:33:11,067 webull.core.http.initializer.token.token_manager INFO fetch_token_from_server create_token status is verified, no further check required, returning directly. token:a8391a******03689b expires:1776937170799 status:NORMAL
4440 2026-04-08 13:33:11,067 webull.core.http.initializer.token.token_manager INFO save_token_to_local writing token to local file. token:a8391a******03689b expires:1776937170799 status:NORMAL
4440 2026-04-08 13:33:11,068 webull.core.http.initializer.token.token_manager INFO save_token_to_local writing token to file completed.
4440 2026-04-08 13:33:11,068 webull.core.http.initializer.token.token_manager INFO init_token finished. token:a8391a******03689b expires:1776937170799 status:NORMAL
1972 2026-04-08 13:35:10,755 webull.core.http.initializer.client_initializer INFO _check_token_enable result is True
1972 2026-04-08 13:35:10,757 webull.core.http.initializer.token.token_storage INFO storage_token uses the default configuration, conf.
1972 2026-04-08 13:35:10,758 webull.core.http.initializer.token.token_storage INFO storage_token initialized path:C:\Users\yalil\OneDrive\Desktop\AI-projects\quantitivestocks\conf\token.txt.
1972 2026-04-08 13:35:10,758 webull.core.http.initializer.token.token_storage WARNING storage_token Note: The token file already exists, the latest token configuration will be overwritten and written to the token file after successful 2FA verification. path:C:\Users\yalil\OneDrive\Desktop\AI-projects\quantitivestocks\conf\token.txt.
1972 2026-04-08 13:35:10,759 webull.core.http.initializer.token.token_manager INFO load_token_from_local reading token from file...
1972 2026-04-08 13:35:10,761 webull.core.http.initializer.token.token_manager INFO load_token_from_local read local token result. token:a8391a******03689b expires:1776937170799 status:NORMAL
1972 2026-04-08 13:35:10,935 webull.core.http.initializer.token.token_manager INFO fetch_token_from_server create_token result. token:a8391a******03689b expires:1776937170799 status:NORMAL
1972 2026-04-08 13:35:10,937 webull.core.http.initializer.token.token_manager INFO fetch_token_from_server create_token status is verified, no further check required, returning directly. token:a8391a******03689b expires:1776937170799 status:NORMAL
1972 2026-04-08 13:35:10,937 webull.core.http.initializer.token.token_manager INFO save_token_to_local writing token to local file. token:a8391a******03689b expires:1776937170799 status:NORMAL
1972 2026-04-08 13:35:10,938 webull.core.http.initializer.token.token_manager INFO save_token_to_local writing token to file completed.
1972 2026-04-08 13:35:10,938 webull.core.http.initializer.token.token_manager INFO init_token finished. token:a8391a******03689b expires:1776937170799 status:NORMAL
19948 2026-04-08 13:37:19,980 webull.core.http.initializer.client_initializer INFO _check_token_enable result is True
19948 2026-04-08 13:37:19,985 webull.core.http.initializer.token.token_storage INFO storage_token uses the default configuration, conf.
19948 2026-04-08 13:37:19,987 webull.core.http.initializer.token.token_storage INFO storage_token initialized path:C:\Users\yalil\OneDrive\Desktop\AI-projects\quantitivestocks\conf\token.txt.
19948 2026-04-08 13:37:19,987 webull.core.http.initializer.token.token_storage WARNING storage_token Note: The token file already exists, the latest token configuration will be overwritten and written to the token file after successful 2FA verification. path:C:\Users\yalil\OneDrive\Desktop\AI-projects\quantitivestocks\conf\token.txt.
19948 2026-04-08 13:37:19,988 webull.core.http.initializer.token.token_manager INFO load_token_from_local reading token from file...
19948 2026-04-08 13:37:19,990 webull.core.http.initializer.token.token_manager INFO load_token_from_local read local token result. token:a8391a******03689b expires:1776937170799 status:NORMAL
19948 2026-04-08 13:37:20,343 webull.core.http.initializer.token.token_manager INFO fetch_token_from_server create_token result. token:a8391a******03689b expires:1776937170799 status:NORMAL
19948 2026-04-08 13:37:20,346 webull.core.http.initializer.token.token_manager INFO fetch_token_from_server create_token status is verified, no further check required, returning directly. token:a8391a******03689b expires:1776937170799 status:NORMAL
19948 2026-04-08 13:37:20,347 webull.core.http.initializer.token.token_manager INFO save_token_to_local writing token to local file. token:a8391a******03689b expires:1776937170799 status:NORMAL
19948 2026-04-08 13:37:20,348 webull.core.http.initializer.token.token_manager INFO save_token_to_local writing token to file completed.
19948 2026-04-08 13:37:20,348 webull.core.http.initializer.token.token_manager INFO init_token finished. token:a8391a******03689b expires:1776937170799 status:NORMAL
28504 2026-04-08 13:39:16,785 webull.core.http.initializer.client_initializer INFO _check_token_enable result is True
28504 2026-04-08 13:39:16,789 webull.core.http.initializer.token.token_storage INFO storage_token uses the default configuration, conf.
28504 2026-04-08 13:39:16,791 webull.core.http.initializer.token.token_storage INFO storage_token initialized path:C:\Users\yalil\OneDrive\Desktop\AI-projects\quantitivestocks\conf\token.txt.
28504 2026-04-08 13:39:16,792 webull.core.http.initializer.token.token_storage WARNING storage_token Note: The token file already exists, the latest token configuration will be overwritten and written to the token file after successful 2FA verification. path:C:\Users\yalil\OneDrive\Desktop\AI-projects\quantitivestocks\conf\token.txt.
28504 2026-04-08 13:39:16,792 webull.core.http.initializer.token.token_manager INFO load_token_from_local reading token from file...
28504 2026-04-08 13:39:16,794 webull.core.http.initializer.token.token_manager INFO load_token_from_local read local token result. token:a8391a******03689b expires:1776937170799 status:NORMAL
28504 2026-04-08 13:39:17,140 webull.core.http.initializer.token.token_manager INFO fetch_token_from_server create_token result. token:a8391a******03689b expires:1776937170799 status:NORMAL
28504 2026-04-08 13:39:17,142 webull.core.http.initializer.token.token_manager INFO fetch_token_from_server create_token status is verified, no further check required, returning directly. token:a8391a******03689b expires:1776937170799 status:NORMAL
28504 2026-04-08 13:39:17,142 webull.core.http.initializer.token.token_manager INFO save_token_to_local writing token to local file. token:a8391a******03689b expires:1776937170799 status:NORMAL
28504 2026-04-08 13:39:17,144 webull.core.http.initializer.token.token_manager INFO save_token_to_local writing token to file completed.
28504 2026-04-08 13:39:17,144 webull.core.http.initializer.token.token_manager INFO init_token finished. token:a8391a******03689b expires:1776937170799 status:NORMAL
27144 2026-04-08 13:41:15,503 webull.core.http.initializer.client_initializer INFO _check_token_enable result is True
27144 2026-04-08 13:41:15,505 webull.core.http.initializer.token.token_storage INFO storage_token uses the default configuration, conf.
27144 2026-04-08 13:41:15,506 webull.core.http.initializer.token.token_storage INFO storage_token initialized path:C:\Users\yalil\OneDrive\Desktop\AI-projects\quantitivestocks\conf\token.txt.
27144 2026-04-08 13:41:15,506 webull.core.http.initializer.token.token_storage WARNING storage_token Note: The token file already exists, the latest token configuration will be overwritten and written to the token file after successful 2FA verification. path:C:\Users\yalil\OneDrive\Desktop\AI-projects\quantitivestocks\conf\token.txt.
27144 2026-04-08 13:41:15,507 webull.core.http.initializer.token.token_manager INFO load_token_from_local reading token from file...
27144 2026-04-08 13:41:15,508 webull.core.http.initializer.token.token_manager INFO load_token_from_local read local token result. token:a8391a******03689b expires:1776937170799 status:NORMAL
27144 2026-04-08 13:41:15,778 webull.core.http.initializer.token.token_manager INFO fetch_token_from_server create_token result. token:a8391a******03689b expires:1776937170799 status:NORMAL
27144 2026-04-08 13:41:15,780 webull.core.http.initializer.token.token_manager INFO fetch_token_from_server create_token status is verified, no further check required, returning directly. token:a8391a******03689b expires:1776937170799 status:NORMAL
27144 2026-04-08 13:41:15,780 webull.core.http.initializer.token.token_manager INFO save_token_to_local writing token to local file. token:a8391a******03689b expires:1776937170799 status:NORMAL
27144 2026-04-08 13:41:15,781 webull.core.http.initializer.token.token_manager INFO save_token_to_local writing token to file completed.
27144 2026-04-08 13:41:15,781 webull.core.http.initializer.token.token_manager INFO init_token finished. token:a8391a******03689b expires:1776937170799 status:NORMAL
