{"mean": {"rsi14": 0.538087073364805, "ret5": 0.0035198782938592413, "ret10": 0.006984698035230128, "wk_ret": 0.0035198782938592413, "mo_ret": 0.014240346458257364, "vol20": 0.14373284785459842, "log_dollar_vol": 9.122677839771477, "vix": 19.204827624110273, "vix_chg": 0.002799886280541109, "vol_imbalance": 0.013589578592092264, "vwap_ratio": 1.0011574628155406, "dv_accel": 0.00020563028080075778, "spread_proxy": 0.008725962741484305}, "std": {"rsi14": 0.12235308005674503, "ret5": 0.02078810219373403, "ret10": 0.030208052736819677, "wk_ret": 0.02078810219373403, "mo_ret": 0.04133613999931733, "vol20": 0.03808784268379866, "log_dollar_vol": 0.21163419220363716, "vix": 5.807086872262306, "vix_chg": 0.07913256271509442, "vol_imbalance": 0.6053343800805159, "vwap_ratio": 0.009857524934304841, "dv_accel": 0.14068656836091872, "spread_proxy": 0.004188491992137951}}