{"mean": {"rsi14": 0.5591052782669124, "ret5": 0.005935988950401157, "ret10": 0.011867797339297178, "wk_ret": 0.005935988950401157, "mo_ret": 0.02515112772108713, "vol20": 0.2226793778404203, "log_dollar_vol": 8.502936565877091, "vix": 16.78506194690266, "vix_chg": 0.0031755772819106664, "vol_imbalance": 0.10724847277321108, "vwap_ratio": 1.0032396782231197, "dv_accel": 0.0036955658392112995, "spread_proxy": 0.016891030268846054}, "std": {"rsi14": 0.11962756180337794, "ret5": 0.03367333807369238, "ret10": 0.04720982910683795, "wk_ret": 0.03367333807369238, "mo_ret": 0.06736310362840618, "vol20": 0.0851738886939078, "log_dollar_vol": 0.2337647119212151, "vix": 4.608664042902257, "vix_chg": 0.08456986602917317, "vol_imbalance": 0.611669661178164, "vwap_ratio": 0.0165045557352839, "dv_accel": 0.17077896151417127, "spread_proxy": 0.009796222672591661}}