{"mean": {"rsi14": 0.5718291009621038, "ret5": 0.005522552653727658, "ret10": 0.01091399739264194, "wk_ret": 0.005522552653727658, "mo_ret": 0.022857257397470368, "vol20": 0.18895987518149432, "log_dollar_vol": 10.247735248859987, "vix": 16.78506194690266, "vix_chg": 0.0031755772819106664, "vol_imbalance": 0.12264457872862185, "vwap_ratio": 1.0030825731181086, "dv_accel": 0.0016509148989138137, "spread_proxy": 0.014072403970197093}, "std": {"rsi14": 0.11571611586245335, "ret5": 0.027385718553040585, "ret10": 0.03727569392979839, "wk_ret": 0.027385718553040585, "mo_ret": 0.05161330836406216, "vol20": 0.08752922389335754, "log_dollar_vol": 0.13408131933644507, "vix": 4.608664042902257, "vix_chg": 0.08456986602917317, "vol_imbalance": 0.6085709825033295, "vwap_ratio": 0.013985339441735216, "dv_accel": 0.10554659597089948, "spread_proxy": 0.008975221439172005}}