{"mean": {"rsi14": 0.527129075917353, "ret5": 0.00423750544511802, "ret10": 0.008444001495470269, "wk_ret": 0.00423750544511802, "mo_ret": 0.0176725613278479, "vol20": 0.27044908828487463, "log_dollar_vol": 8.66006562081618, "vix": 16.78506194690266, "vix_chg": 0.0031755772819106664, "vol_imbalance": 0.050726984226510084, "vwap_ratio": 1.001044358564626, "dv_accel": 0.003304465312873256, "spread_proxy": 0.016730570776742854}, "std": {"rsi14": 0.10618831515829485, "ret5": 0.039004714433131395, "ret10": 0.054639915110207944, "wk_ret": 0.039004714433131395, "mo_ret": 0.0642029175976103, "vol20": 0.06590561527223128, "log_dollar_vol": 0.2176578686136662, "vix": 4.608664042902257, "vix_chg": 0.08456986602917317, "vol_imbalance": 0.5967904779811983, "vwap_ratio": 0.018083100056620775, "dv_accel": 0.1567278883187079, "spread_proxy": 0.007825033070401118}}