{"mean": {"rsi14": 0.5088077988464433, "ret5": 0.0024352725820376525, "ret10": 0.00470146672085235, "wk_ret": 0.0024352725820376525, "mo_ret": 0.00914181823939452, "vol20": 0.2799753693756335, "log_dollar_vol": 8.633939011266158, "vix": 19.204827624110273, "vix_chg": 0.002799886280541109, "vol_imbalance": 0.00852079181277245, "vwap_ratio": 1.0002452533621728, "dv_accel": -0.001682996383257723, "spread_proxy": 0.01779942161534271}, "std": {"rsi14": 0.11796435094428197, "ret5": 0.0415610727629122, "ret10": 0.05824230892262536, "wk_ret": 0.0415610727629122, "mo_ret": 0.07506220989085377, "vol20": 0.06865897444914462, "log_dollar_vol": 0.2062598646476694, "vix": 5.807086872262306, "vix_chg": 0.07913256271509442, "vol_imbalance": 0.6064388581077765, "vwap_ratio": 0.0193104498235134, "dv_accel": 0.14809321478164236, "spread_proxy": 0.007844043880041316}}