{"mean": {"rsi14": 0.5169325306307527, "ret5": 4.982624216192615e-05, "ret10": 0.00010055792142116716, "wk_ret": 4.982624216192615e-05, "mo_ret": 0.00022397571309791287, "vol20": 0.09915212018412238, "log_dollar_vol": 8.700792540692326, "vix": 16.874599029116467, "vix_chg": -1.7408652857413963e-05, "vol_imbalance": 0.023979665382373734, "vwap_ratio": 1.0000453861322927, "dv_accel": -0.0016019793856036763, "spread_proxy": 0.0009874508500402226}, "std": {"rsi14": 0.12682570453082948, "ret5": 0.0019602059976908588, "ret10": 0.0027786083645007626, "wk_ret": 0.0019602059976908588, "mo_ret": 0.004055422744219156, "vol20": 0.07099101786281005, "log_dollar_vol": 0.2707894971089493, "vix": 2.9283315173563516, "vix_chg": 0.008490014964828258, "vol_imbalance": 0.608313503734688, "vwap_ratio": 0.0009696853429691194, "dv_accel": 0.204393234139676, "spread_proxy": 0.0006921638524579036}}