tree
version=v4
num_class=1
num_tree_per_iteration=1
label_index=0
max_feature_idx=10
objective=lambdarank
feature_names=momentum_7d momentum_30d reversal_1d vol_ratio volume_zscore btc_beta_resid rsi14_rank drawdown_from_ath spread_proxy ret63 adx
feature_infos=[-3.0900996680439419:3.4605202076844463] [-2.5252702775676847:3.4539574854627282] [-3.4406857982044001:3.3798545247652845] [-2.9606869573294943:3.2758430870269075] [-3.0181595698654067:3.3722207994112097] [-3.3389037974904179:3.440434344465845] [-2.8608640224314499:3.280535546840246] [-3.1272291227165283:2.6164501451666795] [-2.5195655029086073:3.4335894015047081] [-2.6184153438560753:3.4133023159902498] [-2.8756344624336108:3.2085132073762215]
tree_sizes=3468 3448 3460 3477 3445 3453 3461 3467 3473 3470 3449 3464 3437 3457 3467 3445 3464 3435 3441 3468 3463 3457 3465 3466 3465 3462 3451 3459 3442 3457 3444 3463 3466 3448 3458 3440 3465 3465 3451 3449 3460 3463 3456 3477 3455 3444 3451 3452 3437 3436 3455 3464 3447 3448 3471 3464 3462

Tree=0
num_leaves=31
num_cat=0
split_feature=0 6 6 0 6 6 0 7 1 0 4 8 9 4 6 1 6 8 1 1 3 7 8 0 1 1 1 9 9 9
split_gain=160.432 49.4781 24.1408 16.9984 7.90304 6.28892 5.9005 5.55311 5.4925 5.13513 5.02877 4.41341 3.96589 4.47084 4.60258 3.95146 3.99504 3.4529 3.50869 3.43939 3.39135 3.34743 3.52854 3.83354 3.41643 3.34075 3.41035 3.14012 2.97632 3.41247
threshold=-0.34160326358570903 0.085780363176693158 -0.44556175193522979 0.44004626120557405 1.6873894289259683 -1.4120401145327877 -1.0742951600600719 0.45226643940168565 -0.28116470033526747 -0.27882226605046878 -0.37385565500942897 -0.43092178110593987 2.2091668845050365 1.4598736395900438 0.76058511719386501 0.26253783121219471 0.13774398181003158 0.73220845555923686 0.62234164574605644 -0.77055135022728594 -0.83284223051751705 -0.45291322334445205 0.54111240436612829 2.6945180565553932 0.84475823167728381 -0.29499595087350788 -0.47019706775173803 -0.30345589393364059 1.0151037681326314 -0.16075235523071782
decision_type=2 2 2 2 2 2 2 2 2 2 2 2 2 2 2 2 2 2 2 2 2 2 2 2 2 2 2 2 2 2
left_child=2 5 6 7 21 27 -1 -3 19 -9 -8 -7 13 14 15 20 -17 18 -12 -4 -11 24 -23 -24 -5 26 -13 -2 29 -27
right_child=1 3 8 4 -6 11 10 9 -10 12 17 25 -14 -15 -16 16 -18 -19 -20 -21 -22 22 23 -25 -26 28 -28 -29 -30 -31
leaf_value=0.038559816290078014 0.052217963676860379 -0.022356447257684528 0.018594471019309264 -0.04694171341567175 -0.046776570458184411 0.0053201233720067305 0.029381393984225943 -0.046777670581303582 0.012125341908893902 -0.051174592616136876 0.017019626404779286 -0.0059162705885472703 -0.051115644213149951 0.037174297336906519 -0.01806928129343565 -0.063023147077014785 0.026788014400452188 -0.010000582983965722 0.081174256318945648 -0.01085684424043625 0.00028253859866077155 -0.029530753807518403 -0.011668730547568106 -0.068431535000901544 -0.014924471429788845 -0.0028341353454791811 -0.024422795700688664 -0.013113503097613267 -0.029759232015979555 0.021365550494211977
leaf_weight=97.222216747002676 8.3349609142169339 83.660767978290096 12.229449286125599 35.543417218024842 70.100485764851328 149.93918679258786 169.62680698605254 6.8605352491140357 152.16357769654132 3.6595692392438641 83.588920840062201 91.822143375873566 3.9395898049697271 7.4756061388179651 32.086375396233052 1.3139524869620824 21.485252189915627 11.980501848272977 2.1869847029447547 52.339297207421623 25.609361869370336 113.55437336547766 57.598948087892495 3.1364611964672795 10.883083422901107 39.60882866429165 34.152813544962555 2.3600345365703097 6.388598406687378 23.042387620545924
leaf_count=1337 115 1390 205 622 1136 2357 2513 117 2426 57 1329 1491 56 102 536 20 345 191 25 859 425 1904 947 44 172 651 571 29 111 360
internal_value=-2.72768e-13 -0.0140739 0.0201558 -0.0245999 -0.032151 4.09568e-05 0.0280114 -0.0127993 0.00694034 -0.0049934 0.0241759 -0.00112977 -0.00199389 0.000118074 -0.0031737 0.00600553 0.0216121 0.0151434 0.0186553 -0.00527871 -0.00615128 -0.0275058 -0.0243278 -0.0146 -0.0394364 -0.00608885 -0.0109335 0.0378015 0.00275112 0.00606623
internal_weight=1413.89 832.557 581.338 476.908 290.817 355.649 364.605 186.091 216.732 102.43 267.383 344.954 95.5697 91.6301 84.1545 52.0681 22.7992 97.7564 85.7759 64.5687 29.2689 220.716 174.29 60.7354 46.4265 195.015 125.975 10.695 69.0398 62.6512
internal_count=22443 13558 8885 7873 4825 5685 5395 3048 3490 1658 4058 5541 1541 1485 1383 847 365 1545 1354 1064 482 3689 2895 991 794 3184 2062 144 1122 1011
is_linear=0
shrinkage=0.05


Tree=1
num_leaves=31
num_cat=0
split_feature=6 4 6 5 6 6 9 4 3 8 10 6 7 5 10 8 5 8 3 4 8 8 7 3 3 4 6 8 7 3
split_gain=359.713 94.0187 66.3566 32.811 24.4069 24.3347 18.4256 17.981 17.2809 16.3939 14.9948 13.8157 24.6666 12.8665 13.3065 12.1987 12.2537 11.5906 10.9565 10.597 21.8636 10.501 10.3718 12.6429 10.2232 10.1589 9.92367 14.2825 9.85793 17.6089
threshold=-0.23314028823950317 0.45782487471071548 -0.82405367787704231 0.45738188469082902 1.6075078608482938 0.50718055220132752 -0.17631143224386489 -1.0777374849656378 -0.29582408988887304 -1.2644873900183393 0.89702945154733349 -0.53603868288960144 -0.3922471617272571 0.56363679957463464 -0.4312818562466148 2.9773681479121938 0.92712063241711917 -1.5183912862111575 0.37673364776387575 -0.38093738643708558 -0.71309304708603249 1.4822588743439631 1.478146464510681 0.39890456147929443 -0.54167655633855116 0.37400131081897908 1.6873894289259683 2.8394380335945031 -0.4625025877280548 0.090532733186252975
decision_type=2 2 2 2 2 2 2 2 2 2 2 2 2 2 2 2 2 2 2 2 2 2 2 2 2 2 2 2 2 2
left_child=2 4 15 6 7 22 8 13 25 18 -6 24 -13 21 -15 16 -1 -7 -10 -12 -21 -2 -3 -24 -8 -4 -19 -28 29 -9
right_child=1 5 3 -5 10 17 11 28 9 -11 19 12 -14 14 -16 -17 -18 26 -20 20 -22 -23 23 -25 -26 -27 27 -29 -30 -31
leaf_value=0.021751541756572138 0.019003808479460111 -0.017138169481685468 0.014567177750112223 -0.012293057000870633 -0.053283483384151648 -0.072842984985216686 0.012868628128203718 -0.0062110066206633374 0.075943736995860392 -0.0041561486683946817 -0.056276574306607888 -0.02522844912617659 0.01706154661697314 -0.062409905821639425 0.0077740380548382464 0.090677360452088074 -0.0011531303671145257 -0.026371004789067981 -0.0058930777542368067 0.068535826901967634 -0.028539080154832992 -0.042672283860504229 0.036746484410808612 -0.031150517682791708 0.035901711039326788 -0.014685824919233828 -0.045114983593260216 1.9223513334938947e-05 -0.0048482295573669771 -0.033652495655578152
leaf_weight=1204.6955136535689 140.99523450434208 246.49026028905064 353.14389196969569 222.49943843018264 43.214229762554169 16.471372932195663 80.635114507749677 170.36540625430644 10.907883979380133 439.13923309836537 8.6538022439926845 43.547000585123897 165.61192446574569 11.451644022017719 16.461427379399538 6.2480844408273688 61.367083793506026 449.35901857446879 6.5433343797922126 9.3038893677294254 15.402607390657067 7.2565541788935652 20.223024569451812 10.372998993843792 119.6737523432821 32.401935622096062 161.78959090390708 19.657637733966112 1164.1776109174825 88.998952319845557
leaf_count=4013 548 1324 1273 1024 197 57 249 824 29 1816 36 203 651 53 83 11 248 2261 28 29 76 32 70 35 355 157 888 120 5236 517
internal_value=5.31322e-11 -0.013327 0.0126197 0.00539927 -0.00626735 -0.0261293 0.00854446 -0.00494735 0.00431422 -0.00226746 -0.0338433 0.0172446 0.00825675 0.0101216 -0.0210197 0.0209853 0.0206413 -0.0314373 0.045259 -0.00866098 0.00801706 0.0159849 -0.01373 0.0137273 0.0266297 0.0121087 -0.0303561 -0.0402252 -0.00681215 -0.0156273
internal_weight=5347.06 2600.65 2746.41 1474.1 1676.28 924.364 1251.6 1599.71 842.136 456.59 76.5745 409.468 209.159 176.165 27.9131 1272.31 1266.06 647.278 17.4512 33.3603 24.7065 148.252 277.086 30.596 200.309 385.546 630.806 181.447 1423.54 259.364
internal_count=22443 12386 10057 5785 7631 4755 4761 7293 3303 1873 338 1458 854 716 136 4272 4261 3326 57 141 105 580 1429 105 604 1430 3269 1008 6577 1341
is_linear=0
shrinkage=0.05


Tree=2
num_leaves=31
num_cat=0
split_feature=0 0 4 4 5 5 7 7 0 3 4 5 8 0 7 8 8 4 5 5 0 3 0 7 8 0 1 3 4 4
split_gain=346.021 47.992 40.2605 21.8501 19.3647 18.3429 15.2842 14.7841 14.1716 16.5239 14.001 13.6314 13.1887 12.5882 18.2684 12.8101 18.3655 12.4287 11.3251 13.2571 10.7844 10.4388 9.89714 11.892 9.74922 13.8077 13.0733 9.47219 9.33976 9.02696
threshold=1.0000000180025095e-35 -0.72181222487412111 0.47247265949162798 -0.27470895757757513 0.60246868719117486 0.58901278491829978 -0.85319976387408092 -0.60180203449701253 0.23637676787862635 -0.12486965287309333 -1.5146178307337732 0.92712063241711917 -1.2644873900183393 1.1400196364437998 0.69312568632060156 -0.98737531141553314 -1.5183912862111575 -0.87681525332966392 0.12731931185155929 0.18290286228169378 -0.73250697792451003 -1.0303702417380249 -0.84387952086494422 -0.56866961954900874 -0.075681912675311339 -1.536622594027343 -1.4967204579323901 -1.1603036720042372 -0.17884905327608361 1.5661516689861206
decision_type=2 2 2 2 2 2 2 2 2 2 2 2 2 2 2 2 2 2 2 2 2 2 2 2 2 2 2 2 2 2
left_child=1 7 4 6 5 8 -3 10 -2 17 -1 12 28 14 -4 16 -16 -10 22 -20 -12 -14 23 -9 -25 -26 -27 -8 -5 -23
right_child=2 3 13 11 -6 -7 27 18 9 -11 20 -13 21 -15 15 -17 -18 -19 19 -21 -22 29 -24 24 25 26 -28 -29 -30 -31
leaf_value=0.05456413308108047 -0.00029664127490649952 -0.0026434159258988208 -0.032343542884034425 0.08418964302083376 -0.026061295460549777 0.068858091360503901 -0.0035610899276134877 -0.041409153695702479 0.018922965536284728 -0.022761181209725128 0.019782813900956629 -0.022882537566252331 -0.020563777599319003 -0.036500747123269811 -0.04342471242651158 -0.01935538200449069 0.02664331559443725 -0.010324539687842645 -0.044739340299206995 0.0046793704437302786 0.071331320274913221 0.001609372897680142 0.0035032951766782159 0.025362825365401177 0.029690237485433136 0.050849977160884331 -0.0032459283650651638 0.012909756002659232 0.017518278453370475 -0.028718796468237037
leaf_weight=32.618814215064049 270.11489910818636 245.68024766072631 212.30930694378912 6.2466374635696402 204.79914106149226 7.5313135124742976 96.781998139806092 8.177178140729664 45.050208052620292 275.28456925600767 513.37604463845491 71.905093835666776 66.06381281465292 274.11023523181211 12.210260810330508 122.2408551601693 39.950526287779212 187.51780427712947 15.14588253200054 130.4982552677393 10.350757054984568 590.70776380132884 144.66197457909584 283.16457999683917 65.813846170902252 12.29781600832939 121.62685612030327 889.90206065494567 33.018851429224014 25.598406931385398
leaf_count=89 1271 1021 1531 15 1242 24 393 29 198 1549 1617 435 341 1870 49 652 137 987 55 544 30 2812 490 805 167 33 413 3390 114 140
internal_value=3.34151e-11 0.00920198 -0.0187461 0.00434882 -0.0123682 -0.00879809 0.00851561 0.0165518 -0.00954986 -0.0144714 0.0227811 -0.00212219 -5.35898e-05 -0.028304 -0.022494 -0.0105035 0.0102412 -0.00465907 0.0121165 -0.0004598 0.0208016 -0.00167506 0.0149976 0.0183836 0.0193961 0.0109372 0.0017215 0.0112942 0.0281248 0.000349686
internal_weight=5014.76 3363.64 1651.12 2025.9 990.298 785.499 1232.36 1337.73 777.967 507.853 556.346 793.541 721.635 660.821 386.711 174.402 52.1608 232.568 781.386 145.644 523.727 682.37 635.742 491.08 482.903 199.739 133.925 986.684 39.2655 616.306
internal_count=22443 12933 9510 8661 5271 4029 4804 4272 4005 2734 1736 3857 3422 4239 2369 838 186 1185 2536 599 1647 3293 1937 1447 1418 613 446 3783 129 2952
is_linear=0
shrinkage=0.05


Tree=3
num_leaves=31
num_cat=0
split_feature=6 2 0 0 2 9 6 4 1 2 6 2 1 9 9 6 6 6 1 2 3 0 10 2 4 3 3 3 3 3
split_gain=324.81 79.1055 76.1061 37.3645 32.9674 21.9387 17.9308 14.28 13.3145 12.7471 12.5135 11.6189 11.213 13.4183 10.6575 10.6524 10.6115 23.0988 16.1607 11.8335 10.7598 10.2258 10.0344 9.71172 9.7042 9.70266 12.9955 9.11736 13.1469 9.09243
threshold=-0.036997220318890418 0.048871382162407523 0.035963512690687753 -0.40830847677633436 -0.72937988228726169 0.47910798887163064 -0.58200523772757806 -0.88699079968327232 -0.28818353350812986 -0.94179455353134223 -1.4803004837288272 -0.10604287301492084 -1.0261266447258361 -1.4791802859174852 -0.15284609235978372 1.1212844617980862 -0.9273709660695898 -0.97976633845515748 -0.28116470033526747 -0.64783519498362419 -0.82344245338038313 -1.4799853046041853 0.97725471962393051 0.53607395636845501 -0.45822213268731155 0.32172608270503572 0.17107029879384336 -0.99201995964295298 -1.6318036351265983 -0.30615197510121261
decision_type=2 2 2 2 2 2 2 2 2 2 2 2 2 2 2 2 2 2 2 2 2 2 2 2 2 2 2 2 2 2
left_child=1 16 4 6 -2 8 -3 9 -6 -4 -5 -10 -12 -14 22 23 17 -1 19 20 -18 -20 25 24 -9 26 -8 28 -7 -11
right_child=2 3 7 10 5 27 14 15 11 29 12 -13 13 -15 -16 -17 18 -19 21 -21 -22 -23 -24 -25 -26 -27 -28 -29 -30 -31
leaf_value=0.00084215222899191298 -0.030247003511175315 0.024242640755625811 -0.054301614116589084 0.044903044412125608 -0.02426917346438973 0.027158803564613705 0.00063809853492181304 -0.044756470730768189 -0.020202525958255349 0.023492019107751002 -0.017158003581902337 0.002148429342696931 0.061954152706148527 0.0053982986910295115 0.021291124920036212 -0.033226369171979346 0.017469706942282181 0.043168255346396109 0.052847665769781033 -0.0060954107735759419 -0.031536153105737846 0.0029246156984512094 0.035243577070828577 -0.010654272321425436 -0.023142876524685885 -0.026289291778082424 0.05385943257068504 0.014596898050813498 -0.023594530409964079 -0.014691820047131619
leaf_weight=230.20331446826458 110.41390243545175 1004.1964747104794 10.753539074212311 19.60089603997767 97.690309289377183 18.673164371401072 141.03374475240707 60.334967970848083 76.352428367361426 31.581773776561022 55.087863614782691 243.83230146765709 10.716459866613148 491.36221611499786 150.67029651813209 396.65605088323355 12.738902766257523 37.482219882309437 10.737123884260653 293.56541086174548 92.766561079770327 229.57473594509065 22.571653485298157 131.83664751797915 372.94807153195143 29.620326545089483 12.485368411988018 222.05044563487172 40.290143009275198 30.790367028675973
leaf_count=945 595 3123 66 65 429 83 545 396 370 144 355 1016 46 2542 574 2600 78 138 33 1509 586 1111 75 885 2719 140 44 857 197 177
internal_value=-3.77289e-11 0.0105967 -0.0163438 0.0163022 -0.00485782 -0.000846711 0.0208232 -0.025326 -0.00811132 -0.00402569 0.00563727 -0.00318146 0.00425591 0.00660544 0.011188 -0.0269455 -0.0015893 0.00676879 -0.00508851 -0.011257 -0.0256191 0.00515518 0.00378811 -0.022537 -0.0261526 -8.87254e-05 0.00496647 0.00995596 -0.00752139 0.00464235
internal_weight=4688.62 2844.41 1844.2 1937.35 809.303 698.889 1360.58 1034.9 417.875 73.1257 576.767 320.185 557.167 502.079 356.381 961.776 907.068 267.686 639.383 399.071 105.505 240.312 205.711 565.12 433.283 183.139 153.519 281.014 58.9633 62.3721
internal_count=22443 11909 10534 7509 3547 2952 4501 6987 1815 387 3008 1386 2943 2588 1378 6600 4400 1083 3317 2173 664 1144 804 4000 3115 729 589 1137 280 321
is_linear=0
shrinkage=0.05


Tree=4
num_leaves=31
num_cat=0
split_feature=0 2 0 8 2 4 4 4 4 8 8 8 0 9 3 1 3 0 0 10 1 2 8 4 4 8 1 2 10 0
split_gain=261.813 67.4269 39.5127 32.889 26.4698 12.3743 11.9336 11.6076 12.4112 15.5326 11.5254 11.2249 12.947 11.1905 10.6478 13.1407 10.8875 11.3658 10.5687 10.4801 10.1604 9.24475 9.1463 8.70179 9.03206 8.58685 11.7693 8.22708 8.17031 8.92394
threshold=1.0000000180025095e-35 -0.08634737299196725 -0.48789620921590932 -0.391240773468367 0.23718498719697881 0.127214036723416 -1.7109189634646766 -1.3271769967500748 -1.4323995352435912 0.45473705858195057 -1.4681046037518566 -0.1448102742214156 -1.1209681845131461 -0.34883605884546182 -0.16398160745915022 -1.7463850316469969 0.2769841851462343 -0.51509676037321805 1.077277110965158 1.9700036514612982 2.0457961526582431 0.23718498719697881 -1.1690094781217859 -1.1435556597768297 -0.84736951284683071 -0.98737531141553314 -0.15889250316231776 -0.78643611991695839 -0.95902893565182734 -0.63313456541466273
decision_type=2 2 2 2 2 2 2 2 2 2 2 2 2 2 2 2 2 2 2 2 2 2 2 2 2 2 2 2 2 2
left_child=1 11 7 4 13 -5 -4 8 9 10 -3 19 -13 22 15 -9 17 -16 25 -1 -8 -17 -2 -18 28 -6 -27 -24 -25 -30
right_child=3 2 6 5 18 -7 20 14 -10 -11 -12 12 -14 -15 16 21 23 -19 -20 -21 -22 -23 27 24 -26 26 -28 -29 29 -31
leaf_value=0.00053416781696055834 0.018016482352112749 0.067902026145469085 0.054424740918927156 -0.016516541357275486 0.023438093691522784 -0.029536218495474349 0.0030399295220621667 0.04985018403092583 0.051909193423386374 0.054441119772686099 0.0054546939572041684 0.0064425438022051784 -0.019573678531851744 -0.023427168711138497 0.025105316229656921 0.00025543327750964602 -0.023073946394807379 0.066108743038270995 -0.023001547583345324 -0.063079293046181331 -0.054291854691693286 0.013360686126838354 -0.044877921534849236 -0.0039915221115623036 0.012436434285535718 0.017993801856939769 -0.013405214155898555 -0.005994062222937799 0.061335499544884514 -0.0034840997235653665
leaf_weight=391.98822495434433 31.985873192548752 8.1135991066694242 11.213367458432911 287.02383287064731 67.069590305909514 501.1395903872326 804.66241747653112 21.885933961719275 44.4277786873281 26.659235633909702 82.700591124594212 61.831445045769215 211.05077833356336 247.11040701810271 247.74390842346475 170.74042082205415 14.952990390360354 18.13786868005991 29.693537665531039 6.5832516103982917 7.8027802389115086 635.20481544360518 16.610231030732393 9.4269652180373651 255.39412368834019 55.478060498833656 64.590195264667273 75.146776804700494 27.148759406059977 6.6009008474648025
leaf_count=2009 141 14 41 2177 263 4041 3789 71 116 70 249 284 1497 1489 810 669 46 51 180 36 37 2087 102 32 926 301 357 459 73 26
internal_value=1.3932e-10 0.00813561 0.0120646 -0.0181195 -0.00916697 -0.0247949 0.00319636 0.0167197 0.0293982 0.0208847 0.0110339 -0.00586573 -0.0136788 -0.0172809 0.015261 0.0116224 0.0204597 0.0279025 0.00471058 -0.000516543 0.00248932 0.0105843 -0.00500711 0.014148 0.0160121 0.00910772 0.00110284 -0.013033 0.0371626 0.0486578
internal_weight=4440.12 3064.27 2392.82 1375.85 587.685 788.163 823.679 1569.14 161.901 117.473 90.8142 671.454 272.882 370.853 1407.24 827.831 579.406 265.882 216.831 398.571 812.465 805.945 123.743 313.524 298.571 187.138 120.068 91.757 43.1766 33.7497
internal_count=22443 12933 9107 9510 3292 6218 3867 5240 449 333 263 3826 1781 2191 4791 2827 1964 861 1101 2045 3826 2756 702 1103 1057 921 658 561 131 99
is_linear=0
shrinkage=0.05


Tree=5
num_leaves=31
num_cat=0
split_feature=2 5 5 4 1 3 2 4 1 1 8 4 8 8 4 5 4 4 3 7 5 3 1 3 9 3 2 3 3 5
split_gain=161.545 72.1301 36.7171 32.6336 20.865 19.0031 16.4927 10.6873 10.6556 10.5141 13.4596 10.3977 9.9516 9.93916 12.5865 12.5723 9.74248 9.46573 9.0473 8.56436 9.92022 8.56215 8.55544 8.27002 8.80937 7.69188 7.62519 9.54417 8.31313 8.37817
threshold=-0.10604287301492084 0.81397808731048171 0.31374194897238045 -0.83715958460101891 0.4042002646679575 0.16172042822625798 0.37838605319544882 0.27390832603011772 0.29136407407954396 -0.078831908305471418 -1.2903412742352736 -0.65483466918053213 -1.5813238557362976 -0.98737531141553314 -0.38864217380240068 0.080491114658819293 -0.23727421472640917 -0.26746612839441258 1.2701267557806208 0.032107360055768745 -0.073240113708638366 0.19193855201983875 0.039806370193983441 1.7520896561710113 -1.5255790829289297 2.0387408558275011 1.3380662538354182 1.0241579817640123 0.33301900365709564 -0.71275116264782412
decision_type=2 2 2 2 2 2 2 2 2 2 2 2 2 2 2 2 2 2 2 2 2 2 2 2 2 2 2 2 2 2
left_child=2 3 5 23 6 9 7 8 18 10 12 -3 -1 14 -6 -16 17 25 -5 -15 -21 -17 -11 24 -2 -7 27 28 -26 -30
right_child=1 11 -4 4 13 16 -8 -9 -10 22 -12 -13 -14 19 15 21 -18 -19 -20 20 -22 -23 -24 -25 26 -27 -28 -29 29 -31
leaf_value=-0.0020802541957544124 0.047772499090260281 0.0020100243860758852 -0.02911859373452488 0.001997969437532293 -0.030000684368994154 -0.013216237909522442 0.012371895412167412 -0.011981147138158147 0.041201315532163635 -0.038874736421535654 -0.001378176190925435 -0.019675038723557123 0.054792662157489173 0.0041711564100420633 0.049123304539020307 0.019136751058863227 -0.024745490226559683 0.051164803403972815 0.031758123734202531 -0.005414516062074614 -0.02701384527579645 -0.069780772642399555 -0.0084303376353311778 -0.031314210676700142 0.019892101280721136 0.056408693249569798 -0.0049086405776165055 0.051454795295938618 0.02496554477278283 -0.0095752848661730932
leaf_weight=12.546581186354159 25.113715633749962 69.16026940010488 345.74824117450044 483.23896667361259 11.432706665247677 100.17898739874363 940.88058348558843 112.97039122227579 19.532188393175602 25.858948405832052 260.02757733501494 275.4056229935959 19.877786636352539 98.923741029575467 26.165110189467669 7.4352273717522603 235.81006446108222 6.6274380609393111 26.963027067482471 142.87571762688458 84.658088834956288 4.2577325515449047 214.45184123236686 8.3667586017400009 549.16624137759209 4.1303779892623416 35.603139219805598 21.703488383442163 26.872614037245512 50.637464727740735
leaf_count=48 77 378 2686 2307 46 679 3782 664 83 177 1789 1922 75 535 81 27 1847 37 125 684 473 21 1418 36 1897 19 146 79 96 209
internal_value=5.36262e-11 0.00621022 -0.0153138 0.00898197 0.00564125 -0.00988689 0.0081546 0.00198074 0.00495823 -0.00395761 0.0024096 -0.0153225 0.0327857 -0.00495122 0.0159767 0.0298614 -0.018997 -0.00677781 0.00357073 -0.00811106 -0.0134509 -0.0132406 -0.0117063 0.0181052 0.0186883 -0.0104593 0.0176204 0.0188575 0.0177286 0.00239996
internal_weight=4246.62 3021.36 1225.26 2676.8 1959.33 879.51 1583.59 642.705 529.734 532.763 292.452 344.566 32.4244 375.748 49.2908 37.8581 346.747 110.937 510.202 326.458 227.534 11.693 240.311 717.463 709.097 104.309 683.983 648.38 626.676 77.5101
internal_count=22443 13668 8775 11368 8828 6089 6961 3179 2515 3507 1912 2300 123 1867 175 129 2582 735 2432 1692 1157 48 1595 2540 2504 698 2427 2281 2202 305
is_linear=0
shrinkage=0.05


Tree=6
num_leaves=31
num_cat=0
split_feature=6 0 0 2 2 0 6 4 0 2 6 4 1 8 4 10 4 8 6 5 1 1 6 1 10 10 5 8 6 8
split_gain=261.055 67.3664 33.0056 21.8257 16.5281 14.6758 13.8352 13.4136 10.9287 10.4408 10.3683 10.3626 10.2218 10.1126 10.1156 9.94223 14.3755 9.79946 12.5401 9.43247 8.98978 8.4693 8.3446 10.1691 8.01859 9.07975 7.99535 13.5275 7.87818 7.78479
threshold=-0.35821671465847055 0.18515106457555519 -0.34160326358570903 -0.47422954567986347 -0.12521908552619007 -0.7552496114182391 1.6075078608482938 -1.0458589984701485 -1.170688943001047 0.55754675736846904 0.17812668322600314 -0.044433359359187748 1.0068124437200539 -1.3143869339639751 -0.59077019583243684 -0.035299231301592085 -1.565343055627592 0.84108242334394945 -1.5499643311465767 0.46873441955289763 -1.1053162371561924 -0.28116470033526747 -1.4120401145327877 -0.22097459483898407 -0.49818096608243262 -0.66465653221755427 -0.03521350169996814 -0.65763956484845287 -0.6357103725213179 0.38478049917100937
decision_type=2 2 2 2 2 2 2 2 2 2 2 2 2 2 2 2 2 2 2 2 2 2 2 2 2 2 2 2 2 2
left_child=2 3 4 -2 20 9 13 12 24 11 -9 -5 -3 14 -7 21 -17 -10 -19 22 -1 -15 -4 -24 25 28 27 -12 -6 -30
right_child=1 7 19 5 8 6 -8 10 17 -11 26 -13 -14 15 -16 16 -18 18 -20 -21 -22 -23 23 -25 -26 -27 -28 -29 29 -31
leaf_value=-0.021033495498816213 -0.020700765962080057 0.016463793813924977 0.029232793521515466 0.0052519987163260982 0.026710165879475264 -0.017747663901090706 -0.049440026954038922 -0.012719975230722887 0.017200934263778656 0.019619731433246652 0.00084471122547593929 -0.036364751807795311 -0.036097181398832799 -0.010576069880626402 0.040662529440730871 0.053491324332806581 -0.012769298687102885 0.061466011643882136 -0.016062296517563447 -0.014958012057328079 0.0078440844963461702 0.0047778199234766675 -0.0020608364237935722 0.017528671645222253 0.031944406129585143 -0.023306567778236028 -0.031283013714358425 -0.026455374602376142 0.019337400700290046 -0.065120216022532068
leaf_weight=32.693396843969822 182.2414332088083 35.614591525867581 31.661848863586783 82.952035831287503 74.327249616384506 10.775519642978905 17.141405012458563 155.57840386498719 943.26957750506699 118.39578177966177 59.428936578333378 18.248530633747578 12.495349045842884 130.05828037112951 23.748939583078027 8.3777192793786508 356.96515630744398 5.9761056676506987 40.995527409017086 72.842451845295727 153.42586062289774 290.268235986121 285.03879510611296 86.308135254308581 223.20418777130544 13.474297143518923 418.38134063966572 191.89832368213683 6.077988784760235 4.9508348405361176
leaf_count=263 1486 196 116 364 210 42 87 1285 3443 439 354 101 69 738 85 24 1847 20 200 590 983 1464 1843 427 627 43 3420 1631 27 19
internal_value=1.39923e-11 -0.0122163 0.0130722 -0.00472034 0.0167154 -0.00196492 -0.00498216 -0.0228515 0.0186931 0.00954002 -0.0243476 -0.00225235 0.0028124 -0.00405302 0.022432 -0.00521685 -0.0112499 0.016091 -0.00619853 0.00160015 0.0027715 2.69883e-05 0.00459298 0.00249214 0.0266944 0.0148374 -0.0270487 -0.02 0.0208588 -0.0185756
internal_weight=4086.82 2112.57 1974.25 1239.17 1498.4 1056.93 837.335 873.397 1312.28 219.596 825.287 101.201 48.1099 820.194 34.5245 785.669 365.343 990.241 46.9716 475.851 186.119 420.327 403.009 371.347 322.035 98.8304 669.709 251.327 85.3561 11.0288
internal_count=22443 13632 8811 6677 5835 5191 4287 6955 4589 904 6690 465 265 4200 127 4073 1871 3663 220 2976 1246 2202 2386 2270 926 299 5405 1985 256 46
is_linear=0
shrinkage=0.05


Tree=7
num_leaves=31
num_cat=0
split_feature=6 6 6 4 2 1 2 7 1 4 2 2 4 9 10 3 10 3 3 6 1 3 1 9 3 2 3 2 1 7
split_gain=235.95 45.5863 26.5818 21.7189 17.5651 16.9722 16.6625 13.0893 11.62 11.4437 14.2539 11.2174 11.0705 10.2163 9.70741 9.59587 8.86527 7.66201 7.62615 7.38089 7.29901 7.27794 7.16568 14.0674 7.76412 6.92537 7.03589 6.88632 7.96136 7.29971
threshold=-0.35821671465847055 0.50718055220132752 -0.89760042882273905 0.47247265949162798 -0.29326522847287623 -0.28818353350812986 0.095264903269214454 0.32620120416421877 1.0544402120541281 -0.965711926198625 0.77696430505842273 0.75654650618143116 -0.27470895757757513 0.89428827868336935 -0.52034705075873344 0.1298776542273464 1.3275668463981389 0.28725735187364232 0.62188706308111852 0.30691683183208779 -0.33828359390000201 -0.17292148466808352 -0.78135005470406504 0.57074415282132251 -1.3318529723493475 0.32104240821433994 -0.61100579416291978 -0.07944638692011971 -0.96678399269341997 -0.17239194670288499
decision_type=2 2 2 2 2 2 2 2 2 2 2 2 2 2 2 2 2 2 2 2 2 2 2 2 2 2 2 2 2 2
left_child=2 6 4 11 21 12 -2 8 15 -7 13 -3 27 14 17 19 -12 25 -19 -8 -9 -1 -6 24 -24 -11 -27 -4 29 -29
right_child=1 3 5 -5 22 9 7 20 -10 10 16 -13 -14 -15 -16 -17 -18 18 -20 -21 -22 -23 23 -25 -26 26 -28 28 -30 -31
leaf_value=0.011819232887038107 -0.012766693623718645 -0.017408390544098148 -0.0066484191769547174 -0.029221202613467445 0.016912519289905541 0.032392507639899107 -0.00078129642394515135 -0.0060852964464449648 0.019998289413929362 -0.00072754656253884561 0.037781461204292162 0.0012685709048924387 -0.0063310383547826579 -0.034643514525902259 0.016367963303019772 -0.020713381076550203 -0.03127096839442766 0.0593013623615566 -0.013081443009224761 -0.032990605248065609 0.011790964337315583 -0.017188410418079125 0.00082079077473777215 -0.0035665799396839577 0.031725740874076085 -0.0021246880016465592 -0.060643448364342115 -0.020139100616735101 0.012892209465192339 0.019644097067190988
leaf_weight=43.281129568815231 464.65806698380038 368.00056733563542 75.961696872487664 395.54343731794506 462.95642916485667 82.12039096839726 216.46284722350538 76.37918340973556 37.344899291172624 27.891739435493946 55.931386306881905 102.86468572262675 235.07126815710217 15.463811263442038 115.59860395640135 121.73204847984016 5.0693655088543883 7.464489132165907 7.1003691479563713 19.378612946718931 226.24576284736395 43.212428770959377 21.799611285328865 35.423272170126438 299.91774635016918 8.2971055619418639 13.484295468777416 37.376163888722658 317.58718383684754 16.67449064552784
leaf_count=306 3743 2390 571 3293 1832 292 1129 398 182 152 210 539 1497 81 548 825 24 25 38 125 1008 349 87 137 1027 25 58 183 1296 73
internal_value=-1.39574e-11 -0.0119029 0.0125261 -0.0205839 0.0187573 0.00699369 -0.00543139 -0.000545079 -0.0065408 0.0161492 0.0109448 -0.0133282 0.00245501 0.00435487 0.00770827 -0.00931254 0.032043 -0.00787515 0.0240147 -0.00342787 0.00727919 -0.00267307 0.0210175 0.0263388 0.0296316 -0.0172257 -0.0383521 0.00706928 0.00987314 -0.00786608
internal_weight=3956.29 2028.61 1927.68 866.409 906.591 1021.09 1162.2 697.543 394.918 338.422 256.301 470.865 682.671 195.3 179.837 357.574 61.0008 64.238 14.5649 235.841 302.625 86.4936 820.097 357.141 321.717 49.6731 21.7814 447.6 371.638 54.0507
internal_count=22443 13632 8811 6222 3738 5073 7410 3667 2261 1453 1161 2929 3620 927 846 2079 234 298 63 1254 1406 655 3083 1251 1114 235 83 2123 1552 256
is_linear=0
shrinkage=0.05


Tree=8
num_leaves=31
num_cat=0
split_feature=6 6 0 0 3 9 6 7 5 4 3 6 0 5 4 7 8 7 0 4 4 6 0 5 0 0 7 9 4 4
split_gain=218.932 49.9492 48.165 16.5648 14.465 12.3816 11.8949 11.7425 9.49613 8.56691 8.36696 7.62761 7.582 7.78715 7.61939 7.37227 6.66472 8.39004 6.63057 6.49589 6.48057 7.5251 6.50529 6.28065 6.22924 9.67796 11.1616 7.60474 7.58427 8.07559
threshold=-0.036997220318890418 -0.66713678119101893 0.035963512690687753 -0.40830847677633436 -0.52300605583801218 0.1332030250429784 -1.4120401145327877 0.021582026450275266 0.31374194897238045 0.45782487471071548 -1.0040307173301464 0.18897343634325545 0.13401223388987227 1.1719145790216865 -1.5146178307337732 -1.6505617927888547 -0.84060628247293956 1.7783124618639541 0.32373077606870188 -1.1618852661633647 -1.0019203455901262 -0.34945209673978456 0.27168430141533323 0.12731931185155929 0.089891810066805022 -0.26537353614444797 -0.73082822341042009 -0.29639287269731868 -0.4925265230501838 -0.97744385565315328
decision_type=2 2 2 2 2 2 2 2 2 2 2 2 2 2 2 2 2 2 2 2 2 2 2 2 2 2 2 2 2 2
left_child=1 3 5 -1 -3 -2 -5 18 11 10 -7 -4 13 14 -9 -8 17 23 24 -14 -21 -22 -23 -13 25 26 -6 -26 29 -28
right_child=2 4 8 6 7 9 15 12 -10 -11 -12 16 19 -15 -16 -17 -18 -19 -20 20 21 22 -24 -25 27 -27 28 -29 -30 -31
leaf_value=0.018981273773496052 -0.012726724267909648 0.0092499943076792702 -0.0029735624079220823 0.030654798158929922 -0.019017485848940297 -0.01121308926304559 -0.037565463938081287 0.066041163200022471 -0.029013833858985538 -0.016798220281365558 0.0089110798910573916 0.0053963906505022294 -0.085519614906812147 -0.047809794688189661 0.0082617683192234316 0.0032723612521039025 -0.02426568013625028 -0.046264162067750379 -0.028400845158706237 0.055484452464442328 -0.039664013797438898 -0.048315499209236647 0.014444805307637476 -0.038049606232126561 0.026551951086109155 -0.021704281172855642 -0.013077876619620416 -0.027624184134897485 -0.0071651901858563729 0.023623991094770879
leaf_weight=1012.1887289090082 280.58947703428566 381.09283853042871 69.191473612561822 40.288572397083044 73.193518610671163 65.874570189975202 11.587602360174058 5.8473867997527114 372.83467084728181 55.454964498057961 239.19686844013631 56.633077245205641 2.9071329310536376 6.0416568629443637 235.58806492015719 238.80982686206698 311.69286885857582 12.094809329137204 37.758901476860046 3.6506719142198554 17.215498121455308 5.0862560719251695 21.936648331582546 9.7507249489426595 26.930444542318583 97.847639301791787 19.616085797548294 8.5289612635970098 72.463090669363737 63.522862885147333
leaf_count=3909 1614 2006 588 165 434 375 98 18 3311 388 1170 317 18 49 1179 1524 2647 64 357 12 110 49 161 60 186 738 90 83 442 281
internal_value=3.93984e-11 0.00937037 -0.0151503 0.01596 0.00141521 -0.00485043 0.0054396 -0.00286158 -0.0230853 0.00127952 0.00456564 -0.0182734 0.00464648 0.0082581 0.00966114 0.00138252 -0.0209867 -0.00796336 -0.00846215 -0.0129492 -0.0085438 -0.0138276 0.00263205 -0.000985135 -0.00638301 -0.00854374 -0.00291545 0.0135211 0.00465878 0.0149644
internal_weight=3855.42 2382.1 1473.31 1302.87 1079.23 641.116 290.686 698.135 832.198 360.526 305.071 459.363 298.273 247.477 241.435 250.397 390.171 78.4786 399.862 50.7962 47.8891 44.2384 27.0229 66.3838 362.103 326.643 228.796 35.4594 155.602 83.1389
internal_count=22443 11909 10534 5696 6213 3547 1787 4207 6987 1933 1545 3676 1596 1246 1197 1622 3088 441 2611 350 332 320 210 377 2254 1985 1247 269 813 371
is_linear=0
shrinkage=0.05


Tree=9
num_leaves=31
num_cat=0
split_feature=6 0 0 0 7 6 6 0 5 1 1 6 7 9 6 0 5 9 7 9 3 7 3 8 7 3 1 1 5 5
split_gain=205.476 50.9387 20.7678 17.697 10.3852 9.57913 9.39043 11.7103 9.32839 9.25732 8.5799 13.1971 10.9281 13.6535 9.18612 9.17581 8.33169 7.85317 7.73789 7.4641 7.35574 8.65361 7.21273 7.47596 7.13891 7.491 7.08152 9.36577 7.10912 16.2925
threshold=-0.35821671465847055 0.44004626120557405 -0.39510173052873415 -0.7552496114182391 -1.6505617927888547 1.6873894289259683 -0.83696101393445776 -1.536622594027343 0.0081331354196280282 0.22311888934736038 -0.29499595087350788 -0.036997220318890418 0.54168173112084417 1.812229134393738 0.63904802567514685 0.41136207267085728 1.3354456421388881 -0.020500506704689243 1.4265224873177413 -0.49079143800526098 1.0000000180025095e-35 -0.61285984340516086 -0.10530426248758844 0.57813438266739547 0.4416331789126357 -1.0040307173301464 -0.65092007562357301 -0.036396847938300218 -0.080431012447856706 -0.11068775643409752
decision_type=2 2 2 2 2 2 2 2 2 2 2 2 2 2 2 2 2 2 2 2 2 2 2 2 2 2 2 2 2 2
left_child=2 3 6 19 -4 -3 26 -8 20 -9 14 16 -13 15 -5 -14 24 -16 -15 22 21 -6 23 -2 25 -12 28 -28 29 -1
right_child=1 5 4 10 8 -7 7 9 -10 -11 11 12 13 18 17 -17 -18 -19 -20 -21 -22 -23 -24 -25 -26 -27 27 -29 -30 -31
leaf_value=0.016923409962093142 -0.022518330565279996 -0.019905958263229152 -0.033152210753723321 -0.013414856544645144 0.0016153330814174989 -0.034731484409334344 0.038551385266494986 0.0054625925352247834 -0.0044303753889348525 0.026045417660237987 -0.023822168243778131 -0.01666402508724061 -0.0013472530595184072 -0.013430729678195542 -0.068816389534845521 0.053998342650773579 -0.054711450908814158 -0.0028051794216728365 -0.068934957663399229 0.01030002000184789 0.0009692243050013835 0.024628453951914864 -0.059988804263618023 0.040677633056402297 0.023005920022473897 0.0064510550711048085 0.029454710418065029 0.0060893845687738039 0.006141895893003466 0.074787794393718979
leaf_weight=366.67912862077355 14.706668399274355 474.48193213064224 18.83950169198215 269.00681556388736 63.098034391179681 141.43141943402588 33.576545502990484 435.55667643342167 178.63547231256962 62.462064672261477 24.658619606867433 283.90089728496969 270.66039587091655 14.135314591228964 14.215625049546363 7.7020072899758807 5.6331602428108445 6.5961973611265412 11.298303466290234 197.81454722769558 132.41643174923956 115.85092322528362 7.2723048999905577 6.8640045132488003 51.185561984777451 119.28589885309339 224.72713566944003 53.004043571650982 155.27664486132562 12.582246143370865
leaf_count=1417 79 4299 178 1907 407 1136 126 2020 1273 237 150 2086 1592 82 79 36 47 41 80 956 866 612 47 28 255 732 769 202 670 34
internal_value=-1.62093e-11 -0.0114586 0.0118801 -0.00586472 0.00327706 -0.0233103 0.0151375 0.00997101 0.00467769 0.00804411 -0.00853431 -0.00583024 -0.00961104 -0.00301995 -0.0158908 0.000184104 0.00523737 -0.0478945 -0.0380872 0.00683533 0.00990314 0.0165139 -0.0169267 -0.00240874 0.00696801 0.00126506 0.0185187 0.0249955 0.0151536 0.0188431
internal_weight=3773.55 1920.85 1852.7 1304.94 508.84 615.913 1343.86 531.595 490.001 498.019 1078.28 788.46 587.697 303.796 289.819 278.362 200.763 20.8118 25.4336 226.658 311.365 178.949 28.843 21.5707 195.13 143.945 812.269 277.731 534.538 379.261
internal_count=22443 13632 8811 8197 3336 5435 5475 2383 3158 2257 7087 5060 3876 1790 2027 1628 1184 120 162 1110 1885 1019 154 107 1137 882 3092 971 2121 1451
is_linear=0
shrinkage=0.05


Tree=10
num_leaves=31
num_cat=0
split_feature=6 6 0 0 4 0 0 9 10 10 10 5 7 7 4 4 8 4 6 7 10 5 9 8 0 8 9 5 6 9
split_gain=187.125 48.7651 34.9827 13.0436 10.8473 9.88629 8.66247 8.3002 8.94755 9.3851 7.48071 7.40169 6.85762 7.33193 6.72858 6.44049 6.3037 6.09398 6.09256 6.09194 6.16546 9.67756 8.07829 6.43234 12.0543 6.061 5.97255 12.5232 10.1102 8.10676
threshold=0.10632227521035074 -0.66713678119101893 0.035963512690687753 1.077277110965158 -0.91920074409678276 -0.83150710219376711 -0.34851796334657703 0.47910798887163064 -0.74818341170014302 1.2193844740469839 2.1274916659819323 -0.77012598719735526 -0.15177823202850368 1.6843894740412788 -1.0620983589252353 -0.89706366996103581 -1.3143869339639751 2.8391662240148188 0.96418498211689874 -0.88036206761826974 -1.051329411153622 -0.017061712539703688 -1.0000000180025095e-35 0.19192691787642011 -0.5872398178937287 2.5710925962633087 -0.32838952477684275 0.52271359153280428 -1.5899697319010146 0.85272761714615697
decision_type=2 2 2 2 2 2 2 2 2 2 2 2 2 2 2 2 2 2 2 2 2 2 2 2 2 2 2 2 2 2
left_child=1 3 7 5 12 10 19 15 -9 16 25 18 -3 -14 -4 -2 -10 -16 -11 -6 21 23 -23 24 -21 -1 28 29 -7 -28
right_child=2 4 14 -5 6 26 -8 8 9 11 -12 -13 13 -15 17 -17 -18 -19 -20 20 -22 22 -24 -25 -26 -27 27 -29 -30 -31
leaf_value=0.018741681570933432 0.0068542443626312486 -5.861127724918294e-05 -0.0012215053351094388 -0.058706700007550863 -0.009162799279828238 0.032935823019778453 -0.0061364959264087384 -0.018300988776874621 0.053784284575219644 -0.015537945815472626 0.075091777259713041 -0.02528501557816272 0.020022355608776687 -0.047375231057967947 -0.023367969616031704 -0.015094198744619669 0.010713607869093826 -0.054131682272260118 0.043117615766454877 -0.014210600439872604 0.0032113519366002946 -0.036935807151801434 0.041027658403815163 0.062415378941021039 0.050432985386057054 0.059040555591486334 0.025985327383558299 -0.024286982147090488 0.0062117134832632998 -0.0051167671577559493
leaf_weight=539.07434786856174 39.413911828771234 88.630549643188715 33.701567030511796 6.0225895829498759 82.950186369940639 38.287614054977894 503.9912317506969 45.792779078707099 9.1631593331694585 8.6049518957734126 6.1054655015468589 33.64987856335938 128.45949469227344 4.1661130525171748 678.0643053734675 219.90727893635631 116.53353408444673 16.489163937047124 9.1183992065489274 13.555906239897011 351.15138744935393 10.747611623257397 4.8094102069735518 13.087444253265856 15.409005139023067 9.4946939758956415 163.26681854296476 15.853752348572014 467.78783702291548 24.035495939664543
leaf_count=1902 193 496 219 45 496 168 3866 274 38 46 16 202 582 15 6045 1372 626 153 46 66 1812 64 26 43 67 33 726 120 2569 117
internal_value=-7.45123e-11 0.00784757 -0.0161231 0.0147016 0.000695226 0.0150514 -0.00153001 -0.00567682 0.00139951 0.00649433 0.0200518 -0.0115114 0.0107093 0.0179052 -0.0230396 -0.0117583 0.0138534 -0.0240983 0.0146395 0.00319152 0.00569859 0.0208593 -0.0128336 0.0333238 0.0201791 0.0194392 0.0111407 0.0183825 0.00823355 0.0219942
internal_weight=3697.33 2486.89 1210.44 1269.93 1216.96 1263.91 995.702 482.184 222.863 177.07 554.675 51.3732 221.256 132.626 728.255 259.321 125.697 694.553 17.7234 491.711 408.761 57.6094 15.557 42.0524 28.9649 548.569 709.232 203.156 506.075 187.302
internal_count=22443 13229 9214 5696 7533 5651 6440 2797 1232 958 1951 294 1093 597 6417 1565 664 6198 92 2574 2078 266 90 176 133 1935 3700 963 2737 843
is_linear=0
shrinkage=0.05


Tree=11
num_leaves=31
num_cat=0
split_feature=6 6 2 2 6 5 5 4 5 8 4 6 1 5 1 4 3 2 10 1 10 10 1 6 3 1 2 8 6 5
split_gain=174.681 33.396 25.9194 16.6379 14.8668 13.3854 10.8084 9.67178 8.8136 8.5267 8.37123 8.1115 7.57215 8.02735 7.00247 8.6243 6.94171 6.44514 8.56908 11.0003 6.28503 6.27707 7.71289 6.25771 8.1482 6.22912 6.55437 6.19328 6.15363 6.11413
threshold=-0.30077077850553857 1.0842644727775961 0.063892697041416702 -0.42507208096251853 -0.99249769760833906 0.63109406437670679 -0.087798233362051156 0.71343983044528059 -0.31915034936499204 -1.5813238557362976 -0.29115553972588426 0.48126713440923025 -0.58729007889100004 -0.5042484136618135 -0.28116470033526747 -0.4925265230501838 0.30965901939500012 0.74721653638339247 0.13064304921735381 0.19882073281890333 -1.0264019221152807 0.72135852505244846 1.7662428978245328 0.056794911120999582 -0.50608425698970505 -0.0093400850727406396 0.89103364395191875 1.2056817226554899 2.7868513883320749 -1.8618772631378639
decision_type=2 2 2 2 2 2 2 2 2 2 2 2 2 2 2 2 2 2 2 2 2 2 2 2 2 2 2 2 2 2
left_child=2 3 6 -2 8 12 -1 9 25 10 -5 -9 13 16 23 29 -6 -17 19 -19 -15 -20 -23 -11 -25 27 -27 -4 -3 -16
right_child=1 28 4 7 5 -7 -8 11 -10 14 -12 -13 -14 20 15 17 -18 18 21 -21 -22 22 -24 24 -26 26 -28 -29 -30 -31
leaf_value=0.005350425985841868 -0.018063942335972284 -0.022838015933110939 0.025052500014905998 -0.00010723128838076687 0.0024258607305792054 -0.010640166661116158 -0.011426670722148273 -0.0070403045353147455 0.013178826820794479 -0.0053092184421816152 0.077470147489636321 -0.033932274413037859 0.015308192069004568 -0.014800868617040759 -0.050912087980098969 -0.0098185792591310231 -0.026875095145272018 -0.0099102614913467342 -0.034743567394313883 0.037313536999234599 0.014699807770424482 0.013079142361368038 -0.051350685207418624 -0.051583148487288358 -0.013541981112513347 0.019914183652986972 -0.042571337921582388 0.050119116816862555 -0.058767129424650372 0.005909484492435199
leaf_weight=314.22817969694734 294.5182536249049 391.00037559308112 279.88776699081063 7.5182667151093483 62.466702327132225 73.749422716908157 138.22892416641116 66.863872362300754 256.33341840095818 147.96274681575596 6.470029750838874 48.294966585934162 497.01460390165448 20.481415797024965 4.8075400702655307 293.17185921687633 29.883579015731812 20.134758209809661 16.913746329024434 31.820409968495369 152.36081076785922 28.395838622003794 5.553397085517644 18.746488619595766 56.506202625110745 11.479570467025043 6.6151226013898841 27.020532164722681 12.291954776272176 310.39556498196907
leaf_count=2178 2982 3143 906 31 278 553 1148 558 1030 984 23 421 2127 119 28 2004 158 139 115 161 708 157 33 146 397 42 28 70 87 1689
internal_value=1.08784e-11 -0.011299 0.010644 -0.0075472 0.0139702 0.00969983 0.000224901 -0.00463492 0.0201111 -0.00297343 0.0357748 -0.0183182 0.0116679 0.00484532 -0.0035535 -0.00112859 -0.00705562 -0.00604096 0.00473039 0.0190124 0.011204 -0.00985828 0.00253975 -0.0112796 -0.0230186 0.0255786 -0.0029295 0.0272594 -0.0239331 0.00504283
internal_weight=3631.12 1761.37 1869.75 1358.07 1417.29 835.957 452.457 1063.56 581.336 948.397 13.9883 115.159 762.207 265.193 934.409 711.193 92.3503 395.99 102.818 51.9552 172.842 50.863 33.9492 223.215 75.2527 325.003 18.0947 306.908 403.292 315.203
internal_count=22443 13098 9345 9868 6019 3943 3326 6886 2076 5907 54 979 3390 1263 5853 4326 436 2609 605 300 827 305 190 1527 543 1046 70 976 3230 1717
is_linear=0
shrinkage=0.05


Tree=12
num_leaves=31
num_cat=0
split_feature=0 0 2 5 2 5 0 5 2 7 9 7 9 8 2 4 5 7 7 8 7 10 9 7 2 8 2 0 2 0
split_gain=140.417 35.3149 27.086 12.6647 12.4607 10.2268 9.52978 8.88462 11.1803 10.4155 8.52594 7.28892 9.3728 7.05333 8.48828 10.3584 7.04102 7.00089 6.86908 6.69414 6.40141 6.38397 13.0755 7.23139 5.85927 5.75425 5.68722 6.36526 13.9986 8.91948
threshold=-0.34851796334657703 0.44004626120557405 -0.07944638692011971 0.83682350628510715 0.063892697041416702 0.49550988407075119 1.8592515157236547 -0.92498092395308495 0.86449142389210165 1.5002813765023542 0.85272761714615697 -1.0005073064564696 0.062656491699147485 -0.65763956484845287 0.27276775390009594 -0.70551044146005815 0.29390269640851235 1.5244403244910678 -1.4040628865156581 -0.91835002615350081 1.7783124618639541 -0.78469207948627795 -0.19411174673837164 0.4720482839332692 -1.1476564746254605 2.8394380335945031 -0.044822176697219988 -1.6539311631276206 1.4145221806985486 -1.3631530950068782
decision_type=2 2 2 2 2 2 2 2 2 2 2 2 2 2 2 2 2 2 2 2 2 2 2 2 2 2 2 2 2 2
left_child=2 4 -1 7 10 13 -3 26 20 11 19 12 16 14 15 -6 18 -5 -10 21 -9 22 23 -2 -23 -8 -4 -28 29 -29
right_child=1 6 3 17 5 -7 25 8 9 -11 -12 -13 -14 -15 -16 -17 -18 -19 -20 -21 -22 24 -24 -25 -26 -27 27 28 -30 -31
leaf_value=-0.0045967056246104662 -0.0096858745052702585 -0.016729785880197991 0.072100076238737584 -0.0033895564323010437 0.067473524032271873 -0.012836364690073727 -0.036127261828618272 0.0092979488118917174 0.041800148463940409 0.064767911953834301 -0.029197957701620154 0.022885445367384849 -0.063155236085140273 -0.001089225548681698 0.004788354366546693 0.014150140018340028 -0.026486449219560851 -0.071606906805395762 0.00065914416840791247 -0.011934242214488574 -0.031871769866241705 -0.049994461342623309 -0.042630090391136216 0.063841673751767733 0.0010160570450544271 -0.0023594161549920587 0.038002144266514409 -0.0066956712659443796 -0.027827647767583615 0.025061439854361607
leaf_weight=290.24275285424665 4.3988393526524368 516.73558468744159 5.4700080044567576 83.634510058909655 13.308736115694044 126.9972092397511 108.7999898889102 965.58476977515966 17.765975758433338 12.643177032470701 57.50903407484293 194.48811967298388 4.9495270065963259 327.3892521597445 116.07201895024627 28.850222460925579 11.1315531283617 3.9380954280495635 23.65465679764748 300.42413812782615 9.5351509898900968 6.3693860806524745 5.3497222494333974 13.94437066093087 48.45692267245613 14.270780142396687 43.112422615289688 25.624132107943296 16.140035443007946 161.2439823821187
leaf_count=2313 42 4752 16 551 54 1030 1007 3927 65 39 489 716 25 2082 574 151 52 23 94 2883 50 52 37 49 307 137 138 93 71 624
internal_value=3.39069e-11 -0.0104496 0.00944172 0.0120223 -0.00480319 -0.000203663 -0.0197078 0.0131075 0.0113689 0.0204835 -0.0112592 0.0182616 0.00262233 0.00309998 0.0117677 0.0309833 0.00881746 -0.00645726 0.0183052 -0.00853681 0.00889537 0.00446218 0.0261498 0.0462092 -0.00491003 -0.0322117 0.0216743 0.0205536 0.0168481 0.0207068
internal_weight=3558.04 1688.88 1869.16 1578.92 1049.07 612.617 639.806 1491.34 1239.75 264.633 436.452 251.99 57.5017 485.62 158.231 42.159 52.5522 87.5726 41.4206 378.943 975.12 78.5192 23.6929 18.3432 54.8263 123.071 251.591 246.121 203.008 186.868
internal_count=22443 13646 8797 6484 7750 3891 5896 5910 4968 991 3859 952 236 2861 779 205 211 574 159 3370 3977 487 128 91 359 1144 942 926 788 717
is_linear=0
shrinkage=0.05


Tree=13
num_leaves=31
num_cat=0
split_feature=6 0 6 0 7 0 4 6 6 7 3 0 7 7 0 8 1 8 1 6 0 5 4 0 8 3 4 8 8 3
split_gain=155.302 38.9825 21.9347 13.5774 10.0921 10.1587 10.0038 9.68981 7.8538 11.2986 10.2453 9.81384 7.9017 7.68364 8.10596 14.7568 7.35381 7.21891 6.86398 10.7458 6.05853 6.01278 5.73427 5.72974 5.83742 6.51622 5.71708 6.19397 5.59645 6.79518
threshold=-0.35821671465847055 0.44004626120557405 -0.80468721026342671 -0.7552496114182391 -1.8480224477012985 -1.536622594027343 -0.59077019583243684 0.358341798402461 0.60978037090406001 -0.27283577345191135 1.1240467097659002 0.39927479245425163 1.398551925764288 -0.14152067615927119 -0.76600555515932112 0.041651034589465889 -0.36518875118311439 -0.94764543775444376 -0.77055135022728594 -1.1812838549733551 0.18515106457555519 -0.81732229509031284 1.5661516689861206 -1.8134208383922039 0.43966554784023232 -0.76691501441628984 0.39951764071547008 -1.1468440908664788 -0.61501270941472808 0.19193855201983875
decision_type=2 2 2 2 2 2 2 2 2 2 2 2 2 2 2 2 2 2 2 2 2 2 2 2 2 2 2 2 2 2
left_child=2 3 18 -2 21 -6 13 17 9 28 11 -10 -13 -7 15 -15 -16 -3 19 23 -18 -4 -8 24 25 -1 27 -25 -5 -30
right_child=1 7 4 8 5 6 22 -9 10 -11 -12 12 -14 14 16 -17 20 -19 -20 -21 -22 -23 -24 26 -26 -27 -28 -29 29 -31
leaf_value=0.053268741851521723 0.0061979933657474564 0.016288798893144087 0.021159969462287057 -0.031613923901942925 0.034096867493731732 0.0031379827173259132 -0.00059994133511624334 -0.024583993956029431 -0.022291582111782428 -0.0012959606591969432 0.012881920211046527 -0.0099870406280356296 0.072548404766107369 -0.01512204195086011 0.011030045922796397 0.059515434292521541 0.04294881397176372 -0.014730331064098802 0.020090930520409129 0.0029026132367883668 -0.0062528266747753636 -0.049577907814800648 -0.043389090980167008 -0.0088175667953679076 0.054315268655883459 -0.0095893095858909216 -0.0063558503262630467 0.019928473281635273 -0.0043790756220391394 -0.024668318180421686
leaf_weight=6.7239532023668316 210.15198682248592 23.768699577078223 3.879030060023072 39.962838323786855 29.060758374631405 167.21945906057954 376.84886559471488 449.67548453807831 195.0444883806631 527.49842796125449 27.503670992329717 6.9548942185938341 4.973678408190608 32.978364393115044 47.080715181306005 8.28646072745323 54.398873195052147 88.947055196389556 456.46610507648438 208.35744142532349 7.0698959417641154 13.318372422829269 7.9959390833973876 20.453182896599174 20.051049862056971 10.658760301768778 27.943629074841738 223.62968591041863 126.3401738088578 61.285997187718749
leaf_count=14 1110 149 28 315 112 908 2444 4272 1408 3552 184 55 15 146 253 32 211 1014 1904 1157 35 110 82 94 65 43 163 1010 982 576
internal_value=8.40368e-11 -0.0104361 0.0106766 -0.00534437 0.0042376 0.00512836 0.00392895 -0.0212981 -0.00779561 -0.00531339 -0.0157891 -0.0195991 0.0244265 0.0105057 0.0187294 -0.000133962 0.0259003 -0.00818924 0.015621 0.0116807 0.0372898 -0.0336223 -0.00148897 0.0175909 0.0359313 0.0147253 0.0150671 0.0175197 -0.0146249 -0.0110063
internal_weight=3484.53 1762.11 1722.42 1199.72 748.137 730.939 701.879 562.391 989.564 755.087 234.477 206.973 11.9286 317.034 149.814 41.2648 108.549 112.716 974.284 517.818 61.4688 17.1974 384.845 309.46 37.4338 17.3827 272.026 244.083 227.589 187.626
internal_count=22443 13632 8811 8197 4361 4223 4111 5435 7087 5425 1662 1478 70 1585 677 178 499 1163 4450 2546 246 138 2526 1389 122 57 1267 1104 1873 1558
is_linear=0
shrinkage=0.05


Tree=14
num_leaves=31
num_cat=0
split_feature=2 4 4 1 9 8 4 1 2 7 10 10 4 1 2 1 3 8 4 4 10 8 10 9 2 9 8 8 4 7
split_gain=87.9862 26.7301 15.8968 15.0902 9.89562 9.58916 14.2691 9.35805 8.75589 7.12737 7.02917 6.91964 7.78426 6.80128 8.42862 7.08306 6.77601 6.74914 7.99604 8.41257 6.54638 6.50096 6.49302 6.48331 6.83725 8.02769 6.56364 7.56677 6.88871 6.55341
threshold=-0.07944638692011971 -0.5767120992448056 0.63127357189873345 -0.052760862624213756 -1.435520157963267 -1.063307166063397 -0.33817169855183199 -1.5425643041088921 0.21724674399146413 1.3656725822342355 -1.5556419094105005 -0.25362197913731238 0.71343983044528059 -1.3723752995743379 0.85116349736790398 0.67751245848758856 0.030985649697558109 -0.77458785103937022 -0.33095276343103658 -0.21169313934705367 0.021070972454591459 -0.27209556925815731 -0.37317159248033843 -0.64352163400659979 0.48940245136748622 -0.70299680518849283 -0.42421243475078019 -0.34370302460402069 -0.48501442002331147 -0.64837969894908387
decision_type=2 2 2 2 2 2 2 2 2 2 2 2 2 2 2 2 2 2 2 2 2 2 2 2 2 2 2 2 2 2
left_child=2 4 16 8 -2 6 -5 -6 -3 -8 -9 12 22 14 -12 -15 -1 -10 23 -20 -4 -17 -7 24 25 -19 -25 28 -28 -26
right_child=1 3 20 5 7 11 9 10 17 -11 13 -13 -14 15 -16 21 -18 18 19 -21 -22 -23 -24 26 29 -27 27 -29 -30 -31
leaf_value=-0.0043410430884211178 0.033608216469115847 -0.0047310799592999633 -0.015025636514992514 -0.043099608529539493 0.035525572570440485 0.00014368065185038222 0.0057280118896686494 -0.01462925298250272 -0.003410596113864791 0.046197450034187765 0.0002546186972987833 -0.013250528725586611 -0.021415961821233863 0.012211005278600183 -0.075099977933448761 -0.012758773701621665 -0.014780540329257439 -0.010324299429566804 -0.012335341508016552 0.0084193245143433012 -0.02959272493569555 0.0098460020016589277 0.030661316286215747 0.025627612356968917 0.023533816061246021 0.054869950265187234 0.0065806869980153801 0.0076416500076396847 -0.077237307006690972 0.060096102728505588
leaf_weight=398.88153247837909 46.389929953962564 200.43419416807592 157.07339039584622 9.048727769404648 34.64265812933445 123.27628833800554 21.818637822754681 30.288516523316503 124.29620664846152 21.700276095420122 13.984095305204393 291.13719808124006 36.447133205831051 794.91163590503857 5.0513174831867209 58.423138236626983 254.68252105545253 17.305628936737779 57.640158671885729 319.23134216293693 151.52672919258475 69.815297091379762 20.299579678103328 44.263435259461403 27.083053268492222 6.4936432428658 4.4647237583994865 61.834711574018002 5.4358912631869298 22.386029783636332
leaf_count=3426 183 1348 1646 45 125 798 118 149 602 83 64 2070 336 3516 24 317 2436 110 327 1931 1531 365 109 187 114 24 19 330 31 79
internal_value=-2.73671e-11 0.00499984 -0.0128254 0.00050938 0.0110294 -0.00622589 0.0140291 0.00998938 0.00446894 0.0259077 0.0090797 -0.00848575 -0.000780046 0.00984187 -0.0197418 0.0104519 -0.00840913 0.00713972 0.00945604 0.00524503 -0.0221783 -0.00045233 0.00445844 0.0178411 0.029485 0.00746398 0.0104864 0.00114374 -0.0394392 0.0400792
internal_weight=3430.27 2468.1 962.164 1414.6 1053.51 523.728 52.5676 1007.12 890.869 43.5189 972.474 471.16 180.023 942.185 19.0354 923.15 653.564 690.435 566.139 376.872 308.6 128.238 143.576 189.267 73.2684 23.7993 115.999 71.7353 9.90062 49.4691
internal_count=22443 13404 9039 8661 4743 3559 246 4560 5102 201 4435 3313 1243 4286 88 4198 5862 3754 3152 2258 3177 682 907 894 327 134 567 380 50 193
is_linear=0
shrinkage=0.05


Tree=15
num_leaves=31
num_cat=0
split_feature=6 6 4 4 2 2 6 7 2 2 1 8 4 5 4 6 4 6 7 7 3 6 1 8 3 1 3 7 4 5
split_gain=145.385 39.1175 14.8996 12.2923 12.4584 11.9832 11.0351 9.3119 8.8584 8.5072 7.84132 9.10648 6.46841 5.41064 6.46675 9.82792 10.6771 9.0107 8.04609 8.02561 6.60422 6.52847 6.4829 7.3245 9.62507 6.44114 6.3477 6.31625 6.50133 5.32082
threshold=0.10632227521035074 -0.80468721026342671 0.51626363854120239 -1.0777374849656378 0.21724674399146413 -0.31345951268405264 0.047310581025076751 1.2332908701300422 0.82414931083466791 0.18828221799548064 -0.54619590943725815 -0.98737531141553314 0.29970021757445553 -0.92498092395308495 -0.37385565500942897 -1.9400066910025553 -0.45064613929915914 -0.89760042882273905 -1.1180769793973291 -1.3817926880001192 -1.1426496409862172 -1.4120401145327877 -0.89936764499372279 -0.039726691450966016 0.53166089101574021 -0.57987375924431506 -0.95145392859683564 -0.086880733824722833 0.74766123958445163 0.66536763975322344
decision_type=2 2 2 2 2 2 2 2 2 2 2 2 2 2 2 2 2 2 2 2 2 2 2 2 2 2 2 2 2 2
left_child=1 5 9 6 -5 7 8 -1 -3 -2 -11 12 -12 -7 15 -15 22 18 19 25 21 -20 23 24 -17 -16 -25 28 -19 -13
right_child=2 3 -4 4 -6 13 -8 -9 -10 10 11 29 -14 14 17 16 -18 27 20 -21 -22 -23 -24 26 -26 -27 -28 -29 -30 -31
leaf_value=0.0015407300334067458 -0.016284053989077021 0.016806897338277546 -0.022721484500117305 -0.0061972473344810144 0.0042687110275040361 0.025181779973326698 0.065801716583427247 -0.060598231765741695 -0.013926269582373495 -0.04164024729449977 0.0099509251899357332 -0.0037703733906517527 0.073028070089152033 0.05051586544505543 0.0027691070565473231 0.0052505509908260806 0.04248371747385643 0.0075746487659237617 0.031169964448021482 -0.02667457683279123 0.02064078820895034 -0.04533859624842513 0.019287405852470827 0.064574472069524519 -0.037533049628262476 0.072494273055578762 0.01486862150682469 -0.049087888940359765 -0.068955161203224147 -0.020068495444492788
leaf_weight=72.743135750293732 339.87937147682533 128.04912395775318 393.49812090862542 489.46371948113665 678.51179988635704 154.34937871899456 9.8261059746146184 6.5739275217056266 28.702222300693393 14.273073839023708 48.940704317763448 236.05293813347816 4.4324762001633635 22.452738508582115 19.124685922637585 96.604979500174522 36.66913178563118 22.205556416884068 4.3547550812363625 23.426788523793221 143.40638094209135 7.7511024475097638 254.78214284032583 7.6389102581888428 15.216512475162743 4.0060756914317599 40.354214234277606 9.8938178233802301 3.1714655254036179 63.562019363977015
leaf_count=701 2921 651 3958 4162 3783 578 38 47 145 110 232 1445 16 65 123 426 144 136 20 143 658 48 970 30 72 13 191 57 28 532
internal_value=1.23552e-11 0.0072061 -0.0149229 0.00169496 -0.00011726 0.0149913 0.0144015 -0.00360945 0.0111794 -0.0105833 -0.00530749 -0.00383838 0.0151893 0.0166961 0.0148542 0.0182293 0.0166228 0.00811768 0.0121879 -0.00604679 0.0176471 -0.0178167 0.0143356 0.0064412 -0.000571382 0.014845 0.0227801 -0.0152011 -0.00198958 -0.00722795
internal_weight=3379.92 2279.28 1100.64 1334.55 1167.98 944.726 166.577 79.3171 156.751 707.141 367.261 352.988 53.3732 865.409 711.059 473.719 451.266 237.341 202.07 46.5576 155.512 12.1059 414.597 159.815 111.821 23.1308 47.9931 35.2708 25.377 299.615
internal_count=22443 13229 9214 8779 7945 4450 834 748 796 5256 2335 2225 248 3702 3124 1898 1833 1226 1005 279 726 68 1689 719 498 136 221 221 164 1977
is_linear=0
shrinkage=0.05


Tree=16
num_leaves=31
num_cat=0
split_feature=6 0 6 0 1 3 6 0 4 10 6 8 4 7 6 10 1 10 0 7 0 6 0 3 6 3 1 8 0 7
split_gain=138.358 32.2332 16.8706 13.0923 8.93959 9.38371 8.65773 8.42539 7.73937 7.59024 6.43386 6.39077 6.72375 6.15204 7.86421 7.00546 8.82689 5.93278 5.84438 6.54209 6.38561 8.80897 7.82743 6.86798 5.8221 6.45907 6.52063 6.40993 5.7634 7.12366
threshold=-0.35821671465847055 0.44004626120557405 -0.83696101393445776 -0.7552496114182391 -0.58729007889100004 -0.35143205975191177 1.6873894289259683 -0.83150710219376711 1.390368259698324 -0.87335882145292754 -2.0928252479260441 2.8394380335945031 2.8391662240148188 0.31695786609493892 0.27194007757530908 1.4426151801155753 -0.33828359390000201 1.9035502179964303 -1.1974920835505818 -1.1316961755740806 -0.76600555515932112 -0.76372537296344112 0.2833557879489364 -1.1233838502783806 -0.23314028823950317 -0.69547430272051847 1.9806302958467099 0.17894400316562889 -0.79632771384957068 0.032107360055768745
decision_type=2 2 2 2 2 2 2 2 2 2 2 2 2 2 2 2 2 2 2 2 2 2 2 2 2 2 2 2 2 2
left_child=2 3 7 -2 5 -4 17 10 9 28 -1 -8 -13 14 -5 16 -15 -3 -11 -20 21 -21 -22 -24 -18 26 27 -26 -6 -30
right_child=1 6 4 13 8 -7 11 -9 -10 18 -12 12 -14 15 -16 -17 24 -19 19 20 22 -23 23 -25 25 -27 -28 -29 29 -31
leaf_value=0.045938056139236502 0.0061464713935928603 -0.015711473664235774 0.0087782793426059765 -0.0082168084834463046 -0.029828367940588421 -0.010813320548854637 -0.035731727541769544 0.010389150351859368 -0.041404799308296839 0.031279265158591051 0.01867839963244056 0.02592513974925191 -0.051844190155068186 -0.015059258495141501 -0.023546886086546301 -0.025017288083789016 0.028564470804764076 -0.052232675085200346 -0.0067232633028090974 0.052590300803560044 0.019396615705589461 -0.0074527494703267461 0.065470169524204661 -0.019948922475985079 -0.014819539992042953 0.0038777118517811836 -0.073275751736554304 0.022394917510836779 -0.010300597614248778 0.0206887091979766
leaf_weight=22.899231277406216 204.00670714303851 402.35472143255174 103.28572067897767 324.86137853283435 16.893346834927797 149.70739330444485 110.08241680450737 464.73071713093668 7.5945853758603326 37.260548805817962 395.41053007170558 8.8398219905793649 4.0538504961878052 106.74119975697249 112.67313275486231 37.000881919637322 18.575118457898498 11.436147801578043 47.962126821279526 6.8381696864962569 233.04717548564076 57.252815120853484 2.6437645107507732 21.411342076025903 71.321584550663829 255.04222150729038 4.108298782259225 13.811736531555651 45.120548216626048 31.485224787145853
leaf_count=74 1110 4197 627 2660 95 1110 1022 2534 75 150 1575 78 36 736 992 253 113 102 312 26 1334 287 13 163 475 1720 33 105 289 147
internal_value=-4.33531e-11 -0.0100682 0.0103216 -0.00533969 0.00486301 -0.00281495 -0.0201826 0.0150228 0.00869047 0.00945151 0.0201707 -0.0318308 0.00147398 -0.00782159 -0.0121646 -0.00407069 -0.00242026 -0.0167208 0.0124066 0.0105017 0.0130738 -0.00104647 0.0165937 -0.010561 0.00129772 -0.0001734 -0.011751 -0.00878199 -0.00339341 0.00243611
internal_weight=3328.45 1684.91 1643.54 1148.14 760.503 252.993 536.767 883.04 507.51 499.915 418.31 122.976 12.8937 944.136 437.535 506.601 469.6 413.791 406.416 369.155 321.193 64.091 257.102 24.0551 362.859 344.284 89.2416 85.1333 93.4991 76.6058
internal_count=22443 13632 8811 8197 4628 1737 5435 4183 2891 2816 1649 1136 114 7087 3652 3435 3182 4299 2285 2135 1823 313 1510 176 2446 2333 613 580 531 436
is_linear=0
shrinkage=0.05


Tree=17
num_leaves=31
num_cat=0
split_feature=0 0 2 0 1 2 8 7 5 3 4 5 4 5 3 4 5 4 3 4 7 3 7 7 2 5 3 1 1 2
split_gain=109.24 24.7132 22.1917 12.1052 10.129 9.06081 7.50368 7.6542 7.27595 10.5459 8.35393 11.1452 9.61987 8.6272 7.91206 7.17591 7.16891 6.77418 6.64077 6.47321 5.78851 7.04631 6.26109 6.73101 5.67208 5.66144 5.56111 5.778 7.6732 7.89189
threshold=-0.34851796334657703 1.168873169930116 -0.07944638692011971 -0.90087430900155907 2.2929574874362904 -0.15277109580941547 -0.91835002615350081 0.88799948744080381 -0.06617566370446254 0.1387102377033276 -0.73834454109678316 -0.22604850107357291 -0.85743196098014385 -0.18568927309354319 -0.39825977536878121 -1.2782676321096702 -0.31193832449800535 -1.0920072855878391 -0.48752308584307458 -1.0620983589252353 0.33678647641607745 -0.75581440408006129 -1.4534982567349328 -1.1964821288201608 0.61449792115879254 0.22355131447595913 -0.21483183507288445 1.2388753438771878 -1.1578012384830203 0.57560098346591337
decision_type=2 2 2 2 2 2 2 2 2 2 2 2 2 2 2 2 2 2 2 2 2 2 2 2 2 2 2 2 2 2
left_child=2 4 -1 8 5 6 7 -2 9 10 12 16 13 15 -13 18 -12 -11 -4 -7 21 -10 -23 -24 -20 -9 27 28 -17 -30
right_child=1 -3 3 -5 -6 19 -8 25 20 17 11 14 -14 -15 -16 26 -18 -19 24 -21 -22 22 23 -25 -26 -27 -28 -29 29 -31
leaf_value=-0.0047282526401825151 0.014262272380761646 -0.023823577408871217 0.046317789126654171 0.0074211774405091085 -0.046003009712541724 0.010035827954251101 -0.015756114012683873 -0.0035884816946297146 0.029446042192016478 0.0064275744275473293 0.0043706162213218115 0.011097298123079608 0.051300985977956459 -0.026336936495749464 0.065319205070035635 0.036580186297991826 -0.043228148787922915 0.039511039870862866 -0.036066003095274288 -0.0047319921735345192 -0.0099627579615462376 -0.036983297886225432 0.04146968902110218 0.002004480545596253 0.035673162132463562 -0.040769700251444212 0.039865163015971344 0.052226989518605244 0.0086152913155026385 -0.038692802328904839
leaf_weight=262.12997415289283 47.956413343548775 254.88678246038035 38.012435026466846 890.61715764272958 16.274628158658743 82.102164083626121 336.03318642824888 39.195639670826495 42.186256878077984 18.746000230312347 119.57154071889818 14.32400766015053 26.447266988456249 10.047262292355297 12.686839986592529 9.8861271888017637 8.4708678573369962 88.621263893321157 5.1491779610514623 771.34542381763458 35.924847338348627 8.2505272515118104 13.096365913748739 61.729180529713631 5.9266064688563347 13.85784739628434 13.220009267330168 5.424718312919139 19.089432567358017 16.379831165075302
leaf_count=2313 377 2640 119 4205 148 462 3869 252 172 72 471 61 90 42 34 33 42 313 27 5781 186 46 43 299 21 117 40 21 81 66
internal_value=1.90874e-12 -0.0095817 0.00866965 0.0110689 -0.00680379 -0.00630945 -0.0121641 -0.000214491 0.0167366 0.0202602 0.0155111 0.00737858 0.023941 0.0180646 0.036565 0.0220095 0.00122164 0.0337348 0.0363909 -0.00331132 0.00773023 0.0128045 0.00435391 0.00891189 0.00232133 -0.0133004 0.0109789 0.00345869 -0.00237423 -0.0132318
internal_weight=3287.59 1561.65 1725.94 1463.81 1306.77 1290.49 437.043 101.01 573.191 412.003 304.636 155.053 149.583 123.136 27.0108 113.088 128.042 107.367 49.0882 853.448 161.187 125.262 83.0761 74.8255 11.0758 53.0535 64.0001 50.7801 45.3554 35.4693
internal_count=22443 13646 8797 6484 11006 10858 4615 746 2279 1533 1148 608 540 450 95 408 513 385 167 6243 746 560 388 342 48 369 241 201 180 147
is_linear=0
shrinkage=0.05


Tree=18
num_leaves=31
num_cat=0
split_feature=6 0 6 6 0 9 1 6 6 7 5 9 9 8 4 6 7 8 8 4 8 7 6 1 1 1 5 7 0 6
split_gain=131.208 25.4541 17.6226 15.4886 10.3158 9.90238 9.14074 8.71463 6.92391 6.63099 6.46209 6.18445 7.41278 6.71765 6.54913 5.71955 5.63479 6.5788 8.5667 5.6335 5.63274 5.5038 5.45672 5.18868 6.15648 5.79882 16.4332 5.12681 6.05894 5.09642
threshold=-0.30077077850553857 0.025877377737732361 -0.66713678119101893 -0.10489579853388679 -1.0742951600600719 -0.17631143224386489 -0.58729007889100004 1.9124277942882553 0.52065481442065564 1.478146464510681 0.0081331354196280282 0.85272761714615697 -0.32838952477684275 0.52208491603965668 1.5661516689861206 1.5783970984583242 0.2777926023950662 -0.60628285095462886 -0.51170124820457941 0.61280938508441285 0.63939374887414091 1.7783124618639541 1.392426918408938 1.0285922562792333 -0.018225640575521212 0.20929760422921442 0.080491114658819293 1.2112447607903447 -0.016275741202737549 -1.5899697319010146
decision_type=2 2 2 2 2 2 2 2 2 2 2 2 2 2 2 2 2 2 2 2 2 2 2 2 2 2 2 2 2 2
left_child=2 5 4 9 -1 8 -4 19 -2 -3 16 12 14 23 21 -5 -8 -18 -19 -7 -15 29 -21 24 -14 26 -26 28 -10 -6
right_child=1 3 6 15 11 7 10 -9 27 -11 -12 -13 13 20 -16 -17 17 18 -20 22 -22 -23 -24 -25 25 -27 -28 -29 -30 -31
leaf_value=0.021543229743629964 -0.0086875990149956565 0.0016531308646884986 -0.0080616223021288264 -0.01655803653673207 0.023742372406631112 0.0027665623341149252 0.0058545105576141183 -0.053843058203702304 -0.049447293438126344 0.056295888905674676 -0.0033041978414876123 -0.010578431914891171 0.023911524496654932 -0.063084913811798343 -0.039129251726570703 -0.027499785353073056 0.034111855536441665 -0.050505815648131273 0.015698561703239133 -0.021100496356804877 0.0047992792343735354 0.069912029367791312 0.033141551805202424 0.064518358603548223 -0.076669996621820197 0.020589937070254395 0.050478334222455581 0.023461483184954515 0.016788135405665677 0.0071874687205241558
leaf_weight=288.17550168931484 250.88361549098045 56.907540394924581 149.62263992149383 567.84179538395256 51.119865337386727 444.906933382852 200.36455731838942 7.3490817192941895 24.822211269289255 6.1522791609168044 121.08123372728005 33.237656527198851 165.18088670168072 3.8688753098249462 7.1315709706395856 151.24558615731075 45.870591841638088 5.6684297770261756 35.413117645308375 42.92748087644577 14.540084920823572 3.6947084888815871 5.1980413049459449 6.9619393274188033 6.9311082810163516 11.691921480000017 4.0122647322714329 3.547860510647296 4.010526821017268 513.21261315979064
leaf_count=1166 1795 548 1144 5852 242 2750 1203 49 176 27 869 193 795 22 61 1429 201 34 198 381 88 19 45 24 41 54 17 21 25 2974
internal_value=6.35823e-11 -0.0103947 0.00975902 -0.0167758 0.0134036 -0.00402574 0.0025109 0.000203136 -0.011496 0.00698422 0.00638431 0.0105486 0.0114393 0.019403 0.0084875 -0.0188594 0.0104672 0.0210964 0.00656369 0.00100874 -0.00946744 0.00908532 -0.0152418 0.0221316 0.0205605 -0.0038939 -0.0300525 -0.0332552 -0.0402342 0.00868709
internal_weight=3233.57 1565.79 1667.78 782.147 1109.76 783.646 558.021 500.382 283.264 63.0598 408.398 821.583 788.346 213.187 575.159 719.087 287.317 86.9521 41.0815 493.032 18.409 568.027 48.1255 194.778 187.816 22.6353 10.9434 32.3806 28.8327 564.332
internal_count=22443 13098 9345 7856 5696 5242 3649 3225 2017 575 2505 4530 4337 1041 3296 7281 1636 433 232 3176 110 3235 426 931 907 112 58 222 201 3216
is_linear=0
shrinkage=0.05


Tree=19
num_leaves=31
num_cat=0
split_feature=6 6 6 5 6 3 9 7 1 9 7 1 10 10 9 1 10 9 1 3 9 10 7 6 4 5 6 1 10 7
split_gain=122.431 26.7593 14.9109 10.356 8.38958 8.25908 8.14208 8.08146 7.67794 7.58462 7.07594 6.57011 6.40916 6.36223 6.00369 6.306 5.60501 12.1772 5.49878 5.29623 9.76423 7.49203 6.8834 7.97688 6.06992 5.67173 5.10522 5.03856 4.65449 4.6487
threshold=-0.35821671465847055 1.0176800714774992 -0.8592679981425364 0.29390269640851235 0.10632227521035074 -1.7250806936600436 0.4640497081258293 1.0000000180025095e-35 0.22311888934736038 0.85272761714615697 0.31695786609493892 -0.82392807644601551 1.4199128169044588 0.085058049886601081 0.16991317864165995 -0.27501385703210462 -1.216065115783395 -0.35592761535843404 1.2099400931173012 0.34416735112356028 -0.36791107045784638 -0.93710161561805883 0.68332790297720514 -0.61853964784994842 0.78246689507295608 -1.082442419576626 2.7868513883320749 1.2388753438771878 -0.1411129250473008 -0.19361224911878649
decision_type=2 2 2 2 2 2 2 2 2 2 2 2 2 2 2 2 2 2 2 2 2 2 2 2 2 2 2 2 2 2
left_child=2 4 -1 5 7 -4 10 27 12 -10 18 -9 19 -11 15 -12 17 -13 28 22 -21 -22 23 24 25 -7 -3 -2 -6 -5
right_child=1 26 3 29 6 8 -8 11 9 13 14 16 -14 -15 -16 -17 -18 -19 -20 20 21 -23 -24 -25 -26 -27 -28 -29 -30 -31
leaf_value=0.014629953551084452 -0.0089602198320051629 -0.020371296655863132 0.044772497150325587 -0.015708921910766407 -0.015274332977095585 -0.016351742397156303 -0.0028252054825686594 -0.032617430677749214 0.030648992098185834 0.026783807379889175 -0.019678249286381094 -0.031892236006334042 -0.023818298816978643 -0.046711644751771995 -0.024608899933183645 0.0020838093690170086 0.0033398740565991174 0.046507473228698762 0.0093175081612613016 -0.01540213077133196 -0.028068495730601037 0.022700814354837243 0.026157938184248993 -0.0012458749232608785 -0.048915600505787887 0.017567568710747852 -0.057721961821486582 0.026968841142772839 -0.031207547524598922 0.0032411054673598307
leaf_weight=813.2195594785735 276.90546146035194 369.12568521453068 14.577412612736223 77.350155796855688 89.761244627647102 13.343325000256298 248.34664302598685 11.696722506545482 54.488862853497267 5.3808564953505975 45.458142247051001 6.5532215200364616 18.953834064304829 6.5036937184631824 43.250490522012115 124.34497896023095 255.25582206062973 20.281976070255041 13.799708001315592 70.558938326314092 8.8557939380407316 40.496083336882293 48.53075050516054 182.59655078221112 3.7980428859591475 161.37283848039806 9.3811797117814404 10.114283092319964 93.665412396192551 55.645048683974892
leaf_count=4005 2347 3407 65 662 954 79 1946 100 233 26 365 62 152 42 371 964 1739 100 103 537 59 224 226 1147 39 891 87 70 1017 424
internal_value=-1.56454e-11 -0.0096611 0.00992027 0.004897 -0.00610765 0.00757552 -0.00997065 -0.00172706 0.00669367 0.0227554 -0.0142959 0.00410253 0.00475008 -0.0134358 -0.00797814 -0.00374213 0.0056251 0.0273621 -0.0211206 0.00577261 -0.00346952 0.0135907 0.00847797 0.00610191 0.0136177 0.0149771 -0.021297 -0.00769412 -0.0234105 -0.00778025
internal_weight=3193.61 1617.94 1575.67 762.452 1239.43 629.457 658.627 580.807 614.88 66.3734 410.28 293.788 548.506 11.8846 213.054 169.803 282.091 26.8352 197.226 529.552 119.911 49.3519 409.642 361.111 178.514 174.716 378.507 287.02 183.427 132.995
internal_count=22443 13632 8811 4806 10138 3720 5720 4418 3655 301 3774 2001 3354 68 1700 1329 1901 162 2074 3202 820 283 2382 2156 1009 970 3494 2417 1971 1086
is_linear=0
shrinkage=0.05


Tree=20
num_leaves=31
num_cat=0
split_feature=6 6 2 6 5 2 9 9 6 3 6 9 1 8 1 6 10 1 9 6 2 9 2 9 5 10 3 8 5 3
split_gain=116.48 24.667 17.3553 13.4762 9.55506 9.04558 7.36584 6.29806 9.29462 6.30835 5.7013 7.7093 6.84889 6.96825 7.22553 5.15632 5.18118 5.92116 5.14427 5.54136 4.99018 5.09228 4.90636 5.52556 4.80196 4.79393 4.60495 5.41976 4.57631 4.53184
threshold=-0.29318055901925888 1.1024344227414897 0.18828221799548064 -0.99249769760833906 0.63109406437670679 -0.42507208096251853 0.47910798887163064 -0.60358039076245695 -0.71398947280612701 0.10969869828809642 0.10632227521035074 0.401319353039644 -0.27501385703210462 -0.92791125828740029 0.30582116451932811 -0.70349842225632486 0.052867374071324184 -1.0739460964851948 -0.43481648195261052 -0.36794373847917211 0.52864385357641719 -0.18595015590776043 0.89103364395191875 0.28459537615611963 -1.4808167909748222 0.36984976873796888 -0.3230434170764046 0.070722298771888223 0.92712063241711917 -2.3050285116323255
decision_type=2 2 2 2 2 2 2 2 2 2 2 2 2 2 2 2 2 2 2 2 2 2 2 2 2 2 2 2 2 2
left_child=2 5 7 -4 -5 28 10 9 24 -1 -7 12 -12 14 -14 -10 17 -17 19 -18 21 -16 -15 -24 -9 -20 27 -19 -2 -8
right_child=1 -3 3 4 -6 6 29 8 15 -11 11 -13 13 22 20 16 18 26 25 -21 -22 -23 23 -25 -26 -27 -28 -29 -30 -31
leaf_value=0.001613431687491884 -0.012636850038854064 -0.021986367968743665 0.019200457448427039 0.010007349102879554 -0.010973766100086435 -0.0027220957745164812 0.063269340540169777 0.049775007028081963 -0.070492657010969836 -0.016231570888027996 -0.026562275870760862 -0.051111168340400331 0.0386424491551461 -0.013821018746615713 0.0044275612142825353 -0.06330901906162871 0.026477463288518424 0.027260749979953043 -0.044724594016385427 -0.054221480352828255 0.023109166419903463 -0.06434602654845066 0.013530786497001826 -0.050466694953072738 0.013030235903283375 -0.0097846663325177677 -0.0021911881986049907 -0.023863209547488318 -0.034219990660713469 0.0015961076442918812
leaf_weight=134.92230433225632 224.70658800308593 333.54042761446908 468.54305605124682 596.11318002082407 59.698985692113638 327.23000819794834 3.0094825811684123 9.5185949020087701 2.7084302417933932 78.245735519565642 54.808770711533725 12.209760852158068 15.850129010155795 175.99545385502279 5.4752827361226073 2.944281965494155 12.699076058343051 38.165999828372151 14.183044007979332 2.5553052462637416 7.8128845077008 5.2941170670092133 31.348661994561553 3.7794243581593028 134.92911656014621 31.892484654672444 46.811079332139343 5.9989014398306599 27.573603699915111 290.84307586401701
leaf_count=1071 2611 3142 1893 2965 514 2300 17 45 22 738 502 106 105 1504 30 31 99 256 122 24 45 36 247 29 899 281 414 60 380 1955
internal_value=-6.38274e-12 -0.00997375 0.00924119 0.0127243 0.00809743 -0.00659525 -0.00432536 0.00164528 0.00628502 -0.00493678 -0.0073351 -0.0121644 -0.0105812 -0.00701419 0.0138423 -0.00209749 -0.000904296 0.00647687 -0.0122078 0.0129594 -0.00731148 -0.0293808 -0.0104157 0.00664531 0.0154516 -0.0205399 0.00873537 0.0203166 -0.0149958 0.00222773
internal_weight=3159.41 1519.48 1639.93 1124.36 655.812 1185.94 933.657 515.574 302.406 213.168 639.804 312.574 300.365 245.556 34.4324 157.959 155.25 93.9203 61.3299 15.2544 18.5823 10.7694 211.124 35.1281 144.448 46.0755 90.976 44.1649 252.28 293.853
internal_count=22443 13009 9434 5372 3479 9867 6876 4062 2253 1809 4904 2604 2498 1996 216 1309 1287 761 526 123 111 66 1780 276 944 403 730 316 2991 1972
is_linear=0
shrinkage=0.05


Tree=21
num_leaves=31
num_cat=0
split_feature=6 6 0 2 2 9 2 0 10 4 9 9 6 4 2 2 8 9 10 8 0 2 2 6 10 0 10 10 10 5
split_gain=110.721 24.9286 22.1445 8.7094 7.26533 7.53575 6.62016 6.42138 5.70931 5.70421 5.24588 6.09475 6.88585 6.81476 6.22335 7.63766 8.71842 6.03869 6.54657 5.72768 5.68619 5.19409 4.99446 4.90893 5.12528 4.80301 4.77107 8.02193 7.42001 7.17355
threshold=-0.010430123844368306 -0.66713678119101893 0.035963512690687753 -0.22131852016439091 -0.72937988228726169 0.47910798887163064 0.21724674399146413 -1.170688943001047 1.6146781950399745 -1.0620983589252353 0.9352274716218264 -0.32838952477684275 -0.80468721026342671 -0.5982639646193052 0.31239731966889844 0.30009272397601461 -1.2114329365270053 1.1932609330872361 -0.97205417940678895 -1.192079166878915 -0.20804979819533398 1.8313584645485756 -0.24135202728873142 1.5783970984583242 1.9035502179964303 0.099489794551000932 -0.74818341170014302 -0.012043218637618034 -0.42019869827270923 0.83682350628510715
decision_type=2 2 2 2 2 2 2 2 2 2 2 2 2 2 2 2 2 2 2 2 2 2 2 2 2 2 2 2 2 2
left_child=1 3 4 22 -2 -6 -3 8 -5 -4 11 12 14 20 15 16 -9 -12 -19 -16 -14 -8 -1 24 25 -11 -7 28 -28 -30
right_child=2 6 9 7 5 26 21 10 -10 23 17 -13 13 -15 19 -17 -18 18 -20 -21 -22 -23 -24 -25 -26 -27 27 -29 29 -31
leaf_value=0.0015428029208838555 -0.021994486694302678 -0.004104094326555262 0.0030656143658837113 0.019142318241966445 -0.0079382557917271335 -0.010670619310884267 0.005282187034367238 0.051960305522146623 0.049672242130223226 -0.035783690073206247 -0.051574019727453083 0.020003892519439449 0.0192797811877191 -0.01533478455989816 -0.013143484015715017 -0.049489368928035501 0.0024418155053384828 -0.048200582594385144 0.019645663996071219 0.018015749422324322 -0.039822961855723246 -0.032461007590002734 -0.055229677392266009 -0.027552496366650438 -0.050916670850593072 -0.014912974685859766 0.0021704521256986418 0.0011018405354844469 0.051212817382999945 -0.019130837426429723
leaf_weight=117.40178749989718 52.194626230513677 371.44898786023259 29.483180701266974 197.99602195248008 250.3751966105774 37.38931087590754 516.41074419859797 9.5970189869403821 16.597076877951622 29.41356170643121 6.6144865192472961 196.02920486032963 35.186634501442313 49.600306248292327 15.571574371308087 6.4881698116660109 120.45175105519593 4.6537982150912347 15.065886735916132 278.99008881114423 4.6017729677259913 9.279106551781295 4.0061282012611619 143.55366334691644 10.893306471407412 438.94491473585367 20.226171661168337 100.06997192138806 25.831205444410447 4.21581196039915
leaf_count=1137 578 3377 238 753 1695 241 3020 36 53 290 45 883 165 360 77 27 738 23 74 1245 43 80 37 1411 101 4847 108 600 132 29
internal_value=7.40769e-11 0.00716407 -0.0123895 0.0122853 -0.00436079 -0.00225997 0.00100554 0.0138851 0.0215036 -0.0184244 0.0116842 0.0124897 0.00965973 -0.0029699 0.0122785 0.00345467 0.00609606 -0.0102328 0.00363411 0.0163686 0.0124442 0.00461597 -0.000330533 -0.0194417 -0.0170122 -0.0162237 0.00531304 0.00928807 0.025583 0.0413431
internal_weight=3118.58 1975.99 1142.59 1078.85 490.302 438.108 897.139 957.444 214.593 652.289 742.851 716.517 520.487 89.3887 431.099 136.537 130.049 26.3342 19.7197 294.562 39.7884 525.69 121.408 622.805 479.252 468.358 187.732 150.343 50.2732 30.047
internal_count=22443 12173 10270 5696 3383 2805 6477 4522 806 6887 3716 3574 2691 568 2123 801 774 142 97 1322 208 3100 1174 6649 5238 5137 1110 869 269 161
is_linear=0
shrinkage=0.05


Tree=22
num_leaves=31
num_cat=0
split_feature=6 6 7 6 6 10 10 7 9 5 6 5 9 10 9 9 10 10 10 3 3 6 7 10 1 7 9 1 6 10
split_gain=105.328 28.0941 9.81971 7.63635 7.05414 7.06034 6.37586 6.10682 6.14669 6.03506 6.55486 5.78624 6.79921 6.27717 5.13872 5.13156 6.62856 5.27959 5.08846 9.24333 11.0465 5.04937 6.04313 6.86909 6.28022 4.96228 4.8473 4.7776 5.28833 5.47734
threshold=-0.44556175193522979 0.60978037090406001 0.31695786609493892 -0.8592679981425364 1.6873894289259683 2.1274916659819323 0.19704345023350764 0.35875031693284803 1.9812938243994627 -0.61556953936437964 -0.40932304368085926 0.64828582647166189 -0.20789169809715632 -1.2863971117418826 -1.1086016346341816 -0.062747352001723253 -0.3233251713800957 -1.07743579003552 0.28583321896143243 0.051399070609663845 -0.15449049221385983 -0.34945209673978456 -1.3408372769191159 -0.21414378418737992 1.0544402120541281 0.93342159867227159 1.1391255868794554 -0.45697498072550419 -0.085853136069924577 1.4426151801155753
decision_type=2 2 2 2 2 2 2 2 2 2 2 2 2 2 2 2 2 2 2 2 2 2 2 2 2 2 2 2 2 2
left_child=3 2 6 -1 15 -6 9 -4 27 10 -2 12 -5 -14 -13 16 -3 -17 -19 20 -20 -12 -23 -24 -25 -7 -21 -9 -29 -30
right_child=1 4 7 11 5 25 -8 8 -10 -11 21 14 13 -15 -16 17 -18 18 19 26 -22 22 23 24 -26 -27 -28 28 29 -31
leaf_value=0.013404769505440194 -0.044111964252520675 -0.0074869741218145077 0.025254925417084625 0.0035034306055070361 -0.032185521583089259 0.040110640061362154 -0.014703972962749607 -0.0098604464702933148 -0.031784878860185405 -0.0075914014656492459 0.034880426718990096 0.03162295571813549 -0.036579463010691107 0.017010346417655788 -0.017708869501158884 -0.027682338749748587 -0.031701681987020426 -0.0020739613146884962 -0.010825259882417245 -0.019919287936166305 0.044347798715550862 0.047942366385727686 -0.0097804910683800747 0.012681233755711341 0.089280088138198765 -0.014859903809066946 -0.048869682446970923 0.013270763542063134 0.0016897310358230196 -0.031833855867329411
leaf_weight=792.03425857471302 6.031633384525775 44.269670436158776 26.268596697598696 374.7587727541104 113.35124995280057 5.4541751742363003 215.29128727968782 75.931436006911099 14.31714106351137 304.54878954030573 16.409325908869505 6.0880788825452319 5.641286112368106 174.2296217828989 39.715358551591635 41.627204334363341 78.15815912745893 147.46194842923433 71.507403310388327 47.452912247739732 10.390414575114844 7.2522502671927205 51.429213573224843 17.93528633564711 3.1451543457806102 16.602298673242331 20.79489874234423 106.58499421365559 233.9195458535105 12.854076959192751
leaf_count=4005 44 475 185 2464 1150 51 1995 630 130 2725 86 60 42 948 402 368 728 1387 590 463 76 47 453 146 10 104 214 629 1747 89
internal_value=1.35607e-11 -0.0083935 -0.003625 0.0101809 -0.0171141 -0.0271492 -0.00774603 0.0018306 0.00044351 -0.00406323 0.00645017 0.00592822 0.00733876 0.0153296 -0.0111518 -0.0141708 -0.0229457 -0.011004 -0.00867113 -0.0151504 -0.00382543 0.0096213 0.00442477 7.22421e-05 0.0241096 -0.00126666 -0.0287404 0.00151835 0.00396348 -5.64636e-05
internal_weight=3081.46 1688.99 1091.92 1392.47 597.07 135.408 622.043 469.876 443.607 406.752 102.203 600.433 554.63 179.871 45.8034 461.663 122.428 339.235 297.608 150.146 81.8978 96.1712 79.7619 72.5097 21.0804 22.0565 68.2478 429.29 353.359 246.774
internal_count=22443 14522 8916 7921 5606 1305 5506 3410 3225 3511 786 3916 3454 990 462 4301 1203 3098 2730 1343 666 742 656 609 156 155 677 3095 2465 1836
is_linear=0
shrinkage=0.05


Tree=23
num_leaves=31
num_cat=0
split_feature=2 5 1 4 5 3 4 8 3 8 2 10 10 9 9 3 5 9 9 8 9 3 3 5 3 9 9 2 5 9
split_gain=47.4434 21.0244 15.1589 11.3341 10.5164 10.4645 9.80603 11.4964 8.19907 7.64427 7.13529 6.37114 6.32325 6.43502 9.52033 5.57514 5.36809 5.26744 5.2507 5.1195 5.14103 4.78982 4.71427 6.69439 10.2502 7.9802 4.6764 4.59684 4.48077 4.29842
threshold=-0.29326522847287623 0.83682350628510715 -0.11259244346618133 -1.3017878857728544 0.31374194897238045 -0.44179614938065159 -0.14595705977299231 -1.0940728800128159 1.0000000180025095e-35 -1.078908849596022 0.18828221799548064 -1.7113918661811145 0.92893029581508524 -0.75378612995449468 0.35822379707893598 -0.0092187984665925964 -1.7741193421289505 0.28459537615611963 -1.5723991716317667 -1.0940728800128159 -0.020500506704689243 1.0029298011576124 0.72384131520324635 -0.95455016342736487 0.33301900365709564 -0.67314739583195171 -0.043086629175452147 -0.044822176697219988 -0.25478403389572402 1.0676788079590847
decision_type=2 2 2 2 2 2 2 2 2 2 2 2 2 2 2 2 2 2 2 2 2 2 2 2 2 2 2 2 2 2
left_child=4 2 3 5 8 -2 -4 21 15 -7 28 -9 13 16 17 18 -12 -15 -1 20 -20 -8 23 -11 25 -25 -27 -13 -5 -3
right_child=1 29 6 10 -6 9 7 11 -10 22 12 27 -14 14 -16 -17 -18 -19 19 -21 -22 -23 -24 24 -26 26 -28 -29 -30 -31
leaf_value=0.049720714754668244 0.03909077440181169 -0.0072060325535350097 0.0031573788216971914 0.0053648435951695068 -0.022260745156204034 -0.04706568692373389 0.011801037417463436 0.039248484323595047 -0.015296269876314212 -0.049074677066738757 -0.02496104432077104 -0.030397745387140258 0.017930943172532594 0.0019340290485432622 0.019891489677765786 0.063863711446949814 0.014969696607882147 -0.0438928937945312 0.026520605524721783 -0.0072847801742914834 -0.0076906811645671069 0.06596103471480666 0.041001610004836167 -0.015783053563226703 -0.049324357706502592 0.058321370876838044 0.0071076370101949438 -0.010788083220891621 -0.0063295298337227406 -0.023412096251325877
leaf_weight=4.6843372676521531 53.461828133091331 196.78237239457667 494.18786164745688 185.1930623985827 182.80943128513172 5.6136647909879676 22.780070137232546 5.7828213218599549 210.38778438977897 4.8645936325192443 8.7192506790161115 35.540599793195724 155.26558964047581 480.00076964031905 80.573649451136589 3.1873962096869937 242.61135427094996 6.3534407038241616 25.046706525608897 191.85433151526377 19.554560523480177 4.9735479559749356 12.576032068580387 8.3612355887889809 5.4496998749673358 14.097766220569609 6.5182958766818144 187.81647176109254 146.87099697906524 51.6568862949498
leaf_count=42 199 1939 2948 1332 2252 22 120 39 2449 28 37 356 732 2552 431 15 1177 41 157 2038 150 19 54 43 34 52 30 1456 1204 495
internal_value=4.14434e-12 0.00320147 0.00478052 0.00782522 -0.0121327 0.0231679 -0.000961733 -0.0088857 -0.00806094 0.00835855 0.00652146 -0.0125669 0.00868025 0.00692492 0.00397263 -0.00183067 0.0135844 0.00133537 -0.00269902 -0.00373749 0.0115213 0.0215067 0.0143571 0.00582907 0.0135871 0.0254187 0.0421288 -0.0139084 0.000192455 -0.0105757
internal_weight=3053.58 2416.05 2167.61 1416.53 637.525 110.943 751.081 256.894 454.715 57.4813 1305.59 229.14 973.524 818.258 566.928 244.327 251.331 486.354 241.14 236.456 44.6013 27.7536 51.8676 39.2916 34.427 28.9773 20.6161 223.357 332.064 248.439
internal_count=22443 15340 12906 7968 7103 462 4938 1990 4851 263 7506 1851 4970 4238 3024 2402 1214 2593 2387 2345 307 139 241 187 159 125 82 1812 2536 2434
is_linear=0
shrinkage=0.05


Tree=24
num_leaves=31
num_cat=0
split_feature=6 6 0 0 6 1 4 1 3 5 7 10 1 0 1 6 0 3 1 3 6 3 1 0 4 5 3 3 1 1
split_gain=98.7484 21.0208 20.1282 7.74921 8.19725 7.88426 6.88491 6.51899 7.24052 8.73086 8.88693 5.56736 5.43585 5.59188 5.0814 5.07028 4.81957 6.20439 6.53357 7.4987 7.02322 6.98118 5.41016 6.31858 5.58963 4.71334 4.66951 4.67764 4.59681 4.58209
threshold=-0.010430123844368306 -0.66713678119101893 0.025877377737732361 -0.48789620921590932 -1.4803004837288272 -0.38197569455487895 -0.91920074409678276 -0.30921038467988643 -0.25037694770245372 -0.26036452246339187 0.88799948744080381 -0.7654220456550429 -0.95142856601596948 -0.41471541846771637 -1.5945610870134235 0.76058511719386501 -0.7552496114182391 0.79702850288036942 -0.28818353350812986 -0.71378018498094054 1.5149944190525735 0.54596793885780681 1.1504859553851967 -0.082212677216113431 0.27390832603011772 -1.5220100493479729 0.10969869828809642 -1.4462373298844471 2.0457961526582431 0.4042002646679575
decision_type=2 2 2 2 2 2 2 2 2 2 2 2 2 2 2 2 2 2 2 2 2 2 2 2 2 2 2 2 2 2
left_child=1 3 16 -1 11 6 -6 8 9 12 -11 -5 13 -3 -8 -4 -2 18 19 -18 21 25 23 24 29 -20 27 -16 -27 -19
right_child=2 7 15 4 5 -7 14 -9 -10 10 -12 -13 -14 -15 26 -17 17 22 20 -21 -22 -23 -24 -25 -26 28 -28 -29 -30 -31
leaf_value=0.014323297458637455 0.0047217210535798349 -0.051507641796593923 -0.012536437777716253 -0.017173769353320871 -0.02430754950910009 0.017670145065875876 -0.038993061987987888 0.005475032291204357 -0.0089413376406209822 -0.011780370724339444 0.03856937707572141 0.040165128081579689 0.018689780687514704 0.015497029090343542 -0.040285786024857412 -0.021615294529448346 -0.058889377827219515 0.014285834423969097 -0.056860840964746598 -0.014793591332698672 -0.047365753928800054 -0.038624157776769912 0.040604163454387374 0.035138408775914579 -0.046926535056191633 -0.00045961170095625047 -0.0075296845133485633 0.011959820653394938 -0.044032933180329109 -0.042064881212767663
leaf_weight=750.79961523972452 116.24679698236287 5.9733866844326258 266.1860055916477 5.145238999277356 31.225086107850075 61.896296752616763 7.5266914404928675 432.65597736183554 243.14703862275928 87.420293798670173 9.7403631256893259 23.888130575418472 87.772687301971018 6.5043220520019513 4.4810359235852948 364.18292644293979 12.976376198232172 16.885491890832785 3.9355650991201392 37.511919686570764 10.060527167282997 14.301672348752616 10.813325503841041 9.9352739211171883 7.9072546446695915 218.62561156437732 64.426688700914383 97.519461958203465 6.225132441148161 4.5875991433858863
leaf_count=3564 698 48 3057 37 249 359 73 2939 2105 733 62 118 542 48 31 3874 115 104 35 300 80 122 61 71 83 1581 553 712 52 37
internal_value=-2.47116e-11 0.00684388 -0.0119423 0.0116218 0.00477193 0.00202903 -0.00268943 0.0011156 -0.00316564 0.00394816 -0.0067328 0.0300036 0.0142999 -0.0165798 0.00119107 -0.0177816 -0.00411084 -0.00701321 -0.00970368 -0.026127 -0.00642819 -0.00473394 0.0092833 0.000668848 -0.0109874 -0.00261542 0.00300841 0.00966459 -0.00166597 0.00224684
internal_weight=3020.5 1920.12 1100.38 1046.91 296.109 267.075 205.179 873.214 440.558 197.411 97.1607 29.0334 100.25 12.4777 173.954 630.369 470.013 353.766 303.637 50.4883 253.149 243.088 50.1289 39.3156 29.3803 228.786 166.427 102 224.851 21.4731
internal_count=22443 12173 10270 5696 2132 1977 1618 6477 3538 1433 795 155 638 96 1369 6931 3339 2641 2285 415 1870 1790 356 295 224 1668 1296 743 1633 141
is_linear=0
shrinkage=0.05


Tree=25
num_leaves=31
num_cat=0
split_feature=6 0 0 2 6 2 7 6 6 0 0 3 0 0 9 3 6 0 0 2 3 3 4 7 3 10 10 7 10 6
split_gain=94.6482 20.5083 11.3821 8.22979 7.64408 6.72047 6.6297 6.19185 5.87587 5.63846 5.55576 5.48564 5.99979 6.86672 6.07345 9.70059 6.8146 5.47084 5.83167 5.47864 5.36179 7.25888 5.33134 5.28846 8.09026 5.25491 8.90867 5.15814 4.92194 4.89533
threshold=-0.30077077850553857 0.44004626120557405 -0.48789620921590932 0.23027356327642193 -1.4120401145327877 0.095264903269214454 -1.6505617927888547 -0.20834064846410283 1.6873894289259683 -1.8134208383922039 -0.5092826443370998 -1.5149611435327373 -1.9273796071518454 -1.286674167248999 -0.52887641049222456 -0.017588959117612758 -0.44556175193522979 -0.92749595804169271 0.41136207267085728 1.0237829572008823 -1.0040307173301464 -0.77863791053835718 0.25653385953436925 1.0000000180025095e-35 -0.70483362293448615 1.2395100302812436 -0.15126066214725178 0.60352177094724879 -0.98242111700948087 -0.89760042882273905
decision_type=2 2 2 2 2 2 2 2 2 2 2 2 2 2 2 2 2 2 2 2 2 2 2 2 2 2 2 2 2 2
left_child=2 5 3 11 -4 7 -6 -2 -3 22 -11 -1 -13 -14 -15 16 28 19 20 -7 -19 -22 25 -23 -25 26 -5 -20 -16 -17
right_child=1 8 4 9 6 17 -8 -9 -10 10 -12 12 13 14 15 29 -18 18 27 -21 21 23 -24 24 -26 -27 -28 -29 -30 -31
leaf_value=0.034094527215618613 0.0086739820287939588 -0.014746221217231485 0.024805198894024535 0.031200710987488275 -0.028519433046737402 -0.00031964019152690235 0.0024715788429754628 -0.012341175019258153 -0.028076223252366583 0.012576984248342299 0.037924269352082832 -0.040785485539395545 0.023273994783326798 -0.0082060701226076473 0.034161749043241575 0.048896860469158865 -0.040741200183058317 -0.016992337597749815 -0.012138127414413537 0.025562505262932491 0.016541908939530916 -0.012813925298122386 0.058101916750135797 -0.042809994515069977 0.0016318827107334906 0.060298473564517896 -0.026587237995716786 0.071430549307637745 -0.0032350690517471085 0.011793833877748154
leaf_weight=14.611579678952692 39.01837445050478 364.56136380741373 37.439023904502392 20.111738931387663 17.857169621624053 51.197541430592537 513.35354553116485 344.68147264514118 106.91566022718325 641.23029120033607 22.372530410066247 7.7311248593032351 38.656829138286412 103.3736943975091 11.067830510437487 17.481077708303928 9.8757897354662401 71.806130342185497 3.0043104365468016 34.040604114532471 45.973217487335205 126.90472829528153 13.191348120570181 10.699621880427001 238.60712445201352 6.9417194202542296 9.9781261160969752 4.7912433370947838 42.91054455190897 18.089416610542685
leaf_count=81 387 4252 200 69 202 278 3982 3485 1136 2786 92 63 236 818 71 85 84 515 31 173 279 962 48 57 1524 21 42 19 307 158
internal_value=6.2479e-11 -0.00921365 0.00859352 0.0118652 0.00296879 -0.00505833 0.00142979 -0.0102041 -0.017769 0.014654 0.0134315 0.00431885 0.00257289 0.00396118 0.000279825 0.00910277 -0.00255385 -0.00169485 -0.00368427 0.0100166 -0.00436139 -0.0022131 0.0308072 -0.00450497 -0.000275451 0.0210843 0.0120376 0.0392242 0.00443285 0.0300281
internal_weight=2988.47 1442.2 1546.27 977.624 568.65 970.724 531.211 383.7 471.477 713.826 663.603 263.798 249.186 241.455 202.798 99.4247 63.8542 587.025 501.786 85.2381 493.991 422.185 50.2229 376.211 249.307 37.0316 30.0899 7.79555 53.9784 35.5705
internal_count=22443 13098 9345 4961 4384 7710 4184 3872 5388 3058 2878 1903 1822 1759 1523 705 462 3838 3387 451 3337 2822 180 2543 1581 132 111 50 378 243
is_linear=0
shrinkage=0.05


Tree=26
num_leaves=31
num_cat=0
split_feature=6 6 0 6 0 10 7 2 3 2 7 4 3 2 6 7 3 7 7 10 1 1 0 0 2 4 0 10 1 10
split_gain=89.1474 22.8587 14.1349 9.25397 7.48344 9.13371 6.8066 6.41399 5.92361 6.41027 5.67254 5.25222 5.15642 5.96188 5.37684 4.78396 7.47642 6.83288 5.91701 5.56104 4.80049 7.11709 9.33424 6.74255 7.61929 5.49441 4.84676 4.99375 4.87132 4.8746
threshold=-0.35821671465847055 0.60978037090406001 -0.43425508245280303 -0.80468721026342671 -1.536622594027343 1.3511339517816632 0.31695786609493892 -0.29326522847287623 -0.52300605583801218 -0.50149472133789363 1.2332908701300422 -0.12811793708383173 -1.5829635557600625 1.0831392023470068 1.1024344227414897 -0.21139723638616134 -0.44179614938065159 -1.8480224477012985 -0.7572277315859467 -1.3079988694380773 -0.52307956420052293 -0.78135005470406504 -0.13624770073744555 -0.79632771384957068 0.47307547819787316 -1.0777374849656378 -0.34160326358570903 -0.89338755072097231 0.80531125917658153 -0.12330709025722038
decision_type=2 2 2 2 2 2 2 2 2 2 2 2 2 2 2 2 2 2 2 2 2 2 2 2 2 2 2 2 2 2
left_child=3 6 8 7 -5 15 11 10 12 -10 -1 -2 14 -14 -3 16 17 -6 -19 -18 21 22 -17 24 -22 -25 -27 -28 29 -29
right_child=1 2 -4 4 5 -7 -8 -9 9 -11 -12 -13 13 -15 -16 20 19 18 -20 -21 23 -23 -24 25 -26 26 27 28 -30 -31
leaf_value=0.0017271289731985813 -0.0035073519178013407 0.0481211097019381 -0.019589849978912291 0.032219567195844415 -0.047205174392185474 -0.025898049343875268 0.00097843750352475268 0.013544487784361865 -0.024327538646252474 0.027270592418289115 -0.055021666133963448 -0.013880233511456395 -0.032633504481809197 0.035874965012959795 -0.03123828551384937 0.025692703202886327 -0.052443534440110198 0.021657107309311762 -0.0002984485733169519 -0.0049551339180712445 0.018035021744158393 -0.012609203896649013 -0.033301301829464558 0.041407745405507596 -0.029377597318921374 0.023502289906586069 -0.027382688053394617 0.034502719893480034 -0.040154659763438051 0.00011052468091340728
leaf_weight=69.113292177673429 305.87673764396459 6.152954859659074 491.91184938373044 22.892650181427598 5.1550497990101567 25.994402751326561 415.63527471967973 765.24995316937566 7.452379807829856 31.302919313311577 4.703235086053609 203.04242511885241 21.856299730017785 3.7155234720557919 3.2679964527487755 36.1536161955446 6.4003547299653283 66.649970076978207 56.871886413544416 167.52324313949794 16.626392675563693 51.165795914363116 8.231727993115781 22.396633615717292 17.280506573617458 67.781149019254372 10.536835201084612 19.184138641227033 4.2535538561642161 22.255032019689683
leaf_count=729 2515 36 5113 115 51 253 3184 3673 78 184 48 2327 151 20 24 222 66 420 375 1349 96 370 88 92 92 362 79 126 31 174
internal_value=4.79886e-11 -0.00861252 -0.0165295 0.00875227 0.00415874 0.00309599 -0.00376876 0.0121868 0.00388347 0.0173486 -0.00188863 -0.0076458 -0.0110295 -0.0226794 0.0205924 0.00439889 5.7402e-05 0.00919456 0.0115483 -0.0067027 0.00916113 0.000100438 0.0147516 0.0139625 -0.00612862 0.0186155 0.0144992 0.00364644 0.0108018 0.0160323
internal_weight=2956.63 1490.21 565.66 1466.42 627.353 604.46 924.554 839.066 73.7481 38.7553 73.8165 508.919 34.9928 25.5718 9.42095 578.466 302.601 128.677 123.522 173.924 275.865 95.5511 44.3853 180.314 33.9069 146.407 124.011 56.2296 45.6927 41.4392
internal_count=22443 13632 5606 8811 4361 4246 8026 4450 493 262 777 4842 231 171 60 3993 2261 846 795 1415 1732 680 310 1052 188 864 772 410 331 300
is_linear=0
shrinkage=0.05


Tree=27
num_leaves=31
num_cat=0
split_feature=6 6 0 6 2 7 7 8 3 0 6 9 9 3 9 2 7 6 10 3 0 0 9 6 6 3 7 3 3 2
split_gain=86.6267 19.761 13.4755 8.74015 8.05241 6.35443 5.84103 5.41925 8.48325 5.40827 6.26594 8.33804 6.40107 5.16359 7.00177 5.19085 4.68965 4.45629 6.0968 4.71703 4.53741 6.80164 6.0025 4.44399 6.8359 4.31877 4.3056 4.51129 4.18195 5.73501
threshold=-0.35821671465847055 0.60978037090406001 -0.43425508245280303 -0.58200523772757806 -0.2318220575189939 -1.7611793458670297 1.0000000180025095e-35 -0.67233743778561694 -1.5829635557600625 -0.17893723828163374 -1.1812838549733551 -0.16075235523071782 0.19473460742997675 -0.52300605583801218 1.3763532241580327 -0.50149472133789363 -0.50170165078923934 -0.036997220318890418 -1.4023812794843997 0.78223117968174694 -1.2571882693185767 -0.98758707760375108 2.5027764732593889 0.97975521764798013 0.80917189649131804 0.9878019656896575 0.76754134842306232 -0.52300605583801218 -0.34284459771484072 0.048871382162407523
decision_type=2 2 2 2 2 2 2 2 2 2 2 2 2 2 2 2 2 2 2 2 2 2 2 2 2 2 2 2 2 2
left_child=3 6 13 4 -1 -5 -2 -7 16 -6 -11 -12 -13 14 23 -15 -9 18 -8 -20 -19 -22 -23 24 -3 -14 27 -10 -29 -30
right_child=1 2 -4 5 9 7 17 8 26 10 11 12 25 15 -16 -17 -18 20 19 -21 21 22 -24 -25 -26 -27 -28 28 29 -31
leaf_value=-0.0010532046863884546 -0.0086039150989211128 -0.043545899088813088 -0.018932757576316364 -0.053040978314507131 0.013570105100973166 0.01271491149379821 0.049097367036735978 -5.6207448233117995e-06 0.0078097258506201854 0.024474671742544332 -0.013947204941405176 0.046072444174140914 -0.019510975409171877 -0.021958864576175924 0.018183088445743036 0.025157659074894624 0.072697840219666021 -0.03433430533029571 0.0065846377193601886 -0.01982047087869317 0.03163629313849714 -0.0035078081709093928 -0.059751373268200569 -0.05542839183352264 0.034746640994892414 0.0401414847605127 -0.034579792480883768 -0.031542753447199527 -0.023049299237108915 0.0022701177384255099
leaf_weight=128.30459105968475 395.15422116871923 6.1439718492329138 486.00792072666809 5.2809621943160883 888.71177291683853 88.778048788895831 7.7441590698435894 3.608463030308485 71.5062489900738 24.520931938663125 63.416997473686934 12.183928444515916 10.776632241904734 7.1562624983489505 13.063820865005253 31.918307865038514 5.7563404366373998 11.870599258691071 159.1658243779093 18.924425615929067 13.686739247292278 308.35112867015414 4.8179185837507239 8.8174351025372726 5.1041941940784454 4.2232687193900338 10.879642702639101 16.251761917024851 30.434300260618329 84.350669486448169
leaf_count=1352 3873 44 5113 64 4293 570 46 26 461 142 543 69 80 78 91 184 23 83 1111 188 75 2600 50 66 30 18 91 130 368 581
internal_value=1.38356e-11 -0.0085172 -0.0159384 0.00868732 0.0107417 0.00134687 -0.00401296 0.00226873 -0.00189394 0.0122492 0.00205227 -0.00401631 0.0191514 0.00421666 -0.0103046 0.0165286 0.0446836 -0.000554576 0.00566728 0.00377875 -0.00396806 -0.00286523 -0.00437308 -0.0288517 -0.0080183 -0.00271564 -0.00393773 -0.00229178 -0.00780414 -0.00444312
internal_weight=2926.91 1477.93 558.212 1448.98 1132.14 316.846 919.715 311.565 222.787 1003.83 115.122 90.6008 27.1838 72.204 33.1294 39.0746 9.3648 524.561 185.834 178.09 338.726 326.856 313.169 20.0656 11.2482 14.9999 213.423 202.543 131.037 114.785
internal_count=22443 13632 5606 8811 6497 2314 8026 2250 1680 5145 852 710 167 493 231 262 49 4153 1345 1299 2808 2725 2650 140 74 98 1631 1540 1079 949
is_linear=0
shrinkage=0.05


Tree=28
num_leaves=31
num_cat=0
split_feature=6 6 6 4 2 1 8 2 9 7 10 10 4 2 7 8 7 6 1 10 10 4 9 8 10 4 4 7 9 9
split_gain=85.2877 20.992 8.89118 7.10813 7.08471 6.915 6.81438 6.2052 5.55776 5.54536 5.19146 5.01261 5.00766 4.83443 4.73183 6.38983 4.68803 4.36712 10.3211 6.81351 6.97506 8.74209 6.3003 6.01504 5.98964 5.54141 7.5186 4.52078 4.32709 4.22867
threshold=0.10632227521035074 -0.58200523772757806 1.6873894289259683 -0.91920074409678276 -0.2318220575189939 -0.51583217407370963 0.031038501903109087 1.4538159354937792 -0.89729456060363333 1.5244403244910678 2.3594206208459703 1.9035502179964303 -0.81174534036779078 -2.5041156586359392 1.0258270732136769 -1.078908849596022 0.45226643940168565 -1.3560906245730679 -0.89936764499372279 -1.6582090496757564 1.0000000180025095e-35 -1.1618852661633647 -0.009025363255522386 -0.58473003106662302 -1.0031659215856474 -0.89706366996103581 -0.84736951284683071 -0.17239194670288499 0.63807300377409348 0.47910798887163064
decision_type=2 2 2 2 2 2 2 2 2 2 2 2 2 2 2 2 2 2 2 2 2 2 2 2 2 2 2 2 2 2
left_child=1 4 11 5 12 6 28 13 -7 -5 -9 29 -1 -4 15 16 -14 19 -19 -6 21 23 -22 24 -21 -23 -27 -24 -3 -2
right_child=2 3 7 9 17 8 -8 10 -10 -11 -12 -13 14 -15 -16 -17 -18 18 -20 20 22 25 27 -25 -26 26 -28 -29 -30 -31
leaf_value=-0.020004748923898044 -0.012779605361474808 -0.04660779580530694 -0.0021981440286685107 -0.0031643357126786261 0.063677747127997036 -0.039713036346670907 0.020166779114246244 -0.0070413885022031627 0.01681927189947054 0.017997382911012074 0.079058023062918023 -0.030380250320157932 0.017431098801745541 -0.031881202851914751 -0.028896940696934298 0.0026108409077237474 0.081021462248992787 -0.0001924666000955939 0.013285378340269119 0.046952747319133389 0.027520421032994388 -0.027268772604174277 -0.046825951252984332 0.058108011599920885 -0.027587873690353801 0.072726060319932492 0.0011000870127628197 0.017798057286514853 0.021975623143952704 -0.0052706076640988662
leaf_weight=26.756003327667713 460.99130055867136 12.803675126284363 15.85971710225567 662.45475927880034 7.7954238951206198 4.513070221990346 9.0914900405332428 7.007260147482155 118.55501231178641 32.475297486409545 2.3338991925120354 30.528461284004152 7.7007047403603774 101.54393030377105 9.6384642785415036 76.730444842018187 4.6475318688899279 188.9360634451732 572.33411755878478 5.0039439871907234 114.78906748630106 16.223697308450937 5.0649223811924458 12.077528763562439 5.8404904492199439 3.8979081669822326 61.012508906424046 5.8112433962523919 2.8033976778388014 316.01985587982927
leaf_count=304 4747 125 191 5585 27 42 66 74 698 200 10 262 65 1030 92 873 18 1188 2926 19 478 76 31 40 30 12 297 21 16 2900
internal_value=-5.72787e-11 0.00590831 -0.0124388 -5.78811e-05 0.0103803 0.00990063 -0.0142437 -0.0247508 0.0147462 -0.00217541 0.0144706 -0.0105064 -0.000818157 -0.0278714 0.00438212 0.00798297 0.0413647 0.0117871 0.00994038 0.0177062 0.0161462 0.00657166 0.0240743 0.0338376 0.00680738 -0.00113148 0.00540127 -0.0122967 -0.0342886 -0.0097256
internal_weight=2901.24 1966.96 934.284 842.697 1124.26 147.767 24.6986 126.745 123.068 694.93 9.34116 807.54 125.473 117.404 98.7171 89.0787 12.3482 998.787 761.27 237.517 229.721 104.056 125.665 22.922 10.8444 81.1341 64.9104 10.8762 15.6071 777.011
internal_count=22443 13229 9214 6732 6497 947 207 1305 740 5785 84 7909 1352 1221 1048 956 83 5145 4114 1031 1004 474 530 89 49 385 309 52 141 7647
is_linear=0
shrinkage=0.05


Tree=29
num_leaves=31
num_cat=0
split_feature=6 6 6 6 1 6 7 9 10 4 6 3 3 6 4 10 1 8 6 10 9 1 3 1 4 10 9 9 4 1
split_gain=82.9609 18.6793 6.96926 4.53434 4.49475 5.7982 5.2389 6.33062 4.82003 4.55306 5.16428 4.31514 4.10473 3.99034 5.02649 3.9257 3.86931 5.77806 4.88291 4.51454 5.14847 5.4444 4.56617 4.38129 4.29961 3.71606 4.43329 6.19549 5.79393 4.11065
threshold=-0.35821671465847055 0.60978037090406001 -0.80468721026342671 2.7868513883320749 1.0544402120541281 0.43930408411096883 0.31695786609493892 2.1220841295657116 -1.216065115783395 -1.1435556597768297 0.038997884946726118 1.34455246480306 -0.02654595999012235 -2.0928252479260441 -0.034362677441358534 0.26468264374757405 -0.67755830373332693 -0.63716302684759574 -0.44556175193522979 0.35765025313667792 -0.082434562962452954 -0.91248391612618029 -0.85749730118528122 -0.91248391612618029 -0.87681525332966392 -0.61035903895386467 0.87188710207373588 0.38755687993853682 -0.37385565500942897 -0.41602990690332547
decision_type=2 2 2 2 2 2 2 2 2 2 2 2 2 2 2 2 2 2 2 2 2 2 2 2 2 2 2 2 2 2
left_child=2 4 13 -3 6 11 9 8 -8 15 -11 12 -6 14 -1 -2 17 18 23 20 22 -22 -19 -4 -25 -18 27 -27 29 -28
right_child=1 3 16 -5 5 -7 7 -9 -10 10 -12 -13 -14 -15 -16 -17 25 19 -20 -21 21 -23 -24 24 -26 26 28 -29 -30 -31
leaf_value=0.044100419324905972 0.017406168538301393 -0.015156747961856884 0.039789695629694838 -0.053442042719247476 0.017621881486331443 -0.015774096131250078 0.01967551973544221 -0.050479000017472866 -0.001540684735812678 -0.0056732431731383306 -0.017003694585242271 0.065477724531404866 -0.012994485495669172 0.010967874913491587 -0.011063552918850654 -0.020280243594963568 -0.00013520787293828812 0.023611922484087982 -0.040902309265426713 -0.025458756842326624 -0.012322382652275133 0.041118539685649845 -0.017032971693078585 -0.053161310849232896 0.012830872324557355 0.0089528847316393146 0.046586537641794247 0.033032300638800152 -0.052724729727184241 -0.0095622247198148495
leaf_weight=18.453156448900703 27.871214758604765 538.71247885329649 14.655569493770598 7.8463887246325603 49.271077089942992 21.737604816444218 29.155367579776794 6.2718326300382605 327.25765608716756 250.47024111449718 168.03535280842334 3.8292049439623943 14.074872290715573 797.49560657236725 5.3199783749878398 9.1882003862410766 138.15242302929983 8.2104884870350343 3.8268732866272321 29.868575653061271 8.028418658301236 11.727756220847366 43.626562492921948 2.8035767115652552 20.63442371040583 268.39698147610761 4.225906126201159 29.665653139352798 6.1575142480432978 14.255857687443493
leaf_count=61 181 5519 95 87 351 175 227 65 2541 2331 1941 26 116 4361 28 72 973 66 37 329 77 69 414 27 142 1805 17 160 57 93
internal_value=-2.72741e-11 -0.00840452 0.00857087 -0.0157064 -0.0040052 0.00667159 -0.00516536 -0.000681445 0.000194847 -0.00873511 -0.0102226 0.0139349 0.0108192 0.0115696 0.0317558 0.00806252 0.00449502 -0.00267825 0.0129371 -0.00912996 -0.00231762 0.0194015 -0.0105952 0.0183458 0.0049371 0.00672679 0.0096645 0.0113495 -0.0107187 0.00327634
internal_weight=2879.23 1453.72 1425.51 546.559 907.163 88.9128 818.25 362.685 356.413 455.565 418.506 67.1752 63.3459 821.269 23.7731 37.0594 604.237 143.382 41.9204 101.462 71.5932 19.7562 51.8371 38.0936 23.438 460.854 322.702 298.063 24.6393 18.4818
internal_count=22443 13632 8811 5606 8026 668 7358 2833 2768 4525 4272 493 467 4450 89 253 4361 1256 301 955 626 146 480 264 169 3105 2132 1965 167 110
is_linear=0
shrinkage=0.05


Tree=30
num_leaves=31
num_cat=0
split_feature=6 6 2 6 1 8 3 4 10 10 7 10 7 4 6 3 2 10 8 8 1 7 1 6 6 10 10 2 2 8
split_gain=78.277 18.37 7.17624 6.82005 6.14185 6.1064 5.30193 7.64884 5.06607 5.80287 8.67095 10.4288 6.33204 5.36038 4.83585 5.04565 4.87559 5.65025 4.89638 10.3939 4.79374 5.31944 7.03083 5.63906 5.38536 4.98384 6.588 4.51906 4.73033 4.475
threshold=-0.35821671465847055 1.1024344227414897 0.48940245136748622 -1.3830569743895509 -1.0122619892968496 2.2875393268692386 -0.56857021772316452 -0.41958338748008933 -1.6582090496757564 -0.62149738811747979 -0.023173737594082037 -1.1679179650919629 -0.86642465728322704 -1.3017878857728544 -0.66713678119101893 -1.2593244874528744 0.23027356327642193 -1.0651085197181069 0.42658040666450653 -0.49727065873053605 1.0544402120541281 0.41002706176212506 -0.65092007562357301 -0.036997220318890418 0.021503949196174762 0.15330482951689797 0.78975595669415244 -0.37674091631045048 0.87903601469727988 1.2428608365730482
decision_type=2 2 2 2 2 2 2 2 2 2 2 2 2 2 2 2 2 2 2 2 2 2 2 2 2 2 2 2 2 2
left_child=3 2 -2 8 6 20 7 -5 -1 10 12 13 -10 -12 15 16 17 -6 19 -18 21 25 -23 -24 -25 -4 -27 -9 -29 -8
right_child=1 -3 5 4 14 -7 29 27 9 -11 11 -13 -14 -15 -16 -17 18 -19 -20 -21 -22 22 23 24 -26 26 -28 28 -30 -31
leaf_value=0.058317866282617606 -0.0081103362513606485 -0.019274402434727556 -0.00062181332958086426 0.025257324263585065 -0.047220454430544088 -0.049490885834796272 -0.010590162317535 0.036322609085455405 -0.0090237416102979025 0.019492875373369148 0.062714436398761134 -0.063900250832612041 0.030372094560743329 -0.020189130071989997 0.0039799331279094735 0.01250940784039712 -0.032055100918205508 0.03093925148651604 -0.061261020570472946 0.027799001511487582 0.013011746421744703 -0.035709951453242954 0.026359125428058513 -0.036446392505234425 0.0066130141851187584 -0.032868926657812478 -0.0015441005241245325 -0.043269035440646565 0.010721341062349843 0.019232965343973927
leaf_weight=6.893203552812337 765.77722629648633 297.3669480890967 109.9531093519181 35.627334812656045 2.7640219107270267 6.0584894288331261 113.09966327622533 3.8639082144945887 17.668886963278055 170.91860362328589 3.2837637364864349 9.4336926229298097 24.127546731382608 4.7997284345328826 388.19665772118606 556.50811266992241 17.337290696799755 14.148224826902149 4.8344476260244837 12.470365639775993 68.978954915888608 9.2568372469395381 35.010556166991591 8.0488738976418954 74.216609147377312 35.124574568122625 32.146446943283081 11.043922897428276 6.4125651344656935 14.152394069358705
leaf_count=28 7671 3142 880 217 18 69 914 44 96 821 7 56 113 36 2834 3096 89 86 29 61 455 76 179 53 528 319 260 106 36 124
internal_value=-7.78727e-12 -0.00820241 -0.00532583 0.00834333 0.00678896 0.000303361 -0.0015986 0.0110819 0.0160813 0.0148167 0.00134179 -0.0281882 0.013718 0.0134889 0.00833975 0.0111231 -0.00384121 0.0181654 -0.0145848 -0.00701447 0.00111272 -0.00158938 0.0062413 0.0095526 0.00240007 -0.00718026 -0.0178999 -0.0126058 -0.0234359 -0.00727337
internal_weight=2859.52 1441.94 1144.57 1417.58 1180.46 378.794 184.2 56.9477 237.125 230.232 59.3136 17.5172 41.7964 8.08349 996.259 608.062 51.5544 16.9122 34.6421 29.8077 372.736 303.757 126.533 117.276 82.2655 177.224 67.271 21.3204 17.4565 127.252
internal_count=22443 13632 10490 8811 7654 2819 1441 403 1157 1129 308 99 209 43 6213 3379 283 104 179 150 2750 2295 836 760 581 1459 579 186 142 1038
is_linear=0
shrinkage=0.05


Tree=31
num_leaves=31
num_cat=0
split_feature=0 0 9 7 5 8 10 4 5 9 4 5 7 4 7 3 10 7 10 0 8 9 5 9 3 10 3 0 9 7
split_gain=60.5554 13.0445 8.59864 6.39496 5.56849 5.47571 6.60454 5.27009 8.33747 5.95452 5.92428 7.06907 5.41052 6.16531 7.00093 4.76637 4.83108 4.76317 4.80291 6.53472 9.08106 4.61676 4.58072 4.98387 6.54678 5.12839 4.57315 4.50526 4.43098 4.40803
threshold=0.025877377737732361 -0.48015820054290653 0.1332030250429784 -1.9557601816950352 0.81397808731048171 -0.61501270941472808 1.3972437325030376 -0.34677692025933082 -0.51075476511220452 -0.043086629175452147 -0.45064613929915914 -0.043230928299160552 -1.1468318220573213 -0.72331894243529582 -0.76633251220990384 -1.4816346750920142 1.3972437325030376 -1.5166159926981257 0.51800996329136584 -1.536622594027343 -0.1448102742214156 -0.60358039076245695 0.0081331354196280282 -0.71183526693104737 0.86005395203222146 0.39329598712507524 -1.0040307173301464 -0.49491963947115813 -1.7036828425600594 0.77805714107037904
decision_type=2 2 2 2 2 2 2 2 2 2 2 2 2 2 2 2 2 2 2 2 2 2 2 2 2 2 2 2 2 2
left_child=1 7 4 -3 5 6 -2 9 17 15 12 -12 -11 14 -14 -1 29 -9 19 -19 21 -21 23 24 25 -5 -24 -16 -10 -17
right_child=2 3 -4 22 -6 -7 -8 8 28 10 11 -13 13 -15 27 16 -18 18 -20 20 -22 -23 26 -25 -26 -27 -28 -29 -30 -31
leaf_value=0.033331239673298506 0.0072435411200267481 -0.044272211324872683 -0.016732107813554147 0.025520564622003805 -0.017996300841331244 -0.0083857689298994769 -0.044169429063122392 0.043674500090636309 0.042252875693957491 -0.030850248246371371 0.040984026549707314 -0.022794866476584772 0.038169963568271598 -0.010815462237649917 0.0031057751445767333 0.011757805640225478 0.027915958931714502 0.029696695145656343 0.022162170582689048 -0.012959414063393921 -0.02168108964605929 0.02637433438696073 -0.023082651398967032 0.0005036694875322497 -0.023458065587402818 -0.0020697693637701108 -0.0027401931301946217 0.059246595883706003 -0.0034289798902329876 -0.0078755183600985029
leaf_weight=27.370079506188631 119.71197738405317 8.219116507098077 390.56068776152097 61.407796423882246 85.786021707579494 231.1215399405919 6.5903940033167592 11.30062756501138 5.4262938704341641 12.382396925240753 19.596004609018568 5.5822007525712243 17.353181291371584 58.225015427917242 139.58799376618117 477.19897069968283 43.651008856482804 18.108217667788267 50.942046422511339 10.811873909085987 35.74546773545444 24.064550943672657 31.034053277224302 381.5622085693758 10.75730358995497 23.207775342278183 251.72394711198285 3.667464453727006 244.0260186069645 30.410766107961535
leaf_count=131 971 91 4265 444 1176 2768 63 66 32 71 85 46 87 366 794 2423 193 83 293 80 261 142 298 2899 95 206 2136 19 1697 162
internal_value=2.3458e-11 0.00471249 -0.011323 -0.000405042 -0.00655653 -0.00381085 0.00456084 0.00789336 0.00317756 0.0101548 0.00381183 0.0268438 0.00130377 0.00312316 0.0081763 0.0129653 0.0119542 0.0124516 0.00992546 0.00290008 -0.00397086 0.0141807 6.95572e-05 0.00305904 0.0132824 0.0179533 -0.00497288 0.00454303 -0.00243527 0.0105816
internal_weight=2837.13 2003.36 833.771 767.912 443.21 357.424 126.302 1235.45 400.425 835.025 256.394 25.1782 231.216 218.834 160.609 578.631 551.261 150.973 139.672 88.7301 70.6219 34.8764 759.693 476.935 95.3729 84.6156 282.758 143.255 249.452 507.61
internal_count=22443 13200 9243 6169 4978 3802 1034 7031 2654 4377 1468 131 1337 1266 900 2909 2778 925 859 566 483 222 6078 3644 745 650 2434 813 1729 2585
is_linear=0
shrinkage=0.05


Tree=32
num_leaves=31
num_cat=0
split_feature=0 0 0 8 9 8 3 5 5 0 8 5 3 3 3 0 3 4 5 4 3 7 9 9 5 10 9 10 0 10
split_gain=54.2655 12.941 8.01759 5.01307 5.71937 4.88366 5.23113 5.34292 4.56836 4.621 5.33541 5.31368 4.85412 4.55827 7.00278 5.51914 8.0358 4.84022 4.83515 6.16308 4.81729 4.51333 4.72602 5.13907 4.9459 5.86296 4.71378 4.49675 4.44514 5.60372
threshold=0.025877377737732361 -0.48015820054290653 1.2970812370400902 -0.60628285095462886 0.1332030250429784 -0.62203163878596301 1.1240467097659002 -0.61556953936437964 1.1195664554059606 -1.170688943001047 2.1910362561776808 -1.8618772631378639 0.66532717769029526 -0.13571414589594363 0.28725735187364232 -0.80823623983397053 0.38861957684690146 -0.68755222802905835 -0.073240113708638366 -0.9420812642174623 0.24543051382607059 -1.9557601816950352 0.89428827868336935 0.43371532361962256 0.0081331354196280282 -0.88340218143695781 -0.75378612995449468 -1.3785476811948669 -0.50275626534053941 -0.67552428290366329
decision_type=2 2 2 2 2 2 2 2 2 2 2 2 2 2 2 2 2 2 2 2 2 2 2 2 2 2 2 2 2 2
left_child=1 8 3 4 -2 6 7 -6 9 -1 11 12 -11 28 20 16 17 -16 -18 -20 -15 -3 23 24 26 -26 -23 -17 29 -13
right_child=2 21 -4 -5 5 -7 -8 -9 -10 10 -12 13 -14 14 15 27 18 -19 19 -21 -22 22 -24 -25 25 -27 -28 -29 -30 -31
leaf_value=0.013633678450998749 0.0042945774952201114 -0.03913799715302306 -0.019984024449545987 -0.011418510166654823 0.022180564536925268 0.05390298451464276 -0.050277122009823476 -0.015131317246894559 -0.0094229173505539308 -0.047247513322696763 -0.05214146002636353 0.011055188948578001 0.02179143402501367 0.016091867666863071 0.01846638009174844 -0.048616745304509462 0.029893876878135269 -0.056018411651554384 0.054845894475749959 -0.023533553530076322 0.044272688598620352 0.013209702820052287 -0.011866911843546822 0.012990690768664024 -0.023411198651319444 -0.0025224028389699976 -9.7559280056118208e-05 -7.8944642772356677e-06 0.025783977991559744 -0.00027233141333889572
leaf_weight=293.44787385314703 136.44925549533218 7.5424693748354903 183.96545501798391 413.79235430713743 11.173697000369428 2.7342242188751689 8.906864954158662 67.888258627615869 38.004434797912836 8.3977247029542905 3.8744833413511506 158.23417935427278 3.6537731327116481 150.47646450251341 3.5216953977942467 4.9813236463814965 47.22945018671453 5.7294625192880613 3.3354295156896105 10.110477450303732 16.864318555220962 85.782626618631184 78.652962249238044 79.895968134514987 41.786579614505172 171.28460225462914 296.78124365024269 106.03866012301296 22.842744369059801 352.19165527215227
leaf_count=1488 1156 91 2288 5013 88 21 85 592 339 59 41 911 20 807 20 41 231 41 16 74 71 663 660 561 397 1525 2272 683 134 2055
internal_value=-3.22156e-11 0.00446842 -0.0107831 -0.00814225 -0.00217403 -0.0119051 -0.0139505 -0.00985809 0.00764229 0.00818687 0.00640594 0.00665979 -0.0263163 0.00711059 0.0115595 0.00474138 0.0157444 -0.0276638 0.0223628 -0.00409053 0.0189319 -0.000652169 -0.000267279 0.00108328 -0.000513928 -0.00661902 0.00288634 -0.00218891 0.00420496 0.00323925
internal_weight=2815.57 1990.66 824.91 640.945 227.152 90.703 87.9688 79.062 1228.93 1190.93 897.482 893.607 12.0515 881.556 348.287 180.946 69.9265 9.25116 60.6754 13.4459 167.341 761.726 754.184 675.531 595.635 213.071 382.564 111.02 533.269 510.426
internal_count=22443 13200 9243 6955 1942 786 765 680 7031 6692 5204 5163 79 5084 1984 1106 382 61 321 90 878 6169 6078 5418 4857 1922 2935 724 3100 2966
is_linear=0
shrinkage=0.05


Tree=33
num_leaves=31
num_cat=0
split_feature=0 0 1 1 8 1 4 4 10 3 8 1 1 5 4 10 3 4 3 7 5 1 7 5 8 10 10 10 3 8
split_gain=48.276 10.7714 9.77185 9.28266 6.2132 5.84816 4.58227 5.70657 5.14364 11.3163 5.06428 4.407 4.25861 4.59289 4.3397 5.18769 4.40612 7.22718 4.36457 4.12993 6.43487 7.88871 7.41633 5.93909 4.77148 4.58159 4.41442 5.47713 4.12502 4.0274
threshold=1.0000000180025095e-35 -0.48015820054290653 2.0457961526582431 0.69555890358219108 -0.391240773468367 -1.0551291098568865 -0.63173381874899637 -0.67912898427281332 0.27546427816453467 0.54596793885780681 0.290686931444882 -1.1053162371561924 -0.96678399269341997 -0.34665980084616804 -0.35303292269324987 -1.8677608047336365 -1.2593244874528744 -0.95303982750666816 -1.5829635557600625 -0.50170165078923934 -1.082442419576626 -0.37102308405873846 -1.2257038054981617 -0.61556953936437964 -0.54441963756545719 -0.6541329752921109 1.4740692195686609 2.2388384708430737 -0.69547430272051847 -0.62886801610440524
decision_type=2 2 2 2 2 2 2 2 2 2 2 2 2 2 2 2 2 2 2 2 2 2 2 2 2 2 2 2 2 2
left_child=1 5 -3 4 -2 6 7 8 9 29 -8 -10 -7 19 15 -15 17 18 -17 20 22 25 -14 -23 -24 28 -21 -28 -22 -1
right_child=3 2 -4 -5 -6 12 10 -9 11 -11 -12 -13 13 14 -16 16 -18 -19 -20 26 21 23 24 -25 -26 -27 27 -29 -30 -31
leaf_value=0.034032463815116508 -0.00056060990899835001 6.6857731165912931e-05 -0.061182779724950988 -0.01737805272757913 -0.011132580355369921 -0.0097957663520934941 -0.0020996589327820776 0.061081845821819525 0.02503343197038875 -0.049998297531167871 0.018992923022132346 0.069542884817454326 -0.032923382480112055 0.058151064220484272 -0.0039768150228777612 -0.0036006795280071318 0.007612148410035751 0.0092855020399936743 -0.058174561673207108 0.0077116597700071371 0.068040269665137668 0.020670802524886497 -0.04173667752699773 -0.016254736026050272 0.018517322699693837 0.021514892961571982 -0.031783602736664023 0.024061564077074458 0.030346300741275457 0.0065714198317770901
leaf_weight=21.585287898778915 257.50479873782024 721.45301131566521 6.5712432209402314 283.05223374348134 301.93215647339821 43.27156182937324 63.012167855165899 8.475712586194275 33.192662455141544 7.0814086981117716 51.893960105255246 6.6806575916707507 12.804804536513982 4.7324969433248034 160.70069260569289 6.0069417320191851 258.63591569010168 18.85264010541141 9.3915013987570983 286.53526143869385 11.97272878047079 23.452574901282787 3.6950368806719771 20.328207917511463 29.655423250049353 62.328806504607201 15.329094393178822 6.1529059223830691 18.431738056242466 35.001778319478035
leaf_count=92 2424 5840 62 3070 4016 266 396 38 165 47 305 22 79 27 1153 40 1440 113 53 1546 40 147 24 132 162 335 101 37 85 186
internal_value=8.57584e-11 0.00432643 -0.00048599 -0.00999958 -0.00626638 0.00720008 0.0144414 0.0216375 0.0184087 0.00958957 0.00742618 0.0324909 0.00554406 0.00624351 0.00264439 0.00621954 0.00538042 -0.0114717 -0.0368853 0.00960522 0.0155618 0.0210185 -0.000577551 0.00352561 0.0118415 0.0292771 0.0060727 -0.0157883 0.0451895 0.0170465
internal_weight=2789.72 1947.23 728.024 842.489 559.437 1219.2 226.924 112.018 103.542 63.6685 114.906 39.8733 992.278 949.007 458.32 297.619 292.887 34.2511 15.3984 490.687 182.669 136.514 46.1553 43.7808 33.3505 92.7333 308.017 21.482 30.4045 56.5871
internal_count=22443 12933 5902 9510 6440 7031 1251 550 512 325 701 187 5780 5514 2826 1673 1646 206 93 2688 1004 739 265 279 186 460 1684 138 125 278
is_linear=0
shrinkage=0.05


Tree=34
num_leaves=31
num_cat=0
split_feature=6 6 6 2 1 7 2 8 4 5 2 5 9 5 2 6 5 2 9 1 9 6 2 7 4 7 8 7 9 5
split_gain=73.552 17.3901 7.50804 6.26682 5.0414 9.24445 5.92115 4.7746 4.26513 4.39499 6.83002 4.18153 4.28188 5.94827 4.53731 4.12716 5.17156 5.90549 4.99393 4.51823 4.83595 4.85879 4.34427 4.56172 4.09934 4.13839 7.12315 4.58706 3.98356 5.31628
threshold=0.10632227521035074 -0.58200523772757806 1.6873894289259683 -0.2318220575189939 -0.28116470033526747 -1.8480224477012985 -0.72937988228726169 2.8394380335945031 -0.90841513879082003 -0.087798233362051156 1.0650223286674709 -1.7741193421289505 0.62178827780173818 -0.057938785346688899 0.025479176735447327 -1.5499643311465767 -1.4808167909748222 1.2705487446470669 0.62178827780173818 -0.89936764499372279 -0.66508619591001361 -0.88504361177597468 0.20274767005284516 -0.18277223798444034 -0.81174534036779078 1.0258270732136769 -1.078908849596022 0.45226643940168565 -0.91001326008194694 -1.082442419576626
decision_type=2 2 2 2 2 2 2 2 2 2 2 2 2 2 2 2 2 2 2 2 2 2 2 2 2 2 2 2 2 2
left_child=1 3 11 24 6 -6 -3 -4 9 10 -7 -2 -13 14 -14 28 22 19 -19 20 -18 -22 -17 -24 -1 26 27 -26 29 -5
right_child=2 4 7 15 5 8 -8 -9 -10 -11 -12 12 13 -15 -16 16 17 18 -20 -21 21 -23 23 -25 25 -27 -28 -29 -30 -31
leaf_value=-0.018593497777759049 -0.033363458907635778 -0.024726196552417042 -0.026807349374855412 0.00069785047273617125 -0.073576100608838249 0.026720508532031392 -0.0022244542510837417 0.0068613500957090123 0.0018049736078728695 -6.2598214129992803e-05 -0.042175567916384944 -0.012268118768021788 -0.0077841254742260146 -0.011818617355619338 0.010865727113494705 0.065343661936189165 -0.0032982270794595066 -0.00047098524105398763 -0.042536675194706497 0.012558040863025666 0.020171053450610699 -0.0057691645234854375 0.031891854680555887 -0.012829410439249829 0.017992722237477454 -0.028433998343992569 0.0013277088859540212 0.079664040932037161 0.010755938428506466 0.035415042016684772
leaf_weight=25.712789972312748 18.74475484713912 31.873467527795583 107.66329141799361 14.003151357173918 3.8224015571176997 55.211037438362837 353.27513462095521 11.671411436982451 323.09126401087269 35.330844165757298 3.847986761480569 483.3478642734699 56.07604322116822 134.59895267523825 77.942856458947062 6.4983595516532651 109.63704044744372 47.767917821183801 8.2781944498419744 530.58005779189989 61.076167799532413 25.625886423513293 21.781242810189724 7.7243624813854721 7.8380254544317705 9.0220333281904441 76.343103163875639 4.9001277294009924 67.532841525971889 51.884018566459417
leaf_count=304 195 499 1182 60 44 313 2998 123 2621 231 26 5146 623 1389 556 30 739 292 57 2770 337 181 97 44 65 92 873 18 313 225
internal_value=4.84934e-11 0.00559933 -0.0118439 0.00975917 4.80427e-05 0.00382788 -0.00408661 -0.0235144 0.00453658 0.0138867 0.0222316 -0.0100369 -0.0094554 -0.00439424 0.00306228 0.0111349 0.00980637 0.00895435 -0.00668423 0.0101601 0.00367997 0.0125041 0.028335 0.0201841 -0.000822756 0.00383494 0.0071031 0.0417165 0.0192897 0.0280365
internal_weight=2772.7 1882.66 890.045 1076.21 806.452 421.304 385.149 119.335 417.481 94.3899 59.059 770.71 751.966 268.618 134.019 952.389 818.969 782.965 56.0461 726.919 196.339 86.7021 36.004 29.5056 123.816 98.1033 89.0813 12.7382 133.42 65.8872
internal_count=22443 13229 9214 6497 6732 3235 3497 1305 3191 570 339 7909 7714 2568 1179 5145 4547 4376 349 4027 1257 518 171 141 1352 1048 956 83 598 285
is_linear=0
shrinkage=0.05


Tree=35
num_leaves=31
num_cat=0
split_feature=6 6 6 0 3 1 2 2 4 10 3 4 4 0 3 9 10 3 9 1 2 2 6 9 3 2 3 1 1 10
split_gain=71.0527 13.9296 9.07621 5.32802 4.9995 7.02382 4.75992 5.91968 4.66085 4.70726 4.20318 8.76326 6.48392 8.36995 5.17117 5.51949 4.57271 5.02775 5.01015 8.42497 5.0928 7.8999 6.4151 10.7847 5.04362 4.87122 4.53519 4.31237 4.24742 4.22404
threshold=-0.036997220318890418 -0.80468721026342671 1.0842644727775961 -1.536622594027343 -0.20522800065499677 -0.30921038467988643 -0.31345951268405264 -0.34244998474176086 1.4598736395900438 1.5068779122547156 -0.17292148466808352 -1.3271769967500748 -1.3953718893769618 -0.57223610211904052 0.28725735187364232 0.71160019929945451 0.86464667270833229 1.0454371800918303 -0.49685240055632646 0.17392019507744313 0.12007238021602358 0.91359205875213834 -1.0606021319911738 -0.5971850243029263 0.37673364776387575 0.041411026413740067 -0.19647631374262839 -0.74942639147796863 -0.93726264695599892 1.3275668463981389
decision_type=2 2 2 2 2 2 2 2 2 2 2 2 2 2 2 2 2 2 2 2 2 2 2 2 2 2 2 2 2 2
left_child=1 6 -2 -3 8 -6 7 -1 9 -5 11 12 13 -8 15 -12 18 27 20 -20 25 22 24 -24 -22 -16 -13 28 -18 -29
right_child=2 3 -4 4 5 -7 10 -9 -10 -11 14 26 -14 -15 16 -17 17 -19 19 -21 21 -23 23 -25 -26 -27 -28 29 -30 -31
leaf_value=0.0022203680738771209 -0.0074366862275189061 0.023498637502834069 -0.017850813764827424 0.0062909361292210683 -0.0077639614778024961 0.0052932781887527341 0.028479842466985695 -0.058549770603561417 -0.047622717583083368 -0.021922581316445967 0.025201144142177764 0.0066316956592197551 0.061012230782836401 -0.037342937852999449 0.0061693104052919258 -0.025345907898398485 0.013009512733354413 0.045601033467395712 -0.014301248586749624 0.051817179521660262 -0.015050882064028954 -0.0075495483946679447 -0.017178775537327738 0.068664400109435239 0.046635104560684058 -0.052970163532975248 -0.035723723560232443 0.067283932644560784 -0.039701050747486796 -0.00048431870944302328
leaf_weight=60.916925879195333 736.29329066118225 28.259098149836063 292.2650466109626 464.48611954855733 254.75153812766075 172.89261575974524 31.12838443741202 4.2895387317985287 4.1818248024210325 15.270104110240935 144.4155104290694 323.675367327407 11.685482582077382 5.7165100947022465 11.109749730676414 5.6104786731302729 12.681002002209427 17.562861513346434 42.295926045626402 5.4373299777507773 3.680526375770568 21.162256930023432 14.261521385982634 4.9213685505092135 33.244832759723067 5.0714083239436141 6.4458678923547259 5.4694284144788963 5.4705308917909887 3.9672993645071983
leaf_count=705 7304 166 3230 3335 2412 1341 117 43 63 142 664 1715 39 40 97 32 73 84 237 27 22 130 93 19 144 41 40 25 37 26
internal_value=1.05547e-10 0.00621649 -0.0103959 0.00211683 0.00145399 -0.00248504 0.0111549 -0.00177733 0.00493481 0.00539293 0.0123343 0.00872111 0.0285598 0.0182674 0.0164017 0.0233109 0.0108388 0.0246894 0.00640941 -0.00676965 0.013141 0.0184824 0.0283008 0.00484428 0.0404866 -0.0123659 0.00580467 0.011377 -0.00287646 0.0387934
internal_weight=2748.62 1720.06 1028.56 939.841 911.582 427.644 780.22 65.2065 483.938 479.756 715.014 378.652 48.5304 36.8449 336.362 150.026 186.336 45.1511 141.185 47.7333 93.4517 77.2705 56.1082 19.1829 36.9254 16.1812 330.121 27.5883 18.1515 9.43673
internal_count=22443 11909 10534 7459 7293 3753 4450 748 3540 3477 3702 1951 196 157 1751 696 1055 245 810 264 546 408 278 112 166 138 1755 161 110 51
is_linear=0
shrinkage=0.05


Tree=36
num_leaves=31
num_cat=0
split_feature=6 6 0 6 0 0 2 10 4 3 4 0 2 10 3 10 3 2 3 6 10 5 5 3 2 1 10 2 6 5
split_gain=68.795 14.1993 8.98786 7.49006 5.13233 5.46199 4.96387 4.52918 4.35419 4.07033 6.66452 6.85225 8.44981 4.44373 4.94012 4.39285 4.03939 4.70296 3.88835 3.84456 3.60357 3.74959 5.37687 3.60341 3.59913 3.47171 3.40489 3.37609 4.5101 4.29093
threshold=-0.30077077850553857 0.60978037090406001 -0.43425508245280303 -0.89760042882273905 -1.536622594027343 -1.3631530950068782 -0.31345951268405264 -1.4572659878278531 -0.27470895757757513 -0.17292148466808352 -1.3271769967500748 -0.97122520402335644 0.53607395636845501 -1.1216660136220664 0.051399070609663845 0.063881767741072612 -0.81372073714771698 -0.50149472133789363 -1.5829635557600625 0.6981413185195241 -1.6040522863670497 0.071877799016145841 0.12731931185155929 -0.85749730118528122 -0.34244998474176086 -0.68634129213947248 -0.59204040236800959 -2.6184197577845216 1.6873894289259683 -1.1899046137111096
decision_type=2 2 2 2 2 2 2 2 2 2 2 2 2 2 2 2 2 2 2 2 2 2 2 2 2 2 2 2 2 2
left_child=3 -2 7 6 -5 26 24 -3 20 10 11 -8 15 14 -11 -13 18 -18 -9 -19 -7 -22 -23 -14 -1 -10 -6 -4 29 -29
right_child=1 2 27 4 5 8 9 16 25 13 -12 12 23 -15 -16 -17 17 19 -20 -21 21 22 -24 -25 -26 -27 -28 28 -30 -31
leaf_value=-3.7977506259930142e-05 -0.0040340056400917472 -0.042291630998329888 0.0023912689648654139 0.025133472504275913 -0.065387872718462012 -0.03379674405674591 0.045543460542890435 0.017318844412976479 -0.011567234944206892 0.032792302796489405 0.0061331872176294891 -0.00075771361443785436 -0.0030361713434662774 0.019568252571274525 -0.010288272895128982 0.059736493034926244 -0.02150243856063094 -0.022352139571798567 -0.027665376104796604 0.029320073425226491 0.0098007653617937975 -0.033187963863795737 0.0030007631671721789 -0.068900251271878446 -0.059873524821922111 0.0021507534651437356 -0.011138259806865995 -0.037149339306666466 -0.027631163937249514 -0.013907481167898975
leaf_weight=51.265813106670976 799.956956920214 5.2295121792703858 20.964851945638657 28.340717051178217 4.2108176611363879 5.3998568318784228 23.459751531481743 7.449900949373844 62.867546657565981 8.9047739878296834 277.0711865676567 5.4315182417631167 4.630056120455265 249.16695405170321 26.33295526355505 6.7061246521770954 7.1699292883276931 4.0948102436959735 13.524699520319698 29.774545434862375 354.76228869799525 11.433523859828709 100.35779452417046 3.7654590941965562 2.6427044039592138 173.14647439192049 9.2372981347143632 21.210634721443057 97.209918035659939 311.55458698887378
leaf_count=595 7492 47 286 153 31 54 79 52 696 41 1467 24 24 1264 163 22 82 29 105 178 2247 90 836 24 35 1442 58 244 1088 3495
internal_value=-5.24009e-11 -0.00821069 -0.0146585 0.00768049 0.00426193 0.00344199 0.0115676 0.00239408 0.00404161 0.0128621 0.00900367 0.0270822 0.00598963 0.0172179 0.000598433 0.0326657 0.00616234 0.0152852 -0.0116876 0.0230729 0.00681453 0.00728456 -0.000700461 -0.0325768 -0.00297124 -0.00150334 -0.0281247 -0.0172014 -0.0181567 -0.0153889
internal_weight=2727.27 1318.14 518.183 1409.13 749.756 721.416 659.377 67.2434 707.967 605.469 321.064 43.9929 20.5332 284.405 35.2377 12.1376 62.0139 41.0393 20.9746 33.8694 471.953 466.554 111.791 8.39552 53.9085 236.014 13.4481 450.94 429.975 332.765
internal_count=22443 13098 5606 9345 5607 5454 3738 493 5365 3108 1640 173 94 1468 204 46 446 289 157 207 3227 3173 926 48 630 2138 89 5113 4827 3739
is_linear=0
shrinkage=0.05


Tree=37
num_leaves=31
num_cat=0
split_feature=0 0 8 9 10 4 9 4 5 4 7 10 8 5 3 3 7 7 3 3 8 5 10 10 9 4 10 5 3 8
split_gain=42.7829 13.545 6.65055 6.07912 6.74091 5.3938 5.28738 5.3245 5.74282 4.86997 4.70133 4.29797 4.38784 4.09438 4.3983 5.60816 4.79213 4.12228 4.94637 5.48249 4.42231 4.39646 4.0833 5.93787 5.14157 14.0717 4.39352 6.20242 4.87478 5.37846
threshold=0.23637676787862635 -0.48015820054290653 -1.2644873900183393 -0.73722947007012818 1.3275668463981389 0.73017800939942779 1.0151037681326314 -1.0318068305109782 -0.52803468319531388 -1.2782676321096702 -1.5566157422164102 0.97725471962393051 -0.48491984407028726 1.1195664554059606 2.0387408558275011 -0.54167655633855116 -0.98468317830166785 -0.60180203449701253 -0.42293025897583686 1.9016831141729391 1.6643590751998851 -1.9653750857951884 0.69451527355412745 0.61451228420251669 -0.79405263725948649 0.083452537066869711 -0.99306728831066671 0.1464986148398994 -0.017588959117612758 -0.039726691450966016
decision_type=2 2 2 2 2 2 2 2 2 2 2 2 2 2 2 2 2 2 2 2 2 2 2 2 2 2 2 2 2 2
left_child=1 13 -3 -4 5 10 7 8 -2 -10 -5 -12 -13 17 15 16 -15 -1 20 21 -19 -20 23 24 25 -23 27 -26 29 -28
right_child=6 2 3 4 -6 -7 -8 -9 9 -11 11 12 -14 14 -16 -17 -18 18 19 -21 -22 22 -24 -25 26 -27 28 -29 -30 -31
leaf_value=0.011304988415875386 -0.031806997266632053 0.015967814244542699 0.0068420016630140676 -0.036043836014308543 -0.022873946719282758 -0.016231110356692832 -0.019834840922103802 -0.010426612270086188 -0.0030408910027893026 0.04130224984694119 -0.0020777425364266276 0.029340315854952944 -0.00097545336643495382 0.064876685878318852 0.059718461749469737 -0.02983995825865178 -0.0057538945993006359 -0.00062527413582954465 -0.030104306828435613 -0.04246113649909785 0.031807471136127592 0.035616022358038589 0.019685129447707117 -0.033457344225713788 0.025755129734649121 -0.041110322894954678 -0.0012724104100595931 -0.019761725260773171 0.0078178138769227166 -0.036106589452159214
leaf_weight=435.32365905214101 6.2923189951106933 53.399611813016236 152.46755162347108 9.6189467851072532 45.075379160698503 68.034686459694058 148.13261058507487 434.28000945644453 11.135039153508846 13.9472656045109 538.87475890410133 22.933828908018768 24.889542346820235 3.224302425980567 2.1473298706114283 21.127264704555273 9.4107394665479642 306.39793501608074 6.8493832163512698 5.1258995458483687 10.883808828890322 39.171792423352599 88.830813487060368 8.6182173602282983 44.875713521614671 7.051578762009739 46.204108411446214 8.9825032800436002 117.39854333666153 14.577300088480113
leaf_count=2514 67 366 1394 115 449 765 1700 5411 106 108 4568 140 223 18 16 217 88 1857 50 36 71 196 464 51 255 56 287 72 673 110
internal_value=1.06798e-11 0.00340627 -0.00115505 -0.00221592 -0.00416261 -0.00289307 -0.011607 -0.00898953 0.0109022 0.0216166 -0.00137132 -0.000802859 0.0135626 0.0069558 -0.00966782 -0.0140809 0.0122701 0.0074793 0.00511691 0.00890579 0.000487276 0.00959405 0.0103178 0.00741722 0.00868317 0.0239111 0.00564969 0.0181638 0.00186706 -0.00962675
internal_weight=2705.28 2091.5 915.294 861.895 709.427 664.352 613.787 465.655 31.3746 25.0823 596.317 586.698 47.8234 1176.2 35.9096 33.7623 12.635 1140.29 704.968 387.686 317.282 382.56 375.711 286.88 278.262 46.2234 232.038 53.8582 178.18 60.7814
internal_count=22443 15051 8020 7654 6260 5811 7392 5692 281 214 5046 4931 363 7031 339 323 106 6692 4178 2250 1928 2214 2164 1700 1649 252 1397 327 1070 397
is_linear=0
shrinkage=0.05


Tree=38
num_leaves=31
num_cat=0
split_feature=6 6 6 0 2 4 6 0 1 6 0 7 3 0 7 4 4 6 1 0 0 3 4 0 3 4 2 2 2 7
split_gain=65.301 12.2131 8.66485 7.26125 4.84495 4.56058 5.20585 4.25241 4.10643 3.63394 5.23598 4.96883 6.21142 4.2376 5.73319 4.23608 4.66728 4.0762 4.62453 4.40944 4.26836 4.02627 9.09243 6.74091 5.32155 4.41505 4.13552 5.88879 6.37113 4.00031
threshold=-0.23314028823950317 0.60978037090406001 -0.89760042882273905 -0.43425508245280303 -0.31345951268405264 -0.91920074409678276 -0.11447459105739348 -0.5872398178937287 -0.72974535763756443 -0.52709551492381357 -1.6539311631276206 0.2777926023950662 0.49223867029415264 -0.68394542082552201 -0.77606270838806457 -0.044433359359187748 -0.80270439255923243 -0.47585131369128025 -0.44954167549411578 -0.57994343562379236 -0.32642214003115982 -0.20522800065499677 0.31053429033764096 -0.66701718665628695 -1.3318529723493475 0.21727522593461052 0.70941053718865932 0.33651828711955961 0.37132186525279015 0.4205299854996391
decision_type=2 2 2 2 2 2 2 2 2 2 2 2 2 2 2 2 2 2 2 2 2 2 2 2 2 2 2 2 2 2
left_child=2 5 4 -3 -1 6 7 -2 -4 10 -10 -11 17 14 15 16 -12 -13 20 -20 -19 22 23 -15 -25 -26 27 -23 -29 -14
right_child=1 3 8 -5 -6 -7 -8 -9 9 11 13 12 29 21 -16 -17 -18 18 19 -21 -22 26 -24 24 25 -27 -28 28 -30 -31
leaf_value=-0.0030972087851833113 -0.012883890411628013 0.0010927645049927097 -0.0033822834595253143 -0.016767439318325587 0.012693678063910996 -0.0060013760804181748 -0.00014874719202914374 0.040856440982141647 0.042176198469386576 -0.0025839580695136907 -0.0026206755942532025 -0.0099390920859529844 0.026625993919684933 0.081435521645782383 -0.0085341395849216749 -0.025848747623335857 0.038094451142785618 -0.032129771339442871 0.0078045664979533667 0.037780071227802636 0.024919660172846102 0.0095564663654806141 -0.036168069181743222 -0.011841681927323698 0.02140914644228693 0.0798555686285847 0.021549084027271029 -0.079370952328764122 -0.0096612591672224045 -0.030155513358816721
leaf_weight=52.884763177484274 4.8334646075964001 65.279535220935941 164.69159382721409 443.79997065803036 596.12566893082112 601.48983696312644 85.148972364142537 15.439494380727409 11.516241593286393 219.18919035792351 11.099644005298616 12.137039510533212 4.0837653279304531 4.5776161700487128 70.94448705483228 5.1495211310684672 19.238594558089972 6.9326019925065339 18.360397034557536 36.975740615278482 6.2206323426216823 50.946423972025514 7.1502643157728007 12.011825013905762 86.163919734768569 3.3570566922426215 27.86465029232204 3.7464946918189552 26.195060692727566 12.900470661232246
leaf_count=630 40 493 1546 5113 3108 5998 641 101 54 1842 63 72 34 12 416 35 92 60 123 232 54 453 80 76 563 16 168 24 186 118
internal_value=8.00715e-11 -0.00857239 0.00708889 -0.0144772 0.011407 -0.00432006 0.00527275 0.0280437 0.00367729 0.00544758 0.00903789 0.00159477 0.0109783 0.00787597 -0.000326627 0.0160812 0.0231983 0.0167672 0.0214999 0.0278343 -0.00514907 0.0118083 0.0184063 0.0220838 0.0194079 0.0236009 0.00493676 -0.000785931 -0.0183838 -0.0165027
internal_weight=2686.45 1215.99 1470.46 509.08 649.01 706.912 105.422 20.273 821.453 656.762 339.962 316.8 97.6106 328.446 106.432 35.4878 30.3382 80.6264 68.4894 55.3361 13.1532 222.013 113.261 106.11 101.533 89.521 108.753 80.888 29.9416 16.9842
internal_count=22443 12386 10057 5606 3738 6780 782 141 6319 4773 2238 2535 693 2184 606 190 155 541 469 355 114 1578 747 667 655 579 831 663 210 152
is_linear=0
shrinkage=0.05


Tree=39
num_leaves=31
num_cat=0
split_feature=6 6 6 0 4 9 10 9 9 6 10 9 9 2 2 9 3 5 4 10 4 5 4 2 6 9 3 6 2 3
split_gain=63.1939 14.2473 6.6143 6.10455 4.67625 8.11484 4.94241 4.07689 5.00942 4.26034 5.82468 4.06452 6.52618 4.00426 3.8592 3.63963 5.4278 3.57561 4.35302 4.16901 5.21939 4.06331 3.68639 4.52232 3.6764 5.3366 3.94718 3.58014 4.66388 5.26562
threshold=-0.35821671465847055 0.60978037090406001 -1.2353802309765107 -0.43425508245280303 -1.4323995352435912 -0.062747352001723253 -1.1216660136220664 -1.3583508656381071 -0.16075235523071782 -0.76372537296344112 1.0117562528937383 0.43371532361962256 0.31222900345558952 0.23718498719697881 0.21724674399146413 1.3763532241580327 -0.52300605583801218 0.0081331354196280282 -1.1258128912076064 -0.91430205531691155 -0.7145031317574827 -0.0080087629607934509 0.71343983044528059 0.26572278293988877 -0.78545182684039871 -0.50764461668028249 -0.37974084657833612 -0.41969419045792006 0.47307547819787316 -0.76691501441628984
decision_type=2 2 2 2 2 2 2 2 2 2 2 2 2 2 2 2 2 2 2 2 2 2 2 2 2 2 2 2 2 2
left_child=2 11 13 15 5 7 -6 -4 9 10 -9 12 -2 14 -1 16 -3 21 24 -20 -21 -8 27 -24 25 -19 -26 28 -22 -30
right_child=1 3 4 -5 6 -7 17 8 -10 -11 -12 -13 -14 -15 -16 -17 -18 18 19 20 22 -23 23 -25 26 -27 -28 -29 29 -31
leaf_value=0.007269677798963441 -0.004575932575031731 -0.029858454397871683 0.058757900964864752 -0.016363886288545248 -0.0040000649122662896 -0.039959200562850794 0.0092685361784075517 -0.052757070175566259 0.057410269997224019 0.013844111872442008 0.030356041747769642 0.0020803700970644934 -0.028431849336548305 0.017768239698250192 -0.042615649618539982 0.016404053825931405 0.0063499712319309625 0.0039893278473784903 -0.024594665136620231 -0.012525815549759248 0.0023677691277605435 0.042749326853020408 0.0083625948990564379 -0.0366720943970964 0.027714978250999302 0.065289948599017156 -0.039326996273700766 -0.01751225032852723 0.046399730774001037 0.01328465120176533
leaf_weight=76.389069418422878 585.61573338322341 17.546934900805354 3.2095583211630574 440.40108066145331 99.63802588544786 15.007897483184932 620.0420104204677 8.2126666195690685 3.1615546159446266 9.81482085585594 2.8359320610761634 227.24372532241978 30.144322886131704 220.52776620257646 4.0842553004622451 22.325292207300663 25.235106812790036 6.2554388577118507 15.357087813317774 45.863718468695879 65.121318722609431 9.1965064983814937 12.162019320530819 10.291790713090448 4.9415800161659718 8.210259800776841 3.950802978128193 11.275083942338822 15.804665848612784 49.923064128495753
leaf_count=626 5722 140 16 5113 738 88 3984 64 17 72 14 1997 307 1041 24 169 184 40 137 361 628 51 145 101 30 30 35 117 83 369
internal_value=4.50704e-11 -0.00761445 0.0077714 -0.0142513 0.0058499 -0.0104379 0.00655339 0.00583015 -0.0012406 -0.0101283 -0.0314238 -0.00363468 -0.00574379 0.0142845 0.00473785 3.90608e-05 -0.00850081 0.00775049 0.00268092 0.000555293 0.00239062 0.00975787 0.00654746 -0.0122792 0.023229 0.0387816 -0.00207115 0.00952184 0.0118513 0.0212474
internal_weight=2669.79 1348.51 1321.28 505.508 1020.28 42.2424 978.033 27.2345 24.025 20.8634 11.0486 843.004 615.76 301.001 80.4733 65.1073 42.782 878.395 249.157 225.799 210.442 629.239 164.578 22.4538 23.3581 14.4657 8.89238 142.124 130.849 65.7277
internal_count=22443 13632 8811 5606 7120 271 6849 183 167 150 78 8026 6029 1691 650 493 324 6111 2076 1941 1804 4035 1443 246 135 70 65 1197 1080 452
is_linear=0
shrinkage=0.05


Tree=40
num_leaves=31
num_cat=0
split_feature=0 0 9 2 2 5 3 8 10 4 4 10 4 9 8 9 0 3 5 5 3 4 4 4 4 8 8 8 10 3
split_gain=38.8266 11.1479 6.5771 9.48093 5.92027 5.66862 6.95652 5.43308 4.86004 5.07228 5.25332 4.60381 4.57526 4.39131 4.35386 4.09247 4.05955 4.04277 4.01949 6.63363 6.24741 8.42999 5.39811 4.94883 4.61565 4.47331 4.34117 3.79463 3.63049 3.80385
threshold=0.23637676787862635 -0.84387952086494422 -0.88678584982720887 0.21724674399146413 0.087407330810752332 0.9479001586349739 1.0454371800918303 -1.2644873900183393 1.4426151801155753 -0.32316487722935999 -1.4323995352435912 0.53019533149211673 2.8391662240148188 -0.098341489176736588 -0.86037655906912203 -0.9605850417668812 -0.69385970990155921 0.42547682413842886 -0.057938785346688899 -0.12696891587324588 -0.30615197510121261 -1.3271769967500748 -1.1258128912076064 -0.43418367822077819 0.48772102407872675 -0.19852903865484425 -0.094384055521706159 -1.3143869339639751 -0.92603535922712377 -1.0766756141531895
decision_type=2 2 2 2 2 2 2 2 2 2 2 2 2 2 2 2 2 2 2 2 2 2 2 2 2 2 2 2 2 2
left_child=1 4 3 14 -1 7 16 -4 9 10 11 13 -2 -9 27 -5 -7 -16 19 20 21 -6 -22 -21 -23 -20 -27 -3 29 -11
right_child=12 2 5 15 18 6 -8 8 -10 28 -12 -13 -14 -15 17 -17 -18 -19 25 23 22 24 -24 -25 -26 26 -28 -29 -30 -31
leaf_value=-0.00098154202306614986 -0.010615670101336322 -0.022391464235525405 0.014796924511406059 0.012595390891003051 0.031954591939906921 0.020190898792517675 0.016767366176821879 -0.008621127113327352 -0.01480177026920552 -0.046969687823660289 0.0043591762297372485 0.019125685162435804 -0.044962994603127686 -0.050280485329474191 -0.0033403234487855353 0.033452741255594769 -0.024945319912020255 -0.033660445380710197 -0.0065770266451629193 0.061088865713940926 -0.0023187340126841465 -0.00089911507795250364 0.025044829319437675 0.0062341795537336139 0.035319026896966692 0.059902101372579369 0.0092435742856264453 0.036048892539674124 -0.0015223610128292696 -0.0097499742670254692
leaf_weight=113.03039372060448 590.92446182807907 3.796882612630724 63.136565077584237 96.236836325377226 27.204250242561102 5.4655885305255643 15.246346556581555 15.318247141316535 54.779536774381995 7.579937062226235 609.84929812862538 7.2871355526149264 9.8572226869873685 10.77546340972185 47.206226694397628 31.124658090528101 56.253565571736544 14.331808919087051 54.354097653180361 12.838057011365892 21.296478945761919 130.67832489032298 117.26942675327882 6.0489225499331942 9.4316047616302949 4.5085627846419802 68.212304534390569 10.347942340187727 365.52716408693232 72.744014994241297
leaf_count=984 7236 31 411 620 114 47 161 104 483 73 4168 43 156 76 494 180 679 195 327 41 118 663 538 29 45 23 411 76 3245 672
internal_value=5.08669e-13 0.00327323 0.00100174 0.00936377 0.00925283 -0.000320618 -0.013477 0.000518315 -0.000269807 0.000461134 0.00330202 -0.0160117 -0.0111792 -0.0258245 -0.00465211 0.0176925 -0.0209482 -0.0104017 0.011813 0.0147629 0.0129872 0.00648433 0.0208393 0.0435206 0.00153894 0.00427393 0.0123843 0.0203618 -0.00363741 -0.0132623
internal_weight=2652.66 2051.88 1487.01 203.044 564.872 1283.96 76.9655 1207 1143.86 1089.08 643.23 33.3808 600.782 26.0937 75.6829 127.361 61.7192 61.538 451.842 324.767 305.88 167.314 138.566 18.887 140.11 127.075 72.7209 14.1448 445.851 80.324
internal_count=22443 15051 11758 1596 3293 10162 887 9275 8864 8381 4391 223 7392 180 796 800 726 689 2309 1548 1478 822 656 70 708 761 434 107 3990 745
is_linear=0
shrinkage=0.05


Tree=41
num_leaves=31
num_cat=0
split_feature=6 6 6 7 1 5 8 4 5 5 0 3 3 1 1 7 3 6 8 0 0 8 3 1 8 5 3 8 4 0
split_gain=61.2939 14.7045 6.4523 3.85993 6.52821 4.13037 3.78262 5.05262 3.43978 3.52746 3.40408 3.10643 2.99915 3.07987 10.4454 3.6201 3.00802 3.32909 4.00679 2.965 5.82758 5.43107 6.13433 3.54021 3.514 3.49768 3.54849 3.9278 3.69856 5.17637
threshold=0.085780363176693158 -0.66713678119101893 1.6873894289259683 0.032107360055768745 -0.52307956420052293 0.1930339575357001 2.5710925962633087 2.8391662240148188 -0.92498092395308495 -0.89265623086203083 2.8210641962997935 1.4559998729597692 -0.52300605583801218 -0.036396847938300218 0.13971472927212966 -0.25015597015550317 -1.061452314231516 -0.51106410128914037 1.6137332642338718 0.035963512690687753 -0.041091045496034533 -0.38465655145733874 0.79702850288036942 -0.41602990690332547 0.57813438266739547 -1.8618772631378639 1.1240467097659002 -1.2903412742352736 -0.09482026299941243 -1.4383898340582559
decision_type=2 2 2 2 2 2 2 2 2 2 2 2 2 2 2 2 2 2 2 2 2 2 2 2 2 2 2 2 2 2
left_child=1 8 19 12 5 -5 11 10 -1 -10 -8 -4 16 -14 -15 -16 17 -3 -19 20 23 -22 -23 24 -2 -25 28 -28 -27 -30
right_child=2 3 6 4 -6 -7 7 -9 9 -11 -12 -13 13 14 15 -17 -18 18 -20 -21 21 22 -24 25 -26 26 27 -29 29 -31
leaf_value=0.016544163283801351 -0.034818106150714123 0.013174897028348856 -0.030399707794142746 -0.015132047557100417 0.0079169984207194469 0.010046904654603608 0.04174864471555844 -0.050577129351576648 -0.021518264710420881 0.0087386957492848298 -0.011271141681252613 -0.0088076798285104934 -0.0030008226835126464 -0.048188616818779027 0.0081535859694429405 -0.028268095405615784 0.0075973255122635643 -0.017761206726388114 0.040383450440633045 -0.012059328865337312 0.034925422600708793 -0.021991776120462027 0.047862352449699469 -0.043873326133581754 0.014794803433275567 -0.0024832144362920286 0.072937195555957651 0.0063686748164503461 0.0266641580304596 -0.018603439208580246
leaf_weight=154.03320935182273 20.306350282393399 16.087777836248279 76.545209357049316 58.476496494142339 292.52020413754508 22.575368710793555 6.2928413460031134 3.690026005730032 9.7580048125237209 750.67180448072031 5.8339547077193856 21.29101858753711 255.93805924616754 17.275739775039256 27.247766145505011 9.101295465603469 115.74579515960068 40.086314160376787 3.1993737127631894 416.33005271945149 16.142553282901645 13.213425093330445 4.1236708313226691 6.0608200859278432 4.3301069624721995 158.61173278745264 2.5463391281664398 17.075835772790015 6.8336571045219889 83.248379016411491
leaf_count=906 175 128 876 503 2145 237 70 50 69 4721 61 248 2520 193 225 99 899 378 30 5309 125 162 33 58 50 1195 10 136 43 789
internal_value=4.66128e-11 0.00531895 -0.0109325 0.000618385 0.00443777 -0.00811896 -0.0220332 0.000653187 0.00973059 0.00835043 0.0162419 -0.0257009 -0.00232543 -0.00528367 -0.0161791 -0.000965892 0.00290393 -0.00624563 -0.0134636 -0.00924765 -0.00572702 0.0140553 -0.0053768 -0.00794199 -0.0260981 -0.00631174 -0.00546328 0.0150072 -0.00707842 -0.0151694
internal_weight=2635.19 1772.72 862.476 858.254 373.572 81.0519 113.653 15.8168 914.463 760.43 12.1268 97.8362 484.682 309.563 53.6248 36.3491 175.119 59.3735 43.2857 748.823 332.493 33.4796 17.3371 299.013 24.6365 274.377 268.316 19.6222 248.694 90.082
internal_count=22443 13053 9390 7357 2885 740 1305 181 5696 4790 131 1124 4472 3037 517 324 1435 536 408 8085 2776 320 195 2456 225 2231 2173 146 2027 832
is_linear=0
shrinkage=0.05


Tree=42
num_leaves=31
num_cat=0
split_feature=6 6 0 6 9 9 2 2 0 10 9 4 2 2 10 8 8 6 6 6 2 9 6 10 9 6 8 9 8 4
split_gain=59.7085 13.0085 5.16438 5.13561 4.61792 4.28191 4.34894 4.26326 4.05505 4.80339 3.93648 3.73266 9.36724 3.70629 3.96773 3.47078 7.05221 5.23775 6.9294 3.4247 3.37733 3.44612 3.35737 3.21246 4.17835 7.57905 5.43922 5.30312 5.37245 5.16111
threshold=-0.35821671465847055 0.60978037090406001 -0.61005423194225528 -0.84713274306083608 1.3092076285540759 1.1168835820180181 -2.6184197577845216 0.087407330810752332 -1.536622594027343 1.3511339517816632 0.29943022257440283 -1.0777374849656378 0.82414931083466791 1.2408856260558077 1.7966017928933569 -0.62203163878596301 -0.81108659761060642 -0.67722174919170242 -0.42811741968095696 0.80917189649131804 -0.31345951268405264 0.2439929732203201 -0.65849551974679466 -0.77491650740444651 0.62178827780173818 -0.19855621860015313 -0.81108659761060642 -0.38085798651328256 -1.4285618347068738 -1.0000000180025095e-35
decision_type=2 2 2 2 2 2 2 2 2 2 2 2 2 2 2 2 2 2 2 2 2 2 2 2 2 2 2 2 2 2
left_child=3 7 4 10 13 6 -4 -2 22 11 20 12 15 14 -3 16 -10 -17 -19 -7 -1 -22 -5 -9 27 -26 29 28 -25 -27
right_child=1 2 5 8 -6 19 -8 23 9 -11 -12 -13 -14 -15 -16 17 -18 18 -20 -21 21 -23 -24 24 25 26 -28 -29 -30 -31
leaf_value=-0.00070226196199128137 -0.0079994084352592188 -0.011031870832667726 0.019254019677268468 0.042634313851633958 0.020624594922759712 -0.00078014043621872338 -0.013430329144784082 0.0062158838653962011 0.013529113044390407 -0.017914118617646062 -0.0014508902802785099 0.0028590037283280707 -0.029057166083690134 0.027677877677111586 -0.069410172229521214 0.035005853131739123 0.064895824068821634 -0.021288903842856463 0.051625555564437375 -0.025886633617204981 0.012504947036340586 0.057708144647445295 0.0046769449589280131 0.073029670579594072 -0.033504849616246939 -0.031559595695807234 0.018017363727893868 -0.012054537703606519 0.00034424736542905572 0.035501289176978416
leaf_weight=50.047093722037971 334.13094287668355 18.014069864526398 10.529106005560605 12.321891967207195 19.401529556140304 15.340077047236262 304.83509044256061 125.70097917877138 15.325012007728221 25.177722116932273 61.967868583742529 488.0237485668622 10.231856139376758 4.911835264414548 3.471477046608924 14.004460733383889 11.847679164260624 14.846405716612933 4.174672566354281 118.57384454319254 573.76180594507605 4.2475232761353245 11.050047235563396 2.5996618848294011 10.553021539002655 11.643252705223857 64.041136254556477 158.80837371386588 115.110466029495 3.8072687275707713
leaf_count=624 4055 147 167 59 144 168 3581 986 87 287 399 3860 80 24 25 79 57 118 20 1350 3053 18 70 14 89 85 476 1342 959 20
internal_value=-3.26665e-11 -0.0074801 -0.0138894 0.00762108 0.00210514 -0.0155199 -0.0123391 -0.0036404 0.00426657 0.00344877 0.010572 0.00441191 0.0151723 -0.0115063 -0.0204642 0.0226899 0.0359257 0.0117998 -0.00528592 -0.0230106 0.0117582 0.0128371 0.0246884 -0.000681663 -0.00304695 0.00630778 0.0115932 -0.0060932 0.00194953 -0.0150347
internal_weight=2618.5 1321.47 495.077 1297.03 45.7989 449.278 315.364 826.395 607.003 583.632 690.024 558.454 70.4301 26.3974 21.4855 60.1982 27.1727 33.0255 19.0211 133.914 628.056 578.009 23.3719 492.264 366.563 90.0447 79.4917 276.519 117.71 15.4505
internal_count=22443 13632 5606 8811 340 5266 3748 8026 4717 4588 4094 4301 441 196 172 361 144 217 138 1518 3695 3071 129 3971 2985 670 581 2315 973 105
is_linear=0
shrinkage=0.05


Tree=43
num_leaves=31
num_cat=0
split_feature=6 6 6 10 10 10 3 9 2 6 7 10 1 6 5 2 5 3 3 5 10 10 2 1 7 2 1 9 2 10
split_gain=59.1696 12.5468 5.16604 5.63433 5.12235 6.3316 5.02627 4.14006 3.88092 3.87207 4.10592 3.84687 5.52876 3.87129 4.50563 4.70729 4.14011 3.91353 5.8923 3.84815 3.68272 5.17128 4.29543 3.99484 3.6475 3.5179 3.43813 3.37884 3.71703 3.35838
threshold=0.10632227521035074 -0.83696101393445776 1.6873894289259683 2.2388384708430737 1.0494946827840561 0.97725471962393051 0.22304522370849497 -0.16782247911199491 0.89103364395191875 0.72913187329942175 1.2112447607903447 1.3511339517816632 1.0000000180025095e-35 -0.23314028823950317 -1.0245809254031446 0.83621351745974326 -1.6365867642932679 -0.5142383592485168 -0.61100579416291978 -0.0080087629607934509 0.91241903190572249 -0.035299231301592085 -1.0000000180025095e-35 -1.2511803757857434 0.93342159867227159 -0.31345951268405264 -0.44345741592848936 1.6023896562693685 -2.6184197577845216 0.17471560613569517
decision_type=2 2 2 2 2 2 2 2 2 2 2 2 2 2 2 2 2 2 2 2 2 2 2 2 2 2 2 2 2 2
left_child=1 25 4 27 5 29 8 11 -6 -7 -11 13 -13 17 16 20 -15 18 -3 -20 21 23 -22 -16 -5 -1 -23 28 -4 -2
right_child=2 7 3 24 6 9 -8 -9 -10 10 -12 12 -14 14 15 -17 -18 -19 19 -21 22 26 -24 -25 -26 -27 -28 -29 -30 -31
leaf_value=-0.0016630870471764357 -0.0059620714652891746 0.0044014884103626235 0.01471577486954421 0.04404824571521071 -0.017841145956369913 0.045407281812810396 -0.034023953929104893 0.0058191118540177654 0.0085878210028222952 -0.04461243102400364 0.044272223543412315 -0.034001143844649133 0.027679061152627291 -0.039076150353816314 0.071359177381305525 -0.031513704171438763 0.033736499166538758 -0.00088064283426973083 0.040140378466839516 -0.0034000074656817697 -0.022992921014637822 0.0040122872547329281 0.039082377013850006 -0.0021660925673835456 -0.0087713101473330234 0.011429996711367527 -0.028489941390612956 -0.040037189785438632 -0.023555855464149969 -0.014262826803813942
leaf_weight=55.753248477354646 415.71616193233058 136.53807859495282 7.100931253284215 4.6000827290117732 61.567899591289461 8.9455132205039245 37.80598271265626 396.69717909628525 17.937205092981458 3.1788456272333852 2.1973825842142105 17.455712142400447 4.5879931952804318 2.3556897547096005 1.8897887598723162 19.605917573906481 11.399614468216894 308.55503847636282 21.092668326571587 6.6823621373623601 4.0312720099464068 10.476537725888191 9.0276410295627976 82.403380190953612 11.291139928624032 642.66516767209396 36.427120734937489 28.543967382516712 59.53892934275791 172.37963207112625
leaf_count=701 4623 989 97 41 610 75 452 3138 143 30 23 245 39 27 16 180 89 2710 122 67 54 120 57 842 85 3482 351 333 749 1953
internal_value=-1.65567e-11 0.00517266 -0.0110055 -0.0210419 -0.00945662 -0.00759522 -0.0190153 0.00176809 -0.0118785 0.0252524 -0.00828332 -0.000621438 -0.0211635 7.46951e-05 -0.00621902 -0.00852631 0.0212668 0.00243872 0.00867197 0.029665 -0.00540207 -0.00792253 0.0199198 -0.000517712 0.00651853 0.0103848 -0.0212301 -0.0256432 -0.0194778 -0.00839515
internal_weight=2598.45 1767.64 830.804 111.075 719.729 602.418 117.311 1069.23 79.5051 14.3217 5.37623 672.529 22.0437 650.485 177.617 163.862 13.7553 472.868 164.313 27.775 144.256 131.197 13.0589 84.2932 15.8912 698.418 46.9037 95.1838 66.6399 588.096
internal_count=22443 13229 9214 1305 7909 6704 1205 9046 753 128 53 5908 284 5624 1736 1620 116 3888 1178 189 1440 1329 111 858 126 4183 471 1179 846 6576
is_linear=0
shrinkage=0.05


Tree=44
num_leaves=31
num_cat=0
split_feature=0 0 2 1 1 0 3 2 9 4 10 4 3 2 3 2 8 10 0 0 0 3 0 3 4 1 0 2 8 8
split_gain=32.747 9.99076 6.90474 4.61754 4.60737 5.46242 6.35339 5.45394 4.60379 4.45206 4.3723 4.55473 4.07235 3.80102 3.75817 5.14686 5.89587 5.57824 3.7676 4.55826 3.48647 9.65653 3.78288 3.55128 5.28773 3.47034 3.44518 3.40015 5.33857 5.29341
threshold=0.23637676787862635 -0.48015820054290653 -0.07944638692011971 2.5205273922535842 -1.1786159918463353 -0.5092826443370998 0.51686750387083391 -0.061285524904944176 1.0151037681326314 0.73017800939942779 -1.1216660136220664 -1.0318068305109782 -0.4066352364713281 0.78944895157702655 0.069971063274999509 0.18828221799548064 -0.61501270941472808 -0.74818341170014302 -1.5910345591123154 -2.0966965324347515 -0.66701718665628695 -1.4185983959439408 -0.64887681658719998 -0.058400603895276092 0.32443652172678805 -0.75990427845867237 2.5347928840519462 0.48940245136748622 -0.056867425547770467 -0.56466307796722415
decision_type=2 2 2 2 2 2 2 2 2 2 2 2 2 2 2 2 2 2 2 2 2 2 2 2 2 2 2 2 2 2
left_child=1 2 -1 9 -4 7 13 -6 10 -3 -2 12 -12 -7 15 16 17 -9 19 -16 -17 -22 -23 24 27 -21 -10 -24 29 -29
right_child=8 3 4 -5 5 6 -8 14 26 -11 11 -13 -14 -15 18 20 -18 -19 -20 25 21 22 23 -25 -26 -27 -28 28 -30 -31
leaf_value=-0.0030835842617109727 -0.02245167989005574 0.00048490832927052012 0.016371461476285546 -0.055803406982619631 0.050605473850822695 0.038290704186232677 -0.02216402098815522 0.0044978724864636003 -0.015119133609612501 -0.011412012273406283 0.034577842427619222 -0.0076483609297072382 -0.0051384394859219735 -0.01194842318419583 0.026517822015783322 0.0074253148366833117 -0.0001698551880961797 -0.04783654131888599 0.012397818611758224 -0.069319584643110568 -0.052065152226557138 -0.025117999755620075 -0.0014381171223113855 -0.023265037019145923 -0.045474609288434047 -0.0093449348303822188 -0.03747760232716113 0.022193365358172765 0.043687865423675566 -0.017623382691460066
leaf_weight=170.37522945529781 46.429287753999233 790.10987477318849 135.86819836497307 3.8182667586952439 6.6337124838028094 31.238931527361274 6.3226008489727965 7.6425612736493376 119.3646147060208 87.329702620860189 12.493082487024369 371.48191582271829 13.352609951049088 4.2808498218655577 4.8093650601804248 343.12862028600648 54.946030331775546 15.255067976191638 203.29095685342327 3.935453798621892 9.0608590822666866 11.897304512560366 35.501325532793999 10.234120760112999 4.4351941072382024 6.2307539116591206 20.135763755999506 24.060227634385221 15.090847104787832 12.781589712947605
leaf_count=1751 604 6952 703 38 36 162 48 58 1441 1030 94 4846 148 29 24 1841 394 104 1127 26 59 71 194 51 43 41 259 122 77 70
internal_value=3.66152e-12 0.00304242 0.00618266 -0.00093792 0.00785038 0.00642243 0.0240158 0.00546507 -0.0104235 -0.000699167 -0.00793288 -0.0062363 0.0140593 0.0322359 0.00507225 0.00284855 -0.00905285 -0.0303688 0.0106149 -0.0135885 0.00483583 -0.00238436 0.00156431 0.00467339 0.0077857 -0.0325618 -0.0183464 0.0104874 0.0186397 0.00837968
internal_weight=2581.53 1998.28 1117.02 881.258 946.645 810.776 41.8424 768.934 583.257 877.44 443.757 397.328 25.8457 35.5198 762.3 544.034 77.8437 22.8976 218.267 14.9756 466.19 123.061 114.001 102.103 91.8692 10.1662 139.5 87.434 51.9327 36.8418
internal_count=22443 15051 7031 8020 5280 4577 239 4338 7392 7982 5692 5088 242 191 4302 3084 556 162 1218 91 2528 687 628 557 506 67 1700 463 269 192
is_linear=0
shrinkage=0.05


Tree=45
num_leaves=31
num_cat=0
split_feature=0 2 0 9 1 1 8 1 9 7 7 5 2 9 7 9 1 5 3 8 5 0 7 0 8 7 1 7 7 5
split_gain=29.7527 8.96157 6.72583 6.47377 5.33008 4.87422 5.1203 5.11565 4.96373 7.92924 7.26113 4.91935 4.77671 4.61284 5.1515 5.97258 4.42938 4.34799 6.90978 4.20615 3.73138 3.65795 3.64401 4.69287 3.70954 4.63334 4.47637 3.67957 3.53201 4.1138
threshold=0.23637676787862635 0.048871382162407523 -0.70305631204237251 1.1391255868794554 2.5205273922535842 -0.45697498072550419 -0.96034419248774605 -0.77055135022728594 -0.56837362821389859 0.76754134842306232 0.3478926480063203 1.0000000180025095e-35 1.0030543312567333 -0.88678584982720887 -0.71870343887963561 -0.89729456060363333 1.2388753438771878 0.83682350628510715 1.968079894730177 -1.0940728800128159 -0.73503612098603288 -1.0580395761317696 0.4981900685107355 -0.9153516159193843 -0.31711558697555287 0.14191797756584248 -0.81348174348770108 0.37931159904684181 1.5471429266980044 -0.31193832449800535
decision_type=2 2 2 2 2 2 2 2 2 2 2 2 2 2 2 2 2 2 2 2 2 2 2 2 2 2 2 2 2 2
left_child=1 3 5 19 13 6 11 22 -9 10 -10 12 -3 14 15 -4 -2 -15 -19 28 21 -21 24 -24 25 26 -8 -26 29 -1
right_child=16 2 4 -5 -6 -7 7 8 9 -11 -12 -13 -14 17 -16 -17 -18 18 -20 20 -22 -23 23 -25 27 -27 -28 -29 -30 -31
leaf_value=-0.00049445373041601029 -0.0075852777757609811 -0.005184675213804976 -0.0031547306593167341 -0.020257263750969381 -0.067036642822881978 0.0037671899760336235 0.011159126380656002 0.035020404184781619 0.011604944203624595 -0.055381024317168195 0.070828412467128773 -0.045448985362567834 0.049120126772823638 0.0020203008083128863 0.021635085853059403 0.071795194814008617 -0.017976975681352019 -0.015779038848066071 0.069713939327986502 0.02435474554172869 -0.0051271377399981942 0.00093952034208927802 -0.031369863426557114 0.029639427543631726 0.015874233287168065 -0.03720797384313191 -0.040938078049946605 0.063858403541943928 -0.018607452129890043 0.027531410438322874
leaf_weight=22.276477000676095 445.41772976331413 25.171058793552223 52.978713845834136 47.110098952427506 2.7763238083571187 249.28803929686546 53.745401952415705 51.868475845083594 43.124416017904878 3.8980699591338626 5.8814023509621611 6.1767554627731434 4.8257599845528594 671.1657111782115 60.938023651018739 2.7984300740063182 133.2118939650245 56.144358324818313 2.4672942999750367 21.08669551461935 337.09303836571053 79.803122758865356 10.605463635176418 4.4849617071449748 115.56450679339468 6.5452289171516886 4.4658315218985072 4.1382921375334254 8.5495056435465795 31.76451917225495
leaf_count=176 5802 131 405 516 28 1467 264 224 224 28 23 47 20 4549 391 14 1590 648 16 170 3860 794 64 28 597 34 21 16 62 234
internal_value=-8.14471e-11 0.00290595 0.00497761 -0.00253738 0.00212903 0.00907947 0.0129688 0.0150827 0.0240293 0.0132532 0.0187126 -0.00481537 0.00355165 0.00235588 0.0115853 0.000605629 -0.00997765 0.000879799 -0.0121802 -0.000869726 -0.00260235 0.00583347 0.0103854 -0.0132375 0.0123179 0.00267764 0.00716235 0.0175331 0.0112545 0.0159787
internal_weight=2565.37 1986.74 1439.05 547.683 849.269 589.784 340.496 304.322 104.772 52.9039 49.0058 36.1736 29.9968 846.493 116.715 55.7771 578.63 729.777 58.6117 500.573 437.983 100.89 199.55 15.0904 184.459 64.7565 58.2112 119.703 62.5905 54.041
internal_count=22443 15051 9239 5812 6051 3188 1721 1523 499 275 247 198 151 6023 810 419 7392 5213 664 5296 4824 964 1024 92 932 319 285 613 472 410
is_linear=0
shrinkage=0.05


Tree=46
num_leaves=31
num_cat=0
split_feature=6 6 6 1 1 3 4 7 7 5 3 7 7 5 7 5 7 6 3 8 7 5 7 5 7 6 4 6 8 9
split_gain=54.6413 10.2603 6.18393 4.97607 4.08622 4.15009 3.81351 3.65345 3.51838 3.80185 3.90932 3.18445 3.15359 3.0336 2.97794 4.26795 2.77309 4.13579 3.53303 4.64475 4.23857 3.58476 4.18627 2.75023 3.24598 2.97141 3.89748 2.72157 2.96885 2.66744
threshold=-0.010430123844368306 -0.80468721026342671 1.1024344227414897 -0.30921038467988643 -0.31495890603024745 -0.18927818343067571 0.39951764071547008 1.0400373204768989 0.83187483337625823 0.37789206163351347 -0.81372073714771698 1.2587160886821123 -0.63694816051950165 -1.7741193421289505 -1.5166159926981257 -1.0606772507585081 -0.63694816051950165 -0.46034390042687096 0.66532717769029526 -0.63716302684759574 0.32620120416421877 0.46873441955289763 0.74334482052453976 -0.21885559526659235 -1.1046990766463689 -0.37723742219078454 -0.29115553972588426 2.7868513883320749 2.7018558103629666 -1.0844233608907594
decision_type=2 2 2 2 2 2 2 2 2 2 2 2 2 2 2 2 2 2 2 2 2 2 2 2 2 2 2 2 2 2
left_child=1 -1 -2 4 5 6 8 13 12 10 -10 -12 23 -7 15 -5 -15 -18 21 20 -20 22 -19 25 -25 -3 -27 28 -4 -8
right_child=2 3 27 14 -6 7 29 -9 9 -11 11 -13 -14 16 -16 -17 17 18 19 -21 -22 -23 -24 24 -26 26 -28 -29 -30 -31
leaf_value=0.0099761059161082629 -0.0071456308366336097 0.02468317204573519 -0.016734787558996118 0.037100088525148366 -0.042868734570572893 -0.051703957468875461 0.031986359834280352 -0.031847685023438758 0.058342549222945121 -0.023750914665394376 0.041612390566196727 -0.01368055410873565 -0.0016026634880792782 -0.011841705930488 0.0064845028025084231 -0.053427008098106799 0.0086185923674404231 -0.027873671285269609 0.077520461023822707 -0.0053090221327350149 -0.00086483186955873962 0.013013723455415339 0.017084038077650791 -0.021388333320126879 0.011800480932327505 -0.039736995238461158 0.032197687900164258 -0.048037033117399382 0.0065335523259346358 -0.021999142509392684
leaf_weight=718.42044048337266 660.3949319148669 38.871705004945397 240.69952230947092 1.8152075149118898 5.8852303158491841 3.3082205187529317 2.5815889397636083 12.592526721302418 8.5255858711898362 3.4626843798905602 4.9809058476239443 5.4566361047327518 119.14651012187824 68.497879632748663 414.76254464173689 4.6048376318067303 75.41361246118322 36.581927101127803 3.8135970728471902 20.120262478478253 3.1483898237347603 9.1299397582188231 6.0317124314606181 11.400301951915024 20.824665192514658 4.448704369366169 3.2649085503071538 6.5555057199671856 14.536638950929044 20.128919793525711
leaf_count=4450 7128 249 2864 13 64 37 32 117 48 30 35 35 941 804 3167 58 654 370 16 264 32 99 42 116 196 41 25 87 191 238
internal_value=2.92325e-11 0.00551058 -0.00972355 0.00198051 -0.00145804 -0.000952132 0.00364599 -0.00563609 0.00565633 0.0244263 0.0332235 0.0127058 0.00352995 -0.0041759 0.00596143 -0.0278313 -0.00346998 0.000247908 -0.00776043 0.00687129 0.0420726 -0.0154186 -0.0215102 0.0112895 5.91965e-05 0.019058 -0.0092895 -0.0162266 -0.0154096 -0.0158624
internal_weight=2549.41 1627.22 922.187 908.799 487.616 481.731 243.093 238.638 220.383 22.4258 18.9631 10.4375 197.957 226.046 421.183 6.42005 222.737 154.239 78.8258 27.0822 6.96199 51.7436 42.6136 78.8103 32.225 46.5853 7.71361 261.792 255.236 22.7105
internal_count=22443 12173 10270 7723 4485 4421 1986 2435 1716 148 118 70 1568 2318 3238 71 2281 1477 823 312 48 511 412 627 312 315 66 3142 3055 270
is_linear=0
shrinkage=0.05


Tree=47
num_leaves=31
num_cat=0
split_feature=6 6 6 2 8 9 2 1 9 7 9 7 5 9 2 9 10 7 2 9 2 6 9 7 1 6 1 1 5 1
split_gain=52.7429 8.54778 6.07031 4.48848 3.9246 3.40238 4.42659 3.38947 4.73258 4.3212 4.08394 4.14942 4.7212 3.93521 3.56684 3.52006 3.59619 4.21514 4.76383 4.99783 4.53676 3.4993 3.36971 4.92161 4.41575 4.59394 4.89814 5.72029 4.67374 4.5093
threshold=-0.20834064846410283 1.1024344227414897 -0.84713274306083608 0.41949976216409257 2.2875393268692386 0.65656352953493757 0.42632212284362592 -0.34575824426636176 0.32733677813465661 -0.73082822341042009 0.57074415282132251 0.1259568426240403 -1.240853684273804 0.75332465826788142 1.0030543312567333 0.1434351703193176 0.61451228420251669 -0.69357586640750968 0.37132186525279015 -0.6515784545055775 0.42632212284362592 -0.49291875903106047 0.29943022257440283 -1.2113668095263421 -0.77055135022728594 -1.3560906245730679 -1.2020127731610184 -1.302852194827876 0.45738188469082902 -1.0261266447258361
decision_type=2 2 2 2 2 2 2 2 2 2 2 2 2 2 2 2 2 2 2 2 2 2 2 2 2 2 2 2 2 2
left_child=2 3 22 -2 5 6 -5 8 15 -10 14 12 -12 21 -9 16 -4 -18 19 -19 -20 -11 24 -24 25 26 27 -1 -28 -27
right_child=1 -3 7 4 -6 -7 -8 10 9 13 11 -13 -14 -15 -16 -17 17 18 20 -21 -22 -23 23 -25 -26 29 28 -29 -30 -31
leaf_value=0.014281282330428347 -0.0083785972173510033 -0.016082010498647738 0.0016608431767756331 0.055631502342409239 -0.044156018109087126 0.0077181011054685174 -0.004665548650061367 0.0076032816557407706 0.04408154049654605 0.036973300369297878 0.020149217697540876 0.0070241096842763046 -0.03277022083638606 -0.0084718224349588141 0.026689522200792837 -0.028709242174613819 -0.027648237268576126 0.018047091539917886 0.061581517140795163 -0.03583615347250655 0.0035215772104118005 -0.011005478192012639 -0.048440128629870793 0.0029438921479418147 0.015898616728311023 -0.0059270918069791248 -0.0023033885495041392 0.044079553584656414 0.043711113130372077 0.0096136046622615125
leaf_weight=79.01527520082891 557.46750872244593 258.85759317246266 284.36839761259034 3.0911621116101733 5.1338824294507495 95.382367706857622 198.69552455330268 256.06932754255831 10.079329229891298 13.597890723496677 5.4302418828010586 29.349060457199812 18.827540833503008 19.480849169194698 27.065654160454869 11.668075160821898 24.660953260958195 6.2228079503402141 4.1379914321005371 13.952070302329956 18.001992313191295 5.2744526695460072 5.0844265762716523 55.832921477034688 261.29081639507785 91.925721944309771 54.712881579995155 20.228783385828137 6.137464176863431 94.829770725220442
leaf_count=450 6354 3142 2514 22 66 747 1788 1899 65 85 33 206 172 176 177 117 311 85 14 164 154 58 37 362 1428 751 326 90 33 617
internal_value=-1.58806e-11 -0.00811648 0.00640632 -0.00571824 -0.00081236 -6.3556e-05 -0.00374186 0.0033119 0.000267344 0.0149483 0.00703186 -0.00562272 -0.0209239 0.00729203 0.00942779 -0.00169137 -0.000794111 -0.0112174 -0.00164164 -0.0192162 0.0143731 0.0235642 0.00986672 -0.00134484 0.0109898 0.00729183 0.0135068 0.020355 0.00233771 0.00196409
internal_weight=2535.87 1118.63 1417.24 859.77 302.303 297.169 201.787 748.187 411.445 48.4325 336.742 53.6068 24.2578 38.3532 283.135 363.012 351.344 66.9758 42.3149 20.1749 22.14 18.8723 669.058 60.9173 608.141 346.85 160.094 99.2441 60.8503 186.755
internal_count=22443 12119 10324 8977 2623 2557 1810 6230 3743 384 2487 411 205 319 2076 3359 3242 728 417 249 168 143 4094 399 3695 2267 899 540 359 1368
is_linear=0
shrinkage=0.05


Tree=48
num_leaves=31
num_cat=0
split_feature=6 6 4 6 6 6 9 5 10 0 3 3 9 6 6 4 5 8 9 9 8 3 5 0 9 8 8 6 10 10
split_gain=51.7573 10.1208 4.77367 4.69228 4.53001 5.45416 3.99347 3.83199 4.09096 3.57397 3.73029 6.27822 4.45427 4.33651 4.3685 3.48806 5.50413 7.50081 3.43604 3.94167 4.19736 5.33517 4.07817 3.64495 3.54554 4.25042 8.08483 4.61252 3.34588 3.30392
threshold=0.085780363176693158 -0.53603868288960144 -0.91920074409678276 1.1212844617980862 0.047310581025076751 -0.10489579853388679 -0.49079143800526098 -0.11871842406388917 -0.28488943400326244 -1.0742951600600719 -0.79012868170856798 -0.43201722043734242 -0.55245818754774978 -1.4803004837288272 -1.2802233197171986 -1.3017878857728544 -0.52803468319531388 -0.24454062157754183 0.85272761714615697 -0.32838952477684275 0.52208491603965668 0.15012526908648699 -0.61556953936437964 0.2041852583465367 -0.26506287970473741 -1.0329136972889821 -0.57184017592814429 -0.9273709660695898 1.5410967113916161 0.28583321896143243
decision_type=2 2 2 2 2 2 2 2 2 2 2 2 2 2 2 2 2 2 2 2 2 2 2 2 2 2 2 2 2 2
left_child=1 9 4 -2 5 7 -7 -3 -9 10 28 15 -13 -14 -15 -12 17 -17 19 23 24 -22 -23 -11 25 -21 -27 -28 29 -1
right_child=3 2 -4 -5 -6 6 -8 8 -10 18 11 12 13 14 -16 16 -18 -19 -20 20 21 22 -24 -25 -26 26 27 -29 -30 -31
leaf_value=0.027043334599630715 -0.0078082001883870824 0.020885283775124535 -0.0017595050213322927 -0.016026876244300377 0.045463964434497045 -0.061292960561538747 -0.0055519860782485136 0.015781025540315793 -0.019266802837371103 0.0059250571642404546 0.026626518805260277 0.02222892439111554 -0.030429083020010947 0.046212120684790747 0.0020506096934680262 -0.030333293152079957 -0.035951419385253328 0.039328109873545548 -0.0090594149053370484 0.06995325875619425 -0.037706227101695237 0.051313305909873264 -0.018220058215686598 -0.011914989553873812 0.011908894641017827 -0.025465214615766864 0.059384321404399677 0.013430180126143202 0.056455100304770384 0.0010774126288023579
leaf_weight=43.427105724811554 572.24471239594277 52.92829501349479 550.83477645134553 249.33873716229573 8.0726780053228122 3.8245257046073702 20.103282406926155 17.661733502522111 15.751898197457193 515.95336414594203 5.9290446117520323 77.62673132866621 8.1433241777122003 6.766735926270484 32.476794289425015 7.4112236648797998 15.810203555971384 8.0741058699786645 33.899502834305167 5.4743873961269847 8.9121016506105679 4.369337797164917 4.075740756466983 30.313378538005054 167.625874849502 6.862092217430475 11.085937717929484 10.760718191042541 6.9055022764950982 17.064670495688915
leaf_count=224 6336 347 5249 3054 40 40 148 131 156 3655 22 433 53 34 203 40 97 37 260 27 90 21 42 354 1052 52 44 81 27 94
internal_value=-3.8936e-11 0.00498445 0.00019792 -0.0103024 0.00930892 0.00666207 -0.0144614 0.012516 -0.000741268 0.00809732 0.0135951 0.00948772 0.0148549 0.00277521 0.00966535 -0.00853729 -0.0151992 0.00598841 0.00651789 0.00720777 0.0128724 -0.0107216 0.0177553 0.00493508 0.0149017 0.0295776 0.0218785 0.0367493 0.0234824 0.0197184
internal_weight=2519.73 1698.15 669.177 821.583 118.342 110.27 23.9278 86.3419 33.4136 1028.97 229.635 162.238 125.014 47.3869 39.2435 37.2246 31.2955 15.4853 799.332 765.433 219.166 17.3572 8.44508 546.267 201.809 34.1831 28.7087 21.8467 67.3973 60.4918
internal_count=22443 13053 6111 9390 862 822 188 634 287 6942 1264 919 723 290 237 196 174 77 5678 5418 1409 153 63 4009 1256 204 177 125 345 318
is_linear=0
shrinkage=0.05


Tree=49
num_leaves=31
num_cat=0
split_feature=6 6 6 4 6 4 10 3 3 9 9 6 1 1 3 2 4 10 4 2 9 9 3 0 0 1 1 3 10 2
split_gain=49.5387 8.71161 5.45151 3.96869 4.46514 6.30677 5.04713 6.34281 6.22796 4.90491 3.97217 3.72348 4.40976 3.69918 3.57677 3.12504 3.03853 3.0296 2.87372 3.67134 3.08302 2.83685 4.99704 4.48662 6.81839 6.1341 5.71272 4.64002 4.04659 3.23631
threshold=-0.010430123844368306 -0.9273709660695898 1.1212844617980862 -0.60691394678244681 -0.66713678119101893 -1.3953718893769618 0.39329598712507524 -0.12486965287309333 -0.35143205975191177 1.3763532241580327 1.5583287029759629 -0.40932304368085926 -0.30921038467988643 0.12951639674225099 0.060963682898101779 1.2408856260558077 -0.69721381009213756 0.11909339183352279 2.8391662240148188 -2.6184197577845216 0.81493858727181523 -0.39901949820115085 -1.3546763641009614 -0.63313456541466273 -0.47336183243723812 -0.35210301681695799 -0.57987375924431506 0.23465264558919327 0.18496656917934803 0.08048820949842253
decision_type=2 2 2 2 2 2 2 2 2 2 2 2 2 2 2 2 2 2 2 2 2 2 2 2 2 2 2 2 2 2
left_child=1 -1 -2 4 5 -3 9 8 -8 13 -11 12 14 -6 -9 21 -13 -15 19 20 -4 22 -7 27 -25 26 -26 28 -24 -23
right_child=2 3 18 -5 6 15 7 11 -10 10 -12 16 -14 17 -16 -17 -18 -19 -20 -21 -22 29 23 24 25 -27 -28 -29 -30 -31
leaf_value=0.0102822762535486 -0.0069517304260807173 -0.018078760352294873 0.046500901717219378 3.4256975308494718e-05 0.0014965137064294016 -0.058630700748773704 -0.0086017077177953476 -0.093006625006037 0.030994916186334983 0.084716017818786599 0.019426440961446065 -0.059535807429218046 0.033080646818386086 0.011526009623867316 -0.010909995869655475 -0.017096844319659389 0.00092375139252935624 0.045250198885926629 -0.045905926024291062 -0.016236531406895089 -0.004893861975370486 0.0039936008005936876 -0.036408764052547227 0.05471561645444855 0.013095041157717308 0.058355603932717007 -0.054182550623729057 0.037430080192993813 0.010683509980537069 0.034997141410502725
leaf_weight=566.34386164136231 659.40217389003374 13.682414490729569 4.1068416181951752 619.30544848227873 153.68704044166952 2.3803620114922515 38.388808833435178 1.8005410917103288 13.395661242306231 3.3591979891061765 7.6005413625389338 10.446426386013625 4.0961357112973946 32.770584536716342 5.0416369480080903 6.0775099452584973 2.5942070428282014 8.3579870462417585 7.6058353031985453 226.29778098128736 10.079704351723192 10.670095412060617 9.3958583474159294 13.435039395466442 10.542632077820594 4.7078078798949816 4.5030262395739546 5.9084675125777713 8.8664170205593091 39.865264946594834
leaf_count=3471 7216 101 58 5681 1206 17 312 15 80 15 57 103 34 221 58 50 26 43 125 2747 124 95 61 71 103 23 46 35 43 206
internal_value=1.24012e-11 0.00530032 -0.00932877 0.00256333 0.00636889 0.014032 0.00282953 -0.00820337 0.00164119 0.00689168 0.0394379 -0.0294635 -0.00795037 0.00506073 -0.032514 0.017808 -0.0475084 0.0183793 -0.0156467 -0.0146897 0.00998433 0.0197317 0.0123558 0.0153017 0.0272355 0.00854522 -0.00704052 -0.00108448 -0.0135453 0.028451
internal_weight=2504.72 1597.22 907.492 1030.88 411.574 130.035 281.539 75.7634 51.7845 205.775 10.9597 23.9789 10.9383 194.816 6.84218 116.352 13.0406 41.1286 248.09 240.484 14.1865 110.275 59.7396 57.3592 33.1885 19.7535 15.0457 24.1707 18.2623 50.5354
internal_count=22443 12173 10270 8702 3021 851 2170 628 392 1542 72 236 107 1470 73 750 129 264 3054 2929 182 700 399 382 243 172 149 139 104 301
is_linear=0
shrinkage=0.05


Tree=50
num_leaves=31
num_cat=0
split_feature=0 0 1 1 0 1 4 7 9 10 10 1 3 10 10 3 10 4 7 3 4 10 8 4 9 3 3 7 9 0
split_gain=26.0778 7.45712 5.23248 5.07517 4.59556 4.37844 3.97546 3.72384 4.42288 3.67823 4.25602 3.38576 3.74921 3.52254 3.89557 3.42056 3.6588 3.26434 3.25579 3.6564 3.64759 5.87871 4.85636 7.25933 5.38579 3.80669 4.9422 3.36517 3.56866 4.18146
threshold=0.23637676787862635 -0.48789620921590932 0.78797513535072849 -0.37102308405873846 -0.5092826443370998 1.2388753438771878 -1.0318068305109782 -1.5947426177874731 -1.13168093221426 -0.61035903895386467 0.44209372175596745 1.0544402120541281 1.0029298011576124 -0.5306224853439746 1.5410967113916161 -0.62147447355308549 1.0117562528937383 -0.5767120992448056 0.15462755177877521 -1.5426316276385765 -0.60691394678244681 1.4740692195686609 -0.51170124820457941 -0.55595332389660601 -0.25831027329028472 0.051399070609663845 0.28725735187364232 0.053418690884539571 0.027822446201866146 -1.0742951600600719
decision_type=2 2 2 2 2 2 2 2 2 2 2 2 2 2 2 2 2 2 2 2 2 2 2 2 2 2 2 2 2 2
left_child=1 3 7 18 -5 6 9 8 -3 -2 -11 15 13 -13 -15 16 -4 -8 20 -20 21 -1 23 -22 -25 -24 -27 28 29 -28
right_child=5 2 11 4 -6 -7 17 -9 -10 10 -12 12 -14 14 -16 -17 -18 -19 19 -21 22 -23 25 24 -26 26 27 -29 -30 -31
leaf_value=0.012599795864729604 -0.01965270264933584 0.018457305867663525 -0.022248187621173171 0.00025801889677421201 0.025861132054465743 -0.017554847142243809 -0.022573373866248934 0.0012008440198754246 -0.036090802599828067 0.03856229133516733 -0.0048987557988252961 -0.031452731931157989 0.027174158884147533 0.0058594966922225541 -0.033942433964322595 -0.037993579560828626 0.040411869613668681 -0.0069621757889036309 0.041939206303070929 -0.00014413510459498357 -0.052786297608528515 0.043188667157904127 0.0036815483048398077 -0.0060202846111645832 0.036898482691329337 0.036504985856569964 0.018015730753626596 0.059150186475216207 0.044931596931690895 -0.0094121728798561184
leaf_weight=220.02313180081546 7.7133813556283739 5.0966209024190929 7.6640470065176505 406.85909667145461 18.315366977825761 129.2617609272711 36.869328367523849 763.50543552124873 13.7189878616482 13.351539832539858 9.7441112520173174 13.958526900038121 7.8193019879981867 30.668800015002489 7.6887812772765747 19.707808224484324 3.3471357710659504 364.90265538170934 5.3758754990994921 129.41159785469063 7.2411027736961833 16.914573093876243 104.57330833561718 49.64702089689672 8.5716357920318824 25.184261066839099 26.890662677586075 3.3574700504541388 5.8387808343395582 28.754895943216983
leaf_count=1253 90 55 82 2849 118 1590 491 6986 185 117 91 151 61 289 92 184 24 5013 28 880 46 72 706 316 51 133 167 21 39 263
internal_value=-3.68325e-11 0.00275961 -0.000659717 0.00558438 0.00136093 -0.00948025 -0.00706744 0.000659309 -0.0213152 0.0102419 0.020226 -0.0120175 -0.00511883 -0.00994543 -0.0021188 -0.0255222 -0.00320103 -0.00839477 0.00842665 0.00153432 0.0102959 0.0147835 0.00620725 -0.0055735 0.000298721 0.0101701 0.0177071 0.0104061 0.00774432 0.00384234
internal_weight=2491.98 1930.13 873.175 1056.96 425.174 561.843 432.581 782.321 18.8156 30.809 23.0957 90.8544 60.1354 52.3161 38.3576 30.719 11.0112 401.772 631.784 134.787 496.997 236.938 260.059 65.4598 58.2187 194.599 90.0261 64.8418 61.4843 55.6456
internal_count=22443 15051 8109 6942 2967 7392 5802 7226 240 298 208 883 593 532 381 290 106 5504 3975 908 3067 1325 1742 413 367 1329 623 490 469 430
is_linear=0
shrinkage=0.05


Tree=51
num_leaves=31
num_cat=0
split_feature=1 4 2 8 10 10 9 9 10 8 1 8 4 9 2 1 9 3 7 1 7 8 2 2 9 7 8 4 7 4
split_gain=18.9306 9.18223 6.85645 4.29353 4.60151 4.55517 5.8864 4.2213 4.75122 4.58881 5.48684 5.45108 5.02678 5.51067 4.88228 6.00377 4.31238 5.27153 7.07461 6.71998 5.30019 4.1965 3.78096 3.57918 3.55002 3.89245 3.5182 3.57667 3.94998 4.91313
threshold=-0.052760862624213756 -0.53513054665735615 0.18828221799548064 -0.83078872597533293 0.16442480063292045 0.77304554601978548 1.1168835820180181 -0.61663422300516013 -1.2863971117418826 -0.77458785103937022 -1.4967204579323901 -0.83078872597533293 -0.80270439255923243 -0.55245818754774978 0.59038165307893953 -0.070015193072989437 -0.29056124602059269 -0.38886028579229454 0.19745659647870803 -0.24046879259820092 0.4720482839332692 -0.75719224635482774 0.65067629515448355 0.92522873376648473 -0.20068786454568865 0.16818056846071572 -0.61501270941472808 -1.1834332230097704 0.75440701732178672 -1.0019203455901262
decision_type=2 2 2 2 2 2 2 2 2 2 2 2 2 2 2 2 2 2 2 2 2 2 2 2 2 2 2 2 2 2
left_child=2 -2 -1 -3 21 -6 -7 -4 -9 10 -10 12 24 -14 26 16 22 18 19 -18 -20 -5 -16 -22 25 -12 -11 -28 29 -29
right_child=1 3 7 4 5 6 -8 8 9 14 11 -13 13 -15 15 -17 17 -19 20 -21 23 -23 -24 -25 -26 -27 27 28 -30 -31
leaf_value=-0.00087715238087666459 0.0016327131220835484 -0.00039505068512722934 0.009961808912993083 -0.03687186504081557 -0.023832913128317017 -0.0025127359970675781 -0.023473715712216514 -0.015184157421302351 0.07030516878878601 0.024875768878431417 0.024091524538729835 -0.03227814570195902 0.031262298582298349 -0.016599158513596671 -0.035928869511829484 0.05882814718874229 0.04263301315556936 -0.0027531441387709716 -0.063641666976328365 -0.024506084688739466 0.052879773538286802 -0.0052019237567011182 -0.004768018133579674 -0.019963699889027901 0.02879899491137386 -0.022041581692804537 0.030437052031206224 -0.031667224403170754 -0.017381647342558308 0.011074497410503618
leaf_weight=574.17891746654641 303.63698917254806 120.57054089009762 398.90946761611849 10.885745590552686 103.207441565115 92.635103271808475 52.462950467597693 32.975634813308716 2.3949964046478263 41.942766043357551 7.9892034493386772 16.946547194384038 6.8424404617398968 49.681101083988324 11.325492685660718 4.3689568601548663 25.488854179158807 63.073070989921689 3.6405875962227565 4.3652668464928892 2.9270967431366444 267.45747595001012 69.306835165247321 3.9782240651547909 18.01211835257709 10.690838556736706 17.295991737861186 7.0584966354072085 15.624592673964797 141.65908404439688
leaf_count=6375 2468 1029 2538 104 1263 997 627 251 10 247 37 116 44 357 83 22 137 511 29 32 22 3189 520 24 97 59 85 51 132 987
internal_value=-2.47674e-11 -0.00554085 0.00344198 -0.00890626 -0.0108548 -0.0158031 -0.0100916 0.00603472 0.0032252 0.00438236 -0.00456494 -0.00619266 -0.00145034 -0.0108053 0.00682641 0.000898595 -0.000476116 0.00627905 0.0203802 0.0328159 -0.0148237 -0.00644051 -0.00914482 0.0109139 0.0129608 -0.00231107 0.0118234 0.00880948 0.00653331 0.00904587
internal_weight=2481.53 950.856 1530.68 647.219 526.649 248.305 145.098 956.498 557.588 524.613 112.557 110.162 93.2157 56.5235 412.055 188.474 184.105 103.473 40.4 29.8541 10.5459 278.343 80.6323 6.90532 36.6922 18.68 223.581 181.638 164.342 148.718
internal_count=22443 9677 12766 7209 6180 2887 1624 6391 3853 3602 720 710 594 401 2882 1380 1358 755 244 169 75 3293 603 46 193 96 1502 1255 1170 1038
is_linear=0
shrinkage=0.05


Tree=52
num_leaves=31
num_cat=0
split_feature=0 0 2 1 1 7 7 1 2 3 8 4 4 2 10 2 4 2 2 4 4 3 7 4 10 7 1 1 1 1
split_gain=23.7647 6.566 4.67674 5.03727 4.43355 4.11974 7.45256 3.76489 3.70171 3.60471 3.72519 7.36479 3.50457 3.96621 3.62032 4.03669 3.27608 3.01579 2.98917 2.97606 2.9612 5.35316 2.92882 2.92561 2.86936 2.934 2.77036 3.28474 2.46322 2.41904
threshold=0.23637676787862635 -0.84387952086494422 -0.69736111495982234 0.58926309820939149 1.2388753438771878 0.66141277734069515 1.3337022682132473 0.60772237162630349 2.0362917029795535 1.2940157192482147 0.89801641539238708 0.85784992687083961 -1.0318068305109782 1.0443534810402124 -0.61035903895386467 0.19579476454007036 -1.565343055627592 1.6769812049995645 -1.3424186448508428 -0.5767120992448056 -1.5146178307337732 -0.18927818343067571 -0.98468317830166785 -1.3581413557455231 2.1274916659819323 0.57873758054036217 -0.22097459483898407 -0.28818353350812986 0.78797513535072849 -0.62730847219787911
decision_type=2 2 2 2 2 2 2 2 2 2 2 2 2 2 2 2 2 2 2 2 2 2 2 2 2 2 2 2 2 2
left_child=1 5 -3 8 12 9 16 -5 17 18 -11 -12 13 14 -2 -16 -7 -4 -1 28 21 -20 -19 -18 25 26 27 -22 -14 -21
right_child=4 2 3 7 -6 6 -8 -9 -10 10 11 -13 19 -15 15 -17 23 22 20 29 24 -23 -24 -25 -26 -27 -28 -29 -30 -31
leaf_value=-0.031682890694861569 -0.016989691066395977 -0.0093922434531877961 0.0027199653244540066 -0.052650529150893667 -0.017297271823749166 -0.065069589561776622 0.019774610513454385 -0.0054028828937049307 -0.056039434840811489 0.04124093266993703 -0.050375746077841378 0.040935719581078861 -0.016615597567566299 -0.057357850723606878 0.0052642828429255838 0.048492012834802256 0.026538714821763038 -0.01557674284107363 0.035486098191324429 0.0046525718047891801 0.0076208667999708548 -0.017227120624791963 0.043868424336395886 -0.017319140098126639 0.035997995169744085 0.035903814965788164 -0.00059639402063681234 0.034797453627005911 -0.055520737408483289 -0.0080652739574201947
leaf_weight=4.6922606900334349 6.9992702612653437 103.16222122730687 1117.8921349770389 4.3355472516268483 127.22524029528722 3.2139145396649829 21.159632147755474 153.30161939747632 2.6633228566497555 16.713835610076789 3.8998889885842782 5.0909247752279043 30.645592107437551 2.0682666255161157 12.253483093343677 9.6566309314221126 4.2643973492085925 2.7642359482124439 22.208771862089637 42.337619310244918 259.24284728430212 6.1499757915735236 8.2746417932212335 35.100432069972157 8.5429383888840658 8.4178236182779056 110.87235761620104 11.616850692778824 4.6912585943937293 319.95994540536776
leaf_count=65 82 1469 8829 34 1590 24 152 1312 34 84 34 37 434 27 126 63 23 21 107 618 1552 42 59 272 45 42 748 66 57 4395
internal_value=2.19502e-11 0.00264356 0.000851663 0.00167136 -0.00910098 0.00743076 -0.00447834 -0.00670235 0.00283787 0.00909011 0.0272805 0.00132812 -0.00666807 0.00953037 0.0143158 0.0243164 -0.0165309 0.00297677 0.00800711 -0.00793 0.00844321 0.0240545 0.0289828 -0.012568 0.00733279 0.00670512 0.00606124 0.00878644 -0.0217806 -0.00657908
internal_weight=2469.42 1913.58 1392.39 1289.23 555.837 521.187 63.7384 157.637 1131.59 457.448 25.7046 8.99081 428.612 30.9777 28.9094 21.9101 42.5787 1128.93 431.744 397.634 427.052 28.3587 11.0389 39.3648 398.693 390.15 381.732 270.86 35.3369 362.298
internal_count=22443 15051 11758 10289 7392 3293 471 1346 8943 2822 155 71 5802 298 271 189 319 8909 2667 5504 2602 149 80 295 2453 2408 2366 1618 491 5013
is_linear=0
shrinkage=0.05


Tree=53
num_leaves=31
num_cat=0
split_feature=1 4 5 5 3 4 1 1 7 9 3 7 5 9 4 5 4 1 4 1 5 1 4 1 1 8 5 5 4 5
split_gain=17.8955 7.50667 4.22958 4.10983 3.88408 5.81427 3.77751 5.48403 3.89631 5.80024 4.63447 3.92519 3.74122 3.73128 3.77885 5.4566 3.60585 3.78274 3.48618 4.11995 5.48733 3.81636 3.39622 5.73602 5.16361 3.59492 3.80964 3.32838 3.3198 3.2551
threshold=-0.052760862624213756 0.61280938508441285 0.61847165380177083 -0.92498092395308495 0.33301900365709564 0.41124044321451758 0.150024523158413 0.4042002646679575 0.2777926023950662 -0.17631143224386489 -0.20522800065499677 1.4540310429172962 -1.5800843077288118 -1.5723991716317667 0.51626363854120239 0.15501411420185526 -0.5982639646193052 -0.028415365975494329 -1.3017878857728544 -1.7463850316469969 0.61847165380177083 -1.664034481787984 -1.4323995352435912 -0.64350222482930663 -1.4127669115339885 -0.25796580841895828 -0.30595050469159124 -0.97038287876676776 -0.13735084620932894 0.92712063241711917
decision_type=2 2 2 2 2 2 2 2 2 2 2 2 2 2 2 2 2 2 2 2 2 2 2 2 2 2 2 2 2 2
left_child=3 2 6 27 5 18 8 12 9 -2 11 -10 -8 -7 15 -15 17 -11 22 20 -20 -21 24 -24 -5 26 -26 -1 -29 -16
right_child=1 -3 -4 4 -6 13 7 -9 10 16 -12 -13 -14 14 29 -17 -18 -19 19 21 -22 -23 23 -25 25 -27 -28 28 -30 -31
leaf_value=0.007533013165600972 -0.0036808746166055238 -0.013146975270207618 -0.01160584730580832 0.045575983581089392 -0.0021528065866724196 0.034590284819640368 0.053843723649835223 -0.0022929256965539802 -0.004781284683773492 0.043087212806900019 0.017269192992041354 -0.057994437928030079 0.0082853131857307093 -0.051063719196509955 -0.0012899702606857235 0.0083574822560277505 -0.048949167425418973 -0.025612354277874394 0.044877216059001662 -0.046908375726884069 -0.032497566267950258 0.0041868989021530932 0.004335557029032119 0.052259318277113026 0.0066297565996743307 0.019164443569681684 -0.037351636872058482 0.034801100135046545 -0.011441876587894693 -0.032291999923978867
leaf_weight=171.27539174305275 39.42455808725208 235.3023807508871 115.08983667008579 7.2685240302234879 350.55603087530471 5.138770996592938 4.6859900355339041 345.3209065455012 24.012370981276039 2.3567859083414087 24.598441442474723 4.0499665662646285 117.48600819334388 11.181793899275364 75.542507229140028 5.9031029473990193 16.15911259688437 13.375514018349349 12.219059145078061 3.6718178149312726 2.8202855922281733 774.95390416157898 11.297893967479469 13.957361167296765 10.242969561368225 13.247635081410406 9.4810020364820975 21.799298375844959 4.7218257086351505 9.5356597253121418
leaf_count=1330 376 3108 1318 35 3580 45 31 3109 179 13 217 35 988 102 831 69 186 117 80 35 25 5919 74 68 69 88 81 117 49 169
internal_value=-2.34904e-11 -0.00541196 -0.002836 0.00336498 0.00235569 0.00399101 -0.00112954 0.000928195 -0.00888887 -0.0165057 0.00142629 -0.012461 0.0100327 -0.00698283 -0.00907394 -0.0305328 -0.03236 -0.0153208 0.00536155 0.00444661 0.0303673 0.00394595 0.0164487 0.0308207 0.00742868 -0.000980813 -0.0145114 0.0100853 0.026568 -0.00476471
internal_weight=2456.68 941.862 706.559 1514.81 1317.02 966.462 591.47 467.493 123.977 71.316 52.6608 28.0623 122.172 107.302 102.163 17.0849 31.8914 15.7323 859.16 793.665 15.0393 778.626 65.4954 25.2553 40.2401 32.9716 19.724 197.797 26.5211 85.0782
internal_count=22443 9677 6569 12766 11270 7690 5251 4128 1123 692 431 214 1019 1216 1171 171 316 130 6474 6059 105 5954 415 142 273 238 150 1496 166 1000
is_linear=0
shrinkage=0.05


Tree=54
num_leaves=31
num_cat=0
split_feature=6 6 0 6 1 1 1 4 4 4 0 0 1 6 10 10 10 7 10 10 7 10 10 10 4 4 10 10 4 0
split_gain=45.8292 9.88637 4.52626 4.41348 4.91891 4.39331 4.03828 3.70024 4.03766 4.01124 3.65547 3.56361 3.45316 3.21643 4.22708 5.55685 3.94536 3.50352 4.19106 3.30037 3.6639 3.20263 3.22178 5.38129 4.56563 4.0664 3.54507 3.18979 3.12121 3.8694
threshold=-0.35821671465847055 0.33361866198757961 -0.43425508245280303 -1.121996289626485 -0.72974535763756443 1.0544402120541281 0.80531125917658153 -0.43418367822077819 -0.14595705977299231 -0.56891723186032273 -0.40224807691522418 -0.46656392206552472 -0.73945772737122051 1.6873894289259683 1.0280233956919009 0.97725471962393051 1.1652075646760778 0.3909640402892498 0.17471560613569517 1.5068779122547156 0.94997124820255885 0.27546427816453467 0.92893029581508524 1.0656532189422796 -0.70551044146005815 -0.5982639646193052 1.0117562528937383 0.86464667270833229 -0.17884905327608361 -0.98758707760375108
decision_type=2 2 2 2 2 2 2 2 2 2 2 2 2 2 2 2 2 2 2 2 2 2 2 2 2 2 2 2 2 2
left_child=3 5 7 -1 12 6 21 9 28 -3 -4 -10 -5 14 15 17 -16 18 -12 20 -18 -2 -23 26 -25 -26 -24 -20 29 -9
right_child=1 2 10 4 -6 -7 -8 8 11 -11 13 -13 -14 -15 16 -17 19 -19 27 -21 -22 22 23 24 25 -27 -28 -29 -30 -31
leaf_value=0.011587744494257535 -0.00019998098654582452 -0.005679234759150182 -0.05634844890137896 -0.00016218539342872311 0.0073705083114562935 0.012660897837722687 -0.026016196787644552 0.044358230486472278 -0.0080251952017159692 -0.046848401225625211 -0.010218900946521304 0.043857777532872823 -0.040745019134820079 -0.020904116799407738 -0.046910277319052555 0.038097430676852666 -0.018896023224063013 -0.0056381853106331706 -0.035031904141876007 -0.029453422139423022 0.018662227443161972 -0.01375948608819071 0.005570533628756983 -0.036028544947192397 0.05186769659372447 -0.0060215945917057746 0.048476221933186833 0.014560259517612792 0.074022887556643047 -0.0052570118527990491
leaf_weight=358.11734780110419 387.37633105344139 39.310935937799513 4.8429348012432447 236.44164551515132 607.32355495728552 45.490464782342315 19.214734029024839 7.2463116273283967 31.515233973041177 6.9649082459509364 88.94603594020009 3.6979869408532968 5.3605421315878621 96.99425248010084 13.177634069696067 6.2522271843627086 16.70186917856336 218.61357843514998 33.48283724905923 24.92363135330379 10.623750069178639 106.05226815864444 13.031281413743274 11.856489060446618 3.4316473379731205 26.150875801686198 7.6350313480943433 3.5901405876502386 2.8821177650243035 8.5855646710842848
leaf_count=2225 3884 293 50 2114 4425 396 213 43 295 58 1273 31 47 1255 158 64 214 2551 521 306 109 1150 121 105 21 316 60 54 16 75
internal_value=5.47834e-11 -0.00675711 -0.011231 0.00693257 0.00496925 -0.00229682 -0.0034807 -0.00150334 0.00739722 -0.0118755 -0.0131122 -0.0025766 -0.00106187 -0.0127043 -0.0107938 -0.00861826 -0.0224615 -0.00946576 -0.0161057 -0.0162954 -0.00429399 -0.00270125 -0.00846329 0.000580599 -0.00981323 0.000693709 0.0214218 -0.0302294 0.0261645 0.0174521
internal_weight=2445.83 1238.59 618.352 1207.24 849.126 620.239 574.749 100.203 53.9272 46.2758 518.149 35.2132 241.802 513.306 416.312 350.885 65.4269 344.633 126.019 52.2493 27.3256 555.534 168.158 62.1053 41.439 29.5825 20.6663 37.073 18.714 15.8319
internal_count=22443 13632 7366 8811 6586 6266 5870 811 460 351 6555 326 2161 6505 5250 4463 787 4399 1848 629 323 5657 1773 623 442 337 181 575 134 118
is_linear=0
shrinkage=0.05


Tree=55
num_leaves=31
num_cat=0
split_feature=6 6 6 9 9 10 3 0 10 3 10 6 3 3 2 0 5 9 9 3 9 9 2 2 2 9 10 6 10 3
split_gain=43.8632 7.8454 6.09082 3.93322 4.97556 4.49135 3.91885 3.41688 3.02878 2.99546 3.21684 3.06536 2.97658 2.90037 2.98667 2.76688 2.72088 3.20643 3.22967 7.00086 5.43345 5.14951 4.87314 4.41774 4.1282 10.5021 5.21593 4.37262 4.33862 3.25233
threshold=-0.20834064846410283 0.60978037090406001 -0.66713678119101893 0.43371532361962256 0.31222900345558952 1.4426151801155753 -0.5898155068559171 -0.43425508245280303 -1.6582090496757564 -0.47067225404415902 1.7966017928933569 -0.65849551974679466 -0.42293025897583686 1.3719674914741089 -0.64783519498362419 -1.286674167248999 1.0000000180025095e-35 -1.7036828425600594 -0.36257695343507085 1.0852643309551293 0.81493858727181523 -0.55245818754774978 0.80231083884496901 0.048871382162407523 0.57560098346591337 -0.67314739583195171 -1.0144134099311459 -0.95368955208579964 1.107339541846466 -0.4066352364713281
decision_type=2 2 2 2 2 2 2 2 2 2 2 2 2 2 2 2 2 2 2 2 2 2 2 2 2 2 2 2 2 2
left_child=2 3 16 4 5 -2 -7 -3 -4 10 11 -10 -11 14 -5 -14 -1 -18 21 20 22 24 23 -20 25 27 -26 -19 -27 -24
right_child=1 7 8 13 -6 6 -8 -9 9 12 -12 -13 15 -15 -16 -17 17 18 19 -21 -22 -23 29 -25 26 28 -28 -29 -30 -31
leaf_value=0.010301329189209601 -0.0042634672443924567 -0.0011795210920646716 -0.029670382190016949 -0.016388460579612289 -0.028782562342073017 0.0019894252366859382 -0.055675620380165096 -0.014196307457354574 -0.039219365490706523 -0.02777816365799822 -0.045769248979570548 0.0085905944667463152 -0.030135418808965732 0.025222066271893159 0.0031168303967588512 0.00074949242561522691 0.035534466531278244 -0.029887587082709562 -0.0002655905032982927 -0.047216732260304893 -0.018623621333162574 -0.021251513247184842 0.020777760850031916 0.037905436963700585 -0.026863877362016682 0.045214468642623018 0.01814096790815118 0.00082848477707422202 -0.025324681513898974 -0.02663841814780122
leaf_weight=615.85000056773424 396.30583330756053 57.736303279176354 7.5901131387799969 22.629966708715074 23.661894241347909 4.6566378017887464 8.0215548016130906 397.58898521913216 3.4125870037823907 9.968405691906808 2.8488347865641108 190.78756395820528 7.4343521017581216 12.78158043604344 147.82412913930602 295.09983600047417 7.7451361734420052 28.13078534044325 9.7190583702176792 4.7677227966487399 10.001103166490791 26.882649778388441 6.9455277100205421 34.44176306668669 7.3651317805051795 11.459628999233244 51.14516675285995 19.700734196230773 2.691936654970049 7.5450453646481019
leaf_count=3924 4336 493 73 337 276 46 101 5113 31 105 35 1535 72 112 1305 2777 64 267 112 52 85 220 43 187 58 85 323 203 20 53
internal_value=-1.28227e-11 -0.0075692 0.00595518 -0.00389 -0.00649036 -0.00520064 -0.0344955 -0.0125457 0.0016819 0.00214892 0.00697669 0.00775045 -0.000895244 0.00224984 0.000527253 -9.46082e-06 0.00857232 0.00391316 0.00280394 0.0113715 0.0154403 -0.00146429 0.0212488 0.0295046 0.00295034 -0.0060415 0.0124759 -0.0172363 0.0317964 -0.0039112
internal_weight=2432.74 1071.21 1361.53 615.882 432.646 408.984 12.6782 455.325 517.142 509.552 197.049 194.2 312.503 183.236 170.454 302.534 844.391 228.541 220.796 73.4202 68.6525 147.376 58.6514 44.1608 120.493 61.9831 58.5103 47.8315 14.1516 14.4906
internal_count=22443 12119 10324 6513 4759 4483 147 5606 4628 4555 1601 1566 2954 1754 1642 2849 5696 1772 1708 532 480 1176 395 299 956 575 381 470 105 96
is_linear=0
shrinkage=0.05


Tree=56
num_leaves=31
num_cat=0
split_feature=6 6 6 9 9 8 10 4 7 1 3 3 1 6 7 3 1 10 10 9 4 10 7 3 6 10 10 10 10 8
split_gain=42.5949 7.39669 5.93331 3.06442 4.02807 5.9341 3.35506 3.40346 2.96447 4.44799 3.0486 3.60577 3.44942 4.62323 6.17669 3.49324 3.48175 3.78698 4.03472 3.42729 3.0744 3.0232 4.84186 2.94697 2.94124 3.55794 2.93472 3.92973 2.87917 2.86418
threshold=-0.20834064846410283 0.60978037090406001 -0.53603868288960144 0.43371532361962256 0.31222900345558952 -1.1107499524815854 1.4426151801155753 -0.85743196098014385 -0.70609405991435759 -1.1215174041458422 0.63394720718913378 0.83040772045237599 -0.26834404914508003 0.038997884946726118 0.5536527371400527 -1.0472554613166662 1.0068124437200539 -0.84340713726517447 -0.56093720931345425 0.2439929732203201 -0.51485475976307959 -0.36115197477644073 -0.29270116368849342 -0.47067225404415902 1.6873894289259683 2.2388384708430737 0.97725471962393051 1.0280233956919009 1.5068779122547156 -0.92791125828740029
decision_type=2 2 2 2 2 2 2 2 2 2 2 2 2 2 2 2 2 2 2 2 2 2 2 2 2 2 2 2 2 2
left_child=2 3 -1 4 6 -6 8 -8 9 -2 12 -12 -10 15 -15 -14 17 -16 -19 -13 29 22 -17 -4 28 -26 -11 -28 -3 -20
right_child=1 24 23 -5 5 -7 7 -9 10 26 11 19 13 14 16 21 -18 18 20 -21 -22 -23 -24 -25 25 -27 27 -29 -30 -31
leaf_value=0.00790702979257887 0.051922881430059201 -0.0087188417262709806 0.0059169734967134237 0.0015399401425874742 0.049459109518619482 -0.034971339452566641 0.012081528985366356 -0.04717661379100152 -0.013144396208998717 -0.018956823621978564 0.028434901979815255 0.0035366668228086159 -0.017836504151094366 -0.016348510880542007 0.040884902734213704 -0.016368600782707091 -0.041506845549894006 -0.030965716006250272 0.072471067664712605 -0.06368862188376509 0.00017497326877754051 0.0051459828994950716 0.041331553215255445 -0.0032013190173288825 -0.023574058853784677 0.003521409539726926 0.071972595315779778 -0.0094850280643977922 -0.024388435067999391 0.013544957089438849
leaf_weight=986.12408417882398 2.5256270514801136 320.08535259123892 148.34398186532781 182.39393960672896 2.3128440342843559 20.771487813442945 3.3402659315615884 8.8242722824215871 81.410338402725756 64.186842940747738 15.561730904038994 48.821961427573115 9.4680634904652816 66.999065473675728 8.8112172251567227 4.5928305089473751 3.2989271730184546 6.5952730104327193 3.4487403631210327 1.9725476969033469 16.095961208455268 31.374522658064961 17.447959843091667 220.06320175575092 87.362929597962648 14.066371435299514 2.1194773958995929 4.9119591447524726 32.270676676183939 5.1291395891457814
leaf_count=6942 35 3948 1205 1754 20 256 24 123 868 862 189 598 86 766 93 49 31 53 13 24 140 272 138 2177 1179 126 11 66 353 42
internal_value=1.74381e-11 -0.00747568 0.00588437 -0.00389082 -0.00619428 -0.0265122 -0.00504171 -0.0309049 -0.00424476 -0.013285 -0.00216812 0.00737737 -0.00465525 -0.000666458 -0.00683124 0.0101545 0.00786815 0.0119321 0.00377359 0.000926048 0.0130593 0.015116 0.0293081 0.000470281 -0.0123137 -0.0198164 -0.0155975 0.0150686 -0.0101539 0.0372362
internal_weight=2420.73 1066.2 1354.53 612.415 430.021 23.0843 406.937 12.1645 394.772 73.7439 321.028 66.3562 254.672 173.262 110.378 62.8834 43.3793 40.0803 31.2691 50.7945 24.6738 53.4153 22.0408 368.407 453.785 101.429 71.2183 7.03144 352.356 8.57788
internal_count=22443 12119 10324 6513 4759 276 4483 147 4336 974 3362 811 2551 1683 1138 545 372 341 248 622 195 459 187 3382 5606 1305 939 77 4301 55
is_linear=0
shrinkage=0.05


end of trees

feature_importances:
rsi14_rank=219
vol_ratio=174
volume_zscore=173
momentum_7d=158
momentum_30d=158
adx=156
ret63=150
reversal_1d=141
drawdown_from_ath=140
spread_proxy=123
btc_beta_resid=118

parameters:
[boosting: gbdt]
[objective: lambdarank]
[metric: ndcg]
[tree_learner: serial]
[device_type: cpu]
[data_sample_strategy: bagging]
[data: ]
[valid: ]
[num_iterations: 300]
[learning_rate: 0.05]
[num_leaves: 31]
[num_threads: 0]
[seed: 42]
[deterministic: 0]
[force_col_wise: 0]
[force_row_wise: 0]
[histogram_pool_size: -1]
[max_depth: -1]
[min_data_in_leaf: 20]
[min_sum_hessian_in_leaf: 0.001]
[bagging_fraction: 1]
[pos_bagging_fraction: 1]
[neg_bagging_fraction: 1]
[bagging_freq: 0]
[bagging_seed: 400]
[bagging_by_query: 0]
[feature_fraction: 0.7]
[feature_fraction_bynode: 1]
[feature_fraction_seed: 30056]
[extra_trees: 0]
[extra_seed: 12879]
[early_stopping_round: 0]
[early_stopping_min_delta: 0]
[first_metric_only: 0]
[max_delta_step: 0]
[lambda_l1: 0]
[lambda_l2: 0]
[linear_lambda: 0]
[min_gain_to_split: 0]
[drop_rate: 0.1]
[max_drop: 50]
[skip_drop: 0.5]
[xgboost_dart_mode: 0]
[uniform_drop: 0]
[drop_seed: 17869]
[top_rate: 0.2]
[other_rate: 0.1]
[min_data_per_group: 100]
[max_cat_threshold: 32]
[cat_l2: 10]
[cat_smooth: 10]
[max_cat_to_onehot: 4]
[top_k: 20]
[monotone_constraints: ]
[monotone_constraints_method: basic]
[monotone_penalty: 0]
[feature_contri: ]
[forcedsplits_filename: ]
[refit_decay_rate: 0.9]
[cegb_tradeoff: 1]
[cegb_penalty_split: 0]
[cegb_penalty_feature_lazy: ]
[cegb_penalty_feature_coupled: ]
[path_smooth: 0]
[interaction_constraints: ]
[verbosity: -1]
[saved_feature_importance_type: 0]
[use_quantized_grad: 0]
[num_grad_quant_bins: 4]
[quant_train_renew_leaf: 0]
[stochastic_rounding: 1]
[linear_tree: 0]
[max_bin: 255]
[max_bin_by_feature: ]
[min_data_in_bin: 3]
[bin_construct_sample_cnt: 200000]
[data_random_seed: 175]
[is_enable_sparse: 1]
[enable_bundle: 1]
[use_missing: 1]
[zero_as_missing: 0]
[feature_pre_filter: 1]
[pre_partition: 0]
[two_round: 0]
[header: 0]
[label_column: ]
[weight_column: ]
[group_column: ]
[ignore_column: ]
[categorical_feature: ]
[forcedbins_filename: ]
[precise_float_parser: 0]
[parser_config_file: ]
[objective_seed: 16083]
[num_class: 1]
[is_unbalance: 0]
[scale_pos_weight: 1]
[sigmoid: 1]
[boost_from_average: 1]
[reg_sqrt: 0]
[alpha: 0.9]
[fair_c: 1]
[poisson_max_delta_step: 0.7]
[tweedie_variance_power: 1.5]
[lambdarank_truncation_level: 30]
[lambdarank_norm: 1]
[label_gain: 0,1,3,7,15]
[lambdarank_position_bias_regularization: 0]
[eval_at: 3,6]
[multi_error_top_k: 1]
[auc_mu_weights: ]
[num_machines: 1]
[local_listen_port: 12400]
[time_out: 120]
[machine_list_filename: ]
[machines: ]
[gpu_platform_id: -1]
[gpu_device_id: -1]
[gpu_use_dp: 0]
[num_gpu: 1]

end of parameters

pandas_categorical:null
