2026-03-16 15:28:48 [INFO] Loaded universe: 66 coins (screened 2026-03-16T18:35:22.453105+00:00)
  Training 66 coins from universe.json
2026-03-16 15:28:51 [INFO] === Training swing XGBoost for BTC-USD ===
2026-03-16 15:28:51 [INFO] Auto-split mode: will train on second half (newer data), backtest first half.
2026-03-16 15:28:51 [INFO] Fetching 1000 daily bars for BTC-USD...
2026-03-16 15:28:51 [INFO] Got 1000 bars.
2026-03-16 15:28:51 [INFO] Fetching SPY bars for relative momentum...
2026-03-16 15:28:52 [INFO] Got 1000 SPY bars.
2026-03-16 15:28:52 [INFO] Got 727 VIX rows.
2026-03-16 15:28:52 [INFO] Auto-split at midpoint (2024-11-02): training on 500 bars (second half).
2026-03-16 15:28:57 [INFO] Fetched 930 rows of sector breadth data.
2026-03-16 15:28:57 [INFO] Built 246 feature rows for BTC-USD.
2026-03-16 15:28:57 [INFO] Label Winsorization: clipped to [-0.1992, 0.1048] (1st/99th pctile)
2026-03-16 15:28:57 [INFO] Labeled 236 samples. Mean fwd return: -1.9444%
2026-03-16 15:28:57 [INFO] Train: 188, Val: 48.
2026-03-16 15:28:57 [INFO] Val RMSE: 0.088036 | Direction accuracy: 0.667
2026-03-16 15:28:57 [INFO] Top 10 features: factor_momentum=0.074, spy_trend_strength=0.062, btc_trend_strength=0.053, bb_pct_b=0.051, vpoc_distance=0.046, month_sin=0.043, rsi14=0.035, iv_rv_spread=0.035, beta_mom=0.034, real_yield_10y=0.030
2026-03-16 15:28:57 [INFO] Feature importances saved \u2192 C:\Users\yalil\OneDrive\Desktop\AI-projects\quantitivestocks\models\crypto\BTC-USD_xgb_swing_importance.json
2026-03-16 15:28:57 [WARNING] [Feature Stability] BTC-USD: Spearman rank correlation = 0.699 (< 0.70 threshold)
2026-03-16 15:28:57 [WARNING] [Feature Stability] BTC-USD: 'ret21' rank shifted by 57 (was #25, now #82)
2026-03-16 15:28:57 [WARNING] [Feature Stability] BTC-USD: 'ret5' rank shifted by 47 (was #34, now #81)
2026-03-16 15:28:57 [WARNING] [Feature Stability] BTC-USD: 'vol20' rank shifted by 29 (was #74, now #45)
2026-03-16 15:28:57 [WARNING] [Feature Stability] BTC-USD: 'adx' rank shifted by 17 (was #23, now #40)
2026-03-16 15:28:57 [WARNING] [Feature Stability] BTC-USD: 'macd_hist_norm' rank shifted by 17 (was #42, now #25)
2026-03-16 15:28:57 [WARNING] [Feature Stability] BTC-USD: 'momentum_quality' rank shifted by 47 (was #75, now #28)
2026-03-16 15:28:57 [WARNING] [Feature Stability] BTC-USD: 'vix_pctrank' rank shifted by 34 (was #43, now #77)
2026-03-16 15:28:57 [WARNING] [Feature Stability] BTC-USD: 'dv_accel' rank shifted by 36 (was #32, now #68)
2026-03-16 15:28:57 [WARNING] [Feature Stability] BTC-USD: 'vix_zscore' rank shifted by 16 (was #28, now #44)
2026-03-16 15:28:57 [WARNING] [Feature Stability] BTC-USD: 'sector_etf_rel_spy_21' rank shifted by 34 (was #7, now #41)
2026-03-16 15:28:57 [WARNING] [Feature Stability] BTC-USD: 'btc_realized_vol_30' rank shifted by 15 (was #18, now #33)
2026-03-16 15:28:57 [WARNING] [Feature Stability] BTC-USD: 'btc_drawdown' rank shifted by 14 (was #31, now #17)
2026-03-16 15:28:57 [WARNING] [Feature Stability] BTC-USD: 'eth_btc_ratio_zscore' rank shifted by 15 (was #27, now #12)
2026-03-16 15:28:57 [WARNING] [Feature Stability] BTC-USD: 'btc_ret5' rank shifted by 34 (was #40, now #74)
2026-03-16 15:28:57 [WARNING] [Feature Stability] BTC-USD: 'fear_greed_index' rank shifted by 24 (was #8, now #32)
2026-03-16 15:28:57 [WARNING] [Feature Stability] BTC-USD: 'fear_greed_zscore' rank shifted by 48 (was #64, now #16)
2026-03-16 15:28:57 [WARNING] [Feature Stability] BTC-USD: 'treasury_slope' rank shifted by 28 (was #66, now #38)
2026-03-16 15:28:57 [WARNING] [Feature Stability] BTC-USD: 'cboe_vix_term_spread' rank shifted by 34 (was #45, now #11)
2026-03-16 15:28:57 [WARNING] [Feature Stability] BTC-USD: 'credit_spread_zscore' rank shifted by 11 (was #37, now #48)
2026-03-16 15:28:57 [WARNING] [Feature Stability] BTC-USD: 'risk_appetite_ratio' rank shifted by 15 (was #29, now #14)
2026-03-16 15:28:57 [WARNING] [Feature Stability] BTC-USD: 'risk_appetite_trend' rank shifted by 20 (was #38, now #18)
2026-03-16 15:28:57 [WARNING] [Feature Stability] BTC-USD: 'smallcap_rotation' rank shifted by 23 (was #19, now #42)
2026-03-16 15:28:57 [WARNING] [Feature Stability] BTC-USD: 'yield_curve_3m10y' rank shifted by 52 (was #11, now #63)
2026-03-16 15:28:57 [WARNING] [Feature Stability] BTC-USD: 'breakeven_inflation_5y' rank shifted by 19 (was #16, now #35)
2026-03-16 15:28:57 [WARNING] [Feature Stability] BTC-USD: 'beta_smb' rank shifted by 11 (was #60, now #49)
2026-03-16 15:28:57 [WARNING] [Feature Stability] BTC-USD: 'beta_hml' rank shifted by 11 (was #33, now #22)
2026-03-16 15:28:57 [WARNING] [Feature Stability] BTC-USD: 'iv_rv_spread' rank shifted by 18 (was #26, now #8)
2026-03-16 15:28:57 [WARNING] [Feature Stability] BTC-USD: 'fomc_proximity' rank shifted by 33 (was #52, now #19)
2026-03-16 15:28:57 [WARNING] [Feature Stability] BTC-USD: 'correlation_regime' rank shifted by 13 (was #10, now #23)
2026-03-16 15:28:57 [INFO] Saved swing XGBoost \u2192 C:\Users\yalil\OneDrive\Desktop\AI-projects\quantitivestocks\models\crypto\BTC-USD_xgb_swing.joblib (dir_acc=0.667)
2026-03-16 15:28:57 [INFO] [TFT] BTC-USD: 172 train / 44 val seqs, 83 features
2026-03-16 15:29:20 [INFO] [TFT] BTC-USD ep20: val_mse=0.018039  dir=0.227
2026-03-16 15:29:40 [INFO] [TFT] BTC-USD ep40: val_mse=0.014825  dir=0.273
2026-03-16 15:30:01 [INFO] [TFT] BTC-USD ep60: val_mse=0.013658  dir=0.273
2026-03-16 15:30:21 [INFO] [TFT] BTC-USD ep80: val_mse=0.013334  dir=0.250
2026-03-16 15:30:43 [INFO] [TFT] BTC-USD ep100: val_mse=0.013236  dir=0.250
2026-03-16 15:30:43 [INFO] [TFT] BTC-USD: final val_mse=0.013208  dir_acc=0.250
2026-03-16 15:30:43 [WARNING] [TFT] BTC-USD: dir_acc=0.250 < 0.50 — discarding TFT, XGBoost-only for this symbol.
2026-03-16 15:30:43 [INFO] === Training swing XGBoost for ETH-USD ===
2026-03-16 15:30:43 [INFO] Auto-split mode: will train on second half (newer data), backtest first half.
2026-03-16 15:30:43 [INFO] Fetching 1000 daily bars for ETH-USD...
2026-03-16 15:30:43 [INFO] Got 1000 bars.
2026-03-16 15:30:43 [INFO] Fetching SPY bars for relative momentum...
2026-03-16 15:30:43 [INFO] Got 1000 SPY bars.
2026-03-16 15:30:43 [INFO] Got 727 VIX rows.
2026-03-16 15:30:43 [INFO] Auto-split at midpoint (2024-11-02): training on 500 bars (second half).
2026-03-16 15:30:48 [INFO] Fetched 930 rows of sector breadth data.
2026-03-16 15:30:49 [INFO] Built 246 feature rows for ETH-USD.
2026-03-16 15:30:49 [INFO] Label Winsorization: clipped to [-0.2886, 0.2301] (1st/99th pctile)
2026-03-16 15:30:49 [INFO] Labeled 236 samples. Mean fwd return: -1.6572%
2026-03-16 15:30:49 [INFO] Train: 188, Val: 48.
2026-03-16 15:30:49 [INFO] Val RMSE: 0.130586 | Direction accuracy: 0.688
2026-03-16 15:30:49 [INFO] Top 10 features: spy_trend_strength=0.074, volume_trend=0.046, factor_momentum=0.044, bb_pct_b=0.043, btc_realized_vol_30=0.041, vol_sr_imbalance=0.037, rel_momentum_vs_spy_252=0.037, macd_hist_norm=0.036, beta_hml=0.036, vix_zscore=0.036
2026-03-16 15:30:49 [INFO] Feature importances saved \u2192 C:\Users\yalil\OneDrive\Desktop\AI-projects\quantitivestocks\models\crypto\ETH-USD_xgb_swing_importance.json
2026-03-16 15:30:49 [WARNING] [Feature Stability] ETH-USD: Spearman rank correlation = 0.685 (< 0.70 threshold)
2026-03-16 15:30:49 [WARNING] [Feature Stability] ETH-USD: 'ret63' rank shifted by 43 (was #40, now #83)
2026-03-16 15:30:49 [WARNING] [Feature Stability] ETH-USD: 'ret21' rank shifted by 44 (was #38, now #82)
2026-03-16 15:30:49 [WARNING] [Feature Stability] ETH-USD: 'rsi14' rank shifted by 19 (was #22, now #41)
2026-03-16 15:30:49 [WARNING] [Feature Stability] ETH-USD: 'adx' rank shifted by 15 (was #25, now #40)
2026-03-16 15:30:49 [WARNING] [Feature Stability] ETH-USD: 'bb_bandwidth' rank shifted by 62 (was #78, now #16)
2026-03-16 15:30:49 [WARNING] [Feature Stability] ETH-USD: 'momentum_quality' rank shifted by 61 (was #19, now #80)
2026-03-16 15:30:49 [WARNING] [Feature Stability] ETH-USD: 'vol_regime' rank shifted by 17 (was #28, now #45)
2026-03-16 15:30:49 [WARNING] [Feature Stability] ETH-USD: 'vix_pctrank' rank shifted by 58 (was #77, now #19)
2026-03-16 15:30:49 [WARNING] [Feature Stability] ETH-USD: 'btc_trend_strength' rank shifted by 14 (was #6, now #20)
2026-03-16 15:30:49 [WARNING] [Feature Stability] ETH-USD: 'btc_momentum_accel' rank shifted by 12 (was #46, now #34)
2026-03-16 15:30:49 [WARNING] [Feature Stability] ETH-USD: 'treasury_slope' rank shifted by 35 (was #36, now #71)
2026-03-16 15:30:49 [WARNING] [Feature Stability] ETH-USD: 'vix_term_inverted' rank shifted by 11 (was #70, now #59)
2026-03-16 15:30:49 [WARNING] [Feature Stability] ETH-USD: 'cboe_vix_term_spread' rank shifted by 30 (was #2, now #32)
2026-03-16 15:30:49 [WARNING] [Feature Stability] ETH-USD: 'cboe_vix_term_ratio' rank shifted by 16 (was #39, now #23)
2026-03-16 15:30:49 [WARNING] [Feature Stability] ETH-USD: 'cboe_vix_percentile' rank shifted by 19 (was #56, now #37)
2026-03-16 15:30:49 [WARNING] [Feature Stability] ETH-USD: 'credit_spread' rank shifted by 12 (was #23, now #35)
2026-03-16 15:30:49 [WARNING] [Feature Stability] ETH-USD: 'credit_spread_zscore' rank shifted by 20 (was #41, now #61)
2026-03-16 15:30:49 [WARNING] [Feature Stability] ETH-USD: 'beta_mkt' rank shifted by 52 (was #14, now #66)
2026-03-16 15:30:49 [WARNING] [Feature Stability] ETH-USD: 'beta_smb' rank shifted by 42 (was #60, now #18)
2026-03-16 15:30:49 [WARNING] [Feature Stability] ETH-USD: 'beta_cma' rank shifted by 11 (was #57, now #68)
2026-03-16 15:30:49 [WARNING] [Feature Stability] ETH-USD: 'month_sin' rank shifted by 40 (was #16, now #56)
2026-03-16 15:30:49 [WARNING] [Feature Stability] ETH-USD: 'breadth_momentum' rank shifted by 13 (was #35, now #48)
2026-03-16 15:30:49 [WARNING] [Feature Stability] ETH-USD: 'correlation_regime' rank shifted by 20 (was #27, now #47)
2026-03-16 15:30:49 [INFO] Saved swing XGBoost \u2192 C:\Users\yalil\OneDrive\Desktop\AI-projects\quantitivestocks\models\crypto\ETH-USD_xgb_swing.joblib (dir_acc=0.688)
2026-03-16 15:30:49 [INFO] [TFT] ETH-USD: 172 train / 44 val seqs, 83 features
2026-03-16 15:31:10 [INFO] [TFT] ETH-USD ep20: val_mse=0.017932  dir=0.614
2026-03-16 15:31:31 [INFO] [TFT] ETH-USD ep40: val_mse=0.006609  dir=0.727
2026-03-16 15:31:47 [INFO] [TFT] ETH-USD: early stop epoch 55  val_mse=0.006609  dir=0.614
2026-03-16 15:31:47 [INFO] [TFT] ETH-USD: final val_mse=0.006609  dir_acc=0.727
2026-03-16 15:31:47 [INFO] [TFT] ETH-USD: saved \u2192 C:\Users\yalil\OneDrive\Desktop\AI-projects\quantitivestocks\models\crypto\ETH-USD_tft_swing.pt  (dir_acc=0.727)
2026-03-16 15:31:47 [INFO] === Training swing XGBoost for XRP-USD ===
2026-03-16 15:31:47 [INFO] Auto-split mode: will train on second half (newer data), backtest first half.
2026-03-16 15:31:47 [INFO] Fetching 1000 daily bars for XRP-USD...
2026-03-16 15:31:47 [INFO] Got 1000 bars.
2026-03-16 15:31:47 [INFO] Fetching SPY bars for relative momentum...
2026-03-16 15:31:47 [INFO] Got 1000 SPY bars.
2026-03-16 15:31:48 [INFO] Got 727 VIX rows.
2026-03-16 15:31:48 [INFO] Auto-split at midpoint (2024-11-02): training on 500 bars (second half).
2026-03-16 15:31:53 [INFO] Fetched 930 rows of sector breadth data.
2026-03-16 15:31:53 [INFO] Built 246 feature rows for XRP-USD.
2026-03-16 15:31:53 [INFO] Label Winsorization: clipped to [-0.2277, 0.2033] (1st/99th pctile)
2026-03-16 15:31:53 [INFO] Labeled 236 samples. Mean fwd return: -3.1005%
2026-03-16 15:31:53 [INFO] Train: 188, Val: 48.
2026-03-16 15:31:53 [INFO] Val RMSE: 0.100091 | Direction accuracy: 0.688
2026-03-16 15:31:53 [INFO] Top 10 features: bb_pct_b=0.115, vpoc_distance=0.088, rsi14=0.063, rel_momentum_vs_spy_252=0.047, vol_support_strength=0.047, dv_accel=0.042, btc_trend_strength=0.037, real_yield_10y=0.037, eth_btc_ratio_zscore=0.032, fear_greed_zscore=0.032
2026-03-16 15:31:53 [INFO] Feature importances saved \u2192 C:\Users\yalil\OneDrive\Desktop\AI-projects\quantitivestocks\models\crypto\XRP-USD_xgb_swing_importance.json
2026-03-16 15:31:53 [WARNING] [Feature Stability] XRP-USD: Spearman rank correlation = 0.662 (< 0.70 threshold)
2026-03-16 15:31:53 [WARNING] [Feature Stability] XRP-USD: 'ret63' rank shifted by 11 (was #19, now #30)
2026-03-16 15:31:53 [WARNING] [Feature Stability] XRP-USD: 'ret21' rank shifted by 50 (was #78, now #28)
2026-03-16 15:31:53 [WARNING] [Feature Stability] XRP-USD: 'ret5' rank shifted by 40 (was #77, now #37)
2026-03-16 15:31:53 [WARNING] [Feature Stability] XRP-USD: 'rel_momentum_vs_spy_63' rank shifted by 60 (was #22, now #82)
2026-03-16 15:31:53 [WARNING] [Feature Stability] XRP-USD: 'rel_momentum_vs_spy_252' rank shifted by 34 (was #38, now #4)
2026-03-16 15:31:53 [WARNING] [Feature Stability] XRP-USD: 'momentum_quality' rank shifted by 39 (was #40, now #79)
2026-03-16 15:31:53 [WARNING] [Feature Stability] XRP-USD: 'sector_etf_rel_spy_21' rank shifted by 18 (was #28, now #46)
2026-03-16 15:31:53 [WARNING] [Feature Stability] XRP-USD: 'btc_realized_vol_30' rank shifted by 15 (was #9, now #24)
2026-03-16 15:31:53 [WARNING] [Feature Stability] XRP-USD: 'btc_ret5' rank shifted by 17 (was #25, now #42)
2026-03-16 15:31:53 [WARNING] [Feature Stability] XRP-USD: 'btc_momentum_accel' rank shifted by 18 (was #18, now #36)
2026-03-16 15:31:53 [WARNING] [Feature Stability] XRP-USD: 'okx_ls_zscore' rank shifted by 37 (was #12, now #49)
2026-03-16 15:31:53 [WARNING] [Feature Stability] XRP-USD: 'fear_greed_zscore' rank shifted by 55 (was #65, now #10)
2026-03-16 15:31:53 [WARNING] [Feature Stability] XRP-USD: 'treasury_slope' rank shifted by 32 (was #43, now #11)
2026-03-16 15:31:53 [WARNING] [Feature Stability] XRP-USD: 'cboe_vix_term_spread' rank shifted by 19 (was #20, now #39)
2026-03-16 15:31:53 [WARNING] [Feature Stability] XRP-USD: 'cboe_vix_term_ratio' rank shifted by 17 (was #21, now #38)
2026-03-16 15:31:53 [WARNING] [Feature Stability] XRP-USD: 'cboe_skew' rank shifted by 31 (was #14, now #45)
2026-03-16 15:31:53 [WARNING] [Feature Stability] XRP-USD: 'credit_spread' rank shifted by 18 (was #56, now #74)
2026-03-16 15:31:53 [WARNING] [Feature Stability] XRP-USD: 'risk_appetite_trend' rank shifted by 18 (was #34, now #16)
2026-03-16 15:31:53 [WARNING] [Feature Stability] XRP-USD: 'yield_curve_3m10y' rank shifted by 35 (was #31, now #66)
2026-03-16 15:31:53 [WARNING] [Feature Stability] XRP-USD: 'real_yield_10y' rank shifted by 54 (was #62, now #8)
2026-03-16 15:31:53 [WARNING] [Feature Stability] XRP-USD: 'breakeven_inflation_5y' rank shifted by 56 (was #8, now #64)
2026-03-16 15:31:53 [WARNING] [Feature Stability] XRP-USD: 'beta_mkt' rank shifted by 14 (was #27, now #41)
2026-03-16 15:31:53 [WARNING] [Feature Stability] XRP-USD: 'beta_mom' rank shifted by 19 (was #44, now #63)
2026-03-16 15:31:53 [WARNING] [Feature Stability] XRP-USD: 'iv_rv_spread' rank shifted by 15 (was #35, now #20)
2026-03-16 15:31:53 [WARNING] [Feature Stability] XRP-USD: 'sector_dispersion' rank shifted by 17 (was #30, now #47)
2026-03-16 15:31:53 [WARNING] [Feature Stability] XRP-USD: 'correlation_regime' rank shifted by 11 (was #36, now #25)
2026-03-16 15:31:53 [INFO] Saved swing XGBoost \u2192 C:\Users\yalil\OneDrive\Desktop\AI-projects\quantitivestocks\models\crypto\XRP-USD_xgb_swing.joblib (dir_acc=0.688)
2026-03-16 15:31:53 [INFO] [TFT] XRP-USD: 172 train / 44 val seqs, 83 features
2026-03-16 15:32:14 [INFO] [TFT] XRP-USD ep20: val_mse=0.009767  dir=0.500
2026-03-16 15:32:36 [INFO] [TFT] XRP-USD ep40: val_mse=0.008410  dir=0.500
2026-03-16 15:32:45 [INFO] [TFT] XRP-USD: early stop epoch 49  val_mse=0.007687  dir=0.477
2026-03-16 15:32:45 [INFO] [TFT] XRP-USD: final val_mse=0.007687  dir_acc=0.591
2026-03-16 15:32:45 [INFO] [TFT] XRP-USD: saved \u2192 C:\Users\yalil\OneDrive\Desktop\AI-projects\quantitivestocks\models\crypto\XRP-USD_tft_swing.pt  (dir_acc=0.591)
2026-03-16 15:32:45 [INFO] === Training swing XGBoost for BNB-USD ===
2026-03-16 15:32:45 [INFO] Auto-split mode: will train on second half (newer data), backtest first half.
2026-03-16 15:32:45 [INFO] Fetching 1000 daily bars for BNB-USD...
2026-03-16 15:32:45 [INFO] Got 1000 bars.
2026-03-16 15:32:45 [INFO] Fetching SPY bars for relative momentum...
2026-03-16 15:32:46 [INFO] Got 1000 SPY bars.
2026-03-16 15:32:46 [INFO] Got 727 VIX rows.
2026-03-16 15:32:46 [INFO] Auto-split at midpoint (2024-11-02): training on 500 bars (second half).
2026-03-16 15:32:51 [INFO] Fetched 930 rows of sector breadth data.
2026-03-16 15:32:51 [INFO] Built 246 feature rows for BNB-USD.
2026-03-16 15:32:51 [INFO] Label Winsorization: clipped to [-0.2655, 0.2590] (1st/99th pctile)
2026-03-16 15:32:51 [INFO] Labeled 236 samples. Mean fwd return: -0.1063%
2026-03-16 15:32:51 [INFO] Train: 188, Val: 48.
2026-03-16 15:32:51 [INFO] Val RMSE: 0.125475 | Direction accuracy: 0.417
2026-03-16 15:32:51 [INFO] Top 10 features: ret252=0.119, month_sin=0.085, rel_momentum_vs_spy_252=0.047, factor_momentum=0.044, macd_hist_norm=0.042, vvix_level=0.042, spy_trend_strength=0.036, real_yield_10y=0.032, vix_zscore=0.030, smallcap_rotation=0.028
2026-03-16 15:32:51 [INFO] Feature importances saved \u2192 C:\Users\yalil\OneDrive\Desktop\AI-projects\quantitivestocks\models\crypto\BNB-USD_xgb_swing_importance.json
2026-03-16 15:32:51 [WARNING] [Feature Stability] BNB-USD: Spearman rank correlation = 0.560 (< 0.70 threshold)
2026-03-16 15:32:51 [WARNING] [Feature Stability] BNB-USD: 'ret63' rank shifted by 71 (was #12, now #83)
2026-03-16 15:32:51 [WARNING] [Feature Stability] BNB-USD: 'ret5' rank shifted by 56 (was #26, now #82)
2026-03-16 15:32:51 [WARNING] [Feature Stability] BNB-USD: 'rel_momentum_vs_spy_63' rank shifted by 33 (was #75, now #42)
2026-03-16 15:32:51 [WARNING] [Feature Stability] BNB-USD: 'rel_momentum_vs_spy_252' rank shifted by 33 (was #36, now #3)
2026-03-16 15:32:51 [WARNING] [Feature Stability] BNB-USD: 'ibs' rank shifted by 39 (was #42, now #81)
2026-03-16 15:32:51 [WARNING] [Feature Stability] BNB-USD: 'rsi14' rank shifted by 53 (was #27, now #80)
2026-03-16 15:32:51 [WARNING] [Feature Stability] BNB-USD: 'bb_pct_b' rank shifted by 34 (was #43, now #77)
2026-03-16 15:32:51 [WARNING] [Feature Stability] BNB-USD: 'momentum_quality' rank shifted by 61 (was #18, now #79)
2026-03-16 15:32:51 [WARNING] [Feature Stability] BNB-USD: 'vix_pctrank' rank shifted by 46 (was #32, now #78)
2026-03-16 15:32:51 [WARNING] [Feature Stability] BNB-USD: 'spy_trend_strength' rank shifted by 23 (was #30, now #7)
2026-03-16 15:32:51 [WARNING] [Feature Stability] BNB-USD: 'sector_etf_rel_spy_21' rank shifted by 14 (was #17, now #31)
2026-03-16 15:32:51 [WARNING] [Feature Stability] BNB-USD: 'btc_realized_vol_30' rank shifted by 11 (was #33, now #22)
2026-03-16 15:32:51 [WARNING] [Feature Stability] BNB-USD: 'btc_drawdown' rank shifted by 19 (was #15, now #34)
2026-03-16 15:32:51 [WARNING] [Feature Stability] BNB-USD: 'eth_btc_ratio_zscore' rank shifted by 33 (was #3, now #36)
2026-03-16 15:32:51 [WARNING] [Feature Stability] BNB-USD: 'okx_ls_zscore' rank shifted by 22 (was #39, now #17)
2026-03-16 15:32:51 [WARNING] [Feature Stability] BNB-USD: 'treasury_slope' rank shifted by 24 (was #35, now #59)
2026-03-16 15:32:51 [WARNING] [Feature Stability] BNB-USD: 'cboe_skew' rank shifted by 13 (was #20, now #33)
2026-03-16 15:32:51 [WARNING] [Feature Stability] BNB-USD: 'credit_spread_chg5' rank shifted by 11 (was #49, now #60)
2026-03-16 15:32:51 [WARNING] [Feature Stability] BNB-USD: 'credit_spread_zscore' rank shifted by 25 (was #48, now #23)
2026-03-16 15:32:51 [WARNING] [Feature Stability] BNB-USD: 'risk_appetite_trend' rank shifted by 13 (was #31, now #44)
2026-03-16 15:32:51 [WARNING] [Feature Stability] BNB-USD: 'yield_curve_3m10y' rank shifted by 11 (was #23, now #12)
2026-03-16 15:32:51 [WARNING] [Feature Stability] BNB-USD: 'real_yield_10y' rank shifted by 59 (was #67, now #8)
2026-03-16 15:32:51 [WARNING] [Feature Stability] BNB-USD: 'breakeven_inflation_5y' rank shifted by 14 (was #10, now #24)
2026-03-16 15:32:51 [WARNING] [Feature Stability] BNB-USD: 'beta_smb' rank shifted by 37 (was #8, now #45)
2026-03-16 15:32:51 [WARNING] [Feature Stability] BNB-USD: 'beta_rmw' rank shifted by 26 (was #66, now #40)
2026-03-16 15:32:51 [WARNING] [Feature Stability] BNB-USD: 'beta_mom' rank shifted by 21 (was #41, now #62)
2026-03-16 15:32:51 [WARNING] [Feature Stability] BNB-USD: 'iv_rv_spread' rank shifted by 31 (was #19, now #50)
2026-03-16 15:32:51 [WARNING] [Feature Stability] BNB-USD: 'month_cos' rank shifted by 12 (was #1, now #13)
2026-03-16 15:32:51 [WARNING] [Feature Stability] BNB-USD: 'fomc_proximity' rank shifted by 11 (was #29, now #18)
2026-03-16 15:32:51 [WARNING] [Feature Stability] BNB-USD: 'sector_dispersion' rank shifted by 22 (was #51, now #29)
2026-03-16 15:32:51 [WARNING] [Feature Stability] BNB-USD: 'breadth_momentum' rank shifted by 34 (was #55, now #21)
2026-03-16 15:32:51 [INFO] Saved swing XGBoost \u2192 C:\Users\yalil\OneDrive\Desktop\AI-projects\quantitivestocks\models\crypto\BNB-USD_xgb_swing.joblib (dir_acc=0.417)
2026-03-16 15:32:51 [INFO] [TFT] BNB-USD: 172 train / 44 val seqs, 83 features
2026-03-16 15:33:12 [INFO] [TFT] BNB-USD ep20: val_mse=0.005542  dir=0.568
2026-03-16 15:33:33 [INFO] [TFT] BNB-USD ep40: val_mse=0.006583  dir=0.591
2026-03-16 15:33:42 [INFO] [TFT] BNB-USD: early stop epoch 49  val_mse=0.005071  dir=0.591
2026-03-16 15:33:42 [INFO] [TFT] BNB-USD: final val_mse=0.005071  dir_acc=0.545
2026-03-16 15:33:42 [INFO] [TFT] BNB-USD: saved \u2192 C:\Users\yalil\OneDrive\Desktop\AI-projects\quantitivestocks\models\crypto\BNB-USD_tft_swing.pt  (dir_acc=0.545)
2026-03-16 15:33:42 [INFO] === Training swing XGBoost for SOL-USD ===
2026-03-16 15:33:42 [INFO] Auto-split mode: will train on second half (newer data), backtest first half.
2026-03-16 15:33:42 [INFO] Fetching 1000 daily bars for SOL-USD...
2026-03-16 15:33:43 [INFO] Got 1000 bars.
2026-03-16 15:33:43 [INFO] Fetching SPY bars for relative momentum...
2026-03-16 15:33:43 [INFO] Got 1000 SPY bars.
2026-03-16 15:33:43 [INFO] Got 727 VIX rows.
2026-03-16 15:33:43 [INFO] Auto-split at midpoint (2024-11-02): training on 500 bars (second half).
2026-03-16 15:33:48 [INFO] Fetched 930 rows of sector breadth data.
2026-03-16 15:33:48 [INFO] Built 246 feature rows for SOL-USD.
2026-03-16 15:33:48 [INFO] Label Winsorization: clipped to [-0.2861, 0.1880] (1st/99th pctile)
2026-03-16 15:33:48 [INFO] Labeled 236 samples. Mean fwd return: -2.3191%
2026-03-16 15:33:48 [INFO] Train: 188, Val: 48.
2026-03-16 15:33:48 [INFO] Val RMSE: 0.133594 | Direction accuracy: 0.604
2026-03-16 15:33:48 [INFO] Top 10 features: vpoc_distance=0.073, spy_trend_strength=0.065, credit_spread=0.055, month_sin=0.047, ret21=0.044, beta_cma=0.041, risk_appetite_ratio=0.039, sector_etf_rel_spy_21=0.039, vvix_level=0.030, btc_trend_strength=0.028
2026-03-16 15:33:48 [INFO] Feature importances saved \u2192 C:\Users\yalil\OneDrive\Desktop\AI-projects\quantitivestocks\models\crypto\SOL-USD_xgb_swing_importance.json
2026-03-16 15:33:48 [WARNING] [Feature Stability] SOL-USD: Spearman rank correlation = 0.671 (< 0.70 threshold)
2026-03-16 15:33:48 [WARNING] [Feature Stability] SOL-USD: 'rel_momentum_vs_spy_252' rank shifted by 62 (was #19, now #81)
2026-03-16 15:33:48 [WARNING] [Feature Stability] SOL-USD: 'rsi14' rank shifted by 44 (was #35, now #79)
2026-03-16 15:33:48 [WARNING] [Feature Stability] SOL-USD: 'vol20' rank shifted by 41 (was #37, now #78)
2026-03-16 15:33:48 [WARNING] [Feature Stability] SOL-USD: 'momentum_quality' rank shifted by 44 (was #33, now #77)
2026-03-16 15:33:48 [WARNING] [Feature Stability] SOL-USD: 'vol_regime' rank shifted by 14 (was #22, now #36)
2026-03-16 15:33:48 [WARNING] [Feature Stability] SOL-USD: 'vix_pctrank' rank shifted by 15 (was #42, now #27)
2026-03-16 15:33:48 [WARNING] [Feature Stability] SOL-USD: 'vix_regime' rank shifted by 39 (was #69, now #30)
2026-03-16 15:33:48 [WARNING] [Feature Stability] SOL-USD: 'vix_zscore' rank shifted by 17 (was #24, now #41)
2026-03-16 15:33:48 [WARNING] [Feature Stability] SOL-USD: 'btc_drawdown' rank shifted by 20 (was #14, now #34)
2026-03-16 15:33:48 [WARNING] [Feature Stability] SOL-USD: 'eth_btc_ratio_zscore' rank shifted by 19 (was #23, now #42)
2026-03-16 15:33:48 [WARNING] [Feature Stability] SOL-USD: 'okx_ls_zscore' rank shifted by 12 (was #16, now #28)
2026-03-16 15:33:48 [WARNING] [Feature Stability] SOL-USD: 'fear_greed_index' rank shifted by 41 (was #72, now #31)
2026-03-16 15:33:48 [WARNING] [Feature Stability] SOL-USD: 'fear_greed_zscore' rank shifted by 55 (was #67, now #12)
2026-03-16 15:33:48 [WARNING] [Feature Stability] SOL-USD: 'treasury_slope' rank shifted by 14 (was #71, now #57)
2026-03-16 15:33:48 [WARNING] [Feature Stability] SOL-USD: 'pc_volume_ratio' rank shifted by 11 (was #60, now #71)
2026-03-16 15:33:48 [WARNING] [Feature Stability] SOL-USD: 'cboe_vix_term_ratio' rank shifted by 24 (was #64, now #40)
2026-03-16 15:33:48 [WARNING] [Feature Stability] SOL-USD: 'cboe_skew' rank shifted by 34 (was #25, now #59)
2026-03-16 15:33:48 [WARNING] [Feature Stability] SOL-USD: 'credit_spread' rank shifted by 14 (was #17, now #3)
2026-03-16 15:33:48 [WARNING] [Feature Stability] SOL-USD: 'credit_spread_zscore' rank shifted by 27 (was #31, now #58)
2026-03-16 15:33:48 [WARNING] [Feature Stability] SOL-USD: 'yield_curve_3m10y' rank shifted by 32 (was #34, now #66)
2026-03-16 15:33:48 [WARNING] [Feature Stability] SOL-USD: 'beta_smb' rank shifted by 11 (was #57, now #68)
2026-03-16 15:33:48 [WARNING] [Feature Stability] SOL-USD: 'beta_hml' rank shifted by 18 (was #29, now #11)
2026-03-16 15:33:48 [WARNING] [Feature Stability] SOL-USD: 'beta_rmw' rank shifted by 33 (was #30, now #63)
2026-03-16 15:33:48 [WARNING] [Feature Stability] SOL-USD: 'iv_rv_zscore' rank shifted by 24 (was #44, now #20)
2026-03-16 15:33:48 [WARNING] [Feature Stability] SOL-USD: 'month_sin' rank shifted by 43 (was #47, now #4)
2026-03-16 15:33:48 [WARNING] [Feature Stability] SOL-USD: 'month_cos' rank shifted by 13 (was #10, now #23)
2026-03-16 15:33:48 [WARNING] [Feature Stability] SOL-USD: 'sector_dispersion' rank shifted by 18 (was #43, now #25)
2026-03-16 15:33:48 [WARNING] [Feature Stability] SOL-USD: 'correlation_regime' rank shifted by 12 (was #50, now #38)
2026-03-16 15:33:48 [INFO] Saved swing XGBoost \u2192 C:\Users\yalil\OneDrive\Desktop\AI-projects\quantitivestocks\models\crypto\SOL-USD_xgb_swing.joblib (dir_acc=0.604)
2026-03-16 15:33:48 [INFO] [TFT] SOL-USD: 172 train / 44 val seqs, 83 features
2026-03-16 15:34:10 [INFO] [TFT] SOL-USD ep20: val_mse=0.059322  dir=0.409
2026-03-16 15:34:11 [INFO] [TFT] SOL-USD: early stop epoch 21  val_mse=0.044301  dir=0.409
2026-03-16 15:34:11 [INFO] [TFT] SOL-USD: final val_mse=0.044301  dir_acc=0.364
2026-03-16 15:34:11 [WARNING] [TFT] SOL-USD: dir_acc=0.364 < 0.50 — discarding TFT, XGBoost-only for this symbol.
2026-03-16 15:34:11 [INFO] === Training swing XGBoost for DOGE-USD ===
2026-03-16 15:34:11 [INFO] Auto-split mode: will train on second half (newer data), backtest first half.
2026-03-16 15:34:11 [INFO] Fetching 1000 daily bars for DOGE-USD...
2026-03-16 15:34:11 [INFO] Got 1000 bars.
2026-03-16 15:34:11 [INFO] Fetching SPY bars for relative momentum...
2026-03-16 15:34:12 [INFO] Got 1000 SPY bars.
2026-03-16 15:34:12 [INFO] Got 727 VIX rows.
2026-03-16 15:34:12 [INFO] Auto-split at midpoint (2024-11-02): training on 500 bars (second half).
2026-03-16 15:34:14 [WARNING] Cross-market fetch failed for dxy (DX-Y.NYB): 'chart'
2026-03-16 15:34:17 [INFO] Fetched 930 rows of sector breadth data.
2026-03-16 15:34:17 [INFO] Built 246 feature rows for DOGE-USD.
2026-03-16 15:34:17 [INFO] Label Winsorization: clipped to [-0.2573, 0.2708] (1st/99th pctile)
2026-03-16 15:34:17 [INFO] Labeled 236 samples. Mean fwd return: -3.0944%
2026-03-16 15:34:17 [INFO] Train: 188, Val: 48.
2026-03-16 15:34:17 [INFO] Val RMSE: 0.099849 | Direction accuracy: 0.646
2026-03-16 15:34:17 [INFO] Top 10 features: btc_trend_strength=0.075, vol_support_strength=0.057, spy_trend_strength=0.052, btc_realized_vol_30=0.051, ret252=0.051, risk_appetite_ratio=0.040, vol_regime=0.039, macd_hist_norm=0.038, vol20=0.038, volume_trend=0.035
2026-03-16 15:34:17 [INFO] Feature importances saved \u2192 C:\Users\yalil\OneDrive\Desktop\AI-projects\quantitivestocks\models\crypto\DOGE-USD_xgb_swing_importance.json
2026-03-16 15:34:17 [WARNING] [Feature Stability] DOGE-USD: Spearman rank correlation = 0.640 (< 0.70 threshold)
2026-03-16 15:34:17 [WARNING] [Feature Stability] DOGE-USD: 'ret252' rank shifted by 34 (was #39, now #5)
2026-03-16 15:34:17 [WARNING] [Feature Stability] DOGE-USD: 'ret5' rank shifted by 25 (was #13, now #38)
2026-03-16 15:34:17 [WARNING] [Feature Stability] DOGE-USD: 'rel_momentum_vs_spy_252' rank shifted by 11 (was #8, now #19)
2026-03-16 15:34:17 [WARNING] [Feature Stability] DOGE-USD: 'ibs' rank shifted by 37 (was #46, now #83)
2026-03-16 15:34:17 [WARNING] [Feature Stability] DOGE-USD: 'rsi14' rank shifted by 12 (was #37, now #25)
2026-03-16 15:34:17 [WARNING] [Feature Stability] DOGE-USD: 'vol20' rank shifted by 25 (was #34, now #9)
2026-03-16 15:34:17 [WARNING] [Feature Stability] DOGE-USD: 'bb_pct_b' rank shifted by 15 (was #6, now #21)
2026-03-16 15:34:17 [WARNING] [Feature Stability] DOGE-USD: 'momentum_quality' rank shifted by 12 (was #45, now #33)
2026-03-16 15:34:17 [WARNING] [Feature Stability] DOGE-USD: 'vol_regime' rank shifted by 18 (was #25, now #7)
2026-03-16 15:34:17 [WARNING] [Feature Stability] DOGE-USD: 'vix_pctrank' rank shifted by 45 (was #74, now #29)
2026-03-16 15:34:17 [WARNING] [Feature Stability] DOGE-USD: 'dv_accel' rank shifted by 38 (was #38, now #76)
2026-03-16 15:34:17 [WARNING] [Feature Stability] DOGE-USD: 'vix_regime' rank shifted by 45 (was #33, now #78)
2026-03-16 15:34:17 [WARNING] [Feature Stability] DOGE-USD: 'vix_zscore' rank shifted by 17 (was #3, now #20)
2026-03-16 15:34:17 [WARNING] [Feature Stability] DOGE-USD: 'sector_etf_rel_spy_21' rank shifted by 15 (was #24, now #39)
2026-03-16 15:34:17 [WARNING] [Feature Stability] DOGE-USD: 'okx_long_short_ratio' rank shifted by 27 (was #20, now #47)
2026-03-16 15:34:17 [WARNING] [Feature Stability] DOGE-USD: 'fear_greed_index' rank shifted by 24 (was #72, now #48)
2026-03-16 15:34:17 [WARNING] [Feature Stability] DOGE-USD: 'treasury_slope' rank shifted by 24 (was #18, now #42)
2026-03-16 15:34:17 [WARNING] [Feature Stability] DOGE-USD: 'pc_volume_ratio' rank shifted by 11 (was #60, now #71)
2026-03-16 15:34:17 [WARNING] [Feature Stability] DOGE-USD: 'cboe_skew' rank shifted by 45 (was #4, now #49)
2026-03-16 15:34:17 [WARNING] [Feature Stability] DOGE-USD: 'credit_spread_zscore' rank shifted by 50 (was #65, now #15)
2026-03-16 15:34:17 [WARNING] [Feature Stability] DOGE-USD: 'smallcap_rotation' rank shifted by 13 (was #53, now #40)
2026-03-16 15:34:17 [WARNING] [Feature Stability] DOGE-USD: 'breakeven_inflation_5y' rank shifted by 28 (was #58, now #30)
2026-03-16 15:34:17 [WARNING] [Feature Stability] DOGE-USD: 'beta_mkt' rank shifted by 12 (was #36, now #24)
2026-03-16 15:34:17 [WARNING] [Feature Stability] DOGE-USD: 'beta_rmw' rank shifted by 28 (was #32, now #60)
2026-03-16 15:34:17 [WARNING] [Feature Stability] DOGE-USD: 'beta_mom' rank shifted by 52 (was #11, now #63)
2026-03-16 15:34:17 [WARNING] [Feature Stability] DOGE-USD: 'volume_zscore' rank shifted by 20 (was #41, now #61)
2026-03-16 15:34:17 [WARNING] [Feature Stability] DOGE-USD: 'iv_rv_spread' rank shifted by 20 (was #23, now #43)
2026-03-16 15:34:17 [WARNING] [Feature Stability] DOGE-USD: 'iv_rv_zscore' rank shifted by 54 (was #5, now #59)
2026-03-16 15:34:17 [WARNING] [Feature Stability] DOGE-USD: 'vvix_level' rank shifted by 18 (was #40, now #58)
2026-03-16 15:34:17 [WARNING] [Feature Stability] DOGE-USD: 'fomc_proximity' rank shifted by 20 (was #16, now #36)
2026-03-16 15:34:17 [WARNING] [Feature Stability] DOGE-USD: 'correlation_regime' rank shifted by 28 (was #17, now #45)
2026-03-16 15:34:17 [INFO] Saved swing XGBoost \u2192 C:\Users\yalil\OneDrive\Desktop\AI-projects\quantitivestocks\models\crypto\DOGE-USD_xgb_swing.joblib (dir_acc=0.646)
2026-03-16 15:34:17 [INFO] [TFT] DOGE-USD: 172 train / 44 val seqs, 83 features
2026-03-16 15:34:39 [INFO] [TFT] DOGE-USD ep20: val_mse=0.006448  dir=0.500
2026-03-16 15:34:58 [INFO] [TFT] DOGE-USD: early stop epoch 37  val_mse=0.006422  dir=0.455
2026-03-16 15:34:58 [INFO] [TFT] DOGE-USD: final val_mse=0.006422  dir_acc=0.477
2026-03-16 15:34:58 [WARNING] [TFT] DOGE-USD: dir_acc=0.477 < 0.50 — discarding TFT, XGBoost-only for this symbol.
2026-03-16 15:34:58 [INFO] === Training swing XGBoost for ADA-USD ===
2026-03-16 15:34:58 [INFO] Auto-split mode: will train on second half (newer data), backtest first half.
2026-03-16 15:34:58 [INFO] Fetching 1000 daily bars for ADA-USD...
2026-03-16 15:34:58 [INFO] Got 1000 bars.
2026-03-16 15:34:58 [INFO] Fetching SPY bars for relative momentum...
2026-03-16 15:34:59 [INFO] Got 1000 SPY bars.
2026-03-16 15:34:59 [INFO] Got 727 VIX rows.
2026-03-16 15:34:59 [INFO] Auto-split at midpoint (2024-11-02): training on 500 bars (second half).
2026-03-16 15:35:04 [INFO] Fetched 930 rows of sector breadth data.
2026-03-16 15:35:04 [INFO] Built 246 feature rows for ADA-USD.
2026-03-16 15:35:04 [INFO] Label Winsorization: clipped to [-0.2632, 0.2364] (1st/99th pctile)
2026-03-16 15:35:04 [INFO] Labeled 236 samples. Mean fwd return: -4.0459%
2026-03-16 15:35:04 [INFO] Train: 188, Val: 48.
2026-03-16 15:35:04 [INFO] Val RMSE: 0.099949 | Direction accuracy: 0.604
2026-03-16 15:35:04 [INFO] Top 10 features: volume_trend=0.072, spy_trend_strength=0.070, bb_bandwidth=0.048, beta_hml=0.043, eth_btc_ratio_zscore=0.043, macd_hist_norm=0.037, momentum_quality=0.037, btc_drawdown=0.035, risk_appetite_ratio=0.034, btc_realized_vol_30=0.034
2026-03-16 15:35:04 [INFO] Feature importances saved \u2192 C:\Users\yalil\OneDrive\Desktop\AI-projects\quantitivestocks\models\crypto\ADA-USD_xgb_swing_importance.json
2026-03-16 15:35:04 [WARNING] [Feature Stability] ADA-USD: Spearman rank correlation = 0.696 (< 0.70 threshold)
2026-03-16 15:35:04 [WARNING] [Feature Stability] ADA-USD: 'ret252' rank shifted by 33 (was #4, now #37)
2026-03-16 15:35:04 [WARNING] [Feature Stability] ADA-USD: 'ret63' rank shifted by 19 (was #38, now #19)
2026-03-16 15:35:04 [WARNING] [Feature Stability] ADA-USD: 'ret5' rank shifted by 39 (was #75, now #36)
2026-03-16 15:35:04 [WARNING] [Feature Stability] ADA-USD: 'ibs' rank shifted by 42 (was #40, now #82)
2026-03-16 15:35:04 [WARNING] [Feature Stability] ADA-USD: 'bb_pct_b' rank shifted by 57 (was #22, now #79)
2026-03-16 15:35:04 [WARNING] [Feature Stability] ADA-USD: 'bb_bandwidth' rank shifted by 13 (was #16, now #3)
2026-03-16 15:35:04 [WARNING] [Feature Stability] ADA-USD: 'momentum_quality' rank shifted by 14 (was #21, now #7)
2026-03-16 15:35:04 [WARNING] [Feature Stability] ADA-USD: 'vol_regime' rank shifted by 15 (was #29, now #44)
2026-03-16 15:35:04 [WARNING] [Feature Stability] ADA-USD: 'dv_accel' rank shifted by 35 (was #41, now #76)
2026-03-16 15:35:04 [WARNING] [Feature Stability] ADA-USD: 'vix_regime' rank shifted by 11 (was #24, now #35)
2026-03-16 15:35:04 [WARNING] [Feature Stability] ADA-USD: 'sector_etf_rel_spy_21' rank shifted by 56 (was #19, now #75)
2026-03-16 15:35:04 [WARNING] [Feature Stability] ADA-USD: 'okx_long_short_ratio' rank shifted by 18 (was #66, now #48)
2026-03-16 15:35:04 [WARNING] [Feature Stability] ADA-USD: 'cboe_skew' rank shifted by 40 (was #57, now #17)
2026-03-16 15:35:04 [WARNING] [Feature Stability] ADA-USD: 'cboe_vix_percentile' rank shifted by 36 (was #58, now #22)
2026-03-16 15:35:04 [WARNING] [Feature Stability] ADA-USD: 'credit_spread' rank shifted by 53 (was #8, now #61)
2026-03-16 15:35:04 [WARNING] [Feature Stability] ADA-USD: 'real_yield_10y' rank shifted by 16 (was #37, now #21)
2026-03-16 15:35:04 [WARNING] [Feature Stability] ADA-USD: 'beta_cma' rank shifted by 24 (was #44, now #20)
2026-03-16 15:35:04 [WARNING] [Feature Stability] ADA-USD: 'beta_mom' rank shifted by 20 (was #42, now #62)
2026-03-16 15:35:04 [WARNING] [Feature Stability] ADA-USD: 'equity_carry' rank shifted by 11 (was #53, now #64)
2026-03-16 15:35:04 [WARNING] [Feature Stability] ADA-USD: 'iv_rv_zscore' rank shifted by 11 (was #52, now #41)
2026-03-16 15:35:04 [WARNING] [Feature Stability] ADA-USD: 'vvix_level' rank shifted by 45 (was #6, now #51)
2026-03-16 15:35:04 [WARNING] [Feature Stability] ADA-USD: 'turn_of_month' rank shifted by 11 (was #46, now #57)
2026-03-16 15:35:04 [WARNING] [Feature Stability] ADA-USD: 'month_sin' rank shifted by 22 (was #34, now #56)
2026-03-16 15:35:04 [WARNING] [Feature Stability] ADA-USD: 'fomc_proximity' rank shifted by 16 (was #13, now #29)
2026-03-16 15:35:04 [WARNING] [Feature Stability] ADA-USD: 'sector_dispersion' rank shifted by 18 (was #51, now #33)
2026-03-16 15:35:04 [INFO] Saved swing XGBoost \u2192 C:\Users\yalil\OneDrive\Desktop\AI-projects\quantitivestocks\models\crypto\ADA-USD_xgb_swing.joblib (dir_acc=0.604)
2026-03-16 15:35:04 [INFO] [TFT] ADA-USD: 172 train / 44 val seqs, 83 features
2026-03-16 15:35:28 [INFO] [TFT] ADA-USD ep20: val_mse=0.027091  dir=0.455
2026-03-16 15:35:53 [INFO] [TFT] ADA-USD ep40: val_mse=0.022196  dir=0.477
2026-03-16 15:36:17 [INFO] [TFT] ADA-USD ep60: val_mse=0.020471  dir=0.477
2026-03-16 15:36:22 [INFO] [TFT] ADA-USD: early stop epoch 64  val_mse=0.017611  dir=0.477
2026-03-16 15:36:22 [INFO] [TFT] ADA-USD: final val_mse=0.017611  dir_acc=0.477
2026-03-16 15:36:22 [WARNING] [TFT] ADA-USD: dir_acc=0.477 < 0.50 — discarding TFT, XGBoost-only for this symbol.
2026-03-16 15:36:22 [INFO] === Training swing XGBoost for BCH-USD ===
2026-03-16 15:36:22 [INFO] Auto-split mode: will train on second half (newer data), backtest first half.
2026-03-16 15:36:22 [INFO] Fetching 1000 daily bars for BCH-USD...
2026-03-16 15:36:22 [INFO] Got 1000 bars.
2026-03-16 15:36:22 [INFO] Fetching SPY bars for relative momentum...
2026-03-16 15:36:22 [INFO] Got 1000 SPY bars.
2026-03-16 15:36:23 [INFO] Got 727 VIX rows.
2026-03-16 15:36:23 [INFO] Auto-split at midpoint (2024-11-02): training on 500 bars (second half).
2026-03-16 15:36:28 [INFO] Fetched 930 rows of sector breadth data.
2026-03-16 15:36:28 [INFO] Built 246 feature rows for BCH-USD.
2026-03-16 15:36:28 [INFO] Label Winsorization: clipped to [-0.2103, 0.1867] (1st/99th pctile)
2026-03-16 15:36:28 [INFO] Labeled 236 samples. Mean fwd return: -0.1075%
2026-03-16 15:36:28 [INFO] Train: 188, Val: 48.
2026-03-16 15:36:28 [INFO] Val RMSE: 0.114228 | Direction accuracy: 0.333
2026-03-16 15:36:28 [INFO] Top 10 features: btc_trend_strength=0.081, bb_pct_b=0.059, month_cos=0.043, macd_hist_norm=0.042, credit_spread=0.036, beta_mom=0.036, correlation_regime=0.035, bb_bandwidth=0.034, spy_trend_strength=0.031, risk_appetite_ratio=0.030
2026-03-16 15:36:28 [INFO] Feature importances saved \u2192 C:\Users\yalil\OneDrive\Desktop\AI-projects\quantitivestocks\models\crypto\BCH-USD_xgb_swing_importance.json
2026-03-16 15:36:28 [WARNING] [Feature Stability] BCH-USD: Spearman rank correlation = 0.492 (< 0.70 threshold)
2026-03-16 15:36:28 [WARNING] [Feature Stability] BCH-USD: 'ret252' rank shifted by 49 (was #75, now #26)
2026-03-16 15:36:28 [WARNING] [Feature Stability] BCH-USD: 'ret63' rank shifted by 30 (was #53, now #83)
2026-03-16 15:36:28 [WARNING] [Feature Stability] BCH-USD: 'ret21' rank shifted by 24 (was #18, now #42)
2026-03-16 15:36:28 [WARNING] [Feature Stability] BCH-USD: 'ret5' rank shifted by 17 (was #13, now #30)
2026-03-16 15:36:28 [WARNING] [Feature Stability] BCH-USD: 'rel_momentum_vs_spy_63' rank shifted by 55 (was #27, now #82)
2026-03-16 15:36:28 [WARNING] [Feature Stability] BCH-USD: 'rel_momentum_vs_spy_252' rank shifted by 16 (was #24, now #40)
2026-03-16 15:36:28 [WARNING] [Feature Stability] BCH-USD: 'ibs' rank shifted by 24 (was #47, now #23)
2026-03-16 15:36:28 [WARNING] [Feature Stability] BCH-USD: 'rsi14' rank shifted by 27 (was #4, now #31)
2026-03-16 15:36:28 [WARNING] [Feature Stability] BCH-USD: 'vol20' rank shifted by 21 (was #59, now #38)
2026-03-16 15:36:28 [WARNING] [Feature Stability] BCH-USD: 'adx' rank shifted by 11 (was #11, now #22)
2026-03-16 15:36:28 [WARNING] [Feature Stability] BCH-USD: 'bb_bandwidth' rank shifted by 66 (was #74, now #8)
2026-03-16 15:36:28 [WARNING] [Feature Stability] BCH-USD: 'momentum_quality' rank shifted by 60 (was #21, now #81)
2026-03-16 15:36:28 [WARNING] [Feature Stability] BCH-USD: 'vix_pctrank' rank shifted by 36 (was #44, now #80)
2026-03-16 15:36:28 [WARNING] [Feature Stability] BCH-USD: 'vix_regime' rank shifted by 72 (was #5, now #77)
2026-03-16 15:36:28 [WARNING] [Feature Stability] BCH-USD: 'btc_realized_vol_30' rank shifted by 12 (was #26, now #14)
2026-03-16 15:36:28 [WARNING] [Feature Stability] BCH-USD: 'eth_btc_ratio_zscore' rank shifted by 27 (was #56, now #29)
2026-03-16 15:36:28 [WARNING] [Feature Stability] BCH-USD: 'okx_long_short_ratio' rank shifted by 19 (was #22, now #41)
2026-03-16 15:36:28 [WARNING] [Feature Stability] BCH-USD: 'okx_ls_zscore' rank shifted by 66 (was #9, now #75)
2026-03-16 15:36:28 [WARNING] [Feature Stability] BCH-USD: 'fear_greed_zscore' rank shifted by 22 (was #71, now #49)
2026-03-16 15:36:28 [WARNING] [Feature Stability] BCH-USD: 'treasury_slope' rank shifted by 24 (was #46, now #70)
2026-03-16 15:36:28 [WARNING] [Feature Stability] BCH-USD: 'credit_spread_chg5' rank shifted by 19 (was #41, now #60)
2026-03-16 15:36:28 [WARNING] [Feature Stability] BCH-USD: 'credit_spread_zscore' rank shifted by 25 (was #43, now #18)
2026-03-16 15:36:28 [WARNING] [Feature Stability] BCH-USD: 'yield_curve_3m10y' rank shifted by 16 (was #49, now #65)
2026-03-16 15:36:28 [WARNING] [Feature Stability] BCH-USD: 'real_yield_10y' rank shifted by 32 (was #30, now #62)
2026-03-16 15:36:28 [WARNING] [Feature Stability] BCH-USD: 'breakeven_inflation_5y' rank shifted by 21 (was #16, now #37)
2026-03-16 15:36:28 [WARNING] [Feature Stability] BCH-USD: 'fed_funds_rate' rank shifted by 38 (was #23, now #61)
2026-03-16 15:36:28 [WARNING] [Feature Stability] BCH-USD: 'beta_mkt' rank shifted by 15 (was #28, now #13)
2026-03-16 15:36:28 [WARNING] [Feature Stability] BCH-USD: 'beta_hml' rank shifted by 13 (was #37, now #24)
2026-03-16 15:36:28 [WARNING] [Feature Stability] BCH-USD: 'beta_cma' rank shifted by 20 (was #15, now #35)
2026-03-16 15:36:28 [WARNING] [Feature Stability] BCH-USD: 'beta_mom' rank shifted by 23 (was #29, now #6)
2026-03-16 15:36:28 [WARNING] [Feature Stability] BCH-USD: 'volume_zscore' rank shifted by 23 (was #40, now #63)
2026-03-16 15:36:28 [WARNING] [Feature Stability] BCH-USD: 'volume_spike' rank shifted by 14 (was #66, now #52)
2026-03-16 15:36:28 [WARNING] [Feature Stability] BCH-USD: 'price_volume_divergence' rank shifted by 11 (was #64, now #53)
2026-03-16 15:36:28 [WARNING] [Feature Stability] BCH-USD: 'iv_rv_spread' rank shifted by 17 (was #42, now #25)
2026-03-16 15:36:28 [WARNING] [Feature Stability] BCH-USD: 'iv_rv_zscore' rank shifted by 32 (was #51, now #19)
2026-03-16 15:36:28 [WARNING] [Feature Stability] BCH-USD: 'day_of_week' rank shifted by 11 (was #50, now #39)
2026-03-16 15:36:28 [WARNING] [Feature Stability] BCH-USD: 'month_sin' rank shifted by 41 (was #61, now #20)
2026-03-16 15:36:28 [INFO] Saved swing XGBoost \u2192 C:\Users\yalil\OneDrive\Desktop\AI-projects\quantitivestocks\models\crypto\BCH-USD_xgb_swing.joblib (dir_acc=0.333)
2026-03-16 15:36:28 [INFO] [TFT] BCH-USD: 172 train / 44 val seqs, 83 features
2026-03-16 15:36:52 [INFO] [TFT] BCH-USD ep20: val_mse=0.007551  dir=0.477
2026-03-16 15:37:18 [INFO] [TFT] BCH-USD ep40: val_mse=0.007217  dir=0.614
2026-03-16 15:37:21 [INFO] [TFT] BCH-USD: early stop epoch 42  val_mse=0.006773  dir=0.591
2026-03-16 15:37:21 [INFO] [TFT] BCH-USD: final val_mse=0.006773  dir_acc=0.523
2026-03-16 15:37:21 [INFO] [TFT] BCH-USD: saved \u2192 C:\Users\yalil\OneDrive\Desktop\AI-projects\quantitivestocks\models\crypto\BCH-USD_tft_swing.pt  (dir_acc=0.523)
2026-03-16 15:37:21 [INFO] === Training swing XGBoost for LINK-USD ===
2026-03-16 15:37:21 [INFO] Auto-split mode: will train on second half (newer data), backtest first half.
2026-03-16 15:37:21 [INFO] Fetching 1000 daily bars for LINK-USD...
2026-03-16 15:37:21 [INFO] Got 1000 bars.
2026-03-16 15:37:21 [INFO] Fetching SPY bars for relative momentum...
2026-03-16 15:37:21 [INFO] Got 1000 SPY bars.
2026-03-16 15:37:21 [INFO] Got 727 VIX rows.
2026-03-16 15:37:21 [INFO] Auto-split at midpoint (2024-11-02): training on 500 bars (second half).
2026-03-16 15:37:26 [INFO] Fetched 930 rows of sector breadth data.
2026-03-16 15:37:27 [INFO] Built 246 feature rows for LINK-USD.
2026-03-16 15:37:27 [INFO] Label Winsorization: clipped to [-0.2560, 0.3792] (1st/99th pctile)
2026-03-16 15:37:27 [INFO] Labeled 236 samples. Mean fwd return: -2.0954%
2026-03-16 15:37:27 [INFO] Train: 188, Val: 48.
2026-03-16 15:37:27 [INFO] Val RMSE: 0.114049 | Direction accuracy: 0.583
2026-03-16 15:37:27 [INFO] Top 10 features: yield_curve_3m10y=0.094, spy_trend_strength=0.074, volume_trend=0.070, risk_appetite_ratio=0.060, btc_realized_vol_30=0.043, vol20=0.040, beta_rmw=0.040, vol_sr_imbalance=0.036, vol_support_strength=0.035, macd_hist_norm=0.033
2026-03-16 15:37:27 [INFO] Feature importances saved \u2192 C:\Users\yalil\OneDrive\Desktop\AI-projects\quantitivestocks\models\crypto\LINK-USD_xgb_swing_importance.json
2026-03-16 15:37:27 [WARNING] [Feature Stability] LINK-USD: 'ret5' rank shifted by 48 (was #34, now #82)
2026-03-16 15:37:27 [WARNING] [Feature Stability] LINK-USD: 'rel_momentum_vs_spy_252' rank shifted by 40 (was #41, now #81)
2026-03-16 15:37:27 [WARNING] [Feature Stability] LINK-USD: 'ibs' rank shifted by 24 (was #73, now #49)
2026-03-16 15:37:27 [WARNING] [Feature Stability] LINK-USD: 'rsi14' rank shifted by 13 (was #27, now #40)
2026-03-16 15:37:27 [WARNING] [Feature Stability] LINK-USD: 'vol20' rank shifted by 14 (was #20, now #6)
2026-03-16 15:37:27 [WARNING] [Feature Stability] LINK-USD: 'adx' rank shifted by 48 (was #30, now #78)
2026-03-16 15:37:27 [WARNING] [Feature Stability] LINK-USD: 'vix_pctrank' rank shifted by 25 (was #72, now #47)
2026-03-16 15:37:27 [WARNING] [Feature Stability] LINK-USD: 'spy_above_sma200' rank shifted by 14 (was #62, now #76)
2026-03-16 15:37:27 [WARNING] [Feature Stability] LINK-USD: 'vix_regime' rank shifted by 13 (was #26, now #39)
2026-03-16 15:37:27 [WARNING] [Feature Stability] LINK-USD: 'sector_etf_rel_spy_21' rank shifted by 18 (was #25, now #43)
2026-03-16 15:37:27 [WARNING] [Feature Stability] LINK-USD: 'btc_drawdown' rank shifted by 58 (was #17, now #75)
2026-03-16 15:37:27 [WARNING] [Feature Stability] LINK-USD: 'vix_term_ratio' rank shifted by 16 (was #50, now #66)
2026-03-16 15:37:27 [WARNING] [Feature Stability] LINK-USD: 'vix_term_inverted' rank shifted by 16 (was #51, now #67)
2026-03-16 15:37:27 [WARNING] [Feature Stability] LINK-USD: 'cboe_vix_term_spread' rank shifted by 49 (was #11, now #60)
2026-03-16 15:37:27 [WARNING] [Feature Stability] LINK-USD: 'cboe_vix9d_ratio' rank shifted by 26 (was #35, now #61)
2026-03-16 15:37:27 [WARNING] [Feature Stability] LINK-USD: 'credit_spread' rank shifted by 14 (was #58, now #44)
2026-03-16 15:37:27 [WARNING] [Feature Stability] LINK-USD: 'credit_spread_zscore' rank shifted by 22 (was #15, now #37)
2026-03-16 15:37:27 [WARNING] [Feature Stability] LINK-USD: 'real_yield_10y' rank shifted by 45 (was #59, now #14)
2026-03-16 15:37:27 [WARNING] [Feature Stability] LINK-USD: 'fed_funds_rate' rank shifted by 23 (was #40, now #63)
2026-03-16 15:37:27 [WARNING] [Feature Stability] LINK-USD: 'beta_smb' rank shifted by 23 (was #13, now #36)
2026-03-16 15:37:27 [WARNING] [Feature Stability] LINK-USD: 'beta_hml' rank shifted by 21 (was #56, now #35)
2026-03-16 15:37:27 [WARNING] [Feature Stability] LINK-USD: 'beta_cma' rank shifted by 11 (was #10, now #21)
2026-03-16 15:37:27 [WARNING] [Feature Stability] LINK-USD: 'beta_mom' rank shifted by 12 (was #19, now #31)
2026-03-16 15:37:27 [WARNING] [Feature Stability] LINK-USD: 'equity_carry' rank shifted by 11 (was #53, now #64)
2026-03-16 15:37:27 [WARNING] [Feature Stability] LINK-USD: 'volume_zscore' rank shifted by 34 (was #52, now #18)
2026-03-16 15:37:27 [WARNING] [Feature Stability] LINK-USD: 'month_cos' rank shifted by 11 (was #46, now #57)
2026-03-16 15:37:27 [WARNING] [Feature Stability] LINK-USD: 'sector_dispersion' rank shifted by 27 (was #43, now #16)
2026-03-16 15:37:27 [INFO] Saved swing XGBoost \u2192 C:\Users\yalil\OneDrive\Desktop\AI-projects\quantitivestocks\models\crypto\LINK-USD_xgb_swing.joblib (dir_acc=0.583)
2026-03-16 15:37:27 [INFO] [TFT] LINK-USD: 172 train / 44 val seqs, 83 features
2026-03-16 15:37:52 [INFO] [TFT] LINK-USD ep20: val_mse=0.005913  dir=0.568
2026-03-16 15:38:15 [INFO] [TFT] LINK-USD ep40: val_mse=0.005729  dir=0.568
2026-03-16 15:38:22 [INFO] [TFT] LINK-USD: early stop epoch 46  val_mse=0.005519  dir=0.591
2026-03-16 15:38:22 [INFO] [TFT] LINK-USD: final val_mse=0.005519  dir_acc=0.591
2026-03-16 15:38:22 [INFO] [TFT] LINK-USD: saved \u2192 C:\Users\yalil\OneDrive\Desktop\AI-projects\quantitivestocks\models\crypto\LINK-USD_tft_swing.pt  (dir_acc=0.591)
2026-03-16 15:38:22 [INFO] === Training swing XGBoost for XLM-USD ===
2026-03-16 15:38:22 [INFO] Auto-split mode: will train on second half (newer data), backtest first half.
2026-03-16 15:38:22 [INFO] Fetching 1000 daily bars for XLM-USD...
2026-03-16 15:38:23 [INFO] Got 1000 bars.
2026-03-16 15:38:23 [INFO] Fetching SPY bars for relative momentum...
2026-03-16 15:38:23 [INFO] Got 1000 SPY bars.
2026-03-16 15:38:23 [INFO] Got 727 VIX rows.
2026-03-16 15:38:23 [INFO] Auto-split at midpoint (2024-11-02): training on 500 bars (second half).
2026-03-16 15:38:28 [INFO] Fetched 930 rows of sector breadth data.
2026-03-16 15:38:28 [INFO] Built 246 feature rows for XLM-USD.
2026-03-16 15:38:28 [INFO] Label Winsorization: clipped to [-0.2238, 0.1595] (1st/99th pctile)
2026-03-16 15:38:28 [INFO] Labeled 236 samples. Mean fwd return: -3.9791%
2026-03-16 15:38:28 [INFO] Train: 188, Val: 48.
2026-03-16 15:38:28 [INFO] Val RMSE: 0.092832 | Direction accuracy: 0.688
2026-03-16 15:38:28 [INFO] Top 10 features: vol_sr_imbalance=0.134, vol_resistance_strength=0.079, vol_support_strength=0.066, bb_pct_b=0.063, iv_rv_spread=0.047, vpoc_distance=0.046, iv_rv_zscore=0.046, adx=0.033, cboe_skew=0.032, factor_momentum=0.026
2026-03-16 15:38:28 [INFO] Feature importances saved \u2192 C:\Users\yalil\OneDrive\Desktop\AI-projects\quantitivestocks\models\crypto\XLM-USD_xgb_swing_importance.json
2026-03-16 15:38:28 [WARNING] [Feature Stability] XLM-USD: Spearman rank correlation = 0.642 (< 0.70 threshold)
2026-03-16 15:38:28 [WARNING] [Feature Stability] XLM-USD: 'ret252' rank shifted by 12 (was #32, now #20)
2026-03-16 15:38:28 [WARNING] [Feature Stability] XLM-USD: 'ret21' rank shifted by 19 (was #10, now #29)
2026-03-16 15:38:28 [WARNING] [Feature Stability] XLM-USD: 'rel_momentum_vs_spy_63' rank shifted by 34 (was #74, now #40)
2026-03-16 15:38:28 [WARNING] [Feature Stability] XLM-USD: 'rsi14' rank shifted by 14 (was #11, now #25)
2026-03-16 15:38:28 [WARNING] [Feature Stability] XLM-USD: 'vol20' rank shifted by 20 (was #36, now #16)
2026-03-16 15:38:28 [WARNING] [Feature Stability] XLM-USD: 'macd_hist_norm' rank shifted by 11 (was #1, now #12)
2026-03-16 15:38:28 [WARNING] [Feature Stability] XLM-USD: 'vol_regime' rank shifted by 20 (was #8, now #28)
2026-03-16 15:38:28 [WARNING] [Feature Stability] XLM-USD: 'vix_pctrank' rank shifted by 65 (was #14, now #79)
2026-03-16 15:38:28 [WARNING] [Feature Stability] XLM-USD: 'dv_accel' rank shifted by 50 (was #26, now #76)
2026-03-16 15:38:28 [WARNING] [Feature Stability] XLM-USD: 'vix_regime' rank shifted by 11 (was #37, now #26)
2026-03-16 15:38:28 [WARNING] [Feature Stability] XLM-USD: 'btc_realized_vol_30' rank shifted by 17 (was #6, now #23)
2026-03-16 15:38:28 [WARNING] [Feature Stability] XLM-USD: 'btc_drawdown' rank shifted by 47 (was #28, now #75)
2026-03-16 15:38:28 [WARNING] [Feature Stability] XLM-USD: 'okx_ls_zscore' rank shifted by 36 (was #67, now #31)
2026-03-16 15:38:28 [WARNING] [Feature Stability] XLM-USD: 'fear_greed_zscore' rank shifted by 20 (was #65, now #45)
2026-03-16 15:38:28 [WARNING] [Feature Stability] XLM-USD: 'treasury_slope' rank shifted by 51 (was #19, now #70)
2026-03-16 15:38:28 [WARNING] [Feature Stability] XLM-USD: 'pc_volume_ratio' rank shifted by 23 (was #48, now #71)
2026-03-16 15:38:28 [WARNING] [Feature Stability] XLM-USD: 'pc_oi_ratio' rank shifted by 12 (was #47, now #59)
2026-03-16 15:38:28 [WARNING] [Feature Stability] XLM-USD: 'cboe_vix_term_spread' rank shifted by 14 (was #5, now #19)
2026-03-16 15:38:28 [WARNING] [Feature Stability] XLM-USD: 'cboe_vix_term_ratio' rank shifted by 29 (was #64, now #35)
2026-03-16 15:38:28 [WARNING] [Feature Stability] XLM-USD: 'cboe_skew' rank shifted by 11 (was #20, now #9)
2026-03-16 15:38:28 [WARNING] [Feature Stability] XLM-USD: 'cboe_vix_percentile' rank shifted by 16 (was #51, now #67)
2026-03-16 15:38:28 [WARNING] [Feature Stability] XLM-USD: 'credit_spread_zscore' rank shifted by 13 (was #50, now #37)
2026-03-16 15:38:28 [WARNING] [Feature Stability] XLM-USD: 'risk_appetite_trend' rank shifted by 13 (was #52, now #65)
2026-03-16 15:38:28 [WARNING] [Feature Stability] XLM-USD: 'yield_curve_3m10y' rank shifted by 15 (was #49, now #64)
2026-03-16 15:38:28 [WARNING] [Feature Stability] XLM-USD: 'beta_smb' rank shifted by 14 (was #30, now #44)
2026-03-16 15:38:28 [WARNING] [Feature Stability] XLM-USD: 'beta_rmw' rank shifted by 11 (was #31, now #42)
2026-03-16 15:38:28 [WARNING] [Feature Stability] XLM-USD: 'beta_cma' rank shifted by 14 (was #57, now #43)
2026-03-16 15:38:28 [WARNING] [Feature Stability] XLM-USD: 'beta_mom' rank shifted by 20 (was #61, now #41)
2026-03-16 15:38:28 [WARNING] [Feature Stability] XLM-USD: 'factor_momentum' rank shifted by 11 (was #21, now #10)
2026-03-16 15:38:28 [WARNING] [Feature Stability] XLM-USD: 'volume_trend' rank shifted by 37 (was #17, now #54)
2026-03-16 15:38:28 [WARNING] [Feature Stability] XLM-USD: 'iv_rv_spread' rank shifted by 51 (was #56, now #5)
2026-03-16 15:38:28 [WARNING] [Feature Stability] XLM-USD: 'month_sin' rank shifted by 23 (was #33, now #56)
2026-03-16 15:38:28 [WARNING] [Feature Stability] XLM-USD: 'month_cos' rank shifted by 14 (was #43, now #57)
2026-03-16 15:38:28 [WARNING] [Feature Stability] XLM-USD: 'sector_dispersion' rank shifted by 12 (was #42, now #30)
2026-03-16 15:38:28 [WARNING] [Feature Stability] XLM-USD: 'breadth_momentum' rank shifted by 25 (was #24, now #49)
2026-03-16 15:38:28 [WARNING] [Feature Stability] XLM-USD: 'correlation_regime' rank shifted by 35 (was #13, now #48)
2026-03-16 15:38:28 [INFO] Saved swing XGBoost \u2192 C:\Users\yalil\OneDrive\Desktop\AI-projects\quantitivestocks\models\crypto\XLM-USD_xgb_swing.joblib (dir_acc=0.688)
2026-03-16 15:38:28 [INFO] [TFT] XLM-USD: 172 train / 44 val seqs, 83 features
2026-03-16 15:38:48 [INFO] [TFT] XLM-USD: early stop epoch 16  val_mse=0.017773  dir=0.568
2026-03-16 15:38:48 [INFO] [TFT] XLM-USD: final val_mse=0.017773  dir_acc=0.523
2026-03-16 15:38:48 [INFO] [TFT] XLM-USD: saved \u2192 C:\Users\yalil\OneDrive\Desktop\AI-projects\quantitivestocks\models\crypto\XLM-USD_tft_swing.pt  (dir_acc=0.523)
2026-03-16 15:38:48 [INFO] === Training swing XGBoost for LTC-USD ===
2026-03-16 15:38:48 [INFO] Auto-split mode: will train on second half (newer data), backtest first half.
2026-03-16 15:38:48 [INFO] Fetching 1000 daily bars for LTC-USD...
2026-03-16 15:38:48 [INFO] Got 1000 bars.
2026-03-16 15:38:48 [INFO] Fetching SPY bars for relative momentum...
2026-03-16 15:38:48 [INFO] Got 1000 SPY bars.
2026-03-16 15:38:49 [INFO] Got 727 VIX rows.
2026-03-16 15:38:49 [INFO] Auto-split at midpoint (2024-11-02): training on 500 bars (second half).
2026-03-16 15:38:54 [INFO] Fetched 930 rows of sector breadth data.
2026-03-16 15:38:54 [INFO] Built 246 feature rows for LTC-USD.
2026-03-16 15:38:54 [INFO] Label Winsorization: clipped to [-0.2291, 0.1809] (1st/99th pctile)
2026-03-16 15:38:54 [INFO] Labeled 236 samples. Mean fwd return: -2.3213%
2026-03-16 15:38:54 [INFO] Train: 188, Val: 48.
2026-03-16 15:38:54 [INFO] Val RMSE: 0.084266 | Direction accuracy: 0.646
2026-03-16 15:38:54 [INFO] Top 10 features: vpoc_distance=0.051, btc_trend_strength=0.050, rel_momentum_vs_spy_252=0.045, ret252=0.042, risk_appetite_ratio=0.041, btc_realized_vol_30=0.040, volume_trend=0.037, vol20=0.037, sector_dispersion=0.034, macd_hist_norm=0.033
2026-03-16 15:38:54 [INFO] Feature importances saved \u2192 C:\Users\yalil\OneDrive\Desktop\AI-projects\quantitivestocks\models\crypto\LTC-USD_xgb_swing_importance.json
2026-03-16 15:38:54 [WARNING] [Feature Stability] LTC-USD: Spearman rank correlation = 0.667 (< 0.70 threshold)
2026-03-16 15:38:54 [WARNING] [Feature Stability] LTC-USD: 'ret252' rank shifted by 71 (was #75, now #4)
2026-03-16 15:38:54 [WARNING] [Feature Stability] LTC-USD: 'ret21' rank shifted by 37 (was #46, now #83)
2026-03-16 15:38:54 [WARNING] [Feature Stability] LTC-USD: 'ret5' rank shifted by 24 (was #16, now #40)
2026-03-16 15:38:54 [WARNING] [Feature Stability] LTC-USD: 'vol20' rank shifted by 20 (was #28, now #8)
2026-03-16 15:38:54 [WARNING] [Feature Stability] LTC-USD: 'bb_bandwidth' rank shifted by 16 (was #40, now #24)
2026-03-16 15:38:54 [WARNING] [Feature Stability] LTC-USD: 'momentum_quality' rank shifted by 39 (was #42, now #81)
2026-03-16 15:38:54 [WARNING] [Feature Stability] LTC-USD: 'dv_accel' rank shifted by 24 (was #65, now #41)
2026-03-16 15:38:54 [WARNING] [Feature Stability] LTC-USD: 'spy_above_sma200' rank shifted by 11 (was #69, now #80)
2026-03-16 15:38:54 [WARNING] [Feature Stability] LTC-USD: 'spy_trend_strength' rank shifted by 13 (was #32, now #19)
2026-03-16 15:38:54 [WARNING] [Feature Stability] LTC-USD: 'vix_regime' rank shifted by 15 (was #21, now #36)
2026-03-16 15:38:54 [WARNING] [Feature Stability] LTC-USD: 'vix_zscore' rank shifted by 19 (was #47, now #28)
2026-03-16 15:38:54 [WARNING] [Feature Stability] LTC-USD: 'sector_etf_rel_spy_21' rank shifted by 23 (was #2, now #25)
2026-03-16 15:38:54 [WARNING] [Feature Stability] LTC-USD: 'btc_drawdown' rank shifted by 26 (was #24, now #50)
2026-03-16 15:38:54 [WARNING] [Feature Stability] LTC-USD: 'eth_btc_ratio_zscore' rank shifted by 20 (was #67, now #47)
2026-03-16 15:38:54 [WARNING] [Feature Stability] LTC-USD: 'okx_long_short_ratio' rank shifted by 13 (was #66, now #79)
2026-03-16 15:38:54 [WARNING] [Feature Stability] LTC-USD: 'pc_volume_ratio' rank shifted by 12 (was #60, now #72)
2026-03-16 15:38:54 [WARNING] [Feature Stability] LTC-USD: 'pc_oi_ratio' rank shifted by 12 (was #61, now #73)
2026-03-16 15:38:54 [WARNING] [Feature Stability] LTC-USD: 'vix_term_ratio' rank shifted by 12 (was #62, now #74)
2026-03-16 15:38:54 [WARNING] [Feature Stability] LTC-USD: 'vix_term_inverted' rank shifted by 12 (was #63, now #75)
2026-03-16 15:38:54 [WARNING] [Feature Stability] LTC-USD: 'cboe_vix_term_ratio' rank shifted by 34 (was #64, now #30)
2026-03-16 15:38:54 [WARNING] [Feature Stability] LTC-USD: 'cboe_vix9d_ratio' rank shifted by 33 (was #43, now #76)
2026-03-16 15:38:54 [WARNING] [Feature Stability] LTC-USD: 'credit_spread_zscore' rank shifted by 48 (was #13, now #61)
2026-03-16 15:38:54 [WARNING] [Feature Stability] LTC-USD: 'risk_appetite_trend' rank shifted by 29 (was #38, now #67)
2026-03-16 15:38:54 [WARNING] [Feature Stability] LTC-USD: 'yield_curve_3m10y' rank shifted by 22 (was #44, now #66)
2026-03-16 15:38:54 [WARNING] [Feature Stability] LTC-USD: 'real_yield_10y' rank shifted by 42 (was #3, now #45)
2026-03-16 15:38:54 [WARNING] [Feature Stability] LTC-USD: 'breakeven_inflation_5y' rank shifted by 24 (was #10, now #34)
2026-03-16 15:38:54 [WARNING] [Feature Stability] LTC-USD: 'fed_funds_rate' rank shifted by 33 (was #59, now #26)
2026-03-16 15:38:54 [WARNING] [Feature Stability] LTC-USD: 'beta_smb' rank shifted by 12 (was #26, now #14)
2026-03-16 15:38:54 [WARNING] [Feature Stability] LTC-USD: 'beta_hml' rank shifted by 14 (was #29, now #43)
2026-03-16 15:38:54 [WARNING] [Feature Stability] LTC-USD: 'beta_rmw' rank shifted by 13 (was #36, now #23)
2026-03-16 15:38:54 [WARNING] [Feature Stability] LTC-USD: 'beta_mom' rank shifted by 15 (was #27, now #42)
2026-03-16 15:38:54 [WARNING] [Feature Stability] LTC-USD: 'factor_momentum' rank shifted by 14 (was #34, now #48)
2026-03-16 15:38:54 [WARNING] [Feature Stability] LTC-USD: 'volume_zscore' rank shifted by 47 (was #18, now #65)
2026-03-16 15:38:54 [WARNING] [Feature Stability] LTC-USD: 'fomc_proximity' rank shifted by 11 (was #11, now #22)
2026-03-16 15:38:54 [WARNING] [Feature Stability] LTC-USD: 'sector_dispersion' rank shifted by 16 (was #25, now #9)
2026-03-16 15:38:54 [WARNING] [Feature Stability] LTC-USD: 'breadth_momentum' rank shifted by 26 (was #12, now #38)
2026-03-16 15:38:54 [INFO] Saved swing XGBoost \u2192 C:\Users\yalil\OneDrive\Desktop\AI-projects\quantitivestocks\models\crypto\LTC-USD_xgb_swing.joblib (dir_acc=0.646)
2026-03-16 15:38:54 [INFO] [TFT] LTC-USD: 172 train / 44 val seqs, 83 features
2026-03-16 15:39:17 [INFO] [TFT] LTC-USD ep20: val_mse=0.009671  dir=0.636
2026-03-16 15:39:40 [INFO] [TFT] LTC-USD ep40: val_mse=0.010893  dir=0.636
2026-03-16 15:39:41 [INFO] [TFT] LTC-USD: early stop epoch 41  val_mse=0.009609  dir=0.636
2026-03-16 15:39:41 [INFO] [TFT] LTC-USD: final val_mse=0.009609  dir_acc=0.659
2026-03-16 15:39:41 [INFO] [TFT] LTC-USD: saved \u2192 C:\Users\yalil\OneDrive\Desktop\AI-projects\quantitivestocks\models\crypto\LTC-USD_tft_swing.pt  (dir_acc=0.659)
2026-03-16 15:39:41 [INFO] === Training swing XGBoost for AVAX-USD ===
2026-03-16 15:39:41 [INFO] Auto-split mode: will train on second half (newer data), backtest first half.
2026-03-16 15:39:41 [INFO] Fetching 1000 daily bars for AVAX-USD...
2026-03-16 15:39:41 [INFO] Got 1000 bars.
2026-03-16 15:39:41 [INFO] Fetching SPY bars for relative momentum...
2026-03-16 15:39:41 [INFO] Got 1000 SPY bars.
2026-03-16 15:39:41 [INFO] Got 727 VIX rows.
2026-03-16 15:39:41 [INFO] Auto-split at midpoint (2024-11-02): training on 500 bars (second half).
2026-03-16 15:39:47 [INFO] Fetched 930 rows of sector breadth data.
2026-03-16 15:39:47 [INFO] Built 246 feature rows for AVAX-USD.
2026-03-16 15:39:47 [INFO] Label Winsorization: clipped to [-0.3000, 0.2767] (1st/99th pctile)
2026-03-16 15:39:47 [INFO] Labeled 236 samples. Mean fwd return: -3.0758%
2026-03-16 15:39:47 [INFO] Train: 188, Val: 48.
2026-03-16 15:39:47 [INFO] Val RMSE: 0.107037 | Direction accuracy: 0.729
2026-03-16 15:39:47 [INFO] Top 10 features: ret252=0.082, spy_trend_strength=0.073, beta_cma=0.061, okx_long_short_ratio=0.053, momentum_quality=0.042, btc_drawdown=0.037, volume_trend=0.036, risk_appetite_ratio=0.034, eth_btc_ratio_zscore=0.034, vol_regime=0.030
2026-03-16 15:39:47 [INFO] Feature importances saved \u2192 C:\Users\yalil\OneDrive\Desktop\AI-projects\quantitivestocks\models\crypto\AVAX-USD_xgb_swing_importance.json
2026-03-16 15:39:47 [WARNING] [Feature Stability] AVAX-USD: 'ret21' rank shifted by 38 (was #75, now #37)
2026-03-16 15:39:47 [WARNING] [Feature Stability] AVAX-USD: 'ret5' rank shifted by 39 (was #44, now #83)
2026-03-16 15:39:47 [WARNING] [Feature Stability] AVAX-USD: 'rel_momentum_vs_spy_63' rank shifted by 62 (was #74, now #12)
2026-03-16 15:39:47 [WARNING] [Feature Stability] AVAX-USD: 'ibs' rank shifted by 25 (was #73, now #48)
2026-03-16 15:39:47 [WARNING] [Feature Stability] AVAX-USD: 'vol20' rank shifted by 20 (was #72, now #52)
2026-03-16 15:39:47 [WARNING] [Feature Stability] AVAX-USD: 'bb_bandwidth' rank shifted by 20 (was #12, now #32)
2026-03-16 15:39:47 [WARNING] [Feature Stability] AVAX-USD: 'momentum_quality' rank shifted by 36 (was #41, now #5)
2026-03-16 15:39:47 [WARNING] [Feature Stability] AVAX-USD: 'vix_regime' rank shifted by 36 (was #45, now #81)
2026-03-16 15:39:47 [WARNING] [Feature Stability] AVAX-USD: 'vix_zscore' rank shifted by 30 (was #43, now #13)
2026-03-16 15:39:47 [WARNING] [Feature Stability] AVAX-USD: 'btc_sma200_flag' rank shifted by 13 (was #69, now #82)
2026-03-16 15:39:47 [WARNING] [Feature Stability] AVAX-USD: 'fear_greed_index' rank shifted by 22 (was #66, now #44)
2026-03-16 15:39:47 [WARNING] [Feature Stability] AVAX-USD: 'fear_greed_zscore' rank shifted by 17 (was #67, now #50)
2026-03-16 15:39:47 [WARNING] [Feature Stability] AVAX-USD: 'treasury_slope' rank shifted by 42 (was #71, now #29)
2026-03-16 15:39:47 [WARNING] [Feature Stability] AVAX-USD: 'pc_volume_ratio' rank shifted by 11 (was #60, now #71)
2026-03-16 15:39:47 [WARNING] [Feature Stability] AVAX-USD: 'cboe_vix_term_ratio' rank shifted by 24 (was #65, now #41)
2026-03-16 15:39:47 [WARNING] [Feature Stability] AVAX-USD: 'cboe_vix9d_ratio' rank shifted by 11 (was #36, now #47)
2026-03-16 15:39:47 [WARNING] [Feature Stability] AVAX-USD: 'credit_spread' rank shifted by 11 (was #35, now #46)
2026-03-16 15:39:47 [WARNING] [Feature Stability] AVAX-USD: 'risk_appetite_trend' rank shifted by 16 (was #58, now #42)
2026-03-16 15:39:47 [WARNING] [Feature Stability] AVAX-USD: 'yield_curve_3m10y' rank shifted by 13 (was #38, now #51)
2026-03-16 15:39:47 [WARNING] [Feature Stability] AVAX-USD: 'real_yield_10y' rank shifted by 16 (was #59, now #75)
2026-03-16 15:39:47 [WARNING] [Feature Stability] AVAX-USD: 'beta_hml' rank shifted by 50 (was #27, now #77)
2026-03-16 15:39:47 [WARNING] [Feature Stability] AVAX-USD: 'beta_rmw' rank shifted by 17 (was #57, now #74)
2026-03-16 15:39:47 [WARNING] [Feature Stability] AVAX-USD: 'beta_mom' rank shifted by 11 (was #16, now #27)
2026-03-16 15:39:47 [WARNING] [Feature Stability] AVAX-USD: 'equity_carry' rank shifted by 23 (was #53, now #76)
2026-03-16 15:39:47 [WARNING] [Feature Stability] AVAX-USD: 'volume_zscore' rank shifted by 15 (was #52, now #67)
2026-03-16 15:39:47 [WARNING] [Feature Stability] AVAX-USD: 'iv_rv_spread' rank shifted by 14 (was #42, now #56)
2026-03-16 15:39:47 [WARNING] [Feature Stability] AVAX-USD: 'vvix_level' rank shifted by 28 (was #31, now #59)
2026-03-16 15:39:47 [WARNING] [Feature Stability] AVAX-USD: 'turn_of_month' rank shifted by 15 (was #47, now #62)
2026-03-16 15:39:47 [WARNING] [Feature Stability] AVAX-USD: 'month_sin' rank shifted by 12 (was #51, now #63)
2026-03-16 15:39:47 [WARNING] [Feature Stability] AVAX-USD: 'month_cos' rank shifted by 11 (was #50, now #61)
2026-03-16 15:39:47 [WARNING] [Feature Stability] AVAX-USD: 'sector_breadth' rank shifted by 28 (was #32, now #60)
2026-03-16 15:39:47 [WARNING] [Feature Stability] AVAX-USD: 'breadth_momentum' rank shifted by 16 (was #48, now #64)
2026-03-16 15:39:47 [INFO] Saved swing XGBoost \u2192 C:\Users\yalil\OneDrive\Desktop\AI-projects\quantitivestocks\models\crypto\AVAX-USD_xgb_swing.joblib (dir_acc=0.729)
2026-03-16 15:39:47 [INFO] [TFT] AVAX-USD: 172 train / 44 val seqs, 83 features
2026-03-16 15:40:09 [INFO] [TFT] AVAX-USD ep20: val_mse=0.049162  dir=0.727
2026-03-16 15:40:29 [INFO] [TFT] AVAX-USD ep40: val_mse=0.036418  dir=0.750
2026-03-16 15:40:50 [INFO] [TFT] AVAX-USD ep60: val_mse=0.032871  dir=0.750
2026-03-16 15:41:09 [INFO] [TFT] AVAX-USD: early stop epoch 79  val_mse=0.028124  dir=0.750
2026-03-16 15:41:09 [INFO] [TFT] AVAX-USD: final val_mse=0.028124  dir_acc=0.750
2026-03-16 15:41:10 [INFO] [TFT] AVAX-USD: saved \u2192 C:\Users\yalil\OneDrive\Desktop\AI-projects\quantitivestocks\models\crypto\AVAX-USD_tft_swing.pt  (dir_acc=0.750)
2026-03-16 15:41:10 [INFO] === Training swing XGBoost for HBAR-USD ===
2026-03-16 15:41:10 [INFO] Auto-split mode: will train on second half (newer data), backtest first half.
2026-03-16 15:41:10 [INFO] Fetching 1000 daily bars for HBAR-USD...
2026-03-16 15:41:10 [INFO] Got 1000 bars.
2026-03-16 15:41:10 [INFO] Fetching SPY bars for relative momentum...
2026-03-16 15:41:10 [INFO] Got 1000 SPY bars.
2026-03-16 15:41:10 [INFO] Got 727 VIX rows.
2026-03-16 15:41:10 [INFO] Auto-split at midpoint (2024-11-02): training on 500 bars (second half).
2026-03-16 15:41:15 [INFO] Fetched 930 rows of sector breadth data.
2026-03-16 15:41:16 [INFO] Built 246 feature rows for HBAR-USD.
2026-03-16 15:41:16 [INFO] Label Winsorization: clipped to [-0.2627, 0.1815] (1st/99th pctile)
2026-03-16 15:41:16 [INFO] Labeled 236 samples. Mean fwd return: -3.6034%
2026-03-16 15:41:16 [INFO] Train: 188, Val: 48.
2026-03-16 15:41:16 [INFO] Val RMSE: 0.084362 | Direction accuracy: 0.750
2026-03-16 15:41:16 [INFO] Top 10 features: ret21=0.147, sector_etf_rel_spy_21=0.086, month_cos=0.051, fed_funds_rate=0.050, spy_trend_strength=0.049, eth_btc_ratio_zscore=0.040, adx=0.029, iv_rv_spread=0.026, okx_ls_zscore=0.025, macd_hist_norm=0.023
2026-03-16 15:41:16 [INFO] Feature importances saved \u2192 C:\Users\yalil\OneDrive\Desktop\AI-projects\quantitivestocks\models\crypto\HBAR-USD_xgb_swing_importance.json
2026-03-16 15:41:16 [WARNING] [Feature Stability] HBAR-USD: Spearman rank correlation = 0.647 (< 0.70 threshold)
2026-03-16 15:41:16 [WARNING] [Feature Stability] HBAR-USD: 'ret252' rank shifted by 11 (was #43, now #32)
2026-03-16 15:41:16 [WARNING] [Feature Stability] HBAR-USD: 'ret63' rank shifted by 12 (was #16, now #28)
2026-03-16 15:41:16 [WARNING] [Feature Stability] HBAR-USD: 'ret5' rank shifted by 17 (was #52, now #35)
2026-03-16 15:41:16 [WARNING] [Feature Stability] HBAR-USD: 'rel_momentum_vs_spy_63' rank shifted by 24 (was #31, now #55)
2026-03-16 15:41:16 [WARNING] [Feature Stability] HBAR-USD: 'ibs' rank shifted by 29 (was #54, now #83)
2026-03-16 15:41:16 [WARNING] [Feature Stability] HBAR-USD: 'rsi14' rank shifted by 12 (was #3, now #15)
2026-03-16 15:41:16 [WARNING] [Feature Stability] HBAR-USD: 'vol20' rank shifted by 38 (was #7, now #45)
2026-03-16 15:41:16 [WARNING] [Feature Stability] HBAR-USD: 'bb_pct_b' rank shifted by 14 (was #24, now #38)
2026-03-16 15:41:16 [WARNING] [Feature Stability] HBAR-USD: 'vix_pctrank' rank shifted by 53 (was #10, now #63)
2026-03-16 15:41:16 [WARNING] [Feature Stability] HBAR-USD: 'dv_accel' rank shifted by 19 (was #32, now #13)
2026-03-16 15:41:16 [WARNING] [Feature Stability] HBAR-USD: 'vix_regime' rank shifted by 29 (was #12, now #41)
2026-03-16 15:41:16 [WARNING] [Feature Stability] HBAR-USD: 'btc_realized_vol_30' rank shifted by 13 (was #33, now #46)
2026-03-16 15:41:16 [WARNING] [Feature Stability] HBAR-USD: 'btc_drawdown' rank shifted by 22 (was #30, now #52)
2026-03-16 15:41:16 [WARNING] [Feature Stability] HBAR-USD: 'okx_long_short_ratio' rank shifted by 31 (was #51, now #82)
2026-03-16 15:41:16 [WARNING] [Feature Stability] HBAR-USD: 'fear_greed_zscore' rank shifted by 49 (was #75, now #26)
2026-03-16 15:41:16 [WARNING] [Feature Stability] HBAR-USD: 'treasury_slope' rank shifted by 51 (was #27, now #78)
2026-03-16 15:41:16 [WARNING] [Feature Stability] HBAR-USD: 'pc_volume_ratio' rank shifted by 17 (was #62, now #79)
2026-03-16 15:41:16 [WARNING] [Feature Stability] HBAR-USD: 'pc_oi_ratio' rank shifted by 12 (was #61, now #73)
2026-03-16 15:41:16 [WARNING] [Feature Stability] HBAR-USD: 'vix_term_inverted' rank shifted by 11 (was #63, now #74)
2026-03-16 15:41:16 [WARNING] [Feature Stability] HBAR-USD: 'cboe_vix_term_spread' rank shifted by 35 (was #64, now #29)
2026-03-16 15:41:16 [WARNING] [Feature Stability] HBAR-USD: 'cboe_vix9d_ratio' rank shifted by 13 (was #34, now #47)
2026-03-16 15:41:16 [WARNING] [Feature Stability] HBAR-USD: 'cboe_skew' rank shifted by 21 (was #38, now #17)
2026-03-16 15:41:16 [WARNING] [Feature Stability] HBAR-USD: 'cboe_vix_percentile' rank shifted by 38 (was #65, now #27)
2026-03-16 15:41:16 [WARNING] [Feature Stability] HBAR-USD: 'credit_spread' rank shifted by 31 (was #17, now #48)
2026-03-16 15:41:16 [WARNING] [Feature Stability] HBAR-USD: 'credit_spread_chg5' rank shifted by 37 (was #20, now #57)
2026-03-16 15:41:16 [WARNING] [Feature Stability] HBAR-USD: 'credit_spread_zscore' rank shifted by 23 (was #21, now #44)
2026-03-16 15:41:16 [WARNING] [Feature Stability] HBAR-USD: 'risk_appetite_ratio' rank shifted by 26 (was #23, now #49)
2026-03-16 15:41:16 [WARNING] [Feature Stability] HBAR-USD: 'real_yield_10y' rank shifted by 25 (was #48, now #23)
2026-03-16 15:41:16 [WARNING] [Feature Stability] HBAR-USD: 'fed_funds_rate' rank shifted by 41 (was #45, now #4)
2026-03-16 15:41:16 [WARNING] [Feature Stability] HBAR-USD: 'beta_mkt' rank shifted by 17 (was #36, now #53)
2026-03-16 15:41:16 [WARNING] [Feature Stability] HBAR-USD: 'beta_rmw' rank shifted by 11 (was #47, now #58)
2026-03-16 15:41:16 [WARNING] [Feature Stability] HBAR-USD: 'beta_mom' rank shifted by 25 (was #35, now #60)
2026-03-16 15:41:16 [WARNING] [Feature Stability] HBAR-USD: 'volume_trend' rank shifted by 34 (was #28, now #62)
2026-03-16 15:41:16 [WARNING] [Feature Stability] HBAR-USD: 'vvix_level' rank shifted by 22 (was #55, now #33)
2026-03-16 15:41:16 [WARNING] [Feature Stability] HBAR-USD: 'day_of_week' rank shifted by 14 (was #56, now #70)
2026-03-16 15:41:16 [WARNING] [Feature Stability] HBAR-USD: 'fomc_proximity' rank shifted by 15 (was #25, now #40)
2026-03-16 15:41:16 [WARNING] [Feature Stability] HBAR-USD: 'correlation_regime' rank shifted by 22 (was #53, now #31)
2026-03-16 15:41:16 [INFO] Saved swing XGBoost \u2192 C:\Users\yalil\OneDrive\Desktop\AI-projects\quantitivestocks\models\crypto\HBAR-USD_xgb_swing.joblib (dir_acc=0.750)
2026-03-16 15:41:16 [INFO] [TFT] HBAR-USD: 172 train / 44 val seqs, 83 features
2026-03-16 15:41:37 [INFO] [TFT] HBAR-USD ep20: val_mse=0.009944  dir=0.477
2026-03-16 15:41:58 [INFO] [TFT] HBAR-USD ep40: val_mse=0.010633  dir=0.477
2026-03-16 15:41:59 [INFO] [TFT] HBAR-USD: early stop epoch 41  val_mse=0.008927  dir=0.500
2026-03-16 15:41:59 [INFO] [TFT] HBAR-USD: final val_mse=0.008927  dir_acc=0.500
2026-03-16 15:41:59 [INFO] [TFT] HBAR-USD: saved \u2192 C:\Users\yalil\OneDrive\Desktop\AI-projects\quantitivestocks\models\crypto\HBAR-USD_tft_swing.pt  (dir_acc=0.500)
2026-03-16 15:41:59 [INFO] === Training swing XGBoost for DOT-USD ===
2026-03-16 15:41:59 [INFO] Auto-split mode: will train on second half (newer data), backtest first half.
2026-03-16 15:41:59 [INFO] Fetching 1000 daily bars for DOT-USD...
2026-03-16 15:41:59 [INFO] Got 1000 bars.
2026-03-16 15:41:59 [INFO] Fetching SPY bars for relative momentum...
2026-03-16 15:41:59 [INFO] Got 1000 SPY bars.
2026-03-16 15:42:00 [INFO] Got 727 VIX rows.
2026-03-16 15:42:00 [INFO] Auto-split at midpoint (2024-11-02): training on 500 bars (second half).
2026-03-16 15:42:05 [INFO] Fetched 930 rows of sector breadth data.
2026-03-16 15:42:05 [INFO] Built 246 feature rows for DOT-USD.
2026-03-16 15:42:06 [INFO] Label Winsorization: clipped to [-0.3021, 0.2557] (1st/99th pctile)
2026-03-16 15:42:06 [INFO] Labeled 236 samples. Mean fwd return: -3.5483%
2026-03-16 15:42:06 [INFO] Train: 188, Val: 48.
2026-03-16 15:42:06 [INFO] Val RMSE: 0.151867 | Direction accuracy: 0.646
2026-03-16 15:42:06 [INFO] Top 10 features: ret252=0.074, rsi14=0.053, btc_ret21=0.052, vol20=0.050, vol_support_strength=0.046, btc_trend_strength=0.045, beta_mkt=0.034, btc_realized_vol_30=0.031, iv_rv_spread=0.028, correlation_regime=0.028
2026-03-16 15:42:06 [INFO] Feature importances saved \u2192 C:\Users\yalil\OneDrive\Desktop\AI-projects\quantitivestocks\models\crypto\DOT-USD_xgb_swing_importance.json
2026-03-16 15:42:06 [WARNING] [Feature Stability] DOT-USD: Spearman rank correlation = 0.616 (< 0.70 threshold)
2026-03-16 15:42:06 [WARNING] [Feature Stability] DOT-USD: 'rel_momentum_vs_spy_252' rank shifted by 24 (was #4, now #28)
2026-03-16 15:42:06 [WARNING] [Feature Stability] DOT-USD: 'bb_pct_b' rank shifted by 17 (was #7, now #24)
2026-03-16 15:42:06 [WARNING] [Feature Stability] DOT-USD: 'bb_bandwidth' rank shifted by 14 (was #45, now #31)
2026-03-16 15:42:06 [WARNING] [Feature Stability] DOT-USD: 'momentum_quality' rank shifted by 12 (was #28, now #40)
2026-03-16 15:42:06 [WARNING] [Feature Stability] DOT-USD: 'vol_regime' rank shifted by 45 (was #72, now #27)
2026-03-16 15:42:06 [WARNING] [Feature Stability] DOT-USD: 'vix_pctrank' rank shifted by 48 (was #73, now #25)
2026-03-16 15:42:06 [WARNING] [Feature Stability] DOT-USD: 'dv_accel' rank shifted by 15 (was #27, now #42)
2026-03-16 15:42:06 [WARNING] [Feature Stability] DOT-USD: 'spy_above_sma200' rank shifted by 12 (was #68, now #80)
2026-03-16 15:42:06 [WARNING] [Feature Stability] DOT-USD: 'vix_regime' rank shifted by 30 (was #8, now #38)
2026-03-16 15:42:06 [WARNING] [Feature Stability] DOT-USD: 'vix_zscore' rank shifted by 70 (was #11, now #81)
2026-03-16 15:42:06 [WARNING] [Feature Stability] DOT-USD: 'sector_etf_rel_spy_21' rank shifted by 20 (was #32, now #52)
2026-03-16 15:42:06 [WARNING] [Feature Stability] DOT-USD: 'btc_realized_vol_30' rank shifted by 11 (was #19, now #8)
2026-03-16 15:42:06 [WARNING] [Feature Stability] DOT-USD: 'okx_long_short_ratio' rank shifted by 45 (was #71, now #26)
2026-03-16 15:42:06 [WARNING] [Feature Stability] DOT-USD: 'treasury_slope' rank shifted by 32 (was #48, now #16)
2026-03-16 15:42:06 [WARNING] [Feature Stability] DOT-USD: 'pc_volume_ratio' rank shifted by 11 (was #60, now #71)
2026-03-16 15:42:06 [WARNING] [Feature Stability] DOT-USD: 'pc_oi_ratio' rank shifted by 12 (was #61, now #73)
2026-03-16 15:42:06 [WARNING] [Feature Stability] DOT-USD: 'vix_term_inverted' rank shifted by 11 (was #63, now #74)
2026-03-16 15:42:06 [WARNING] [Feature Stability] DOT-USD: 'cboe_vix_term_spread' rank shifted by 11 (was #64, now #75)
2026-03-16 15:42:06 [WARNING] [Feature Stability] DOT-USD: 'cboe_vix_term_ratio' rank shifted by 12 (was #65, now #77)
2026-03-16 15:42:06 [WARNING] [Feature Stability] DOT-USD: 'cboe_skew' rank shifted by 15 (was #29, now #44)
2026-03-16 15:42:06 [WARNING] [Feature Stability] DOT-USD: 'cboe_vix_percentile' rank shifted by 50 (was #13, now #63)
2026-03-16 15:42:06 [WARNING] [Feature Stability] DOT-USD: 'credit_spread' rank shifted by 47 (was #31, now #78)
2026-03-16 15:42:06 [WARNING] [Feature Stability] DOT-USD: 'credit_spread_chg5' rank shifted by 29 (was #47, now #76)
2026-03-16 15:42:06 [WARNING] [Feature Stability] DOT-USD: 'credit_spread_zscore' rank shifted by 21 (was #43, now #22)
2026-03-16 15:42:06 [WARNING] [Feature Stability] DOT-USD: 'risk_appetite_ratio' rank shifted by 14 (was #46, now #32)
2026-03-16 15:42:06 [WARNING] [Feature Stability] DOT-USD: 'risk_appetite_trend' rank shifted by 12 (was #17, now #29)
2026-03-16 15:42:06 [WARNING] [Feature Stability] DOT-USD: 'real_yield_10y' rank shifted by 28 (was #37, now #65)
2026-03-16 15:42:06 [WARNING] [Feature Stability] DOT-USD: 'breakeven_inflation_5y' rank shifted by 47 (was #20, now #67)
2026-03-16 15:42:06 [WARNING] [Feature Stability] DOT-USD: 'fed_funds_rate' rank shifted by 50 (was #16, now #66)
2026-03-16 15:42:06 [WARNING] [Feature Stability] DOT-USD: 'beta_smb' rank shifted by 12 (was #6, now #18)
2026-03-16 15:42:06 [WARNING] [Feature Stability] DOT-USD: 'beta_hml' rank shifted by 30 (was #34, now #64)
2026-03-16 15:42:06 [WARNING] [Feature Stability] DOT-USD: 'beta_mom' rank shifted by 14 (was #54, now #68)
2026-03-16 15:42:06 [WARNING] [Feature Stability] DOT-USD: 'equity_carry' rank shifted by 11 (was #58, now #69)
2026-03-16 15:42:06 [WARNING] [Feature Stability] DOT-USD: 'volume_zscore' rank shifted by 12 (was #59, now #47)
2026-03-16 15:42:06 [WARNING] [Feature Stability] DOT-USD: 'vvix_level' rank shifted by 25 (was #33, now #58)
2026-03-16 15:42:06 [WARNING] [Feature Stability] DOT-USD: 'breadth_momentum' rank shifted by 29 (was #30, now #59)
2026-03-16 15:42:06 [INFO] Saved swing XGBoost \u2192 C:\Users\yalil\OneDrive\Desktop\AI-projects\quantitivestocks\models\crypto\DOT-USD_xgb_swing.joblib (dir_acc=0.646)
2026-03-16 15:42:06 [INFO] [TFT] DOT-USD: 172 train / 44 val seqs, 83 features
2026-03-16 15:42:28 [INFO] [TFT] DOT-USD ep20: val_mse=0.065223  dir=0.364
2026-03-16 15:42:51 [INFO] [TFT] DOT-USD ep40: val_mse=0.060985  dir=0.364
2026-03-16 15:43:12 [INFO] [TFT] DOT-USD ep60: val_mse=0.053989  dir=0.364
2026-03-16 15:43:33 [INFO] [TFT] DOT-USD ep80: val_mse=0.053171  dir=0.364
2026-03-16 15:43:42 [INFO] [TFT] DOT-USD: early stop epoch 89  val_mse=0.051547  dir=0.364
2026-03-16 15:43:42 [INFO] [TFT] DOT-USD: final val_mse=0.051547  dir_acc=0.364
2026-03-16 15:43:42 [WARNING] [TFT] DOT-USD: dir_acc=0.364 < 0.50 — discarding TFT, XGBoost-only for this symbol.
2026-03-16 15:43:43 [INFO] === Training swing XGBoost for NEAR-USD ===
2026-03-16 15:43:43 [INFO] Auto-split mode: will train on second half (newer data), backtest first half.
2026-03-16 15:43:43 [INFO] Fetching 1000 daily bars for NEAR-USD...
2026-03-16 15:43:43 [INFO] Got 1000 bars.
2026-03-16 15:43:43 [INFO] Fetching SPY bars for relative momentum...
2026-03-16 15:43:43 [INFO] Got 1000 SPY bars.
2026-03-16 15:43:43 [INFO] Got 727 VIX rows.
2026-03-16 15:43:43 [INFO] Auto-split at midpoint (2024-11-02): training on 500 bars (second half).
2026-03-16 15:43:48 [INFO] Fetched 930 rows of sector breadth data.
2026-03-16 15:43:48 [INFO] Built 246 feature rows for NEAR-USD.
2026-03-16 15:43:48 [INFO] Label Winsorization: clipped to [-0.2757, 0.3000] (1st/99th pctile)
2026-03-16 15:43:48 [INFO] Labeled 236 samples. Mean fwd return: -2.2529%
2026-03-16 15:43:48 [INFO] Train: 188, Val: 48.
2026-03-16 15:43:48 [INFO] Val RMSE: 0.169246 | Direction accuracy: 0.521
2026-03-16 15:43:48 [INFO] Top 10 features: sector_etf_rel_spy_21=0.077, vol_sr_imbalance=0.054, btc_ret21=0.048, eth_btc_ratio_zscore=0.041, iv_rv_spread=0.039, vol20=0.039, rel_momentum_vs_spy_252=0.038, okx_ls_zscore=0.034, bb_bandwidth=0.033, btc_momentum_accel=0.031
2026-03-16 15:43:48 [INFO] Feature importances saved \u2192 C:\Users\yalil\OneDrive\Desktop\AI-projects\quantitivestocks\models\crypto\NEAR-USD_xgb_swing_importance.json
2026-03-16 15:43:48 [WARNING] [Feature Stability] NEAR-USD: Spearman rank correlation = 0.543 (< 0.70 threshold)
2026-03-16 15:43:48 [WARNING] [Feature Stability] NEAR-USD: 'ret21' rank shifted by 75 (was #7, now #82)
2026-03-16 15:43:48 [WARNING] [Feature Stability] NEAR-USD: 'ret5' rank shifted by 31 (was #52, now #83)
2026-03-16 15:43:48 [WARNING] [Feature Stability] NEAR-USD: 'rel_momentum_vs_spy_63' rank shifted by 35 (was #46, now #81)
2026-03-16 15:43:48 [WARNING] [Feature Stability] NEAR-USD: 'ibs' rank shifted by 24 (was #75, now #51)
2026-03-16 15:43:48 [WARNING] [Feature Stability] NEAR-USD: 'vol_regime' rank shifted by 21 (was #14, now #35)
2026-03-16 15:43:48 [WARNING] [Feature Stability] NEAR-USD: 'vix_pctrank' rank shifted by 60 (was #20, now #80)
2026-03-16 15:43:48 [WARNING] [Feature Stability] NEAR-USD: 'dv_accel' rank shifted by 30 (was #68, now #38)
2026-03-16 15:43:48 [WARNING] [Feature Stability] NEAR-USD: 'vix_regime' rank shifted by 61 (was #16, now #77)
2026-03-16 15:43:48 [WARNING] [Feature Stability] NEAR-USD: 'btc_sma200_flag' rank shifted by 22 (was #70, now #48)
2026-03-16 15:43:48 [WARNING] [Feature Stability] NEAR-USD: 'btc_realized_vol_30' rank shifted by 22 (was #3, now #25)
2026-03-16 15:43:48 [WARNING] [Feature Stability] NEAR-USD: 'btc_drawdown' rank shifted by 26 (was #49, now #75)
2026-03-16 15:43:48 [WARNING] [Feature Stability] NEAR-USD: 'eth_btc_ratio_zscore' rank shifted by 19 (was #23, now #4)
2026-03-16 15:43:48 [WARNING] [Feature Stability] NEAR-USD: 'okx_long_short_ratio' rank shifted by 59 (was #19, now #78)
2026-03-16 15:43:48 [WARNING] [Feature Stability] NEAR-USD: 'fear_greed_index' rank shifted by 30 (was #73, now #43)
2026-03-16 15:43:48 [WARNING] [Feature Stability] NEAR-USD: 'pc_volume_ratio' rank shifted by 11 (was #60, now #71)
2026-03-16 15:43:48 [WARNING] [Feature Stability] NEAR-USD: 'cboe_vix_term_spread' rank shifted by 20 (was #47, now #67)
2026-03-16 15:43:48 [WARNING] [Feature Stability] NEAR-USD: 'cboe_vix_term_ratio' rank shifted by 24 (was #64, now #40)
2026-03-16 15:43:48 [WARNING] [Feature Stability] NEAR-USD: 'cboe_vix_percentile' rank shifted by 32 (was #66, now #34)
2026-03-16 15:43:48 [WARNING] [Feature Stability] NEAR-USD: 'credit_spread_chg5' rank shifted by 20 (was #42, now #62)
2026-03-16 15:43:48 [WARNING] [Feature Stability] NEAR-USD: 'yield_curve_3m10y' rank shifted by 14 (was #36, now #50)
2026-03-16 15:43:48 [WARNING] [Feature Stability] NEAR-USD: 'real_yield_10y' rank shifted by 18 (was #48, now #66)
2026-03-16 15:43:48 [WARNING] [Feature Stability] NEAR-USD: 'breakeven_inflation_5y' rank shifted by 13 (was #24, now #37)
2026-03-16 15:43:48 [WARNING] [Feature Stability] NEAR-USD: 'beta_mkt' rank shifted by 28 (was #37, now #65)
2026-03-16 15:43:48 [WARNING] [Feature Stability] NEAR-USD: 'beta_smb' rank shifted by 32 (was #50, now #18)
2026-03-16 15:43:48 [WARNING] [Feature Stability] NEAR-USD: 'beta_cma' rank shifted by 19 (was #45, now #64)
2026-03-16 15:43:48 [WARNING] [Feature Stability] NEAR-USD: 'beta_mom' rank shifted by 31 (was #2, now #33)
2026-03-16 15:43:48 [WARNING] [Feature Stability] NEAR-USD: 'volume_spike' rank shifted by 15 (was #67, now #52)
2026-03-16 15:43:48 [WARNING] [Feature Stability] NEAR-USD: 'iv_rv_zscore' rank shifted by 23 (was #22, now #45)
2026-03-16 15:43:48 [WARNING] [Feature Stability] NEAR-USD: 'month_sin' rank shifted by 24 (was #32, now #56)
2026-03-16 15:43:48 [WARNING] [Feature Stability] NEAR-USD: 'fomc_proximity' rank shifted by 12 (was #40, now #28)
2026-03-16 15:43:48 [WARNING] [Feature Stability] NEAR-USD: 'sector_dispersion' rank shifted by 18 (was #12, now #30)
2026-03-16 15:43:48 [WARNING] [Feature Stability] NEAR-USD: 'breadth_momentum' rank shifted by 42 (was #55, now #13)
2026-03-16 15:43:48 [WARNING] [Feature Stability] NEAR-USD: 'correlation_regime' rank shifted by 52 (was #8, now #60)
2026-03-16 15:43:48 [INFO] Saved swing XGBoost \u2192 C:\Users\yalil\OneDrive\Desktop\AI-projects\quantitivestocks\models\crypto\NEAR-USD_xgb_swing.joblib (dir_acc=0.521)
2026-03-16 15:43:48 [INFO] [TFT] NEAR-USD: 172 train / 44 val seqs, 83 features
2026-03-16 15:44:11 [INFO] [TFT] NEAR-USD ep20: val_mse=0.014620  dir=0.432
2026-03-16 15:44:16 [INFO] [TFT] NEAR-USD: early stop epoch 25  val_mse=0.011126  dir=0.386
2026-03-16 15:44:16 [INFO] [TFT] NEAR-USD: final val_mse=0.011126  dir_acc=0.500
2026-03-16 15:44:16 [INFO] [TFT] NEAR-USD: saved \u2192 C:\Users\yalil\OneDrive\Desktop\AI-projects\quantitivestocks\models\crypto\NEAR-USD_tft_swing.pt  (dir_acc=0.500)
2026-03-16 15:44:16 [INFO] === Training swing XGBoost for AAVE-USD ===
2026-03-16 15:44:16 [INFO] Auto-split mode: will train on second half (newer data), backtest first half.
2026-03-16 15:44:16 [INFO] Fetching 1000 daily bars for AAVE-USD...
2026-03-16 15:44:17 [INFO] Got 1000 bars.
2026-03-16 15:44:17 [INFO] Fetching SPY bars for relative momentum...
2026-03-16 15:44:17 [INFO] Got 1000 SPY bars.
2026-03-16 15:44:17 [INFO] Got 727 VIX rows.
2026-03-16 15:44:17 [INFO] Auto-split at midpoint (2024-11-02): training on 500 bars (second half).
2026-03-16 15:44:23 [INFO] Fetched 930 rows of sector breadth data.
2026-03-16 15:44:23 [INFO] Built 246 feature rows for AAVE-USD.
2026-03-16 15:44:23 [INFO] Label Winsorization: clipped to [-0.2809, 0.2274] (1st/99th pctile)
2026-03-16 15:44:23 [INFO] Labeled 236 samples. Mean fwd return: -3.6852%
2026-03-16 15:44:23 [INFO] Train: 188, Val: 48.
2026-03-16 15:44:23 [INFO] Val RMSE: 0.114872 | Direction accuracy: 0.667
2026-03-16 15:44:23 [INFO] Top 10 features: rsi14=0.117, bb_bandwidth=0.078, vpoc_distance=0.075, vol_resistance_strength=0.056, vol_support_strength=0.051, ret21=0.046, iv_rv_zscore=0.039, beta_rmw=0.030, factor_momentum=0.027, smallcap_rotation=0.025
2026-03-16 15:44:23 [INFO] Feature importances saved \u2192 C:\Users\yalil\OneDrive\Desktop\AI-projects\quantitivestocks\models\crypto\AAVE-USD_xgb_swing_importance.json
2026-03-16 15:44:23 [WARNING] [Feature Stability] AAVE-USD: Spearman rank correlation = 0.594 (< 0.70 threshold)
2026-03-16 15:44:23 [WARNING] [Feature Stability] AAVE-USD: 'ret252' rank shifted by 36 (was #47, now #83)
2026-03-16 15:44:23 [WARNING] [Feature Stability] AAVE-USD: 'ret5' rank shifted by 18 (was #12, now #30)
2026-03-16 15:44:23 [WARNING] [Feature Stability] AAVE-USD: 'rel_momentum_vs_spy_63' rank shifted by 63 (was #17, now #80)
2026-03-16 15:44:23 [WARNING] [Feature Stability] AAVE-USD: 'rel_momentum_vs_spy_252' rank shifted by 49 (was #32, now #81)
2026-03-16 15:44:23 [WARNING] [Feature Stability] AAVE-USD: 'adx' rank shifted by 22 (was #39, now #17)
2026-03-16 15:44:23 [WARNING] [Feature Stability] AAVE-USD: 'bb_pct_b' rank shifted by 51 (was #27, now #78)
2026-03-16 15:44:23 [WARNING] [Feature Stability] AAVE-USD: 'vol_regime' rank shifted by 45 (was #34, now #79)
2026-03-16 15:44:23 [WARNING] [Feature Stability] AAVE-USD: 'dv_accel' rank shifted by 12 (was #46, now #34)
2026-03-16 15:44:23 [WARNING] [Feature Stability] AAVE-USD: 'vix_regime' rank shifted by 13 (was #55, now #42)
2026-03-16 15:44:23 [WARNING] [Feature Stability] AAVE-USD: 'vix_zscore' rank shifted by 51 (was #26, now #77)
2026-03-16 15:44:23 [WARNING] [Feature Stability] AAVE-USD: 'sector_etf_rel_spy_21' rank shifted by 17 (was #11, now #28)
2026-03-16 15:44:23 [WARNING] [Feature Stability] AAVE-USD: 'btc_drawdown' rank shifted by 22 (was #71, now #49)
2026-03-16 15:44:23 [WARNING] [Feature Stability] AAVE-USD: 'fear_greed_index' rank shifted by 32 (was #72, now #40)
2026-03-16 15:44:23 [WARNING] [Feature Stability] AAVE-USD: 'fear_greed_zscore' rank shifted by 16 (was #52, now #68)
2026-03-16 15:44:23 [WARNING] [Feature Stability] AAVE-USD: 'treasury_slope' rank shifted by 19 (was #51, now #70)
2026-03-16 15:44:23 [WARNING] [Feature Stability] AAVE-USD: 'pc_volume_ratio' rank shifted by 11 (was #60, now #71)
2026-03-16 15:44:23 [WARNING] [Feature Stability] AAVE-USD: 'cboe_vix_term_spread' rank shifted by 32 (was #35, now #67)
2026-03-16 15:44:23 [WARNING] [Feature Stability] AAVE-USD: 'cboe_vix_percentile' rank shifted by 49 (was #14, now #63)
2026-03-16 15:44:23 [WARNING] [Feature Stability] AAVE-USD: 'credit_spread_zscore' rank shifted by 16 (was #44, now #60)
2026-03-16 15:44:23 [WARNING] [Feature Stability] AAVE-USD: 'smallcap_rotation' rank shifted by 44 (was #54, now #10)
2026-03-16 15:44:23 [WARNING] [Feature Stability] AAVE-USD: 'breakeven_inflation_5y' rank shifted by 45 (was #20, now #65)
2026-03-16 15:44:23 [WARNING] [Feature Stability] AAVE-USD: 'beta_mkt' rank shifted by 27 (was #42, now #15)
2026-03-16 15:44:23 [WARNING] [Feature Stability] AAVE-USD: 'beta_smb' rank shifted by 16 (was #6, now #22)
2026-03-16 15:44:23 [WARNING] [Feature Stability] AAVE-USD: 'beta_mom' rank shifted by 14 (was #15, now #29)
2026-03-16 15:44:23 [WARNING] [Feature Stability] AAVE-USD: 'factor_momentum' rank shifted by 13 (was #22, now #9)
2026-03-16 15:44:23 [WARNING] [Feature Stability] AAVE-USD: 'volume_spike' rank shifted by 15 (was #67, now #52)
2026-03-16 15:44:23 [WARNING] [Feature Stability] AAVE-USD: 'price_volume_divergence' rank shifted by 13 (was #66, now #53)
2026-03-16 15:44:23 [WARNING] [Feature Stability] AAVE-USD: 'vvix_level' rank shifted by 18 (was #31, now #13)
2026-03-16 15:44:23 [WARNING] [Feature Stability] AAVE-USD: 'turn_of_month' rank shifted by 26 (was #29, now #55)
2026-03-16 15:44:23 [WARNING] [Feature Stability] AAVE-USD: 'month_sin' rank shifted by 52 (was #4, now #56)
2026-03-16 15:44:23 [WARNING] [Feature Stability] AAVE-USD: 'sector_dispersion' rank shifted by 18 (was #53, now #35)
2026-03-16 15:44:23 [INFO] Saved swing XGBoost \u2192 C:\Users\yalil\OneDrive\Desktop\AI-projects\quantitivestocks\models\crypto\AAVE-USD_xgb_swing.joblib (dir_acc=0.667)
2026-03-16 15:44:23 [INFO] [TFT] AAVE-USD: 172 train / 44 val seqs, 83 features
2026-03-16 15:44:45 [INFO] [TFT] AAVE-USD ep20: val_mse=0.025403  dir=0.591
2026-03-16 15:45:10 [INFO] [TFT] AAVE-USD ep40: val_mse=0.026064  dir=0.568
2026-03-16 15:45:32 [INFO] [TFT] AAVE-USD: early stop epoch 59  val_mse=0.023813  dir=0.545
2026-03-16 15:45:32 [INFO] [TFT] AAVE-USD: final val_mse=0.023813  dir_acc=0.568
2026-03-16 15:45:32 [INFO] [TFT] AAVE-USD: saved \u2192 C:\Users\yalil\OneDrive\Desktop\AI-projects\quantitivestocks\models\crypto\AAVE-USD_tft_swing.pt  (dir_acc=0.568)
2026-03-16 15:45:32 [INFO] === Training swing XGBoost for ICP-USD ===
2026-03-16 15:45:32 [INFO] Auto-split mode: will train on second half (newer data), backtest first half.
2026-03-16 15:45:32 [INFO] Fetching 1000 daily bars for ICP-USD...
2026-03-16 15:45:32 [INFO] Got 1000 bars.
2026-03-16 15:45:32 [INFO] Fetching SPY bars for relative momentum...
2026-03-16 15:45:32 [INFO] Got 1000 SPY bars.
2026-03-16 15:45:33 [INFO] Got 727 VIX rows.
2026-03-16 15:45:33 [INFO] Auto-split at midpoint (2024-11-02): training on 500 bars (second half).
2026-03-16 15:45:38 [INFO] Fetched 930 rows of sector breadth data.
2026-03-16 15:45:38 [INFO] Built 246 feature rows for ICP-USD.
2026-03-16 15:45:38 [INFO] Label Winsorization: clipped to [-0.3411, 1.5163] (1st/99th pctile)
2026-03-16 15:45:38 [INFO] Labeled 236 samples. Mean fwd return: -0.8130%
2026-03-16 15:45:38 [INFO] Train: 188, Val: 48.
2026-03-16 15:45:38 [INFO] Val RMSE: 0.118547 | Direction accuracy: 0.688
2026-03-16 15:45:38 [INFO] Top 10 features: rel_momentum_vs_spy_63=0.113, ret63=0.096, factor_momentum=0.092, spy_trend_strength=0.088, fomc_proximity=0.077, beta_cma=0.060, credit_spread_chg5=0.053, vol_regime=0.040, beta_mkt=0.032, adx=0.021
2026-03-16 15:45:38 [INFO] Feature importances saved \u2192 C:\Users\yalil\OneDrive\Desktop\AI-projects\quantitivestocks\models\crypto\ICP-USD_xgb_swing_importance.json
2026-03-16 15:45:38 [WARNING] [Feature Stability] ICP-USD: 'ret21' rank shifted by 36 (was #48, now #12)
2026-03-16 15:45:38 [WARNING] [Feature Stability] ICP-USD: 'rel_momentum_vs_spy_252' rank shifted by 11 (was #45, now #34)
2026-03-16 15:45:38 [WARNING] [Feature Stability] ICP-USD: 'vol20' rank shifted by 34 (was #12, now #46)
2026-03-16 15:45:38 [WARNING] [Feature Stability] ICP-USD: 'bb_pct_b' rank shifted by 15 (was #31, now #16)
2026-03-16 15:45:38 [WARNING] [Feature Stability] ICP-USD: 'macd_hist_norm' rank shifted by 21 (was #18, now #39)
2026-03-16 15:45:38 [WARNING] [Feature Stability] ICP-USD: 'momentum_quality' rank shifted by 12 (was #23, now #11)
2026-03-16 15:45:38 [WARNING] [Feature Stability] ICP-USD: 'spy_above_sma200' rank shifted by 11 (was #69, now #80)
2026-03-16 15:45:38 [WARNING] [Feature Stability] ICP-USD: 'sector_etf_rel_spy_21' rank shifted by 40 (was #13, now #53)
2026-03-16 15:45:38 [WARNING] [Feature Stability] ICP-USD: 'btc_realized_vol_30' rank shifted by 16 (was #41, now #25)
2026-03-16 15:45:38 [WARNING] [Feature Stability] ICP-USD: 'okx_long_short_ratio' rank shifted by 38 (was #70, now #32)
2026-03-16 15:45:38 [WARNING] [Feature Stability] ICP-USD: 'fear_greed_index' rank shifted by 24 (was #25, now #49)
2026-03-16 15:45:38 [WARNING] [Feature Stability] ICP-USD: 'fear_greed_zscore' rank shifted by 13 (was #39, now #52)
2026-03-16 15:45:38 [WARNING] [Feature Stability] ICP-USD: 'treasury_slope' rank shifted by 17 (was #20, now #37)
2026-03-16 15:45:38 [WARNING] [Feature Stability] ICP-USD: 'pc_volume_ratio' rank shifted by 11 (was #60, now #71)
2026-03-16 15:45:38 [WARNING] [Feature Stability] ICP-USD: 'cboe_vix_term_ratio' rank shifted by 14 (was #65, now #51)
2026-03-16 15:45:38 [WARNING] [Feature Stability] ICP-USD: 'cboe_vix9d_ratio' rank shifted by 29 (was #46, now #17)
2026-03-16 15:45:38 [WARNING] [Feature Stability] ICP-USD: 'cboe_vix_percentile' rank shifted by 24 (was #34, now #58)
2026-03-16 15:45:38 [WARNING] [Feature Stability] ICP-USD: 'risk_appetite_ratio' rank shifted by 19 (was #22, now #41)
2026-03-16 15:45:38 [WARNING] [Feature Stability] ICP-USD: 'risk_appetite_trend' rank shifted by 33 (was #42, now #75)
2026-03-16 15:45:38 [WARNING] [Feature Stability] ICP-USD: 'smallcap_rotation' rank shifted by 12 (was #16, now #28)
2026-03-16 15:45:38 [WARNING] [Feature Stability] ICP-USD: 'yield_curve_3m10y' rank shifted by 27 (was #29, now #56)
2026-03-16 15:45:38 [WARNING] [Feature Stability] ICP-USD: 'fed_funds_rate' rank shifted by 11 (was #66, now #77)
2026-03-16 15:45:38 [WARNING] [Feature Stability] ICP-USD: 'beta_rmw' rank shifted by 29 (was #44, now #15)
2026-03-16 15:45:38 [WARNING] [Feature Stability] ICP-USD: 'volume_trend' rank shifted by 25 (was #37, now #62)
2026-03-16 15:45:38 [WARNING] [Feature Stability] ICP-USD: 'iv_rv_spread' rank shifted by 44 (was #57, now #13)
2026-03-16 15:45:38 [WARNING] [Feature Stability] ICP-USD: 'turn_of_month' rank shifted by 46 (was #21, now #67)
2026-03-16 15:45:38 [WARNING] [Feature Stability] ICP-USD: 'month_cos' rank shifted by 35 (was #30, now #65)
2026-03-16 15:45:38 [WARNING] [Feature Stability] ICP-USD: 'sector_breadth' rank shifted by 16 (was #50, now #66)
2026-03-16 15:45:38 [WARNING] [Feature Stability] ICP-USD: 'breadth_momentum' rank shifted by 18 (was #53, now #35)
2026-03-16 15:45:38 [WARNING] [Feature Stability] ICP-USD: 'correlation_regime' rank shifted by 12 (was #32, now #44)
2026-03-16 15:45:38 [INFO] Saved swing XGBoost \u2192 C:\Users\yalil\OneDrive\Desktop\AI-projects\quantitivestocks\models\crypto\ICP-USD_xgb_swing.joblib (dir_acc=0.688)
2026-03-16 15:45:38 [INFO] [TFT] ICP-USD: 172 train / 44 val seqs, 83 features
2026-03-16 15:45:58 [INFO] [TFT] ICP-USD: early stop epoch 19  val_mse=0.011201  dir=0.523
2026-03-16 15:45:58 [INFO] [TFT] ICP-USD: final val_mse=0.011201  dir_acc=0.545
2026-03-16 15:45:58 [INFO] [TFT] ICP-USD: saved \u2192 C:\Users\yalil\OneDrive\Desktop\AI-projects\quantitivestocks\models\crypto\ICP-USD_tft_swing.pt  (dir_acc=0.545)
2026-03-16 15:45:58 [INFO] === Training swing XGBoost for ETC-USD ===
2026-03-16 15:45:58 [INFO] Auto-split mode: will train on second half (newer data), backtest first half.
2026-03-16 15:45:58 [INFO] Fetching 1000 daily bars for ETC-USD...
2026-03-16 15:45:59 [INFO] Got 1000 bars.
2026-03-16 15:45:59 [INFO] Fetching SPY bars for relative momentum...
2026-03-16 15:45:59 [INFO] Got 1000 SPY bars.
2026-03-16 15:45:59 [INFO] Got 727 VIX rows.
2026-03-16 15:45:59 [INFO] Auto-split at midpoint (2024-11-02): training on 500 bars (second half).
2026-03-16 15:46:05 [INFO] Fetched 930 rows of sector breadth data.
2026-03-16 15:46:05 [INFO] Built 246 feature rows for ETC-USD.
2026-03-16 15:46:05 [INFO] Label Winsorization: clipped to [-0.2338, 0.1985] (1st/99th pctile)
2026-03-16 15:46:05 [INFO] Labeled 236 samples. Mean fwd return: -3.5948%
2026-03-16 15:46:05 [INFO] Train: 188, Val: 48.
2026-03-16 15:46:05 [INFO] Val RMSE: 0.096820 | Direction accuracy: 0.771
2026-03-16 15:46:05 [INFO] Top 10 features: vpoc_distance=0.092, beta_cma=0.051, beta_mkt=0.041, real_yield_10y=0.041, btc_ret21=0.039, macd_hist_norm=0.038, beta_rmw=0.037, vol_regime=0.036, beta_smb=0.035, bb_pct_b=0.034
2026-03-16 15:46:05 [INFO] Feature importances saved \u2192 C:\Users\yalil\OneDrive\Desktop\AI-projects\quantitivestocks\models\crypto\ETC-USD_xgb_swing_importance.json
2026-03-16 15:46:05 [WARNING] [Feature Stability] ETC-USD: 'ret252' rank shifted by 15 (was #26, now #11)
2026-03-16 15:46:05 [WARNING] [Feature Stability] ETC-USD: 'ret5' rank shifted by 32 (was #14, now #46)
2026-03-16 15:46:05 [WARNING] [Feature Stability] ETC-USD: 'rel_momentum_vs_spy_63' rank shifted by 36 (was #75, now #39)
2026-03-16 15:46:05 [WARNING] [Feature Stability] ETC-USD: 'rel_momentum_vs_spy_252' rank shifted by 25 (was #18, now #43)
2026-03-16 15:46:05 [WARNING] [Feature Stability] ETC-USD: 'ibs' rank shifted by 50 (was #33, now #83)
2026-03-16 15:46:05 [WARNING] [Feature Stability] ETC-USD: 'adx' rank shifted by 13 (was #16, now #29)
2026-03-16 15:46:05 [WARNING] [Feature Stability] ETC-USD: 'dv_accel' rank shifted by 38 (was #38, now #76)
2026-03-16 15:46:05 [WARNING] [Feature Stability] ETC-USD: 'vix_regime' rank shifted by 41 (was #37, now #78)
2026-03-16 15:46:05 [WARNING] [Feature Stability] ETC-USD: 'btc_realized_vol_30' rank shifted by 13 (was #31, now #18)
2026-03-16 15:46:05 [WARNING] [Feature Stability] ETC-USD: 'btc_drawdown' rank shifted by 26 (was #22, now #48)
2026-03-16 15:46:05 [WARNING] [Feature Stability] ETC-USD: 'okx_long_short_ratio' rank shifted by 32 (was #43, now #75)
2026-03-16 15:46:05 [WARNING] [Feature Stability] ETC-USD: 'okx_ls_zscore' rank shifted by 14 (was #9, now #23)
2026-03-16 15:46:05 [WARNING] [Feature Stability] ETC-USD: 'fear_greed_index' rank shifted by 41 (was #67, now #26)
2026-03-16 15:46:05 [WARNING] [Feature Stability] ETC-USD: 'fear_greed_zscore' rank shifted by 29 (was #12, now #41)
2026-03-16 15:46:05 [WARNING] [Feature Stability] ETC-USD: 'pc_volume_ratio' rank shifted by 11 (was #60, now #71)
2026-03-16 15:46:05 [WARNING] [Feature Stability] ETC-USD: 'cboe_vix_term_spread' rank shifted by 17 (was #30, now #47)
2026-03-16 15:46:05 [WARNING] [Feature Stability] ETC-USD: 'cboe_vix9d_ratio' rank shifted by 26 (was #41, now #67)
2026-03-16 15:46:05 [WARNING] [Feature Stability] ETC-USD: 'cboe_vix_percentile' rank shifted by 30 (was #36, now #66)
2026-03-16 15:46:05 [WARNING] [Feature Stability] ETC-USD: 'credit_spread' rank shifted by 29 (was #59, now #30)
2026-03-16 15:46:05 [WARNING] [Feature Stability] ETC-USD: 'credit_spread_chg5' rank shifted by 26 (was #66, now #40)
2026-03-16 15:46:05 [WARNING] [Feature Stability] ETC-USD: 'risk_appetite_ratio' rank shifted by 13 (was #3, now #16)
2026-03-16 15:46:05 [WARNING] [Feature Stability] ETC-USD: 'risk_appetite_trend' rank shifted by 21 (was #17, now #38)
2026-03-16 15:46:05 [WARNING] [Feature Stability] ETC-USD: 'breakeven_inflation_5y' rank shifted by 18 (was #44, now #62)
2026-03-16 15:46:05 [WARNING] [Feature Stability] ETC-USD: 'beta_smb' rank shifted by 16 (was #25, now #9)
2026-03-16 15:46:05 [WARNING] [Feature Stability] ETC-USD: 'beta_mom' rank shifted by 14 (was #20, now #34)
2026-03-16 15:46:05 [WARNING] [Feature Stability] ETC-USD: 'factor_momentum' rank shifted by 33 (was #58, now #25)
2026-03-16 15:46:05 [WARNING] [Feature Stability] ETC-USD: 'equity_carry' rank shifted by 11 (was #53, now #64)
2026-03-16 15:46:05 [WARNING] [Feature Stability] ETC-USD: 'volume_trend' rank shifted by 34 (was #15, now #49)
2026-03-16 15:46:05 [WARNING] [Feature Stability] ETC-USD: 'iv_rv_spread' rank shifted by 18 (was #39, now #21)
2026-03-16 15:46:05 [WARNING] [Feature Stability] ETC-USD: 'vvix_level' rank shifted by 17 (was #52, now #35)
2026-03-16 15:46:05 [WARNING] [Feature Stability] ETC-USD: 'day_of_week' rank shifted by 11 (was #47, now #58)
2026-03-16 15:46:05 [WARNING] [Feature Stability] ETC-USD: 'turn_of_month' rank shifted by 13 (was #46, now #59)
2026-03-16 15:46:05 [WARNING] [Feature Stability] ETC-USD: 'sector_dispersion' rank shifted by 29 (was #49, now #20)
2026-03-16 15:46:05 [WARNING] [Feature Stability] ETC-USD: 'correlation_regime' rank shifted by 22 (was #50, now #28)
2026-03-16 15:46:05 [INFO] Saved swing XGBoost \u2192 C:\Users\yalil\OneDrive\Desktop\AI-projects\quantitivestocks\models\crypto\ETC-USD_xgb_swing.joblib (dir_acc=0.771)
2026-03-16 15:46:05 [INFO] [TFT] ETC-USD: 172 train / 44 val seqs, 83 features
2026-03-16 15:46:26 [INFO] [TFT] ETC-USD ep20: val_mse=0.018565  dir=0.523
2026-03-16 15:46:48 [INFO] [TFT] ETC-USD ep40: val_mse=0.011496  dir=0.545
2026-03-16 15:47:05 [INFO] [TFT] ETC-USD: early stop epoch 57  val_mse=0.011222  dir=0.455
2026-03-16 15:47:05 [INFO] [TFT] ETC-USD: final val_mse=0.011222  dir_acc=0.545
2026-03-16 15:47:05 [INFO] [TFT] ETC-USD: saved \u2192 C:\Users\yalil\OneDrive\Desktop\AI-projects\quantitivestocks\models\crypto\ETC-USD_tft_swing.pt  (dir_acc=0.545)
2026-03-16 15:47:05 [INFO] === Training swing XGBoost for ONDO-USD ===
2026-03-16 15:47:05 [INFO] Auto-split mode: will train on second half (newer data), backtest first half.
2026-03-16 15:47:05 [INFO] Fetching 1000 daily bars for ONDO-USD...
2026-03-16 15:47:06 [INFO] Got 789 bars.
2026-03-16 15:47:06 [INFO] Fetching SPY bars for relative momentum...
2026-03-16 15:47:06 [INFO] Got 1000 SPY bars.
2026-03-16 15:47:06 [INFO] Got 727 VIX rows.
2026-03-16 15:47:06 [INFO] Auto-split at midpoint (2025-02-15): training on 395 bars (second half).
2026-03-16 15:47:08 [WARNING] Cross-market fetch failed for dxy (DX-Y.NYB): 'chart'
2026-03-16 15:47:12 [INFO] Fetched 772 rows of sector breadth data.
2026-03-16 15:47:12 [INFO] Built 140 feature rows for ONDO-USD.
2026-03-16 15:47:12 [INFO] Label Winsorization: clipped to [-0.2797, 0.2065] (1st/99th pctile)
2026-03-16 15:47:12 [INFO] Labeled 130 samples. Mean fwd return: -6.3371%
2026-03-16 15:47:12 [INFO] Train: 104, Val: 26.
2026-03-16 15:47:12 [INFO] Val RMSE: 0.081791 | Direction accuracy: 0.538
2026-03-16 15:47:12 [INFO] Top 10 features: btc_drawdown=0.161, vpoc_distance=0.137, rsi14=0.081, smallcap_rotation=0.037, btc_ret21=0.035, breadth_momentum=0.035, beta_hml=0.034, vol_regime=0.030, okx_long_short_ratio=0.028, credit_spread_chg5=0.028
2026-03-16 15:47:12 [INFO] Feature importances saved \u2192 C:\Users\yalil\OneDrive\Desktop\AI-projects\quantitivestocks\models\crypto\ONDO-USD_xgb_swing_importance.json
2026-03-16 15:47:12 [WARNING] [Feature Stability] ONDO-USD: Spearman rank correlation = 0.497 (< 0.70 threshold)
2026-03-16 15:47:12 [WARNING] [Feature Stability] ONDO-USD: 'ret252' rank shifted by 54 (was #29, now #83)
2026-03-16 15:47:12 [WARNING] [Feature Stability] ONDO-USD: 'ret21' rank shifted by 77 (was #5, now #82)
2026-03-16 15:47:12 [WARNING] [Feature Stability] ONDO-USD: 'ret5' rank shifted by 17 (was #26, now #43)
2026-03-16 15:47:12 [WARNING] [Feature Stability] ONDO-USD: 'rel_momentum_vs_spy_63' rank shifted by 31 (was #49, now #80)
2026-03-16 15:47:12 [WARNING] [Feature Stability] ONDO-USD: 'ibs' rank shifted by 30 (was #51, now #81)
2026-03-16 15:47:12 [WARNING] [Feature Stability] ONDO-USD: 'vol20' rank shifted by 35 (was #52, now #17)
2026-03-16 15:47:12 [WARNING] [Feature Stability] ONDO-USD: 'adx' rank shifted by 11 (was #3, now #14)
2026-03-16 15:47:12 [WARNING] [Feature Stability] ONDO-USD: 'bb_pct_b' rank shifted by 19 (was #9, now #28)
2026-03-16 15:47:12 [WARNING] [Feature Stability] ONDO-USD: 'bb_bandwidth' rank shifted by 14 (was #12, now #26)
2026-03-16 15:47:12 [WARNING] [Feature Stability] ONDO-USD: 'momentum_quality' rank shifted by 50 (was #27, now #77)
2026-03-16 15:47:12 [WARNING] [Feature Stability] ONDO-USD: 'vix_pctrank' rank shifted by 58 (was #21, now #79)
2026-03-16 15:47:12 [WARNING] [Feature Stability] ONDO-USD: 'spy_trend_strength' rank shifted by 15 (was #33, now #18)
2026-03-16 15:47:12 [WARNING] [Feature Stability] ONDO-USD: 'vix_regime' rank shifted by 37 (was #73, now #36)
2026-03-16 15:47:12 [WARNING] [Feature Stability] ONDO-USD: 'vix_zscore' rank shifted by 13 (was #50, now #37)
2026-03-16 15:47:12 [WARNING] [Feature Stability] ONDO-USD: 'sector_etf_rel_spy_21' rank shifted by 69 (was #2, now #71)
2026-03-16 15:47:12 [WARNING] [Feature Stability] ONDO-USD: 'okx_ls_zscore' rank shifted by 11 (was #31, now #42)
2026-03-16 15:47:12 [WARNING] [Feature Stability] ONDO-USD: 'treasury_slope' rank shifted by 45 (was #23, now #68)
2026-03-16 15:47:12 [WARNING] [Feature Stability] ONDO-USD: 'cboe_vix_term_ratio' rank shifted by 42 (was #65, now #23)
2026-03-16 15:47:12 [WARNING] [Feature Stability] ONDO-USD: 'credit_spread_zscore' rank shifted by 11 (was #28, now #39)
2026-03-16 15:47:12 [WARNING] [Feature Stability] ONDO-USD: 'risk_appetite_ratio' rank shifted by 22 (was #45, now #67)
2026-03-16 15:47:12 [WARNING] [Feature Stability] ONDO-USD: 'risk_appetite_trend' rank shifted by 24 (was #40, now #64)
2026-03-16 15:47:12 [WARNING] [Feature Stability] ONDO-USD: 'smallcap_rotation' rank shifted by 14 (was #18, now #4)
2026-03-16 15:47:12 [WARNING] [Feature Stability] ONDO-USD: 'beta_mkt' rank shifted by 22 (was #57, now #35)
2026-03-16 15:47:12 [WARNING] [Feature Stability] ONDO-USD: 'beta_smb' rank shifted by 52 (was #68, now #16)
2026-03-16 15:47:12 [WARNING] [Feature Stability] ONDO-USD: 'factor_momentum' rank shifted by 21 (was #42, now #63)
2026-03-16 15:47:12 [WARNING] [Feature Stability] ONDO-USD: 'volume_trend' rank shifted by 14 (was #41, now #27)
2026-03-16 15:47:12 [WARNING] [Feature Stability] ONDO-USD: 'iv_rv_spread' rank shifted by 15 (was #34, now #49)
2026-03-16 15:47:12 [WARNING] [Feature Stability] ONDO-USD: 'iv_rv_zscore' rank shifted by 20 (was #32, now #12)
2026-03-16 15:47:12 [WARNING] [Feature Stability] ONDO-USD: 'vvix_level' rank shifted by 16 (was #35, now #51)
2026-03-16 15:47:12 [WARNING] [Feature Stability] ONDO-USD: 'day_of_week' rank shifted by 13 (was #37, now #50)
2026-03-16 15:47:12 [WARNING] [Feature Stability] ONDO-USD: 'fomc_proximity' rank shifted by 36 (was #8, now #44)
2026-03-16 15:47:12 [WARNING] [Feature Stability] ONDO-USD: 'breadth_momentum' rank shifted by 40 (was #46, now #6)
2026-03-16 15:47:12 [WARNING] [Feature Stability] ONDO-USD: 'correlation_regime' rank shifted by 22 (was #55, now #33)
2026-03-16 15:47:12 [INFO] Saved swing XGBoost \u2192 C:\Users\yalil\OneDrive\Desktop\AI-projects\quantitivestocks\models\crypto\ONDO-USD_xgb_swing.joblib (dir_acc=0.538)
2026-03-16 15:47:12 [INFO] [TFT] ONDO-USD: 88 train / 22 val seqs, 83 features
2026-03-16 15:47:23 [INFO] [TFT] ONDO-USD ep20: val_mse=0.034478  dir=0.500
2026-03-16 15:47:34 [INFO] [TFT] ONDO-USD ep40: val_mse=0.028441  dir=0.500
2026-03-16 15:47:44 [INFO] [TFT] ONDO-USD ep60: val_mse=0.024162  dir=0.500
2026-03-16 15:47:55 [INFO] [TFT] ONDO-USD ep80: val_mse=0.025790  dir=0.545
2026-03-16 15:48:00 [INFO] [TFT] ONDO-USD: early stop epoch 90  val_mse=0.023836  dir=0.545
2026-03-16 15:48:00 [INFO] [TFT] ONDO-USD: final val_mse=0.023836  dir_acc=0.545
2026-03-16 15:48:00 [INFO] [TFT] ONDO-USD: saved \u2192 C:\Users\yalil\OneDrive\Desktop\AI-projects\quantitivestocks\models\crypto\ONDO-USD_tft_swing.pt  (dir_acc=0.545)
2026-03-16 15:48:00 [INFO] === Training swing XGBoost for WLD-USD ===
2026-03-16 15:48:00 [INFO] Auto-split mode: will train on second half (newer data), backtest first half.
2026-03-16 15:48:00 [INFO] Fetching 1000 daily bars for WLD-USD...
2026-03-16 15:48:00 [INFO] Got 1000 bars.
2026-03-16 15:48:00 [INFO] Fetching SPY bars for relative momentum...
2026-03-16 15:48:00 [INFO] Got 1000 SPY bars.
2026-03-16 15:48:01 [INFO] Got 727 VIX rows.
2026-03-16 15:48:01 [INFO] Auto-split at midpoint (2024-11-02): training on 500 bars (second half).
2026-03-16 15:48:02 [WARNING] Cross-market fetch failed for dxy (DX-Y.NYB): 'chart'
2026-03-16 15:48:06 [INFO] Fetched 930 rows of sector breadth data.
2026-03-16 15:48:06 [INFO] Built 246 feature rows for WLD-USD.
2026-03-16 15:48:06 [INFO] Label Winsorization: clipped to [-0.3083, 0.9157] (1st/99th pctile)
2026-03-16 15:48:06 [INFO] Labeled 236 samples. Mean fwd return: -3.1968%
2026-03-16 15:48:06 [INFO] Train: 188, Val: 48.
2026-03-16 15:48:06 [INFO] Val RMSE: 0.096219 | Direction accuracy: 0.667
2026-03-16 15:48:06 [INFO] Top 10 features: btc_realized_vol_30=0.153, vol_support_strength=0.125, beta_cma=0.088, vol_resistance_strength=0.053, momentum_quality=0.045, cboe_vix9d_ratio=0.044, factor_momentum=0.043, rel_momentum_vs_spy_252=0.042, risk_appetite_trend=0.039, btc_ret21=0.037
2026-03-16 15:48:06 [INFO] Feature importances saved \u2192 C:\Users\yalil\OneDrive\Desktop\AI-projects\quantitivestocks\models\crypto\WLD-USD_xgb_swing_importance.json
2026-03-16 15:48:06 [WARNING] [Feature Stability] WLD-USD: Spearman rank correlation = 0.533 (< 0.70 threshold)
2026-03-16 15:48:06 [WARNING] [Feature Stability] WLD-USD: 'ret252' rank shifted by 27 (was #39, now #12)
2026-03-16 15:48:06 [WARNING] [Feature Stability] WLD-USD: 'ret21' rank shifted by 42 (was #40, now #82)
2026-03-16 15:48:06 [WARNING] [Feature Stability] WLD-USD: 'ret5' rank shifted by 42 (was #41, now #83)
2026-03-16 15:48:06 [WARNING] [Feature Stability] WLD-USD: 'vol20' rank shifted by 33 (was #74, now #41)
2026-03-16 15:48:06 [WARNING] [Feature Stability] WLD-USD: 'bb_bandwidth' rank shifted by 28 (was #10, now #38)
2026-03-16 15:48:06 [WARNING] [Feature Stability] WLD-USD: 'vol_regime' rank shifted by 58 (was #22, now #80)
2026-03-16 15:48:06 [WARNING] [Feature Stability] WLD-USD: 'vix_pctrank' rank shifted by 62 (was #17, now #79)
2026-03-16 15:48:06 [WARNING] [Feature Stability] WLD-USD: 'vix_regime' rank shifted by 54 (was #70, now #16)
2026-03-16 15:48:06 [WARNING] [Feature Stability] WLD-USD: 'vix_zscore' rank shifted by 52 (was #23, now #75)
2026-03-16 15:48:06 [WARNING] [Feature Stability] WLD-USD: 'eth_btc_ratio_zscore' rank shifted by 30 (was #43, now #73)
2026-03-16 15:48:06 [WARNING] [Feature Stability] WLD-USD: 'okx_ls_zscore' rank shifted by 11 (was #33, now #44)
2026-03-16 15:48:06 [WARNING] [Feature Stability] WLD-USD: 'fear_greed_index' rank shifted by 16 (was #72, now #56)
2026-03-16 15:48:06 [WARNING] [Feature Stability] WLD-USD: 'fear_greed_zscore' rank shifted by 38 (was #31, now #69)
2026-03-16 15:48:06 [WARNING] [Feature Stability] WLD-USD: 'treasury_slope' rank shifted by 11 (was #9, now #20)
2026-03-16 15:48:06 [WARNING] [Feature Stability] WLD-USD: 'pc_volume_ratio' rank shifted by 11 (was #60, now #71)
2026-03-16 15:48:06 [WARNING] [Feature Stability] WLD-USD: 'cboe_vix_term_spread' rank shifted by 15 (was #44, now #59)
2026-03-16 15:48:06 [WARNING] [Feature Stability] WLD-USD: 'cboe_vix9d_ratio' rank shifted by 24 (was #30, now #6)
2026-03-16 15:48:06 [WARNING] [Feature Stability] WLD-USD: 'cboe_skew' rank shifted by 19 (was #42, now #61)
2026-03-16 15:48:06 [WARNING] [Feature Stability] WLD-USD: 'cboe_vix_percentile' rank shifted by 59 (was #3, now #62)
2026-03-16 15:48:06 [WARNING] [Feature Stability] WLD-USD: 'credit_spread' rank shifted by 48 (was #12, now #60)
2026-03-16 15:48:06 [WARNING] [Feature Stability] WLD-USD: 'credit_spread_zscore' rank shifted by 39 (was #65, now #26)
2026-03-16 15:48:06 [WARNING] [Feature Stability] WLD-USD: 'smallcap_rotation' rank shifted by 30 (was #7, now #37)
2026-03-16 15:48:06 [WARNING] [Feature Stability] WLD-USD: 'beta_mkt' rank shifted by 17 (was #57, now #40)
2026-03-16 15:48:06 [WARNING] [Feature Stability] WLD-USD: 'beta_mom' rank shifted by 34 (was #29, now #63)
2026-03-16 15:48:06 [WARNING] [Feature Stability] WLD-USD: 'factor_momentum' rank shifted by 45 (was #52, now #7)
2026-03-16 15:48:06 [WARNING] [Feature Stability] WLD-USD: 'equity_carry' rank shifted by 15 (was #53, now #68)
2026-03-16 15:48:06 [WARNING] [Feature Stability] WLD-USD: 'volume_zscore' rank shifted by 18 (was #54, now #36)
2026-03-16 15:48:06 [WARNING] [Feature Stability] WLD-USD: 'price_volume_divergence' rank shifted by 13 (was #66, now #53)
2026-03-16 15:48:06 [WARNING] [Feature Stability] WLD-USD: 'iv_rv_spread' rank shifted by 12 (was #67, now #55)
2026-03-16 15:48:06 [WARNING] [Feature Stability] WLD-USD: 'iv_rv_zscore' rank shifted by 13 (was #38, now #51)
2026-03-16 15:48:06 [WARNING] [Feature Stability] WLD-USD: 'turn_of_month' rank shifted by 17 (was #8, now #25)
2026-03-16 15:48:06 [WARNING] [Feature Stability] WLD-USD: 'month_cos' rank shifted by 15 (was #50, now #35)
2026-03-16 15:48:06 [WARNING] [Feature Stability] WLD-USD: 'sector_dispersion' rank shifted by 12 (was #27, now #39)
2026-03-16 15:48:06 [WARNING] [Feature Stability] WLD-USD: 'correlation_regime' rank shifted by 14 (was #48, now #34)
2026-03-16 15:48:06 [INFO] Saved swing XGBoost \u2192 C:\Users\yalil\OneDrive\Desktop\AI-projects\quantitivestocks\models\crypto\WLD-USD_xgb_swing.joblib (dir_acc=0.667)
2026-03-16 15:48:06 [INFO] [TFT] WLD-USD: 172 train / 44 val seqs, 83 features
2026-03-16 15:48:28 [INFO] [TFT] WLD-USD ep20: val_mse=0.031680  dir=0.500
2026-03-16 15:48:49 [INFO] [TFT] WLD-USD ep40: val_mse=0.028843  dir=0.477
2026-03-16 15:49:09 [INFO] [TFT] WLD-USD ep60: val_mse=0.023866  dir=0.500
2026-03-16 15:49:30 [INFO] [TFT] WLD-USD ep80: val_mse=0.023500  dir=0.500
2026-03-16 15:49:35 [INFO] [TFT] WLD-USD: early stop epoch 86  val_mse=0.021704  dir=0.500
2026-03-16 15:49:36 [INFO] [TFT] WLD-USD: final val_mse=0.021704  dir_acc=0.523
2026-03-16 15:49:36 [INFO] [TFT] WLD-USD: saved \u2192 C:\Users\yalil\OneDrive\Desktop\AI-projects\quantitivestocks\models\crypto\WLD-USD_tft_swing.pt  (dir_acc=0.523)
2026-03-16 15:49:36 [INFO] === Training swing XGBoost for ENA-USD ===
2026-03-16 15:49:36 [INFO] Auto-split mode: will train on second half (newer data), backtest first half.
2026-03-16 15:49:36 [INFO] Fetching 1000 daily bars for ENA-USD...
2026-03-16 15:49:36 [INFO] Got 714 bars.
2026-03-16 15:49:36 [INFO] Fetching SPY bars for relative momentum...
2026-03-16 15:49:36 [INFO] Got 1000 SPY bars.
2026-03-16 15:49:36 [INFO] Got 727 VIX rows.
2026-03-16 15:49:36 [INFO] Auto-split at midpoint (2025-03-25): training on 357 bars (second half).
2026-03-16 15:49:42 [INFO] Fetched 715 rows of sector breadth data.
2026-03-16 15:49:42 [INFO] Built 105 feature rows for ENA-USD.
2026-03-16 15:49:42 [INFO] Label Winsorization: clipped to [-0.2791, 0.2084] (1st/99th pctile)
2026-03-16 15:49:42 [INFO] Labeled 95 samples. Mean fwd return: -8.4864%
2026-03-16 15:49:42 [INFO] Train: 76, Val: 19.
2026-03-16 15:49:42 [INFO] Val RMSE: 0.111241 | Direction accuracy: 0.632
2026-03-16 15:49:42 [INFO] Top 10 features: beta_smb=0.252, breakeven_inflation_5y=0.162, btc_drawdown=0.108, beta_hml=0.102, iv_rv_spread=0.066, smallcap_rotation=0.054, btc_ret5=0.047, vvix_level=0.035, rel_momentum_vs_spy_63=0.035, iv_rv_zscore=0.021
2026-03-16 15:49:42 [INFO] Feature importances saved \u2192 C:\Users\yalil\OneDrive\Desktop\AI-projects\quantitivestocks\models\crypto\ENA-USD_xgb_swing_importance.json
2026-03-16 15:49:42 [WARNING] [Feature Stability] ENA-USD: 'ret5' rank shifted by 60 (was #21, now #81)
2026-03-16 15:49:42 [WARNING] [Feature Stability] ENA-USD: 'rsi14' rank shifted by 48 (was #32, now #80)
2026-03-16 15:49:42 [WARNING] [Feature Stability] ENA-USD: 'macd_hist_norm' rank shifted by 59 (was #71, now #12)
2026-03-16 15:49:42 [WARNING] [Feature Stability] ENA-USD: 'vol_regime' rank shifted by 51 (was #72, now #21)
2026-03-16 15:49:42 [WARNING] [Feature Stability] ENA-USD: 'vix_pctrank' rank shifted by 49 (was #29, now #78)
2026-03-16 15:49:42 [WARNING] [Feature Stability] ENA-USD: 'dv_accel' rank shifted by 23 (was #60, now #37)
2026-03-16 15:49:42 [WARNING] [Feature Stability] ENA-USD: 'polymarket_btc_bullish' rank shifted by 15 (was #68, now #53)
2026-03-16 15:49:42 [WARNING] [Feature Stability] ENA-USD: 'treasury_slope' rank shifted by 12 (was #8, now #20)
2026-03-16 15:49:42 [WARNING] [Feature Stability] ENA-USD: 'pc_volume_ratio' rank shifted by 11 (was #44, now #55)
2026-03-16 15:49:42 [WARNING] [Feature Stability] ENA-USD: 'cboe_vix_term_ratio' rank shifted by 17 (was #12, now #29)
2026-03-16 15:49:42 [WARNING] [Feature Stability] ENA-USD: 'cboe_skew' rank shifted by 11 (was #48, now #59)
2026-03-16 15:49:42 [WARNING] [Feature Stability] ENA-USD: 'credit_spread_zscore' rank shifted by 27 (was #33, now #60)
2026-03-16 15:49:42 [WARNING] [Feature Stability] ENA-USD: 'risk_appetite_ratio' rank shifted by 14 (was #53, now #67)
2026-03-16 15:49:42 [WARNING] [Feature Stability] ENA-USD: 'risk_appetite_trend' rank shifted by 14 (was #52, now #66)
2026-03-16 15:49:42 [WARNING] [Feature Stability] ENA-USD: 'yield_curve_3m10y' rank shifted by 15 (was #50, now #65)
2026-03-16 15:49:42 [WARNING] [Feature Stability] ENA-USD: 'real_yield_10y' rank shifted by 24 (was #40, now #64)
2026-03-16 15:49:42 [WARNING] [Feature Stability] ENA-USD: 'beta_smb' rank shifted by 55 (was #56, now #1)
2026-03-16 15:49:42 [WARNING] [Feature Stability] ENA-USD: 'day_of_week' rank shifted by 11 (was #31, now #42)
2026-03-16 15:49:42 [WARNING] [Feature Stability] ENA-USD: 'month_sin' rank shifted by 26 (was #39, now #13)
2026-03-16 15:49:42 [WARNING] [Feature Stability] ENA-USD: 'month_cos' rank shifted by 26 (was #14, now #40)
2026-03-16 15:49:42 [INFO] Saved swing XGBoost \u2192 C:\Users\yalil\OneDrive\Desktop\AI-projects\quantitivestocks\models\crypto\ENA-USD_xgb_swing.joblib (dir_acc=0.632)
2026-03-16 15:49:42 [INFO] [TFT] ENA-USD: 60 train / 15 val seqs, 83 features
2026-03-16 15:49:49 [INFO] [TFT] ENA-USD ep20: val_mse=0.009046  dir=0.467
2026-03-16 15:49:54 [INFO] [TFT] ENA-USD: early stop epoch 34  val_mse=0.008525  dir=0.467
2026-03-16 15:49:55 [INFO] [TFT] ENA-USD: final val_mse=0.008525  dir_acc=0.467
2026-03-16 15:49:55 [WARNING] [TFT] ENA-USD: dir_acc=0.467 < 0.50 — discarding TFT, XGBoost-only for this symbol.
2026-03-16 15:49:55 [INFO] === Training swing XGBoost for QNT-USD ===
2026-03-16 15:49:55 [INFO] Auto-split mode: will train on second half (newer data), backtest first half.
2026-03-16 15:49:55 [INFO] Fetching 1000 daily bars for QNT-USD...
2026-03-16 15:49:55 [INFO] Got 1000 bars.
2026-03-16 15:49:55 [INFO] Fetching SPY bars for relative momentum...
2026-03-16 15:49:55 [INFO] Got 1000 SPY bars.
2026-03-16 15:49:55 [INFO] Got 727 VIX rows.
2026-03-16 15:49:55 [INFO] Auto-split at midpoint (2024-11-02): training on 500 bars (second half).
2026-03-16 15:50:01 [INFO] Fetched 930 rows of sector breadth data.
2026-03-16 15:50:02 [INFO] Built 246 feature rows for QNT-USD.
2026-03-16 15:50:02 [INFO] Label Winsorization: clipped to [-0.1987, 0.2852] (1st/99th pctile)
2026-03-16 15:50:02 [INFO] Labeled 236 samples. Mean fwd return: -2.1035%
2026-03-16 15:50:02 [INFO] Train: 188, Val: 48.
2026-03-16 15:50:02 [INFO] Val RMSE: 0.087556 | Direction accuracy: 0.604
2026-03-16 15:50:02 [INFO] Top 10 features: rsi14=0.091, bb_pct_b=0.053, okx_long_short_ratio=0.046, ret63=0.037, yield_curve_3m10y=0.037, fed_funds_rate=0.033, okx_ls_zscore=0.032, bb_bandwidth=0.031, ret252=0.029, cboe_vix9d_ratio=0.028
2026-03-16 15:50:02 [INFO] Feature importances saved \u2192 C:\Users\yalil\OneDrive\Desktop\AI-projects\quantitivestocks\models\crypto\QNT-USD_xgb_swing_importance.json
2026-03-16 15:50:02 [WARNING] [Feature Stability] QNT-USD: Spearman rank correlation = 0.690 (< 0.70 threshold)
2026-03-16 15:50:02 [WARNING] [Feature Stability] QNT-USD: 'ret21' rank shifted by 43 (was #8, now #51)
2026-03-16 15:50:02 [WARNING] [Feature Stability] QNT-USD: 'ret5' rank shifted by 34 (was #21, now #55)
2026-03-16 15:50:02 [WARNING] [Feature Stability] QNT-USD: 'rel_momentum_vs_spy_63' rank shifted by 18 (was #74, now #56)
2026-03-16 15:50:02 [WARNING] [Feature Stability] QNT-USD: 'rel_momentum_vs_spy_252' rank shifted by 11 (was #34, now #23)
2026-03-16 15:50:02 [WARNING] [Feature Stability] QNT-USD: 'adx' rank shifted by 18 (was #9, now #27)
2026-03-16 15:50:02 [WARNING] [Feature Stability] QNT-USD: 'bb_pct_b' rank shifted by 34 (was #36, now #2)
2026-03-16 15:50:02 [WARNING] [Feature Stability] QNT-USD: 'bb_bandwidth' rank shifted by 17 (was #25, now #8)
2026-03-16 15:50:02 [WARNING] [Feature Stability] QNT-USD: 'momentum_quality' rank shifted by 59 (was #23, now #82)
2026-03-16 15:50:02 [WARNING] [Feature Stability] QNT-USD: 'vol_regime' rank shifted by 13 (was #29, now #42)
2026-03-16 15:50:02 [WARNING] [Feature Stability] QNT-USD: 'vix_pctrank' rank shifted by 19 (was #7, now #26)
2026-03-16 15:50:02 [WARNING] [Feature Stability] QNT-USD: 'spy_above_sma200' rank shifted by 12 (was #68, now #80)
2026-03-16 15:50:02 [WARNING] [Feature Stability] QNT-USD: 'vix_regime' rank shifted by 15 (was #33, now #48)
2026-03-16 15:50:02 [WARNING] [Feature Stability] QNT-USD: 'vix_zscore' rank shifted by 37 (was #4, now #41)
2026-03-16 15:50:02 [WARNING] [Feature Stability] QNT-USD: 'sector_etf_rel_spy_21' rank shifted by 32 (was #69, now #37)
2026-03-16 15:50:02 [WARNING] [Feature Stability] QNT-USD: 'btc_sma200_flag' rank shifted by 11 (was #70, now #81)
2026-03-16 15:50:02 [WARNING] [Feature Stability] QNT-USD: 'okx_long_short_ratio' rank shifted by 16 (was #19, now #3)
2026-03-16 15:50:02 [WARNING] [Feature Stability] QNT-USD: 'fear_greed_index' rank shifted by 14 (was #72, now #58)
2026-03-16 15:50:02 [WARNING] [Feature Stability] QNT-USD: 'fear_greed_zscore' rank shifted by 13 (was #51, now #38)
2026-03-16 15:50:02 [WARNING] [Feature Stability] QNT-USD: 'treasury_slope' rank shifted by 51 (was #67, now #16)
2026-03-16 15:50:02 [WARNING] [Feature Stability] QNT-USD: 'pc_volume_ratio' rank shifted by 11 (was #60, now #71)
2026-03-16 15:50:02 [WARNING] [Feature Stability] QNT-USD: 'cboe_vix_term_ratio' rank shifted by 31 (was #44, now #75)
2026-03-16 15:50:02 [WARNING] [Feature Stability] QNT-USD: 'cboe_vix_percentile' rank shifted by 21 (was #35, now #14)
2026-03-16 15:50:02 [WARNING] [Feature Stability] QNT-USD: 'credit_spread' rank shifted by 29 (was #45, now #74)
2026-03-16 15:50:02 [WARNING] [Feature Stability] QNT-USD: 'credit_spread_chg5' rank shifted by 13 (was #39, now #52)
2026-03-16 15:50:02 [WARNING] [Feature Stability] QNT-USD: 'risk_appetite_ratio' rank shifted by 24 (was #11, now #35)
2026-03-16 15:50:02 [WARNING] [Feature Stability] QNT-USD: 'risk_appetite_trend' rank shifted by 15 (was #30, now #45)
2026-03-16 15:50:02 [WARNING] [Feature Stability] QNT-USD: 'smallcap_rotation' rank shifted by 15 (was #28, now #13)
2026-03-16 15:50:02 [WARNING] [Feature Stability] QNT-USD: 'breakeven_inflation_5y' rank shifted by 19 (was #46, now #65)
2026-03-16 15:50:02 [WARNING] [Feature Stability] QNT-USD: 'beta_mkt' rank shifted by 12 (was #22, now #34)
2026-03-16 15:50:02 [WARNING] [Feature Stability] QNT-USD: 'beta_hml' rank shifted by 22 (was #14, now #36)
2026-03-16 15:50:02 [WARNING] [Feature Stability] QNT-USD: 'beta_rmw' rank shifted by 27 (was #47, now #20)
2026-03-16 15:50:02 [WARNING] [Feature Stability] QNT-USD: 'beta_mom' rank shifted by 21 (was #10, now #31)
2026-03-16 15:50:02 [WARNING] [Feature Stability] QNT-USD: 'volume_zscore' rank shifted by 40 (was #37, now #77)
2026-03-16 15:50:02 [WARNING] [Feature Stability] QNT-USD: 'iv_rv_zscore' rank shifted by 27 (was #13, now #40)
2026-03-16 15:50:02 [WARNING] [Feature Stability] QNT-USD: 'vvix_level' rank shifted by 37 (was #52, now #15)
2026-03-16 15:50:02 [WARNING] [Feature Stability] QNT-USD: 'sector_breadth' rank shifted by 19 (was #40, now #59)
2026-03-16 15:50:02 [INFO] Saved swing XGBoost \u2192 C:\Users\yalil\OneDrive\Desktop\AI-projects\quantitivestocks\models\crypto\QNT-USD_xgb_swing.joblib (dir_acc=0.604)
2026-03-16 15:50:02 [INFO] [TFT] QNT-USD: 172 train / 44 val seqs, 83 features
2026-03-16 15:50:25 [INFO] [TFT] QNT-USD ep20: val_mse=0.082548  dir=0.568
2026-03-16 15:50:44 [INFO] [TFT] QNT-USD: early stop epoch 38  val_mse=0.072134  dir=0.591
2026-03-16 15:50:44 [INFO] [TFT] QNT-USD: final val_mse=0.072134  dir_acc=0.568
2026-03-16 15:50:44 [INFO] [TFT] QNT-USD: saved \u2192 C:\Users\yalil\OneDrive\Desktop\AI-projects\quantitivestocks\models\crypto\QNT-USD_tft_swing.pt  (dir_acc=0.568)
2026-03-16 15:50:45 [INFO] === Training swing XGBoost for ATOM-USD ===
2026-03-16 15:50:45 [INFO] Auto-split mode: will train on second half (newer data), backtest first half.
2026-03-16 15:50:45 [INFO] Fetching 1000 daily bars for ATOM-USD...
2026-03-16 15:50:45 [INFO] Got 1000 bars.
2026-03-16 15:50:45 [INFO] Fetching SPY bars for relative momentum...
2026-03-16 15:50:45 [INFO] Got 1000 SPY bars.
2026-03-16 15:50:45 [INFO] Got 727 VIX rows.
2026-03-16 15:50:45 [INFO] Auto-split at midpoint (2024-11-02): training on 500 bars (second half).
2026-03-16 15:50:50 [INFO] Fetched 930 rows of sector breadth data.
2026-03-16 15:50:50 [INFO] Built 246 feature rows for ATOM-USD.
2026-03-16 15:50:51 [INFO] Label Winsorization: clipped to [-0.2381, 0.2484] (1st/99th pctile)
2026-03-16 15:50:51 [INFO] Labeled 236 samples. Mean fwd return: -3.5328%
2026-03-16 15:50:51 [INFO] Train: 188, Val: 48.
2026-03-16 15:50:51 [INFO] Val RMSE: 0.113891 | Direction accuracy: 0.729
2026-03-16 15:50:51 [INFO] Top 10 features: breakeven_inflation_5y=0.066, treasury_slope=0.066, btc_trend_strength=0.059, ret252=0.040, ret63=0.038, macd_hist_norm=0.035, cboe_vix_percentile=0.031, smallcap_rotation=0.030, vol20=0.030, okx_long_short_ratio=0.028
2026-03-16 15:50:51 [INFO] Feature importances saved \u2192 C:\Users\yalil\OneDrive\Desktop\AI-projects\quantitivestocks\models\crypto\ATOM-USD_xgb_swing_importance.json
2026-03-16 15:50:51 [WARNING] [Feature Stability] ATOM-USD: Spearman rank correlation = 0.625 (< 0.70 threshold)
2026-03-16 15:50:51 [WARNING] [Feature Stability] ATOM-USD: 'ret21' rank shifted by 26 (was #27, now #53)
2026-03-16 15:50:51 [WARNING] [Feature Stability] ATOM-USD: 'ret5' rank shifted by 28 (was #40, now #12)
2026-03-16 15:50:51 [WARNING] [Feature Stability] ATOM-USD: 'rsi14' rank shifted by 28 (was #19, now #47)
2026-03-16 15:50:51 [WARNING] [Feature Stability] ATOM-USD: 'vol_regime' rank shifted by 50 (was #11, now #61)
2026-03-16 15:50:51 [WARNING] [Feature Stability] ATOM-USD: 'vix_pctrank' rank shifted by 53 (was #30, now #83)
2026-03-16 15:50:51 [WARNING] [Feature Stability] ATOM-USD: 'vix_regime' rank shifted by 18 (was #25, now #43)
2026-03-16 15:50:51 [WARNING] [Feature Stability] ATOM-USD: 'sector_etf_rel_spy_21' rank shifted by 19 (was #39, now #58)
2026-03-16 15:50:51 [WARNING] [Feature Stability] ATOM-USD: 'eth_btc_ratio_zscore' rank shifted by 29 (was #5, now #34)
2026-03-16 15:50:51 [WARNING] [Feature Stability] ATOM-USD: 'okx_long_short_ratio' rank shifted by 65 (was #75, now #10)
2026-03-16 15:50:51 [WARNING] [Feature Stability] ATOM-USD: 'fear_greed_index' rank shifted by 19 (was #26, now #45)
2026-03-16 15:50:51 [WARNING] [Feature Stability] ATOM-USD: 'fear_greed_zscore' rank shifted by 69 (was #3, now #72)
2026-03-16 15:50:51 [WARNING] [Feature Stability] ATOM-USD: 'pc_volume_ratio' rank shifted by 17 (was #62, now #79)
2026-03-16 15:50:51 [WARNING] [Feature Stability] ATOM-USD: 'pc_oi_ratio' rank shifted by 15 (was #63, now #78)
2026-03-16 15:50:51 [WARNING] [Feature Stability] ATOM-USD: 'cboe_vix_term_spread' rank shifted by 16 (was #59, now #75)
2026-03-16 15:50:51 [WARNING] [Feature Stability] ATOM-USD: 'cboe_vix_term_ratio' rank shifted by 18 (was #56, now #74)
2026-03-16 15:50:51 [WARNING] [Feature Stability] ATOM-USD: 'cboe_vix9d_ratio' rank shifted by 12 (was #64, now #76)
2026-03-16 15:50:51 [WARNING] [Feature Stability] ATOM-USD: 'cboe_vix_percentile' rank shifted by 58 (was #65, now #7)
2026-03-16 15:50:51 [WARNING] [Feature Stability] ATOM-USD: 'real_yield_10y' rank shifted by 45 (was #58, now #13)
2026-03-16 15:50:51 [WARNING] [Feature Stability] ATOM-USD: 'beta_mkt' rank shifted by 14 (was #13, now #27)
2026-03-16 15:50:51 [WARNING] [Feature Stability] ATOM-USD: 'beta_rmw' rank shifted by 38 (was #67, now #29)
2026-03-16 15:50:51 [WARNING] [Feature Stability] ATOM-USD: 'beta_cma' rank shifted by 17 (was #18, now #35)
2026-03-16 15:50:51 [WARNING] [Feature Stability] ATOM-USD: 'factor_momentum' rank shifted by 13 (was #42, now #55)
2026-03-16 15:50:51 [WARNING] [Feature Stability] ATOM-USD: 'iv_rv_zscore' rank shifted by 17 (was #31, now #48)
2026-03-16 15:50:51 [WARNING] [Feature Stability] ATOM-USD: 'day_of_week' rank shifted by 14 (was #52, now #38)
2026-03-16 15:50:51 [WARNING] [Feature Stability] ATOM-USD: 'sector_breadth' rank shifted by 30 (was #34, now #64)
2026-03-16 15:50:51 [WARNING] [Feature Stability] ATOM-USD: 'breadth_momentum' rank shifted by 30 (was #21, now #51)
2026-03-16 15:50:51 [INFO] Saved swing XGBoost \u2192 C:\Users\yalil\OneDrive\Desktop\AI-projects\quantitivestocks\models\crypto\ATOM-USD_xgb_swing.joblib (dir_acc=0.729)
2026-03-16 15:50:51 [INFO] [TFT] ATOM-USD: 172 train / 44 val seqs, 83 features
2026-03-16 15:51:12 [INFO] [TFT] ATOM-USD ep20: val_mse=0.044100  dir=0.614
2026-03-16 15:51:14 [INFO] [TFT] ATOM-USD: early stop epoch 22  val_mse=0.026809  dir=0.614
2026-03-16 15:51:14 [INFO] [TFT] ATOM-USD: final val_mse=0.026809  dir_acc=0.614
2026-03-16 15:51:14 [INFO] [TFT] ATOM-USD: saved \u2192 C:\Users\yalil\OneDrive\Desktop\AI-projects\quantitivestocks\models\crypto\ATOM-USD_tft_swing.pt  (dir_acc=0.614)
2026-03-16 15:51:14 [INFO] === Training swing XGBoost for RENDER-USD ===
2026-03-16 15:51:14 [INFO] Auto-split mode: will train on second half (newer data), backtest first half.
2026-03-16 15:51:14 [INFO] Fetching 1000 daily bars for RENDER-USD...
2026-03-16 15:51:14 [INFO] Got 1000 bars.
2026-03-16 15:51:14 [INFO] Fetching SPY bars for relative momentum...
2026-03-16 15:51:14 [INFO] Got 1000 SPY bars.
2026-03-16 15:51:15 [INFO] Got 727 VIX rows.
2026-03-16 15:51:15 [INFO] Auto-split at midpoint (2024-11-02): training on 500 bars (second half).
2026-03-16 15:51:20 [INFO] Fetched 930 rows of sector breadth data.
2026-03-16 15:51:20 [INFO] Built 246 feature rows for RENDER-USD.
2026-03-16 15:51:20 [INFO] Label Winsorization: clipped to [-0.3112, 0.7808] (1st/99th pctile)
2026-03-16 15:51:20 [INFO] Labeled 236 samples. Mean fwd return: -2.2288%
2026-03-16 15:51:20 [INFO] Train: 188, Val: 48.
2026-03-16 15:51:20 [INFO] Val RMSE: 0.174500 | Direction accuracy: 0.604
2026-03-16 15:51:20 [INFO] Top 10 features: rel_momentum_vs_spy_252=0.139, ret252=0.133, beta_hml=0.084, breakeven_inflation_5y=0.083, treasury_slope=0.082, smallcap_rotation=0.039, spy_trend_strength=0.026, beta_mom=0.024, ret5=0.023, sector_breadth=0.020
2026-03-16 15:51:20 [INFO] Feature importances saved \u2192 C:\Users\yalil\OneDrive\Desktop\AI-projects\quantitivestocks\models\crypto\RENDER-USD_xgb_swing_importance.json
2026-03-16 15:51:20 [WARNING] [Feature Stability] RENDER-USD: 'rel_momentum_vs_spy_63' rank shifted by 29 (was #74, now #45)
2026-03-16 15:51:20 [WARNING] [Feature Stability] RENDER-USD: 'rsi14' rank shifted by 13 (was #10, now #23)
2026-03-16 15:51:20 [WARNING] [Feature Stability] RENDER-USD: 'bb_pct_b' rank shifted by 19 (was #6, now #25)
2026-03-16 15:51:20 [WARNING] [Feature Stability] RENDER-USD: 'bb_bandwidth' rank shifted by 33 (was #73, now #40)
2026-03-16 15:51:20 [WARNING] [Feature Stability] RENDER-USD: 'vol_regime' rank shifted by 12 (was #35, now #47)
2026-03-16 15:51:20 [WARNING] [Feature Stability] RENDER-USD: 'vix_pctrank' rank shifted by 62 (was #20, now #82)
2026-03-16 15:51:20 [WARNING] [Feature Stability] RENDER-USD: 'vix_regime' rank shifted by 32 (was #45, now #77)
2026-03-16 15:51:20 [WARNING] [Feature Stability] RENDER-USD: 'sector_etf_rel_spy_21' rank shifted by 19 (was #23, now #42)
2026-03-16 15:51:20 [WARNING] [Feature Stability] RENDER-USD: 'okx_long_short_ratio' rank shifted by 11 (was #70, now #81)
2026-03-16 15:51:20 [WARNING] [Feature Stability] RENDER-USD: 'fear_greed_index' rank shifted by 48 (was #72, now #24)
2026-03-16 15:51:20 [WARNING] [Feature Stability] RENDER-USD: 'fear_greed_zscore' rank shifted by 13 (was #19, now #32)
2026-03-16 15:51:20 [WARNING] [Feature Stability] RENDER-USD: 'pc_volume_ratio' rank shifted by 11 (was #60, now #71)
2026-03-16 15:51:20 [WARNING] [Feature Stability] RENDER-USD: 'credit_spread' rank shifted by 34 (was #26, now #60)
2026-03-16 15:51:20 [WARNING] [Feature Stability] RENDER-USD: 'risk_appetite_trend' rank shifted by 17 (was #49, now #66)
2026-03-16 15:51:20 [WARNING] [Feature Stability] RENDER-USD: 'fed_funds_rate' rank shifted by 24 (was #41, now #65)
2026-03-16 15:51:20 [WARNING] [Feature Stability] RENDER-USD: 'beta_rmw' rank shifted by 29 (was #58, now #29)
2026-03-16 15:51:20 [WARNING] [Feature Stability] RENDER-USD: 'beta_cma' rank shifted by 15 (was #48, now #33)
2026-03-16 15:51:20 [WARNING] [Feature Stability] RENDER-USD: 'beta_mom' rank shifted by 39 (was #47, now #8)
2026-03-16 15:51:20 [WARNING] [Feature Stability] RENDER-USD: 'volume_zscore' rank shifted by 20 (was #43, now #63)
2026-03-16 15:51:20 [WARNING] [Feature Stability] RENDER-USD: 'iv_rv_spread' rank shifted by 32 (was #24, now #56)
2026-03-16 15:51:20 [WARNING] [Feature Stability] RENDER-USD: 'iv_rv_zscore' rank shifted by 13 (was #32, now #19)
2026-03-16 15:51:20 [WARNING] [Feature Stability] RENDER-USD: 'month_sin' rank shifted by 31 (was #27, now #58)
2026-03-16 15:51:20 [WARNING] [Feature Stability] RENDER-USD: 'sector_dispersion' rank shifted by 12 (was #51, now #39)
2026-03-16 15:51:20 [INFO] Saved swing XGBoost \u2192 C:\Users\yalil\OneDrive\Desktop\AI-projects\quantitivestocks\models\crypto\RENDER-USD_xgb_swing.joblib (dir_acc=0.604)
2026-03-16 15:51:20 [INFO] [TFT] RENDER-USD: 172 train / 44 val seqs, 83 features
2026-03-16 15:51:40 [INFO] [TFT] RENDER-USD ep20: val_mse=0.042674  dir=0.568
2026-03-16 15:51:41 [INFO] [TFT] RENDER-USD: early stop epoch 21  val_mse=0.025648  dir=0.568
2026-03-16 15:51:41 [INFO] [TFT] RENDER-USD: final val_mse=0.025648  dir_acc=0.455
2026-03-16 15:51:41 [WARNING] [TFT] RENDER-USD: dir_acc=0.455 < 0.50 — discarding TFT, XGBoost-only for this symbol.
2026-03-16 15:51:41 [INFO] === Training swing XGBoost for KAS-USD ===
2026-03-16 15:51:41 [INFO] Auto-split mode: will train on second half (newer data), backtest first half.
2026-03-16 15:51:41 [INFO] Fetching 1000 daily bars for KAS-USD...
2026-03-16 15:51:41 [INFO] Got 1000 bars.
2026-03-16 15:51:41 [INFO] Fetching SPY bars for relative momentum...
2026-03-16 15:51:41 [INFO] Got 1000 SPY bars.
2026-03-16 15:51:42 [INFO] Got 727 VIX rows.
2026-03-16 15:51:42 [INFO] Auto-split at midpoint (2024-11-02): training on 500 bars (second half).
2026-03-16 15:51:47 [INFO] Fetched 930 rows of sector breadth data.
2026-03-16 15:51:47 [INFO] Built 246 feature rows for KAS-USD.
2026-03-16 15:51:47 [INFO] Label Winsorization: clipped to [-0.3130, 0.4050] (1st/99th pctile)
2026-03-16 15:51:47 [INFO] Labeled 236 samples. Mean fwd return: -3.9467%
2026-03-16 15:51:47 [INFO] Train: 188, Val: 48.
2026-03-16 15:51:47 [INFO] Val RMSE: 0.095490 | Direction accuracy: 0.688
2026-03-16 15:51:47 [INFO] Top 10 features: rsi14=0.180, vpoc_distance=0.076, btc_trend_strength=0.062, cboe_vix_term_spread=0.053, ret63=0.052, momentum_quality=0.048, vol_regime=0.034, vol_resistance_strength=0.031, btc_drawdown=0.030, spy_trend_strength=0.027
2026-03-16 15:51:47 [INFO] Feature importances saved \u2192 C:\Users\yalil\OneDrive\Desktop\AI-projects\quantitivestocks\models\crypto\KAS-USD_xgb_swing_importance.json
2026-03-16 15:51:47 [WARNING] [Feature Stability] KAS-USD: Spearman rank correlation = 0.594 (< 0.70 threshold)
2026-03-16 15:51:47 [WARNING] [Feature Stability] KAS-USD: 'rel_momentum_vs_spy_252' rank shifted by 21 (was #19, now #40)
2026-03-16 15:51:47 [WARNING] [Feature Stability] KAS-USD: 'ibs' rank shifted by 25 (was #72, now #47)
2026-03-16 15:51:47 [WARNING] [Feature Stability] KAS-USD: 'adx' rank shifted by 11 (was #36, now #25)
2026-03-16 15:51:47 [WARNING] [Feature Stability] KAS-USD: 'bb_pct_b' rank shifted by 30 (was #16, now #46)
2026-03-16 15:51:47 [WARNING] [Feature Stability] KAS-USD: 'bb_bandwidth' rank shifted by 17 (was #41, now #24)
2026-03-16 15:51:47 [WARNING] [Feature Stability] KAS-USD: 'macd_hist_norm' rank shifted by 25 (was #11, now #36)
2026-03-16 15:51:47 [WARNING] [Feature Stability] KAS-USD: 'momentum_quality' rank shifted by 15 (was #21, now #6)
2026-03-16 15:51:47 [WARNING] [Feature Stability] KAS-USD: 'vix_regime' rank shifted by 69 (was #8, now #77)
2026-03-16 15:51:47 [WARNING] [Feature Stability] KAS-USD: 'sector_etf_rel_spy_21' rank shifted by 70 (was #9, now #79)
2026-03-16 15:51:47 [WARNING] [Feature Stability] KAS-USD: 'btc_realized_vol_30' rank shifted by 11 (was #69, now #80)
2026-03-16 15:51:47 [WARNING] [Feature Stability] KAS-USD: 'eth_btc_ratio_zscore' rank shifted by 63 (was #12, now #75)
2026-03-16 15:51:47 [WARNING] [Feature Stability] KAS-USD: 'fear_greed_index' rank shifted by 66 (was #2, now #68)
2026-03-16 15:51:47 [WARNING] [Feature Stability] KAS-USD: 'fear_greed_zscore' rank shifted by 30 (was #39, now #69)
2026-03-16 15:51:47 [WARNING] [Feature Stability] KAS-USD: 'cboe_vix_term_ratio' rank shifted by 20 (was #1, now #21)
2026-03-16 15:51:47 [WARNING] [Feature Stability] KAS-USD: 'cboe_vix9d_ratio' rank shifted by 38 (was #64, now #26)
2026-03-16 15:51:47 [WARNING] [Feature Stability] KAS-USD: 'cboe_vix_percentile' rank shifted by 30 (was #31, now #61)
2026-03-16 15:51:47 [WARNING] [Feature Stability] KAS-USD: 'credit_spread' rank shifted by 25 (was #59, now #34)
2026-03-16 15:51:47 [WARNING] [Feature Stability] KAS-USD: 'risk_appetite_ratio' rank shifted by 18 (was #23, now #41)
2026-03-16 15:51:47 [WARNING] [Feature Stability] KAS-USD: 'risk_appetite_trend' rank shifted by 24 (was #44, now #20)
2026-03-16 15:51:47 [WARNING] [Feature Stability] KAS-USD: 'beta_smb' rank shifted by 29 (was #52, now #23)
2026-03-16 15:51:47 [WARNING] [Feature Stability] KAS-USD: 'beta_hml' rank shifted by 24 (was #40, now #64)
2026-03-16 15:51:47 [WARNING] [Feature Stability] KAS-USD: 'beta_rmw' rank shifted by 28 (was #57, now #29)
2026-03-16 15:51:47 [WARNING] [Feature Stability] KAS-USD: 'beta_cma' rank shifted by 21 (was #37, now #16)
2026-03-16 15:51:47 [WARNING] [Feature Stability] KAS-USD: 'beta_mom' rank shifted by 41 (was #22, now #63)
2026-03-16 15:51:47 [WARNING] [Feature Stability] KAS-USD: 'correlation_regime' rank shifted by 14 (was #26, now #12)
2026-03-16 15:51:47 [INFO] Saved swing XGBoost \u2192 C:\Users\yalil\OneDrive\Desktop\AI-projects\quantitivestocks\models\crypto\KAS-USD_xgb_swing.joblib (dir_acc=0.688)
2026-03-16 15:51:47 [INFO] [TFT] KAS-USD: 172 train / 44 val seqs, 83 features
2026-03-16 15:52:08 [INFO] [TFT] KAS-USD ep20: val_mse=0.017536  dir=0.409
2026-03-16 15:52:28 [INFO] [TFT] KAS-USD ep40: val_mse=0.012962  dir=0.432
2026-03-16 15:52:47 [INFO] [TFT] KAS-USD ep60: val_mse=0.010910  dir=0.432
2026-03-16 15:53:10 [INFO] [TFT] KAS-USD ep80: val_mse=0.010515  dir=0.432
2026-03-16 15:53:16 [INFO] [TFT] KAS-USD: early stop epoch 85  val_mse=0.009582  dir=0.432
2026-03-16 15:53:16 [INFO] [TFT] KAS-USD: final val_mse=0.009582  dir_acc=0.432
2026-03-16 15:53:16 [WARNING] [TFT] KAS-USD: dir_acc=0.432 < 0.50 — discarding TFT, XGBoost-only for this symbol.
2026-03-16 15:53:16 [INFO] === Training swing XGBoost for ALGO-USD ===
2026-03-16 15:53:16 [INFO] Auto-split mode: will train on second half (newer data), backtest first half.
2026-03-16 15:53:16 [INFO] Fetching 1000 daily bars for ALGO-USD...
2026-03-16 15:53:16 [INFO] Got 1000 bars.
2026-03-16 15:53:16 [INFO] Fetching SPY bars for relative momentum...
2026-03-16 15:53:16 [INFO] Got 1000 SPY bars.
2026-03-16 15:53:16 [INFO] Got 727 VIX rows.
2026-03-16 15:53:16 [INFO] Auto-split at midpoint (2024-11-02): training on 500 bars (second half).
2026-03-16 15:53:22 [INFO] Fetched 930 rows of sector breadth data.
2026-03-16 15:53:22 [INFO] Built 246 feature rows for ALGO-USD.
2026-03-16 15:53:22 [INFO] Label Winsorization: clipped to [-0.2263, 0.1870] (1st/99th pctile)
2026-03-16 15:53:22 [INFO] Labeled 236 samples. Mean fwd return: -4.4656%
2026-03-16 15:53:22 [INFO] Train: 188, Val: 48.
2026-03-16 15:53:22 [INFO] Val RMSE: 0.079880 | Direction accuracy: 0.750
2026-03-16 15:53:22 [INFO] Top 10 features: btc_trend_strength=0.072, breakeven_inflation_5y=0.068, rel_momentum_vs_spy_252=0.062, month_sin=0.058, btc_ret21=0.055, macd_hist_norm=0.053, bb_pct_b=0.052, cboe_vix_term_ratio=0.051, vol_support_strength=0.049, btc_realized_vol_30=0.044
2026-03-16 15:53:22 [INFO] Feature importances saved \u2192 C:\Users\yalil\OneDrive\Desktop\AI-projects\quantitivestocks\models\crypto\ALGO-USD_xgb_swing_importance.json
2026-03-16 15:53:22 [WARNING] [Feature Stability] ALGO-USD: Spearman rank correlation = 0.367 (< 0.70 threshold)
2026-03-16 15:53:22 [WARNING] [Feature Stability] ALGO-USD: 'ret252' rank shifted by 42 (was #75, now #33)
2026-03-16 15:53:22 [WARNING] [Feature Stability] ALGO-USD: 'ret63' rank shifted by 50 (was #74, now #24)
2026-03-16 15:53:22 [WARNING] [Feature Stability] ALGO-USD: 'ret5' rank shifted by 25 (was #12, now #37)
2026-03-16 15:53:22 [WARNING] [Feature Stability] ALGO-USD: 'rel_momentum_vs_spy_63' rank shifted by 43 (was #39, now #82)
2026-03-16 15:53:22 [WARNING] [Feature Stability] ALGO-USD: 'ibs' rank shifted by 47 (was #36, now #83)
2026-03-16 15:53:22 [WARNING] [Feature Stability] ALGO-USD: 'adx' rank shifted by 39 (was #41, now #80)
2026-03-16 15:53:22 [WARNING] [Feature Stability] ALGO-USD: 'bb_bandwidth' rank shifted by 13 (was #33, now #20)
2026-03-16 15:53:22 [WARNING] [Feature Stability] ALGO-USD: 'momentum_quality' rank shifted by 73 (was #8, now #81)
2026-03-16 15:53:22 [WARNING] [Feature Stability] ALGO-USD: 'vix_pctrank' rank shifted by 74 (was #5, now #79)
2026-03-16 15:53:22 [WARNING] [Feature Stability] ALGO-USD: 'dv_accel' rank shifted by 11 (was #34, now #23)
2026-03-16 15:53:22 [WARNING] [Feature Stability] ALGO-USD: 'vix_regime' rank shifted by 63 (was #15, now #78)
2026-03-16 15:53:22 [WARNING] [Feature Stability] ALGO-USD: 'sector_etf_rel_spy_21' rank shifted by 12 (was #10, now #22)
2026-03-16 15:53:22 [WARNING] [Feature Stability] ALGO-USD: 'btc_realized_vol_30' rank shifted by 20 (was #30, now #10)
2026-03-16 15:53:22 [WARNING] [Feature Stability] ALGO-USD: 'eth_btc_ratio_zscore' rank shifted by 27 (was #67, now #40)
2026-03-16 15:53:22 [WARNING] [Feature Stability] ALGO-USD: 'okx_ls_zscore' rank shifted by 56 (was #18, now #74)
2026-03-16 15:53:22 [WARNING] [Feature Stability] ALGO-USD: 'fear_greed_zscore' rank shifted by 20 (was #72, now #52)
2026-03-16 15:53:22 [WARNING] [Feature Stability] ALGO-USD: 'polymarket_btc_bullish' rank shifted by 20 (was #73, now #53)
2026-03-16 15:53:22 [WARNING] [Feature Stability] ALGO-USD: 'treasury_slope' rank shifted by 14 (was #68, now #54)
2026-03-16 15:53:22 [WARNING] [Feature Stability] ALGO-USD: 'cboe_vix_term_spread' rank shifted by 24 (was #35, now #59)
2026-03-16 15:53:22 [WARNING] [Feature Stability] ALGO-USD: 'cboe_vix9d_ratio' rank shifted by 33 (was #64, now #31)
2026-03-16 15:53:22 [WARNING] [Feature Stability] ALGO-USD: 'cboe_vix_percentile' rank shifted by 11 (was #51, now #62)
2026-03-16 15:53:22 [WARNING] [Feature Stability] ALGO-USD: 'credit_spread' rank shifted by 18 (was #42, now #60)
2026-03-16 15:53:22 [WARNING] [Feature Stability] ALGO-USD: 'credit_spread_chg5' rank shifted by 21 (was #40, now #61)
2026-03-16 15:53:22 [WARNING] [Feature Stability] ALGO-USD: 'credit_spread_zscore' rank shifted by 25 (was #50, now #25)
2026-03-16 15:53:22 [WARNING] [Feature Stability] ALGO-USD: 'risk_appetite_trend' rank shifted by 30 (was #37, now #67)
2026-03-16 15:53:22 [WARNING] [Feature Stability] ALGO-USD: 'yield_curve_3m10y' rank shifted by 55 (was #11, now #66)
2026-03-16 15:53:22 [WARNING] [Feature Stability] ALGO-USD: 'real_yield_10y' rank shifted by 29 (was #9, now #38)
2026-03-16 15:53:22 [WARNING] [Feature Stability] ALGO-USD: 'beta_mkt' rank shifted by 32 (was #43, now #11)
2026-03-16 15:53:22 [WARNING] [Feature Stability] ALGO-USD: 'beta_hml' rank shifted by 26 (was #24, now #50)
2026-03-16 15:53:22 [WARNING] [Feature Stability] ALGO-USD: 'beta_rmw' rank shifted by 21 (was #57, now #36)
2026-03-16 15:53:22 [WARNING] [Feature Stability] ALGO-USD: 'beta_mom' rank shifted by 40 (was #23, now #63)
2026-03-16 15:53:22 [WARNING] [Feature Stability] ALGO-USD: 'factor_momentum' rank shifted by 17 (was #52, now #69)
2026-03-16 15:53:22 [WARNING] [Feature Stability] ALGO-USD: 'equity_carry' rank shifted by 11 (was #53, now #64)
2026-03-16 15:53:22 [WARNING] [Feature Stability] ALGO-USD: 'volume_zscore' rank shifted by 14 (was #54, now #68)
2026-03-16 15:53:22 [WARNING] [Feature Stability] ALGO-USD: 'volume_spike' rank shifted by 14 (was #55, now #41)
2026-03-16 15:53:22 [WARNING] [Feature Stability] ALGO-USD: 'price_volume_divergence' rank shifted by 11 (was #56, now #45)
2026-03-16 15:53:22 [WARNING] [Feature Stability] ALGO-USD: 'volume_trend' rank shifted by 14 (was #13, now #27)
2026-03-16 15:53:22 [WARNING] [Feature Stability] ALGO-USD: 'iv_rv_zscore' rank shifted by 15 (was #28, now #43)
2026-03-16 15:53:22 [WARNING] [Feature Stability] ALGO-USD: 'month_sin' rank shifted by 43 (was #47, now #4)
2026-03-16 15:53:22 [WARNING] [Feature Stability] ALGO-USD: 'month_cos' rank shifted by 28 (was #20, now #48)
2026-03-16 15:53:22 [WARNING] [Feature Stability] ALGO-USD: 'sector_dispersion' rank shifted by 34 (was #48, now #14)
2026-03-16 15:53:22 [WARNING] [Feature Stability] ALGO-USD: 'breadth_momentum' rank shifted by 25 (was #19, now #44)
2026-03-16 15:53:22 [WARNING] [Feature Stability] ALGO-USD: 'correlation_regime' rank shifted by 11 (was #7, now #18)
2026-03-16 15:53:22 [INFO] Saved swing XGBoost \u2192 C:\Users\yalil\OneDrive\Desktop\AI-projects\quantitivestocks\models\crypto\ALGO-USD_xgb_swing.joblib (dir_acc=0.750)
2026-03-16 15:53:22 [INFO] [TFT] ALGO-USD: 172 train / 44 val seqs, 83 features
2026-03-16 15:53:44 [INFO] [TFT] ALGO-USD ep20: val_mse=0.014814  dir=0.182
2026-03-16 15:53:56 [INFO] [TFT] ALGO-USD: early stop epoch 30  val_mse=0.009262  dir=0.364
2026-03-16 15:53:56 [INFO] [TFT] ALGO-USD: final val_mse=0.009262  dir_acc=0.432
2026-03-16 15:53:56 [WARNING] [TFT] ALGO-USD: dir_acc=0.432 < 0.50 — discarding TFT, XGBoost-only for this symbol.
2026-03-16 15:53:56 [INFO] === Training swing XGBoost for FIL-USD ===
2026-03-16 15:53:56 [INFO] Auto-split mode: will train on second half (newer data), backtest first half.
2026-03-16 15:53:56 [INFO] Fetching 1000 daily bars for FIL-USD...
2026-03-16 15:53:56 [INFO] Got 1000 bars.
2026-03-16 15:53:56 [INFO] Fetching SPY bars for relative momentum...
2026-03-16 15:53:56 [INFO] Got 1000 SPY bars.
2026-03-16 15:53:56 [INFO] Got 727 VIX rows.
2026-03-16 15:53:56 [INFO] Auto-split at midpoint (2024-11-02): training on 500 bars (second half).
2026-03-16 15:54:02 [INFO] Fetched 930 rows of sector breadth data.
2026-03-16 15:54:02 [INFO] Built 246 feature rows for FIL-USD.
2026-03-16 15:54:02 [INFO] Label Winsorization: clipped to [-0.3648, 0.8002] (1st/99th pctile)
2026-03-16 15:54:02 [INFO] Labeled 236 samples. Mean fwd return: -3.2684%
2026-03-16 15:54:02 [INFO] Train: 188, Val: 48.
2026-03-16 15:54:02 [INFO] Val RMSE: 0.118063 | Direction accuracy: 0.854
2026-03-16 15:54:02 [INFO] Top 10 features: beta_mkt=0.110, macd_hist_norm=0.059, vol20=0.049, rsi14=0.046, beta_rmw=0.042, risk_appetite_ratio=0.038, factor_momentum=0.035, smallcap_rotation=0.035, spy_trend_strength=0.032, vol_regime=0.028
2026-03-16 15:54:02 [INFO] Feature importances saved \u2192 C:\Users\yalil\OneDrive\Desktop\AI-projects\quantitivestocks\models\crypto\FIL-USD_xgb_swing_importance.json
2026-03-16 15:54:02 [WARNING] [Feature Stability] FIL-USD: Spearman rank correlation = 0.663 (< 0.70 threshold)
2026-03-16 15:54:02 [WARNING] [Feature Stability] FIL-USD: 'ret252' rank shifted by 25 (was #75, now #50)
2026-03-16 15:54:02 [WARNING] [Feature Stability] FIL-USD: 'ret63' rank shifted by 12 (was #21, now #33)
2026-03-16 15:54:02 [WARNING] [Feature Stability] FIL-USD: 'ret5' rank shifted by 23 (was #74, now #51)
2026-03-16 15:54:02 [WARNING] [Feature Stability] FIL-USD: 'rel_momentum_vs_spy_252' rank shifted by 14 (was #34, now #48)
2026-03-16 15:54:02 [WARNING] [Feature Stability] FIL-USD: 'ibs' rank shifted by 43 (was #40, now #83)
2026-03-16 15:54:02 [WARNING] [Feature Stability] FIL-USD: 'vol20' rank shifted by 46 (was #49, now #3)
2026-03-16 15:54:02 [WARNING] [Feature Stability] FIL-USD: 'momentum_quality' rank shifted by 15 (was #30, now #45)
2026-03-16 15:54:02 [WARNING] [Feature Stability] FIL-USD: 'vol_regime' rank shifted by 40 (was #50, now #10)
2026-03-16 15:54:02 [WARNING] [Feature Stability] FIL-USD: 'vix_pctrank' rank shifted by 48 (was #73, now #25)
2026-03-16 15:54:02 [WARNING] [Feature Stability] FIL-USD: 'spy_above_sma200' rank shifted by 14 (was #68, now #82)
2026-03-16 15:54:02 [WARNING] [Feature Stability] FIL-USD: 'btc_sma200_flag' rank shifted by 12 (was #69, now #81)
2026-03-16 15:54:02 [WARNING] [Feature Stability] FIL-USD: 'btc_realized_vol_30' rank shifted by 20 (was #31, now #11)
2026-03-16 15:54:02 [WARNING] [Feature Stability] FIL-USD: 'okx_long_short_ratio' rank shifted by 14 (was #71, now #57)
2026-03-16 15:54:02 [WARNING] [Feature Stability] FIL-USD: 'fear_greed_zscore' rank shifted by 44 (was #25, now #69)
2026-03-16 15:54:02 [WARNING] [Feature Stability] FIL-USD: 'pc_volume_ratio' rank shifted by 11 (was #60, now #71)
2026-03-16 15:54:02 [WARNING] [Feature Stability] FIL-USD: 'pc_oi_ratio' rank shifted by 12 (was #61, now #73)
2026-03-16 15:54:02 [WARNING] [Feature Stability] FIL-USD: 'vix_term_inverted' rank shifted by 11 (was #63, now #74)
2026-03-16 15:54:02 [WARNING] [Feature Stability] FIL-USD: 'cboe_vix_term_spread' rank shifted by 27 (was #48, now #75)
2026-03-16 15:54:02 [WARNING] [Feature Stability] FIL-USD: 'cboe_vix_term_ratio' rank shifted by 13 (was #64, now #77)
2026-03-16 15:54:02 [WARNING] [Feature Stability] FIL-USD: 'cboe_vix_percentile' rank shifted by 35 (was #65, now #30)
2026-03-16 15:54:02 [WARNING] [Feature Stability] FIL-USD: 'credit_spread' rank shifted by 52 (was #24, now #76)
2026-03-16 15:54:02 [WARNING] [Feature Stability] FIL-USD: 'credit_spread_zscore' rank shifted by 18 (was #38, now #56)
2026-03-16 15:54:02 [WARNING] [Feature Stability] FIL-USD: 'smallcap_rotation' rank shifted by 31 (was #39, now #8)
2026-03-16 15:54:02 [WARNING] [Feature Stability] FIL-USD: 'real_yield_10y' rank shifted by 11 (was #67, now #78)
2026-03-16 15:54:02 [WARNING] [Feature Stability] FIL-USD: 'fed_funds_rate' rank shifted by 38 (was #56, now #18)
2026-03-16 15:54:02 [WARNING] [Feature Stability] FIL-USD: 'beta_smb' rank shifted by 30 (was #8, now #38)
2026-03-16 15:54:02 [WARNING] [Feature Stability] FIL-USD: 'beta_hml' rank shifted by 14 (was #27, now #13)
2026-03-16 15:54:02 [WARNING] [Feature Stability] FIL-USD: 'beta_cma' rank shifted by 23 (was #57, now #80)
2026-03-16 15:54:02 [WARNING] [Feature Stability] FIL-USD: 'equity_carry' rank shifted by 24 (was #55, now #79)
2026-03-16 15:54:02 [WARNING] [Feature Stability] FIL-USD: 'volume_zscore' rank shifted by 13 (was #54, now #67)
2026-03-16 15:54:02 [WARNING] [Feature Stability] FIL-USD: 'volume_trend' rank shifted by 46 (was #12, now #58)
2026-03-16 15:54:02 [WARNING] [Feature Stability] FIL-USD: 'iv_rv_spread' rank shifted by 26 (was #11, now #37)
2026-03-16 15:54:02 [WARNING] [Feature Stability] FIL-USD: 'vvix_level' rank shifted by 17 (was #46, now #29)
2026-03-16 15:54:02 [WARNING] [Feature Stability] FIL-USD: 'day_of_week' rank shifted by 11 (was #53, now #64)
2026-03-16 15:54:02 [WARNING] [Feature Stability] FIL-USD: 'turn_of_month' rank shifted by 11 (was #52, now #63)
2026-03-16 15:54:02 [WARNING] [Feature Stability] FIL-USD: 'month_sin' rank shifted by 14 (was #51, now #65)
2026-03-16 15:54:02 [WARNING] [Feature Stability] FIL-USD: 'fomc_proximity' rank shifted by 11 (was #4, now #15)
2026-03-16 15:54:02 [WARNING] [Feature Stability] FIL-USD: 'sector_breadth' rank shifted by 29 (was #20, now #49)
2026-03-16 15:54:02 [WARNING] [Feature Stability] FIL-USD: 'sector_dispersion' rank shifted by 14 (was #33, now #47)
2026-03-16 15:54:02 [WARNING] [Feature Stability] FIL-USD: 'correlation_regime' rank shifted by 26 (was #28, now #54)
2026-03-16 15:54:02 [INFO] Saved swing XGBoost \u2192 C:\Users\yalil\OneDrive\Desktop\AI-projects\quantitivestocks\models\crypto\FIL-USD_xgb_swing.joblib (dir_acc=0.854)
2026-03-16 15:54:02 [INFO] [TFT] FIL-USD: 172 train / 44 val seqs, 83 features
2026-03-16 15:54:24 [INFO] [TFT] FIL-USD ep20: val_mse=0.012802  dir=0.659
2026-03-16 15:54:46 [INFO] [TFT] FIL-USD ep40: val_mse=0.008978  dir=0.682
2026-03-16 15:55:06 [INFO] [TFT] FIL-USD ep60: val_mse=0.009216  dir=0.682
2026-03-16 15:55:18 [INFO] [TFT] FIL-USD: early stop epoch 72  val_mse=0.008549  dir=0.682
2026-03-16 15:55:18 [INFO] [TFT] FIL-USD: final val_mse=0.008549  dir_acc=0.682
2026-03-16 15:55:18 [INFO] [TFT] FIL-USD: saved \u2192 C:\Users\yalil\OneDrive\Desktop\AI-projects\quantitivestocks\models\crypto\FIL-USD_tft_swing.pt  (dir_acc=0.682)
2026-03-16 15:55:18 [INFO] === Training swing XGBoost for VET-USD ===
2026-03-16 15:55:18 [INFO] Auto-split mode: will train on second half (newer data), backtest first half.
2026-03-16 15:55:18 [INFO] Fetching 1000 daily bars for VET-USD...
2026-03-16 15:55:19 [INFO] Got 1000 bars.
2026-03-16 15:55:19 [INFO] Fetching SPY bars for relative momentum...
2026-03-16 15:55:19 [INFO] Got 1000 SPY bars.
2026-03-16 15:55:20 [INFO] Got 727 VIX rows.
2026-03-16 15:55:20 [INFO] Auto-split at midpoint (2024-11-02): training on 500 bars (second half).
2026-03-16 15:55:26 [INFO] Fetched 930 rows of sector breadth data.
2026-03-16 15:55:26 [INFO] Built 246 feature rows for VET-USD.
2026-03-16 15:55:26 [INFO] Label Winsorization: clipped to [-0.2688, 0.1542] (1st/99th pctile)
2026-03-16 15:55:26 [INFO] Labeled 236 samples. Mean fwd return: -4.9422%
2026-03-16 15:55:26 [INFO] Train: 188, Val: 48.
2026-03-16 15:55:26 [INFO] Val RMSE: 0.087849 | Direction accuracy: 0.812
2026-03-16 15:55:26 [INFO] Top 10 features: bb_pct_b=0.058, btc_trend_strength=0.057, eth_btc_ratio_zscore=0.055, vix_pctrank=0.050, btc_ret21=0.043, vix_zscore=0.033, iv_rv_spread=0.029, spy_trend_strength=0.029, btc_realized_vol_30=0.028, vol_support_strength=0.028
2026-03-16 15:55:26 [INFO] Feature importances saved \u2192 C:\Users\yalil\OneDrive\Desktop\AI-projects\quantitivestocks\models\crypto\VET-USD_xgb_swing_importance.json
2026-03-16 15:55:26 [WARNING] [Feature Stability] VET-USD: Spearman rank correlation = 0.634 (< 0.70 threshold)
2026-03-16 15:55:26 [WARNING] [Feature Stability] VET-USD: 'ret252' rank shifted by 11 (was #28, now #17)
2026-03-16 15:55:26 [WARNING] [Feature Stability] VET-USD: 'ret5' rank shifted by 16 (was #51, now #35)
2026-03-16 15:55:26 [WARNING] [Feature Stability] VET-USD: 'rel_momentum_vs_spy_252' rank shifted by 63 (was #19, now #82)
2026-03-16 15:55:26 [WARNING] [Feature Stability] VET-USD: 'ibs' rank shifted by 26 (was #74, now #48)
2026-03-16 15:55:26 [WARNING] [Feature Stability] VET-USD: 'bb_bandwidth' rank shifted by 52 (was #29, now #81)
2026-03-16 15:55:26 [WARNING] [Feature Stability] VET-USD: 'macd_hist_norm' rank shifted by 14 (was #5, now #19)
2026-03-16 15:55:26 [WARNING] [Feature Stability] VET-USD: 'momentum_quality' rank shifted by 31 (was #42, now #11)
2026-03-16 15:55:26 [WARNING] [Feature Stability] VET-USD: 'vol_regime' rank shifted by 19 (was #25, now #44)
2026-03-16 15:55:26 [WARNING] [Feature Stability] VET-USD: 'dv_accel' rank shifted by 12 (was #68, now #80)
2026-03-16 15:55:26 [WARNING] [Feature Stability] VET-USD: 'sector_etf_rel_spy_21' rank shifted by 21 (was #21, now #42)
2026-03-16 15:55:26 [WARNING] [Feature Stability] VET-USD: 'btc_drawdown' rank shifted by 49 (was #30, now #79)
2026-03-16 15:55:26 [WARNING] [Feature Stability] VET-USD: 'okx_long_short_ratio' rank shifted by 34 (was #71, now #37)
2026-03-16 15:55:26 [WARNING] [Feature Stability] VET-USD: 'fear_greed_index' rank shifted by 12 (was #72, now #60)
2026-03-16 15:55:26 [WARNING] [Feature Stability] VET-USD: 'fear_greed_zscore' rank shifted by 42 (was #17, now #59)
2026-03-16 15:55:26 [WARNING] [Feature Stability] VET-USD: 'treasury_slope' rank shifted by 13 (was #2, now #15)
2026-03-16 15:55:26 [WARNING] [Feature Stability] VET-USD: 'pc_volume_ratio' rank shifted by 11 (was #60, now #71)
2026-03-16 15:55:26 [WARNING] [Feature Stability] VET-USD: 'pc_oi_ratio' rank shifted by 12 (was #61, now #73)
2026-03-16 15:55:26 [WARNING] [Feature Stability] VET-USD: 'vix_term_inverted' rank shifted by 11 (was #63, now #74)
2026-03-16 15:55:26 [WARNING] [Feature Stability] VET-USD: 'cboe_vix_term_spread' rank shifted by 11 (was #64, now #75)
2026-03-16 15:55:26 [WARNING] [Feature Stability] VET-USD: 'cboe_vix_percentile' rank shifted by 62 (was #1, now #63)
2026-03-16 15:55:26 [WARNING] [Feature Stability] VET-USD: 'credit_spread' rank shifted by 14 (was #48, now #62)
2026-03-16 15:55:26 [WARNING] [Feature Stability] VET-USD: 'credit_spread_zscore' rank shifted by 33 (was #43, now #76)
2026-03-16 15:55:26 [WARNING] [Feature Stability] VET-USD: 'risk_appetite_ratio' rank shifted by 16 (was #15, now #31)
2026-03-16 15:55:26 [WARNING] [Feature Stability] VET-USD: 'risk_appetite_trend' rank shifted by 41 (was #26, now #67)
2026-03-16 15:55:26 [WARNING] [Feature Stability] VET-USD: 'smallcap_rotation' rank shifted by 12 (was #50, now #38)
2026-03-16 15:55:26 [WARNING] [Feature Stability] VET-USD: 'real_yield_10y' rank shifted by 27 (was #38, now #65)
2026-03-16 15:55:26 [WARNING] [Feature Stability] VET-USD: 'breakeven_inflation_5y' rank shifted by 16 (was #13, now #29)
2026-03-16 15:55:26 [WARNING] [Feature Stability] VET-USD: 'fed_funds_rate' rank shifted by 12 (was #18, now #30)
2026-03-16 15:55:26 [WARNING] [Feature Stability] VET-USD: 'beta_smb' rank shifted by 34 (was #67, now #33)
2026-03-16 15:55:26 [WARNING] [Feature Stability] VET-USD: 'beta_rmw' rank shifted by 13 (was #8, now #21)
2026-03-16 15:55:26 [WARNING] [Feature Stability] VET-USD: 'beta_cma' rank shifted by 17 (was #32, now #49)
2026-03-16 15:55:26 [WARNING] [Feature Stability] VET-USD: 'beta_mom' rank shifted by 34 (was #35, now #69)
2026-03-16 15:55:26 [WARNING] [Feature Stability] VET-USD: 'volume_zscore' rank shifted by 12 (was #56, now #68)
2026-03-16 15:55:26 [WARNING] [Feature Stability] VET-USD: 'volume_trend' rank shifted by 43 (was #11, now #54)
2026-03-16 15:55:26 [WARNING] [Feature Stability] VET-USD: 'vvix_level' rank shifted by 17 (was #49, now #32)
2026-03-16 15:55:26 [WARNING] [Feature Stability] VET-USD: 'day_of_week' rank shifted by 11 (was #47, now #58)
2026-03-16 15:55:26 [WARNING] [Feature Stability] VET-USD: 'breadth_momentum' rank shifted by 19 (was #37, now #18)
2026-03-16 15:55:26 [INFO] Saved swing XGBoost \u2192 C:\Users\yalil\OneDrive\Desktop\AI-projects\quantitivestocks\models\crypto\VET-USD_xgb_swing.joblib (dir_acc=0.812)
2026-03-16 15:55:26 [INFO] [TFT] VET-USD: 172 train / 44 val seqs, 83 features
2026-03-16 15:55:47 [INFO] [TFT] VET-USD ep20: val_mse=0.019060  dir=0.273
2026-03-16 15:56:08 [INFO] [TFT] VET-USD ep40: val_mse=0.018960  dir=0.295
2026-03-16 15:56:30 [INFO] [TFT] VET-USD ep60: val_mse=0.012805  dir=0.273
2026-03-16 15:56:45 [INFO] [TFT] VET-USD: early stop epoch 75  val_mse=0.012805  dir=0.250
2026-03-16 15:56:45 [INFO] [TFT] VET-USD: final val_mse=0.012805  dir_acc=0.273
2026-03-16 15:56:45 [WARNING] [TFT] VET-USD: dir_acc=0.273 < 0.50 — discarding TFT, XGBoost-only for this symbol.
2026-03-16 15:56:45 [INFO] === Training swing XGBoost for XDC-USD ===
2026-03-16 15:56:45 [INFO] Auto-split mode: will train on second half (newer data), backtest first half.
2026-03-16 15:56:45 [INFO] Fetching 1000 daily bars for XDC-USD...
2026-03-16 15:56:45 [INFO] Got 1000 bars.
2026-03-16 15:56:45 [INFO] Fetching SPY bars for relative momentum...
2026-03-16 15:56:45 [INFO] Got 1000 SPY bars.
2026-03-16 15:56:46 [INFO] Got 727 VIX rows.
2026-03-16 15:56:46 [INFO] Auto-split at midpoint (2024-11-02): training on 500 bars (second half).
2026-03-16 15:56:47 [WARNING] Cross-market fetch failed for dxy (DX-Y.NYB): 'chart'
2026-03-16 15:56:51 [INFO] Fetched 930 rows of sector breadth data.
2026-03-16 15:56:52 [INFO] Built 246 feature rows for XDC-USD.
2026-03-16 15:56:52 [INFO] Label Winsorization: clipped to [-0.2021, 0.1426] (1st/99th pctile)
2026-03-16 15:56:52 [INFO] Labeled 236 samples. Mean fwd return: -3.8295%
2026-03-16 15:56:52 [INFO] Train: 188, Val: 48.
2026-03-16 15:56:52 [INFO] Val RMSE: 0.060161 | Direction accuracy: 0.792
2026-03-16 15:56:52 [INFO] Top 10 features: vol_regime=0.080, momentum_quality=0.054, btc_ret5=0.054, smallcap_rotation=0.044, okx_ls_zscore=0.043, spy_trend_strength=0.039, risk_appetite_trend=0.039, btc_ret21=0.034, volume_trend=0.034, real_yield_10y=0.032
2026-03-16 15:56:52 [INFO] Feature importances saved \u2192 C:\Users\yalil\OneDrive\Desktop\AI-projects\quantitivestocks\models\crypto\XDC-USD_xgb_swing_importance.json
2026-03-16 15:56:52 [WARNING] [Feature Stability] XDC-USD: 'ret252' rank shifted by 18 (was #33, now #51)
2026-03-16 15:56:52 [WARNING] [Feature Stability] XDC-USD: 'rel_momentum_vs_spy_252' rank shifted by 22 (was #74, now #52)
2026-03-16 15:56:52 [WARNING] [Feature Stability] XDC-USD: 'vol20' rank shifted by 22 (was #35, now #13)
2026-03-16 15:56:52 [WARNING] [Feature Stability] XDC-USD: 'bb_bandwidth' rank shifted by 30 (was #73, now #43)
2026-03-16 15:56:52 [WARNING] [Feature Stability] XDC-USD: 'vix_pctrank' rank shifted by 12 (was #70, now #82)
2026-03-16 15:56:52 [WARNING] [Feature Stability] XDC-USD: 'dv_accel' rank shifted by 19 (was #68, now #49)
2026-03-16 15:56:52 [WARNING] [Feature Stability] XDC-USD: 'vix_regime' rank shifted by 13 (was #41, now #54)
2026-03-16 15:56:52 [WARNING] [Feature Stability] XDC-USD: 'sector_etf_rel_spy_21' rank shifted by 24 (was #14, now #38)
2026-03-16 15:56:52 [WARNING] [Feature Stability] XDC-USD: 'btc_sma200_flag' rank shifted by 13 (was #66, now #79)
2026-03-16 15:56:52 [WARNING] [Feature Stability] XDC-USD: 'btc_drawdown' rank shifted by 33 (was #8, now #41)
2026-03-16 15:56:52 [WARNING] [Feature Stability] XDC-USD: 'eth_btc_ratio_zscore' rank shifted by 28 (was #39, now #11)
2026-03-16 15:56:52 [WARNING] [Feature Stability] XDC-USD: 'okx_long_short_ratio' rank shifted by 61 (was #17, now #78)
2026-03-16 15:56:52 [WARNING] [Feature Stability] XDC-USD: 'fear_greed_index' rank shifted by 28 (was #40, now #68)
2026-03-16 15:56:52 [WARNING] [Feature Stability] XDC-USD: 'pc_volume_ratio' rank shifted by 11 (was #60, now #71)
2026-03-16 15:56:52 [WARNING] [Feature Stability] XDC-USD: 'pc_oi_ratio' rank shifted by 12 (was #61, now #73)
2026-03-16 15:56:52 [WARNING] [Feature Stability] XDC-USD: 'vix_term_inverted' rank shifted by 11 (was #63, now #74)
2026-03-16 15:56:52 [WARNING] [Feature Stability] XDC-USD: 'cboe_vix_term_spread' rank shifted by 11 (was #64, now #75)
2026-03-16 15:56:52 [WARNING] [Feature Stability] XDC-USD: 'cboe_skew' rank shifted by 16 (was #11, now #27)
2026-03-16 15:56:52 [WARNING] [Feature Stability] XDC-USD: 'cboe_vix_percentile' rank shifted by 18 (was #58, now #76)
2026-03-16 15:56:52 [WARNING] [Feature Stability] XDC-USD: 'credit_spread' rank shifted by 21 (was #18, now #39)
2026-03-16 15:56:52 [WARNING] [Feature Stability] XDC-USD: 'yield_curve_3m10y' rank shifted by 16 (was #32, now #48)
2026-03-16 15:56:52 [WARNING] [Feature Stability] XDC-USD: 'real_yield_10y' rank shifted by 19 (was #29, now #10)
2026-03-16 15:56:52 [WARNING] [Feature Stability] XDC-USD: 'breakeven_inflation_5y' rank shifted by 25 (was #59, now #34)
2026-03-16 15:56:52 [WARNING] [Feature Stability] XDC-USD: 'fed_funds_rate' rank shifted by 11 (was #56, now #67)
2026-03-16 15:56:52 [WARNING] [Feature Stability] XDC-USD: 'beta_mkt' rank shifted by 24 (was #26, now #50)
2026-03-16 15:56:52 [WARNING] [Feature Stability] XDC-USD: 'beta_smb' rank shifted by 12 (was #13, now #25)
2026-03-16 15:56:52 [WARNING] [Feature Stability] XDC-USD: 'beta_hml' rank shifted by 15 (was #4, now #19)
2026-03-16 15:56:52 [WARNING] [Feature Stability] XDC-USD: 'beta_rmw' rank shifted by 31 (was #57, now #26)
2026-03-16 15:56:52 [WARNING] [Feature Stability] XDC-USD: 'beta_cma' rank shifted by 25 (was #21, now #46)
2026-03-16 15:56:52 [WARNING] [Feature Stability] XDC-USD: 'beta_mom' rank shifted by 56 (was #10, now #66)
2026-03-16 15:56:52 [WARNING] [Feature Stability] XDC-USD: 'factor_momentum' rank shifted by 35 (was #52, now #17)
2026-03-16 15:56:52 [WARNING] [Feature Stability] XDC-USD: 'equity_carry' rank shifted by 11 (was #53, now #64)
2026-03-16 15:56:52 [WARNING] [Feature Stability] XDC-USD: 'volume_zscore' rank shifted by 49 (was #16, now #65)
2026-03-16 15:56:52 [WARNING] [Feature Stability] XDC-USD: 'day_of_week' rank shifted by 20 (was #38, now #58)
2026-03-16 15:56:52 [WARNING] [Feature Stability] XDC-USD: 'turn_of_month' rank shifted by 14 (was #49, now #63)
2026-03-16 15:56:52 [WARNING] [Feature Stability] XDC-USD: 'breadth_momentum' rank shifted by 16 (was #43, now #59)
2026-03-16 15:56:52 [INFO] Saved swing XGBoost \u2192 C:\Users\yalil\OneDrive\Desktop\AI-projects\quantitivestocks\models\crypto\XDC-USD_xgb_swing.joblib (dir_acc=0.792)
2026-03-16 15:56:52 [INFO] [TFT] XDC-USD: 172 train / 44 val seqs, 83 features
2026-03-16 15:57:13 [INFO] [TFT] XDC-USD ep20: val_mse=0.008419  dir=0.614
2026-03-16 15:57:36 [INFO] [TFT] XDC-USD ep40: val_mse=0.005399  dir=0.636
2026-03-16 15:57:52 [INFO] [TFT] XDC-USD: early stop epoch 56  val_mse=0.005336  dir=0.773
2026-03-16 15:57:52 [INFO] [TFT] XDC-USD: final val_mse=0.005336  dir_acc=0.659
2026-03-16 15:57:52 [INFO] [TFT] XDC-USD: saved \u2192 C:\Users\yalil\OneDrive\Desktop\AI-projects\quantitivestocks\models\crypto\XDC-USD_tft_swing.pt  (dir_acc=0.659)
2026-03-16 15:57:52 [INFO] === Training swing XGBoost for FET-USD ===
2026-03-16 15:57:52 [INFO] Auto-split mode: will train on second half (newer data), backtest first half.
2026-03-16 15:57:52 [INFO] Fetching 1000 daily bars for FET-USD...
2026-03-16 15:57:52 [INFO] Got 1000 bars.
2026-03-16 15:57:52 [INFO] Fetching SPY bars for relative momentum...
2026-03-16 15:57:52 [INFO] Got 1000 SPY bars.
2026-03-16 15:57:53 [INFO] Got 727 VIX rows.
2026-03-16 15:57:53 [INFO] Auto-split at midpoint (2024-11-02): training on 500 bars (second half).
2026-03-16 15:57:59 [INFO] Fetched 930 rows of sector breadth data.
2026-03-16 15:57:59 [INFO] Built 246 feature rows for FET-USD.
2026-03-16 15:57:59 [INFO] Label Winsorization: clipped to [-0.5117, 0.4430] (1st/99th pctile)
2026-03-16 15:57:59 [INFO] Labeled 236 samples. Mean fwd return: -4.6518%
2026-03-16 15:57:59 [INFO] Train: 188, Val: 48.
2026-03-16 15:57:59 [INFO] Val RMSE: 0.153931 | Direction accuracy: 0.688
2026-03-16 15:57:59 [INFO] Top 10 features: volume_trend=0.100, beta_mom=0.071, rel_momentum_vs_spy_252=0.064, btc_ret21=0.064, risk_appetite_ratio=0.043, smallcap_rotation=0.043, macd_hist_norm=0.043, iv_rv_zscore=0.040, correlation_regime=0.037, ret252=0.035
2026-03-16 15:57:59 [INFO] Feature importances saved \u2192 C:\Users\yalil\OneDrive\Desktop\AI-projects\quantitivestocks\models\crypto\FET-USD_xgb_swing_importance.json
2026-03-16 15:57:59 [WARNING] [Feature Stability] FET-USD: Spearman rank correlation = 0.640 (< 0.70 threshold)
2026-03-16 15:57:59 [WARNING] [Feature Stability] FET-USD: 'ret63' rank shifted by 12 (was #29, now #41)
2026-03-16 15:57:59 [WARNING] [Feature Stability] FET-USD: 'ret21' rank shifted by 15 (was #40, now #25)
2026-03-16 15:57:59 [WARNING] [Feature Stability] FET-USD: 'ret5' rank shifted by 25 (was #75, now #50)
2026-03-16 15:57:59 [WARNING] [Feature Stability] FET-USD: 'rel_momentum_vs_spy_63' rank shifted by 28 (was #47, now #19)
2026-03-16 15:57:59 [WARNING] [Feature Stability] FET-USD: 'macd_hist_norm' rank shifted by 12 (was #19, now #7)
2026-03-16 15:57:59 [WARNING] [Feature Stability] FET-USD: 'momentum_quality' rank shifted by 60 (was #23, now #83)
2026-03-16 15:57:59 [WARNING] [Feature Stability] FET-USD: 'btc_realized_vol_30' rank shifted by 41 (was #38, now #79)
2026-03-16 15:57:59 [WARNING] [Feature Stability] FET-USD: 'btc_drawdown' rank shifted by 31 (was #44, now #75)
2026-03-16 15:57:59 [WARNING] [Feature Stability] FET-USD: 'okx_long_short_ratio' rank shifted by 71 (was #10, now #81)
2026-03-16 15:57:59 [WARNING] [Feature Stability] FET-USD: 'fear_greed_zscore' rank shifted by 12 (was #46, now #58)
2026-03-16 15:57:59 [WARNING] [Feature Stability] FET-USD: 'polymarket_btc_bullish' rank shifted by 15 (was #72, now #57)
2026-03-16 15:57:59 [WARNING] [Feature Stability] FET-USD: 'treasury_slope' rank shifted by 29 (was #41, now #70)
2026-03-16 15:57:59 [WARNING] [Feature Stability] FET-USD: 'pc_volume_ratio' rank shifted by 19 (was #52, now #71)
2026-03-16 15:57:59 [WARNING] [Feature Stability] FET-USD: 'pc_oi_ratio' rank shifted by 22 (was #51, now #73)
2026-03-16 15:57:59 [WARNING] [Feature Stability] FET-USD: 'vix_term_inverted' rank shifted by 11 (was #63, now #74)
2026-03-16 15:57:59 [WARNING] [Feature Stability] FET-USD: 'cboe_vix_term_ratio' rank shifted by 33 (was #65, now #32)
2026-03-16 15:57:59 [WARNING] [Feature Stability] FET-USD: 'risk_appetite_trend' rank shifted by 22 (was #68, now #46)
2026-03-16 15:57:59 [WARNING] [Feature Stability] FET-USD: 'yield_curve_3m10y' rank shifted by 11 (was #37, now #26)
2026-03-16 15:57:59 [WARNING] [Feature Stability] FET-USD: 'fed_funds_rate' rank shifted by 45 (was #57, now #12)
2026-03-16 15:57:59 [WARNING] [Feature Stability] FET-USD: 'beta_mkt' rank shifted by 12 (was #31, now #43)
2026-03-16 15:57:59 [WARNING] [Feature Stability] FET-USD: 'beta_smb' rank shifted by 12 (was #56, now #68)
2026-03-16 15:57:59 [WARNING] [Feature Stability] FET-USD: 'beta_rmw' rank shifted by 62 (was #3, now #65)
2026-03-16 15:57:59 [WARNING] [Feature Stability] FET-USD: 'beta_cma' rank shifted by 53 (was #16, now #69)
2026-03-16 15:57:59 [WARNING] [Feature Stability] FET-USD: 'factor_momentum' rank shifted by 21 (was #42, now #63)
2026-03-16 15:57:59 [WARNING] [Feature Stability] FET-USD: 'iv_rv_zscore' rank shifted by 13 (was #21, now #8)
2026-03-16 15:57:59 [WARNING] [Feature Stability] FET-USD: 'vvix_level' rank shifted by 40 (was #15, now #55)
2026-03-16 15:57:59 [WARNING] [Feature Stability] FET-USD: 'sector_breadth' rank shifted by 21 (was #18, now #39)
2026-03-16 15:57:59 [INFO] Saved swing XGBoost \u2192 C:\Users\yalil\OneDrive\Desktop\AI-projects\quantitivestocks\models\crypto\FET-USD_xgb_swing.joblib (dir_acc=0.688)
2026-03-16 15:57:59 [INFO] [TFT] FET-USD: 172 train / 44 val seqs, 83 features
2026-03-16 15:58:21 [INFO] [TFT] FET-USD ep20: val_mse=0.034736  dir=0.545
2026-03-16 15:58:42 [INFO] [TFT] FET-USD ep40: val_mse=0.024779  dir=0.614
2026-03-16 15:59:05 [INFO] [TFT] FET-USD ep60: val_mse=0.019838  dir=0.614
2026-03-16 15:59:28 [INFO] [TFT] FET-USD ep80: val_mse=0.018950  dir=0.614
2026-03-16 15:59:32 [INFO] [TFT] FET-USD: early stop epoch 84  val_mse=0.018075  dir=0.614
2026-03-16 15:59:32 [INFO] [TFT] FET-USD: final val_mse=0.018075  dir_acc=0.614
2026-03-16 15:59:32 [INFO] [TFT] FET-USD: saved \u2192 C:\Users\yalil\OneDrive\Desktop\AI-projects\quantitivestocks\models\crypto\FET-USD_tft_swing.pt  (dir_acc=0.614)
2026-03-16 15:59:32 [INFO] === Training swing XGBoost for VIRTUAL-USD ===
2026-03-16 15:59:32 [INFO] Auto-split mode: will train on second half (newer data), backtest first half.
2026-03-16 15:59:32 [INFO] Fetching 1000 daily bars for VIRTUAL-USD...
2026-03-16 15:59:33 [INFO] Got 761 bars.
2026-03-16 15:59:33 [INFO] Fetching SPY bars for relative momentum...
2026-03-16 15:59:33 [INFO] Got 1000 SPY bars.
2026-03-16 15:59:33 [INFO] Got 727 VIX rows.
2026-03-16 15:59:33 [INFO] Auto-split at midpoint (2025-03-01): training on 381 bars (second half).
2026-03-16 15:59:38 [INFO] Fetched 751 rows of sector breadth data.
2026-03-16 15:59:38 [INFO] Built 127 feature rows for VIRTUAL-USD.
2026-03-16 15:59:38 [INFO] Label Winsorization: clipped to [-0.3188, 0.6035] (1st/99th pctile)
2026-03-16 15:59:38 [INFO] Labeled 117 samples. Mean fwd return: -2.4626%
2026-03-16 15:59:38 [INFO] Train: 93, Val: 24.
2026-03-16 15:59:38 [INFO] Val RMSE: 0.127728 | Direction accuracy: 0.417
2026-03-16 15:59:38 [INFO] Top 10 features: breakeven_inflation_5y=0.167, rel_momentum_vs_spy_63=0.109, beta_mkt=0.101, ret63=0.078, btc_drawdown=0.076, macd_hist_norm=0.074, smallcap_rotation=0.055, beta_hml=0.054, cboe_vix_term_spread=0.041, iv_rv_spread=0.033
2026-03-16 15:59:38 [INFO] Feature importances saved \u2192 C:\Users\yalil\OneDrive\Desktop\AI-projects\quantitivestocks\models\crypto\VIRTUAL-USD_xgb_swing_importance.json
2026-03-16 15:59:38 [WARNING] [Feature Stability] VIRTUAL-USD: 'rel_momentum_vs_spy_252' rank shifted by 23 (was #59, now #82)
2026-03-16 15:59:38 [WARNING] [Feature Stability] VIRTUAL-USD: 'ibs' rank shifted by 28 (was #55, now #83)
2026-03-16 15:59:38 [WARNING] [Feature Stability] VIRTUAL-USD: 'adx' rank shifted by 20 (was #60, now #80)
2026-03-16 15:59:38 [WARNING] [Feature Stability] VIRTUAL-USD: 'bb_pct_b' rank shifted by 33 (was #48, now #81)
2026-03-16 15:59:38 [WARNING] [Feature Stability] VIRTUAL-USD: 'momentum_quality' rank shifted by 18 (was #61, now #79)
2026-03-16 15:59:38 [WARNING] [Feature Stability] VIRTUAL-USD: 'dv_accel' rank shifted by 41 (was #35, now #76)
2026-03-16 15:59:38 [WARNING] [Feature Stability] VIRTUAL-USD: 'spy_trend_strength' rank shifted by 36 (was #42, now #78)
2026-03-16 15:59:38 [WARNING] [Feature Stability] VIRTUAL-USD: 'vix_zscore' rank shifted by 54 (was #17, now #71)
2026-03-16 15:59:38 [WARNING] [Feature Stability] VIRTUAL-USD: 'okx_long_short_ratio' rank shifted by 24 (was #50, now #74)
2026-03-16 15:59:38 [WARNING] [Feature Stability] VIRTUAL-USD: 'fear_greed_index' rank shifted by 25 (was #29, now #54)
2026-03-16 15:59:38 [WARNING] [Feature Stability] VIRTUAL-USD: 'treasury_slope' rank shifted by 26 (was #44, now #70)
2026-03-16 15:59:38 [WARNING] [Feature Stability] VIRTUAL-USD: 'pc_volume_ratio' rank shifted by 13 (was #68, now #55)
2026-03-16 15:59:38 [WARNING] [Feature Stability] VIRTUAL-USD: 'pc_oi_ratio' rank shifted by 12 (was #69, now #57)
2026-03-16 15:59:38 [WARNING] [Feature Stability] VIRTUAL-USD: 'vix_term_ratio' rank shifted by 14 (was #70, now #56)
2026-03-16 15:59:38 [WARNING] [Feature Stability] VIRTUAL-USD: 'vix_term_inverted' rank shifted by 13 (was #71, now #58)
2026-03-16 15:59:38 [WARNING] [Feature Stability] VIRTUAL-USD: 'cboe_vix_term_ratio' rank shifted by 47 (was #12, now #59)
2026-03-16 15:59:38 [WARNING] [Feature Stability] VIRTUAL-USD: 'cboe_vix9d_ratio' rank shifted by 15 (was #46, now #61)
2026-03-16 15:59:38 [WARNING] [Feature Stability] VIRTUAL-USD: 'cboe_skew' rank shifted by 31 (was #31, now #62)
2026-03-16 15:59:38 [WARNING] [Feature Stability] VIRTUAL-USD: 'credit_spread' rank shifted by 13 (was #47, now #60)
2026-03-16 15:59:38 [WARNING] [Feature Stability] VIRTUAL-USD: 'credit_spread_chg5' rank shifted by 25 (was #52, now #27)
2026-03-16 15:59:38 [WARNING] [Feature Stability] VIRTUAL-USD: 'credit_spread_zscore' rank shifted by 14 (was #21, now #35)
2026-03-16 15:59:38 [WARNING] [Feature Stability] VIRTUAL-USD: 'risk_appetite_trend' rank shifted by 39 (was #28, now #67)
2026-03-16 15:59:38 [WARNING] [Feature Stability] VIRTUAL-USD: 'smallcap_rotation' rank shifted by 12 (was #19, now #7)
2026-03-16 15:59:38 [WARNING] [Feature Stability] VIRTUAL-USD: 'beta_rmw' rank shifted by 15 (was #49, now #64)
2026-03-16 15:59:38 [WARNING] [Feature Stability] VIRTUAL-USD: 'beta_cma' rank shifted by 23 (was #14, now #37)
2026-03-16 15:59:38 [WARNING] [Feature Stability] VIRTUAL-USD: 'factor_momentum' rank shifted by 28 (was #37, now #65)
2026-03-16 15:59:38 [WARNING] [Feature Stability] VIRTUAL-USD: 'volume_spike' rank shifted by 15 (was #67, now #52)
2026-03-16 15:59:38 [WARNING] [Feature Stability] VIRTUAL-USD: 'volume_trend' rank shifted by 12 (was #27, now #39)
2026-03-16 15:59:38 [WARNING] [Feature Stability] VIRTUAL-USD: 'turn_of_month' rank shifted by 17 (was #64, now #47)
2026-03-16 15:59:38 [WARNING] [Feature Stability] VIRTUAL-USD: 'month_sin' rank shifted by 21 (was #65, now #44)
2026-03-16 15:59:38 [WARNING] [Feature Stability] VIRTUAL-USD: 'month_cos' rank shifted by 17 (was #62, now #45)
2026-03-16 15:59:38 [WARNING] [Feature Stability] VIRTUAL-USD: 'breadth_momentum' rank shifted by 13 (was #63, now #50)
2026-03-16 15:59:38 [INFO] Saved swing XGBoost \u2192 C:\Users\yalil\OneDrive\Desktop\AI-projects\quantitivestocks\models\crypto\VIRTUAL-USD_xgb_swing.joblib (dir_acc=0.417)
2026-03-16 15:59:38 [INFO] [TFT] VIRTUAL-USD: 77 train / 20 val seqs, 83 features
2026-03-16 15:59:50 [INFO] [TFT] VIRTUAL-USD ep20: val_mse=0.008471  dir=0.650
2026-03-16 15:59:54 [INFO] [TFT] VIRTUAL-USD: early stop epoch 28  val_mse=0.005209  dir=0.500
2026-03-16 15:59:54 [INFO] [TFT] VIRTUAL-USD: final val_mse=0.005209  dir_acc=0.650
2026-03-16 15:59:54 [INFO] [TFT] VIRTUAL-USD: saved \u2192 C:\Users\yalil\OneDrive\Desktop\AI-projects\quantitivestocks\models\crypto\VIRTUAL-USD_tft_swing.pt  (dir_acc=0.650)
2026-03-16 15:59:54 [INFO] === Training swing XGBoost for CAKE-USD ===
2026-03-16 15:59:54 [INFO] Auto-split mode: will train on second half (newer data), backtest first half.
2026-03-16 15:59:54 [INFO] Fetching 1000 daily bars for CAKE-USD...
2026-03-16 15:59:54 [INFO] Got 1000 bars.
2026-03-16 15:59:54 [INFO] Fetching SPY bars for relative momentum...
2026-03-16 15:59:54 [INFO] Got 1000 SPY bars.
2026-03-16 15:59:55 [INFO] Got 727 VIX rows.
2026-03-16 15:59:55 [INFO] Auto-split at midpoint (2024-11-02): training on 500 bars (second half).
2026-03-16 16:00:01 [INFO] Fetched 930 rows of sector breadth data.
2026-03-16 16:00:01 [INFO] Built 246 feature rows for CAKE-USD.
2026-03-16 16:00:01 [INFO] Label Winsorization: clipped to [-0.2853, 0.4460] (1st/99th pctile)
2026-03-16 16:00:01 [INFO] Labeled 236 samples. Mean fwd return: -1.8816%
2026-03-16 16:00:01 [INFO] Train: 188, Val: 48.
2026-03-16 16:00:01 [INFO] Val RMSE: 0.111820 | Direction accuracy: 0.562
2026-03-16 16:00:01 [INFO] Top 10 features: month_sin=0.070, vol_regime=0.040, vol_resistance_strength=0.037, bb_bandwidth=0.035, beta_mkt=0.034, ret21=0.032, btc_drawdown=0.028, ret63=0.027, adx=0.027, bb_pct_b=0.025
2026-03-16 16:00:01 [INFO] Feature importances saved \u2192 C:\Users\yalil\OneDrive\Desktop\AI-projects\quantitivestocks\models\crypto\CAKE-USD_xgb_swing_importance.json
2026-03-16 16:00:01 [WARNING] [Feature Stability] CAKE-USD: 'ret5' rank shifted by 32 (was #27, now #59)
2026-03-16 16:00:01 [WARNING] [Feature Stability] CAKE-USD: 'rel_momentum_vs_spy_63' rank shifted by 25 (was #4, now #29)
2026-03-16 16:00:01 [WARNING] [Feature Stability] CAKE-USD: 'rel_momentum_vs_spy_252' rank shifted by 11 (was #47, now #58)
2026-03-16 16:00:01 [WARNING] [Feature Stability] CAKE-USD: 'macd_hist_norm' rank shifted by 39 (was #22, now #61)
2026-03-16 16:00:01 [WARNING] [Feature Stability] CAKE-USD: 'vix_pctrank' rank shifted by 39 (was #43, now #82)
2026-03-16 16:00:01 [WARNING] [Feature Stability] CAKE-USD: 'spy_above_sma200' rank shifted by 12 (was #68, now #80)
2026-03-16 16:00:01 [WARNING] [Feature Stability] CAKE-USD: 'vix_regime' rank shifted by 35 (was #69, now #34)
2026-03-16 16:00:01 [WARNING] [Feature Stability] CAKE-USD: 'btc_drawdown' rank shifted by 45 (was #52, now #7)
2026-03-16 16:00:01 [WARNING] [Feature Stability] CAKE-USD: 'okx_long_short_ratio' rank shifted by 26 (was #34, now #60)
2026-03-16 16:00:01 [WARNING] [Feature Stability] CAKE-USD: 'okx_ls_zscore' rank shifted by 15 (was #36, now #51)
2026-03-16 16:00:01 [WARNING] [Feature Stability] CAKE-USD: 'fear_greed_index' rank shifted by 16 (was #54, now #38)
2026-03-16 16:00:01 [WARNING] [Feature Stability] CAKE-USD: 'pc_volume_ratio' rank shifted by 11 (was #60, now #71)
2026-03-16 16:00:01 [WARNING] [Feature Stability] CAKE-USD: 'vix_term_ratio' rank shifted by 15 (was #62, now #77)
2026-03-16 16:00:01 [WARNING] [Feature Stability] CAKE-USD: 'cboe_vix_term_ratio' rank shifted by 15 (was #42, now #57)
2026-03-16 16:00:01 [WARNING] [Feature Stability] CAKE-USD: 'cboe_skew' rank shifted by 12 (was #35, now #47)
2026-03-16 16:00:01 [WARNING] [Feature Stability] CAKE-USD: 'credit_spread_chg5' rank shifted by 13 (was #41, now #54)
2026-03-16 16:00:01 [WARNING] [Feature Stability] CAKE-USD: 'credit_spread_zscore' rank shifted by 23 (was #65, now #42)
2026-03-16 16:00:01 [WARNING] [Feature Stability] CAKE-USD: 'breakeven_inflation_5y' rank shifted by 13 (was #37, now #24)
2026-03-16 16:00:01 [WARNING] [Feature Stability] CAKE-USD: 'fed_funds_rate' rank shifted by 14 (was #40, now #26)
2026-03-16 16:00:01 [WARNING] [Feature Stability] CAKE-USD: 'beta_mkt' rank shifted by 27 (was #32, now #5)
2026-03-16 16:00:01 [WARNING] [Feature Stability] CAKE-USD: 'beta_rmw' rank shifted by 31 (was #50, now #19)
2026-03-16 16:00:01 [WARNING] [Feature Stability] CAKE-USD: 'equity_carry' rank shifted by 19 (was #57, now #76)
2026-03-16 16:00:01 [WARNING] [Feature Stability] CAKE-USD: 'iv_rv_spread' rank shifted by 14 (was #3, now #17)
2026-03-16 16:00:01 [WARNING] [Feature Stability] CAKE-USD: 'iv_rv_zscore' rank shifted by 20 (was #16, now #36)
2026-03-16 16:00:01 [WARNING] [Feature Stability] CAKE-USD: 'turn_of_month' rank shifted by 42 (was #14, now #56)
2026-03-16 16:00:01 [WARNING] [Feature Stability] CAKE-USD: 'month_cos' rank shifted by 66 (was #1, now #67)
2026-03-16 16:00:01 [WARNING] [Feature Stability] CAKE-USD: 'sector_breadth' rank shifted by 33 (was #53, now #20)
2026-03-16 16:00:01 [WARNING] [Feature Stability] CAKE-USD: 'correlation_regime' rank shifted by 26 (was #17, now #43)
2026-03-16 16:00:01 [INFO] Saved swing XGBoost \u2192 C:\Users\yalil\OneDrive\Desktop\AI-projects\quantitivestocks\models\crypto\CAKE-USD_xgb_swing.joblib (dir_acc=0.562)
2026-03-16 16:00:01 [INFO] [TFT] CAKE-USD: 172 train / 44 val seqs, 83 features
2026-03-16 16:00:24 [INFO] [TFT] CAKE-USD ep20: val_mse=0.016504  dir=0.568
2026-03-16 16:00:36 [INFO] [TFT] CAKE-USD: early stop epoch 31  val_mse=0.014191  dir=0.568
2026-03-16 16:00:36 [INFO] [TFT] CAKE-USD: final val_mse=0.014191  dir_acc=0.523
2026-03-16 16:00:36 [INFO] [TFT] CAKE-USD: saved \u2192 C:\Users\yalil\OneDrive\Desktop\AI-projects\quantitivestocks\models\crypto\CAKE-USD_tft_swing.pt  (dir_acc=0.523)
2026-03-16 16:00:36 [INFO] === Training swing XGBoost for SEI-USD ===
2026-03-16 16:00:36 [INFO] Auto-split mode: will train on second half (newer data), backtest first half.
2026-03-16 16:00:36 [INFO] Fetching 1000 daily bars for SEI-USD...
2026-03-16 16:00:36 [INFO] Got 942 bars.
2026-03-16 16:00:36 [INFO] Fetching SPY bars for relative momentum...
2026-03-16 16:00:36 [INFO] Got 1000 SPY bars.
2026-03-16 16:00:36 [INFO] Got 727 VIX rows.
2026-03-16 16:00:36 [INFO] Auto-split at midpoint (2024-12-01): training on 471 bars (second half).
2026-03-16 16:00:38 [WARNING] FRED fetch failed for DFII10: 500 Server Error: Internal Server Error for url: https://api.stlouisfed.org/fred/series/observations?series_id=DFII10&observation_start=2024-10-02&observation_end=2026-03-16&file_type=json&sort_order=asc&api_key=5e06c25a712146a59c69804dc0cdec4c
2026-03-16 16:00:38 [WARNING] FRED fetch failed for T10Y2Y: 500 Server Error: Internal Server Error for url: https://api.stlouisfed.org/fred/series/observations?series_id=T10Y2Y&observation_start=2024-10-02&observation_end=2026-03-16&file_type=json&sort_order=asc&api_key=5e06c25a712146a59c69804dc0cdec4c
2026-03-16 16:00:41 [ERROR] FRED VIX fetch failed: 500 Server Error: Internal Server Error for url: https://api.stlouisfed.org/fred/series/observations?series_id=VIXCLS&observation_start=2024-07-23&observation_end=2026-03-16&file_type=json&sort_order=desc&limit=571&api_key=5e06c25a712146a59c69804dc0cdec4c
2026-03-16 16:00:42 [INFO] Fetched 886 rows of sector breadth data.
2026-03-16 16:00:42 [INFO] Built 218 feature rows for SEI-USD.
2026-03-16 16:00:42 [INFO] Label Winsorization: clipped to [-0.3188, 0.1870] (1st/99th pctile)
2026-03-16 16:00:42 [INFO] Labeled 208 samples. Mean fwd return: -6.7691%
2026-03-16 16:00:42 [INFO] Train: 166, Val: 42.
2026-03-16 16:00:42 [INFO] Val RMSE: 0.089623 | Direction accuracy: 0.857
2026-03-16 16:00:42 [INFO] Top 10 features: vol_support_strength=0.078, spy_trend_strength=0.071, volume_trend=0.048, beta_hml=0.046, vix_regime=0.042, btc_ret21=0.040, btc_drawdown=0.039, ret252=0.034, btc_trend_strength=0.033, beta_smb=0.031
2026-03-16 16:00:42 [INFO] Feature importances saved \u2192 C:\Users\yalil\OneDrive\Desktop\AI-projects\quantitivestocks\models\crypto\SEI-USD_xgb_swing_importance.json
2026-03-16 16:00:42 [WARNING] [Feature Stability] SEI-USD: Spearman rank correlation = 0.569 (< 0.70 threshold)
2026-03-16 16:00:42 [WARNING] [Feature Stability] SEI-USD: 'ret63' rank shifted by 21 (was #33, now #12)
2026-03-16 16:00:42 [WARNING] [Feature Stability] SEI-USD: 'rel_momentum_vs_spy_63' rank shifted by 73 (was #9, now #82)
2026-03-16 16:00:42 [WARNING] [Feature Stability] SEI-USD: 'rel_momentum_vs_spy_252' rank shifted by 11 (was #13, now #24)
2026-03-16 16:00:42 [WARNING] [Feature Stability] SEI-USD: 'rsi14' rank shifted by 16 (was #15, now #31)
2026-03-16 16:00:42 [WARNING] [Feature Stability] SEI-USD: 'vol20' rank shifted by 24 (was #72, now #48)
2026-03-16 16:00:42 [WARNING] [Feature Stability] SEI-USD: 'adx' rank shifted by 79 (was #1, now #80)
2026-03-16 16:00:42 [WARNING] [Feature Stability] SEI-USD: 'bb_pct_b' rank shifted by 15 (was #11, now #26)
2026-03-16 16:00:42 [WARNING] [Feature Stability] SEI-USD: 'vix_pctrank' rank shifted by 46 (was #74, now #28)
2026-03-16 16:00:42 [WARNING] [Feature Stability] SEI-USD: 'dv_accel' rank shifted by 29 (was #68, now #39)
2026-03-16 16:00:42 [WARNING] [Feature Stability] SEI-USD: 'vix_regime' rank shifted by 12 (was #17, now #5)
2026-03-16 16:00:42 [WARNING] [Feature Stability] SEI-USD: 'btc_sma200_flag' rank shifted by 44 (was #34, now #78)
2026-03-16 16:00:42 [WARNING] [Feature Stability] SEI-USD: 'okx_long_short_ratio' rank shifted by 53 (was #67, now #14)
2026-03-16 16:00:42 [WARNING] [Feature Stability] SEI-USD: 'pc_volume_ratio' rank shifted by 11 (was #60, now #71)
2026-03-16 16:00:42 [WARNING] [Feature Stability] SEI-USD: 'cboe_vix_term_spread' rank shifted by 60 (was #7, now #67)
2026-03-16 16:00:42 [WARNING] [Feature Stability] SEI-USD: 'cboe_skew' rank shifted by 13 (was #42, now #29)
2026-03-16 16:00:42 [WARNING] [Feature Stability] SEI-USD: 'credit_spread' rank shifted by 12 (was #37, now #25)
2026-03-16 16:00:42 [WARNING] [Feature Stability] SEI-USD: 'credit_spread_zscore' rank shifted by 11 (was #27, now #16)
2026-03-16 16:00:42 [WARNING] [Feature Stability] SEI-USD: 'risk_appetite_trend' rank shifted by 21 (was #26, now #47)
2026-03-16 16:00:42 [WARNING] [Feature Stability] SEI-USD: 'real_yield_10y' rank shifted by 18 (was #59, now #41)
2026-03-16 16:00:42 [WARNING] [Feature Stability] SEI-USD: 'breakeven_inflation_5y' rank shifted by 45 (was #21, now #66)
2026-03-16 16:00:42 [WARNING] [Feature Stability] SEI-USD: 'fed_funds_rate' rank shifted by 12 (was #56, now #44)
2026-03-16 16:00:42 [WARNING] [Feature Stability] SEI-USD: 'beta_smb' rank shifted by 21 (was #31, now #10)
2026-03-16 16:00:42 [WARNING] [Feature Stability] SEI-USD: 'beta_rmw' rank shifted by 23 (was #40, now #17)
2026-03-16 16:00:42 [WARNING] [Feature Stability] SEI-USD: 'beta_mom' rank shifted by 16 (was #30, now #46)
2026-03-16 16:00:42 [WARNING] [Feature Stability] SEI-USD: 'equity_carry' rank shifted by 11 (was #53, now #64)
2026-03-16 16:00:42 [WARNING] [Feature Stability] SEI-USD: 'volume_zscore' rank shifted by 13 (was #52, now #65)
2026-03-16 16:00:42 [WARNING] [Feature Stability] SEI-USD: 'iv_rv_spread' rank shifted by 23 (was #32, now #55)
2026-03-16 16:00:42 [WARNING] [Feature Stability] SEI-USD: 'iv_rv_zscore' rank shifted by 15 (was #44, now #59)
2026-03-16 16:00:42 [WARNING] [Feature Stability] SEI-USD: 'vvix_level' rank shifted by 14 (was #22, now #36)
2026-03-16 16:00:42 [WARNING] [Feature Stability] SEI-USD: 'day_of_week' rank shifted by 13 (was #45, now #58)
2026-03-16 16:00:42 [WARNING] [Feature Stability] SEI-USD: 'turn_of_month' rank shifted by 11 (was #46, now #57)
2026-03-16 16:00:42 [WARNING] [Feature Stability] SEI-USD: 'fomc_proximity' rank shifted by 53 (was #8, now #61)
2026-03-16 16:00:42 [WARNING] [Feature Stability] SEI-USD: 'sector_breadth' rank shifted by 12 (was #48, now #60)
2026-03-16 16:00:42 [INFO] Saved swing XGBoost \u2192 C:\Users\yalil\OneDrive\Desktop\AI-projects\quantitivestocks\models\crypto\SEI-USD_xgb_swing.joblib (dir_acc=0.857)
2026-03-16 16:00:42 [INFO] [TFT] SEI-USD: 150 train / 38 val seqs, 83 features
2026-03-16 16:01:01 [INFO] [TFT] SEI-USD ep20: val_mse=0.026078  dir=0.842
2026-03-16 16:01:20 [INFO] [TFT] SEI-USD ep40: val_mse=0.018070  dir=0.842
2026-03-16 16:01:38 [INFO] [TFT] SEI-USD ep60: val_mse=0.016010  dir=0.842
2026-03-16 16:01:52 [INFO] [TFT] SEI-USD: early stop epoch 75  val_mse=0.016010  dir=0.842
2026-03-16 16:01:52 [INFO] [TFT] SEI-USD: final val_mse=0.016010  dir_acc=0.842
2026-03-16 16:01:52 [INFO] [TFT] SEI-USD: saved \u2192 C:\Users\yalil\OneDrive\Desktop\AI-projects\quantitivestocks\models\crypto\SEI-USD_tft_swing.pt  (dir_acc=0.842)
2026-03-16 16:01:52 [INFO] === Training swing XGBoost for ETHFI-USD ===
2026-03-16 16:01:52 [INFO] Auto-split mode: will train on second half (newer data), backtest first half.
2026-03-16 16:01:52 [INFO] Fetching 1000 daily bars for ETHFI-USD...
2026-03-16 16:01:52 [INFO] Got 729 bars.
2026-03-16 16:01:52 [INFO] Fetching SPY bars for relative momentum...
2026-03-16 16:01:52 [INFO] Got 1000 SPY bars.
2026-03-16 16:01:53 [INFO] Got 727 VIX rows.
2026-03-16 16:01:53 [INFO] Auto-split at midpoint (2025-03-17): training on 365 bars (second half).
2026-03-16 16:01:58 [INFO] Fetched 727 rows of sector breadth data.
2026-03-16 16:01:58 [INFO] Built 113 feature rows for ETHFI-USD.
2026-03-16 16:01:58 [INFO] Label Winsorization: clipped to [-0.2430, 0.2089] (1st/99th pctile)
2026-03-16 16:01:58 [INFO] Labeled 103 samples. Mean fwd return: -2.7640%
2026-03-16 16:01:58 [INFO] Train: 82, Val: 21.
2026-03-16 16:01:58 [INFO] Val RMSE: 0.132744 | Direction accuracy: 0.048
2026-03-16 16:01:58 [INFO] Top 10 features: smallcap_rotation=0.151, btc_drawdown=0.113, month_sin=0.060, iv_rv_spread=0.060, breakeven_inflation_5y=0.057, cboe_vix9d_ratio=0.044, fomc_proximity=0.036, ret63=0.036, vvix_level=0.036, credit_spread=0.035
2026-03-16 16:01:58 [INFO] Feature importances saved \u2192 C:\Users\yalil\OneDrive\Desktop\AI-projects\quantitivestocks\models\crypto\ETHFI-USD_xgb_swing_importance.json
2026-03-16 16:01:58 [WARNING] [Feature Stability] ETHFI-USD: Spearman rank correlation = 0.490 (< 0.70 threshold)
2026-03-16 16:01:58 [WARNING] [Feature Stability] ETHFI-USD: 'ret5' rank shifted by 58 (was #24, now #82)
2026-03-16 16:01:58 [WARNING] [Feature Stability] ETHFI-USD: 'rsi14' rank shifted by 60 (was #21, now #81)
2026-03-16 16:01:58 [WARNING] [Feature Stability] ETHFI-USD: 'vol20' rank shifted by 45 (was #33, now #78)
2026-03-16 16:01:58 [WARNING] [Feature Stability] ETHFI-USD: 'macd_hist_norm' rank shifted by 71 (was #8, now #79)
2026-03-16 16:01:58 [WARNING] [Feature Stability] ETHFI-USD: 'momentum_quality' rank shifted by 44 (was #73, now #29)
2026-03-16 16:01:58 [WARNING] [Feature Stability] ETHFI-USD: 'dv_accel' rank shifted by 63 (was #6, now #69)
2026-03-16 16:01:58 [WARNING] [Feature Stability] ETHFI-USD: 'okx_long_short_ratio' rank shifted by 66 (was #7, now #73)
2026-03-16 16:01:58 [WARNING] [Feature Stability] ETHFI-USD: 'fear_greed_index' rank shifted by 16 (was #36, now #52)
2026-03-16 16:01:58 [WARNING] [Feature Stability] ETHFI-USD: 'polymarket_btc_bullish' rank shifted by 14 (was #67, now #53)
2026-03-16 16:01:58 [WARNING] [Feature Stability] ETHFI-USD: 'treasury_slope' rank shifted by 19 (was #35, now #54)
2026-03-16 16:01:58 [WARNING] [Feature Stability] ETHFI-USD: 'pc_volume_ratio' rank shifted by 11 (was #44, now #55)
2026-03-16 16:01:58 [WARNING] [Feature Stability] ETHFI-USD: 'pc_oi_ratio' rank shifted by 12 (was #45, now #57)
2026-03-16 16:01:58 [WARNING] [Feature Stability] ETHFI-USD: 'vix_term_inverted' rank shifted by 11 (was #47, now #58)
2026-03-16 16:01:58 [WARNING] [Feature Stability] ETHFI-USD: 'cboe_vix_term_spread' rank shifted by 11 (was #48, now #59)
2026-03-16 16:01:58 [WARNING] [Feature Stability] ETHFI-USD: 'cboe_vix_term_ratio' rank shifted by 12 (was #49, now #61)
2026-03-16 16:01:58 [WARNING] [Feature Stability] ETHFI-USD: 'cboe_vix9d_ratio' rank shifted by 44 (was #50, now #6)
2026-03-16 16:01:58 [WARNING] [Feature Stability] ETHFI-USD: 'credit_spread_chg5' rank shifted by 18 (was #53, now #35)
2026-03-16 16:01:58 [WARNING] [Feature Stability] ETHFI-USD: 'credit_spread_zscore' rank shifted by 25 (was #5, now #30)
2026-03-16 16:01:58 [WARNING] [Feature Stability] ETHFI-USD: 'risk_appetite_ratio' rank shifted by 12 (was #55, now #67)
2026-03-16 16:01:58 [WARNING] [Feature Stability] ETHFI-USD: 'risk_appetite_trend' rank shifted by 12 (was #54, now #66)
2026-03-16 16:01:58 [WARNING] [Feature Stability] ETHFI-USD: 'real_yield_10y' rank shifted by 30 (was #34, now #64)
2026-03-16 16:01:58 [WARNING] [Feature Stability] ETHFI-USD: 'beta_mkt' rank shifted by 27 (was #59, now #32)
2026-03-16 16:01:58 [WARNING] [Feature Stability] ETHFI-USD: 'beta_smb' rank shifted by 15 (was #63, now #48)
2026-03-16 16:01:58 [WARNING] [Feature Stability] ETHFI-USD: 'beta_hml' rank shifted by 37 (was #14, now #51)
2026-03-16 16:01:58 [WARNING] [Feature Stability] ETHFI-USD: 'beta_rmw' rank shifted by 22 (was #25, now #47)
2026-03-16 16:01:58 [WARNING] [Feature Stability] ETHFI-USD: 'factor_momentum' rank shifted by 40 (was #66, now #26)
2026-03-16 16:01:58 [WARNING] [Feature Stability] ETHFI-USD: 'equity_carry' rank shifted by 12 (was #62, now #50)
2026-03-16 16:01:58 [WARNING] [Feature Stability] ETHFI-USD: 'volume_spike' rank shifted by 26 (was #64, now #38)
2026-03-16 16:01:58 [WARNING] [Feature Stability] ETHFI-USD: 'price_volume_divergence' rank shifted by 24 (was #61, now #37)
2026-03-16 16:01:58 [WARNING] [Feature Stability] ETHFI-USD: 'volume_trend' rank shifted by 20 (was #26, now #46)
2026-03-16 16:01:58 [WARNING] [Feature Stability] ETHFI-USD: 'iv_rv_spread' rank shifted by 56 (was #60, now #4)
2026-03-16 16:01:58 [WARNING] [Feature Stability] ETHFI-USD: 'month_sin' rank shifted by 17 (was #20, now #3)
2026-03-16 16:01:58 [WARNING] [Feature Stability] ETHFI-USD: 'correlation_regime' rank shifted by 24 (was #42, now #18)
2026-03-16 16:01:58 [INFO] Saved swing XGBoost \u2192 C:\Users\yalil\OneDrive\Desktop\AI-projects\quantitivestocks\models\crypto\ETHFI-USD_xgb_swing.joblib (dir_acc=0.048)
2026-03-16 16:01:58 [INFO] [TFT] ETHFI-USD: 66 train / 17 val seqs, 83 features
2026-03-16 16:02:10 [INFO] [TFT] ETHFI-USD ep20: val_mse=0.021045  dir=1.000
2026-03-16 16:02:20 [INFO] [TFT] ETHFI-USD ep40: val_mse=0.006793  dir=1.000
2026-03-16 16:02:30 [INFO] [TFT] ETHFI-USD ep60: val_mse=0.006324  dir=1.000
2026-03-16 16:02:40 [INFO] [TFT] ETHFI-USD ep80: val_mse=0.004581  dir=1.000
2026-03-16 16:02:46 [INFO] [TFT] ETHFI-USD: early stop epoch 90  val_mse=0.004427  dir=1.000
2026-03-16 16:02:46 [INFO] [TFT] ETHFI-USD: final val_mse=0.004427  dir_acc=1.000
2026-03-16 16:02:46 [INFO] [TFT] ETHFI-USD: saved \u2192 C:\Users\yalil\OneDrive\Desktop\AI-projects\quantitivestocks\models\crypto\ETHFI-USD_tft_swing.pt  (dir_acc=1.000)
2026-03-16 16:02:46 [INFO] === Training swing XGBoost for XTZ-USD ===
2026-03-16 16:02:46 [INFO] Auto-split mode: will train on second half (newer data), backtest first half.
2026-03-16 16:02:46 [INFO] Fetching 1000 daily bars for XTZ-USD...
2026-03-16 16:02:46 [INFO] Got 1000 bars.
2026-03-16 16:02:46 [INFO] Fetching SPY bars for relative momentum...
2026-03-16 16:02:46 [INFO] Got 1000 SPY bars.
2026-03-16 16:02:46 [INFO] Got 727 VIX rows.
2026-03-16 16:02:46 [INFO] Auto-split at midpoint (2024-11-02): training on 500 bars (second half).
2026-03-16 16:02:51 [INFO] Fetched 930 rows of sector breadth data.
2026-03-16 16:02:51 [INFO] Built 246 feature rows for XTZ-USD.
2026-03-16 16:02:51 [INFO] Label Winsorization: clipped to [-0.2349, 0.3587] (1st/99th pctile)
2026-03-16 16:02:51 [INFO] Labeled 236 samples. Mean fwd return: -2.5738%
2026-03-16 16:02:51 [INFO] Train: 188, Val: 48.
2026-03-16 16:02:51 [INFO] Val RMSE: 0.104136 | Direction accuracy: 0.750
2026-03-16 16:02:51 [INFO] Top 10 features: real_yield_10y=0.068, ret252=0.053, iv_rv_spread=0.052, beta_cma=0.048, vol20=0.038, ret21=0.036, vpoc_distance=0.034, breakeven_inflation_5y=0.034, spy_trend_strength=0.031, vol_support_strength=0.028
2026-03-16 16:02:51 [INFO] Feature importances saved \u2192 C:\Users\yalil\OneDrive\Desktop\AI-projects\quantitivestocks\models\crypto\XTZ-USD_xgb_swing_importance.json
2026-03-16 16:02:51 [WARNING] [Feature Stability] XTZ-USD: Spearman rank correlation = 0.661 (< 0.70 threshold)
2026-03-16 16:02:51 [WARNING] [Feature Stability] XTZ-USD: 'ret21' rank shifted by 34 (was #40, now #6)
2026-03-16 16:02:51 [WARNING] [Feature Stability] XTZ-USD: 'rel_momentum_vs_spy_63' rank shifted by 39 (was #44, now #83)
2026-03-16 16:02:51 [WARNING] [Feature Stability] XTZ-USD: 'ibs' rank shifted by 20 (was #75, now #55)
2026-03-16 16:02:51 [WARNING] [Feature Stability] XTZ-USD: 'adx' rank shifted by 22 (was #35, now #13)
2026-03-16 16:02:51 [WARNING] [Feature Stability] XTZ-USD: 'bb_pct_b' rank shifted by 14 (was #15, now #29)
2026-03-16 16:02:51 [WARNING] [Feature Stability] XTZ-USD: 'bb_bandwidth' rank shifted by 16 (was #74, now #58)
2026-03-16 16:02:51 [WARNING] [Feature Stability] XTZ-USD: 'momentum_quality' rank shifted by 52 (was #30, now #82)
2026-03-16 16:02:51 [WARNING] [Feature Stability] XTZ-USD: 'vix_pctrank' rank shifted by 24 (was #4, now #28)
2026-03-16 16:02:51 [WARNING] [Feature Stability] XTZ-USD: 'vix_regime' rank shifted by 41 (was #36, now #77)
2026-03-16 16:02:51 [WARNING] [Feature Stability] XTZ-USD: 'vix_zscore' rank shifted by 13 (was #37, now #50)
2026-03-16 16:02:51 [WARNING] [Feature Stability] XTZ-USD: 'sector_etf_rel_spy_21' rank shifted by 29 (was #25, now #54)
2026-03-16 16:02:51 [WARNING] [Feature Stability] XTZ-USD: 'btc_drawdown' rank shifted by 13 (was #28, now #15)
2026-03-16 16:02:51 [WARNING] [Feature Stability] XTZ-USD: 'eth_btc_ratio_zscore' rank shifted by 47 (was #32, now #79)
2026-03-16 16:02:51 [WARNING] [Feature Stability] XTZ-USD: 'okx_long_short_ratio' rank shifted by 15 (was #66, now #81)
2026-03-16 16:02:51 [WARNING] [Feature Stability] XTZ-USD: 'okx_ls_zscore' rank shifted by 16 (was #67, now #51)
2026-03-16 16:02:51 [WARNING] [Feature Stability] XTZ-USD: 'fear_greed_index' rank shifted by 32 (was #72, now #40)
2026-03-16 16:02:51 [WARNING] [Feature Stability] XTZ-USD: 'fear_greed_zscore' rank shifted by 39 (was #73, now #34)
2026-03-16 16:02:51 [WARNING] [Feature Stability] XTZ-USD: 'treasury_slope' rank shifted by 52 (was #70, now #18)
2026-03-16 16:02:51 [WARNING] [Feature Stability] XTZ-USD: 'pc_volume_ratio' rank shifted by 11 (was #60, now #71)
2026-03-16 16:02:51 [WARNING] [Feature Stability] XTZ-USD: 'cboe_vix_term_spread' rank shifted by 11 (was #64, now #75)
2026-03-16 16:02:51 [WARNING] [Feature Stability] XTZ-USD: 'cboe_vix9d_ratio' rank shifted by 37 (was #2, now #39)
2026-03-16 16:02:51 [WARNING] [Feature Stability] XTZ-USD: 'cboe_vix_percentile' rank shifted by 14 (was #59, now #73)
2026-03-16 16:02:51 [WARNING] [Feature Stability] XTZ-USD: 'credit_spread_chg5' rank shifted by 11 (was #42, now #53)
2026-03-16 16:02:51 [WARNING] [Feature Stability] XTZ-USD: 'risk_appetite_ratio' rank shifted by 13 (was #22, now #35)
2026-03-16 16:02:51 [WARNING] [Feature Stability] XTZ-USD: 'risk_appetite_trend' rank shifted by 12 (was #18, now #30)
2026-03-16 16:02:51 [WARNING] [Feature Stability] XTZ-USD: 'smallcap_rotation' rank shifted by 24 (was #24, now #48)
2026-03-16 16:02:51 [WARNING] [Feature Stability] XTZ-USD: 'beta_mkt' rank shifted by 13 (was #57, now #44)
2026-03-16 16:02:51 [WARNING] [Feature Stability] XTZ-USD: 'beta_smb' rank shifted by 32 (was #58, now #26)
2026-03-16 16:02:51 [WARNING] [Feature Stability] XTZ-USD: 'beta_mom' rank shifted by 20 (was #23, now #43)
2026-03-16 16:02:51 [WARNING] [Feature Stability] XTZ-USD: 'factor_momentum' rank shifted by 11 (was #34, now #45)
2026-03-16 16:02:51 [WARNING] [Feature Stability] XTZ-USD: 'equity_carry' rank shifted by 14 (was #53, now #67)
2026-03-16 16:02:51 [WARNING] [Feature Stability] XTZ-USD: 'volume_trend' rank shifted by 18 (was #39, now #21)
2026-03-16 16:02:51 [WARNING] [Feature Stability] XTZ-USD: 'iv_rv_zscore' rank shifted by 12 (was #8, now #20)
2026-03-16 16:02:51 [WARNING] [Feature Stability] XTZ-USD: 'day_of_week' rank shifted by 16 (was #48, now #64)
2026-03-16 16:02:51 [WARNING] [Feature Stability] XTZ-USD: 'turn_of_month' rank shifted by 42 (was #21, now #63)
2026-03-16 16:02:51 [WARNING] [Feature Stability] XTZ-USD: 'month_sin' rank shifted by 18 (was #47, now #65)
2026-03-16 16:02:51 [WARNING] [Feature Stability] XTZ-USD: 'month_cos' rank shifted by 14 (was #50, now #36)
2026-03-16 16:02:51 [WARNING] [Feature Stability] XTZ-USD: 'correlation_regime' rank shifted by 25 (was #41, now #66)
2026-03-16 16:02:51 [INFO] Saved swing XGBoost \u2192 C:\Users\yalil\OneDrive\Desktop\AI-projects\quantitivestocks\models\crypto\XTZ-USD_xgb_swing.joblib (dir_acc=0.750)
2026-03-16 16:02:51 [INFO] [TFT] XTZ-USD: 172 train / 44 val seqs, 83 features
2026-03-16 16:03:13 [INFO] [TFT] XTZ-USD ep20: val_mse=0.015599  dir=0.841
2026-03-16 16:03:14 [INFO] [TFT] XTZ-USD: early stop epoch 21  val_mse=0.012733  dir=0.864
2026-03-16 16:03:14 [INFO] [TFT] XTZ-USD: final val_mse=0.012733  dir_acc=0.841
2026-03-16 16:03:14 [INFO] [TFT] XTZ-USD: saved \u2192 C:\Users\yalil\OneDrive\Desktop\AI-projects\quantitivestocks\models\crypto\XTZ-USD_tft_swing.pt  (dir_acc=0.841)
2026-03-16 16:03:14 [INFO] === Training swing XGBoost for CHZ-USD ===
2026-03-16 16:03:14 [INFO] Auto-split mode: will train on second half (newer data), backtest first half.
2026-03-16 16:03:14 [INFO] Fetching 1000 daily bars for CHZ-USD...
2026-03-16 16:03:14 [INFO] Got 1000 bars.
2026-03-16 16:03:14 [INFO] Fetching SPY bars for relative momentum...
2026-03-16 16:03:15 [INFO] Got 1000 SPY bars.
2026-03-16 16:03:15 [INFO] Got 727 VIX rows.
2026-03-16 16:03:15 [INFO] Auto-split at midpoint (2024-11-02): training on 500 bars (second half).
2026-03-16 16:03:20 [INFO] Fetched 930 rows of sector breadth data.
2026-03-16 16:03:20 [INFO] Built 246 feature rows for CHZ-USD.
2026-03-16 16:03:20 [INFO] Label Winsorization: clipped to [-0.2660, 0.3138] (1st/99th pctile)
2026-03-16 16:03:20 [INFO] Labeled 236 samples. Mean fwd return: +0.1659%
2026-03-16 16:03:20 [INFO] Train: 188, Val: 48.
2026-03-16 16:03:20 [INFO] Val RMSE: 0.139918 | Direction accuracy: 0.292
2026-03-16 16:03:20 [INFO] Top 10 features: vol_sr_imbalance=0.103, vol_resistance_strength=0.093, treasury_slope=0.091, btc_drawdown=0.081, breakeven_inflation_5y=0.063, beta_mom=0.037, beta_hml=0.036, bb_pct_b=0.036, vpoc_distance=0.030, smallcap_rotation=0.026
2026-03-16 16:03:20 [INFO] Feature importances saved \u2192 C:\Users\yalil\OneDrive\Desktop\AI-projects\quantitivestocks\models\crypto\CHZ-USD_xgb_swing_importance.json
2026-03-16 16:03:20 [WARNING] [Feature Stability] CHZ-USD: Spearman rank correlation = 0.591 (< 0.70 threshold)
2026-03-16 16:03:20 [WARNING] [Feature Stability] CHZ-USD: 'ret63' rank shifted by 39 (was #44, now #83)
2026-03-16 16:03:20 [WARNING] [Feature Stability] CHZ-USD: 'ret5' rank shifted by 45 (was #36, now #81)
2026-03-16 16:03:20 [WARNING] [Feature Stability] CHZ-USD: 'rel_momentum_vs_spy_63' rank shifted by 41 (was #74, now #33)
2026-03-16 16:03:20 [WARNING] [Feature Stability] CHZ-USD: 'rel_momentum_vs_spy_252' rank shifted by 11 (was #7, now #18)
2026-03-16 16:03:20 [WARNING] [Feature Stability] CHZ-USD: 'ibs' rank shifted by 26 (was #73, now #47)
2026-03-16 16:03:20 [WARNING] [Feature Stability] CHZ-USD: 'rsi14' rank shifted by 76 (was #4, now #80)
2026-03-16 16:03:20 [WARNING] [Feature Stability] CHZ-USD: 'macd_hist_norm' rank shifted by 26 (was #19, now #45)
2026-03-16 16:03:20 [WARNING] [Feature Stability] CHZ-USD: 'momentum_quality' rank shifted by 30 (was #14, now #44)
2026-03-16 16:03:20 [WARNING] [Feature Stability] CHZ-USD: 'sector_etf_rel_spy_21' rank shifted by 58 (was #21, now #79)
2026-03-16 16:03:20 [WARNING] [Feature Stability] CHZ-USD: 'btc_realized_vol_30' rank shifted by 28 (was #9, now #37)
2026-03-16 16:03:20 [WARNING] [Feature Stability] CHZ-USD: 'fear_greed_index' rank shifted by 55 (was #72, now #17)
2026-03-16 16:03:20 [WARNING] [Feature Stability] CHZ-USD: 'pc_volume_ratio' rank shifted by 11 (was #60, now #71)
2026-03-16 16:03:20 [WARNING] [Feature Stability] CHZ-USD: 'cboe_vix_term_spread' rank shifted by 23 (was #64, now #41)
2026-03-16 16:03:20 [WARNING] [Feature Stability] CHZ-USD: 'cboe_vix9d_ratio' rank shifted by 13 (was #45, now #58)
2026-03-16 16:03:20 [WARNING] [Feature Stability] CHZ-USD: 'credit_spread_chg5' rank shifted by 20 (was #23, now #43)
2026-03-16 16:03:20 [WARNING] [Feature Stability] CHZ-USD: 'credit_spread_zscore' rank shifted by 19 (was #13, now #32)
2026-03-16 16:03:20 [WARNING] [Feature Stability] CHZ-USD: 'risk_appetite_ratio' rank shifted by 16 (was #40, now #24)
2026-03-16 16:03:20 [WARNING] [Feature Stability] CHZ-USD: 'risk_appetite_trend' rank shifted by 27 (was #38, now #65)
2026-03-16 16:03:20 [WARNING] [Feature Stability] CHZ-USD: 'smallcap_rotation' rank shifted by 22 (was #32, now #10)
2026-03-16 16:03:20 [WARNING] [Feature Stability] CHZ-USD: 'yield_curve_3m10y' rank shifted by 46 (was #20, now #66)
2026-03-16 16:03:20 [WARNING] [Feature Stability] CHZ-USD: 'fed_funds_rate' rank shifted by 24 (was #59, now #35)
2026-03-16 16:03:20 [WARNING] [Feature Stability] CHZ-USD: 'beta_smb' rank shifted by 54 (was #10, now #64)
2026-03-16 16:03:20 [WARNING] [Feature Stability] CHZ-USD: 'beta_hml' rank shifted by 17 (was #24, now #7)
2026-03-16 16:03:20 [WARNING] [Feature Stability] CHZ-USD: 'beta_rmw' rank shifted by 31 (was #30, now #61)
2026-03-16 16:03:20 [WARNING] [Feature Stability] CHZ-USD: 'factor_momentum' rank shifted by 22 (was #33, now #11)
2026-03-16 16:03:20 [WARNING] [Feature Stability] CHZ-USD: 'equity_carry' rank shifted by 11 (was #52, now #63)
2026-03-16 16:03:20 [WARNING] [Feature Stability] CHZ-USD: 'iv_rv_spread' rank shifted by 13 (was #16, now #29)
2026-03-16 16:03:20 [WARNING] [Feature Stability] CHZ-USD: 'vvix_level' rank shifted by 17 (was #34, now #51)
2026-03-16 16:03:20 [WARNING] [Feature Stability] CHZ-USD: 'turn_of_month' rank shifted by 11 (was #46, now #57)
2026-03-16 16:03:20 [WARNING] [Feature Stability] CHZ-USD: 'fomc_proximity' rank shifted by 18 (was #48, now #30)
2026-03-16 16:03:20 [WARNING] [Feature Stability] CHZ-USD: 'breadth_momentum' rank shifted by 14 (was #35, now #49)
2026-03-16 16:03:20 [INFO] Saved swing XGBoost \u2192 C:\Users\yalil\OneDrive\Desktop\AI-projects\quantitivestocks\models\crypto\CHZ-USD_xgb_swing.joblib (dir_acc=0.292)
2026-03-16 16:03:20 [INFO] [TFT] CHZ-USD: 172 train / 44 val seqs, 83 features
2026-03-16 16:03:42 [INFO] [TFT] CHZ-USD ep20: val_mse=0.013290  dir=0.682
2026-03-16 16:03:52 [INFO] [TFT] CHZ-USD: early stop epoch 29  val_mse=0.011655  dir=0.682
2026-03-16 16:03:52 [INFO] [TFT] CHZ-USD: final val_mse=0.011655  dir_acc=0.636
2026-03-16 16:03:52 [INFO] [TFT] CHZ-USD: saved \u2192 C:\Users\yalil\OneDrive\Desktop\AI-projects\quantitivestocks\models\crypto\CHZ-USD_tft_swing.pt  (dir_acc=0.636)
2026-03-16 16:03:52 [INFO] === Training swing XGBoost for GNO-USD ===
2026-03-16 16:03:52 [INFO] Auto-split mode: will train on second half (newer data), backtest first half.
2026-03-16 16:03:52 [INFO] Fetching 1000 daily bars for GNO-USD...
2026-03-16 16:03:53 [INFO] Got 1000 bars.
2026-03-16 16:03:53 [INFO] Fetching SPY bars for relative momentum...
2026-03-16 16:03:53 [INFO] Got 1000 SPY bars.
2026-03-16 16:03:53 [INFO] Got 727 VIX rows.
2026-03-16 16:03:53 [INFO] Auto-split at midpoint (2024-11-02): training on 500 bars (second half).
2026-03-16 16:03:58 [INFO] Fetched 930 rows of sector breadth data.
2026-03-16 16:03:58 [INFO] Built 246 feature rows for GNO-USD.
2026-03-16 16:03:58 [INFO] Label Winsorization: clipped to [-0.1969, 0.2111] (1st/99th pctile)
2026-03-16 16:03:58 [INFO] Labeled 236 samples. Mean fwd return: +0.0362%
2026-03-16 16:03:58 [INFO] Train: 188, Val: 48.
2026-03-16 16:03:58 [INFO] Val RMSE: 0.107058 | Direction accuracy: 0.438
2026-03-16 16:03:58 [INFO] Top 10 features: bb_pct_b=0.105, btc_trend_strength=0.094, beta_rmw=0.069, ret63=0.054, credit_spread=0.036, treasury_slope=0.033, beta_mkt=0.032, vix_zscore=0.031, rsi14=0.028, btc_drawdown=0.027
2026-03-16 16:03:58 [INFO] Feature importances saved \u2192 C:\Users\yalil\OneDrive\Desktop\AI-projects\quantitivestocks\models\crypto\GNO-USD_xgb_swing_importance.json
2026-03-16 16:03:58 [WARNING] [Feature Stability] GNO-USD: Spearman rank correlation = 0.601 (< 0.70 threshold)
2026-03-16 16:03:58 [WARNING] [Feature Stability] GNO-USD: 'ret252' rank shifted by 13 (was #27, now #40)
2026-03-16 16:03:58 [WARNING] [Feature Stability] GNO-USD: 'ret21' rank shifted by 38 (was #74, now #36)
2026-03-16 16:03:58 [WARNING] [Feature Stability] GNO-USD: 'rel_momentum_vs_spy_63' rank shifted by 70 (was #12, now #82)
2026-03-16 16:03:58 [WARNING] [Feature Stability] GNO-USD: 'vol20' rank shifted by 22 (was #33, now #11)
2026-03-16 16:03:58 [WARNING] [Feature Stability] GNO-USD: 'bb_bandwidth' rank shifted by 52 (was #28, now #80)
2026-03-16 16:03:58 [WARNING] [Feature Stability] GNO-USD: 'macd_hist_norm' rank shifted by 56 (was #23, now #79)
2026-03-16 16:03:58 [WARNING] [Feature Stability] GNO-USD: 'vol_regime' rank shifted by 43 (was #72, now #29)
2026-03-16 16:03:58 [WARNING] [Feature Stability] GNO-USD: 'dv_accel' rank shifted by 12 (was #19, now #31)
2026-03-16 16:03:58 [WARNING] [Feature Stability] GNO-USD: 'vix_regime' rank shifted by 51 (was #26, now #77)
2026-03-16 16:03:58 [WARNING] [Feature Stability] GNO-USD: 'vix_zscore' rank shifted by 61 (was #69, now #8)
2026-03-16 16:03:58 [WARNING] [Feature Stability] GNO-USD: 'fear_greed_index' rank shifted by 11 (was #66, now #55)
2026-03-16 16:03:58 [WARNING] [Feature Stability] GNO-USD: 'fear_greed_zscore' rank shifted by 16 (was #2, now #18)
2026-03-16 16:03:58 [WARNING] [Feature Stability] GNO-USD: 'pc_volume_ratio' rank shifted by 11 (was #60, now #71)
2026-03-16 16:03:58 [WARNING] [Feature Stability] GNO-USD: 'cboe_vix_term_ratio' rank shifted by 18 (was #40, now #58)
2026-03-16 16:03:58 [WARNING] [Feature Stability] GNO-USD: 'credit_spread' rank shifted by 20 (was #25, now #5)
2026-03-16 16:03:58 [WARNING] [Feature Stability] GNO-USD: 'risk_appetite_ratio' rank shifted by 14 (was #53, now #67)
2026-03-16 16:03:58 [WARNING] [Feature Stability] GNO-USD: 'risk_appetite_trend' rank shifted by 14 (was #52, now #66)
2026-03-16 16:03:58 [WARNING] [Feature Stability] GNO-USD: 'smallcap_rotation' rank shifted by 23 (was #5, now #28)
2026-03-16 16:03:58 [WARNING] [Feature Stability] GNO-USD: 'yield_curve_3m10y' rank shifted by 15 (was #50, now #65)
2026-03-16 16:03:58 [WARNING] [Feature Stability] GNO-USD: 'real_yield_10y' rank shifted by 30 (was #34, now #64)
2026-03-16 16:03:58 [WARNING] [Feature Stability] GNO-USD: 'breakeven_inflation_5y' rank shifted by 15 (was #4, now #19)
2026-03-16 16:03:58 [WARNING] [Feature Stability] GNO-USD: 'fed_funds_rate' rank shifted by 54 (was #9, now #63)
2026-03-16 16:03:58 [WARNING] [Feature Stability] GNO-USD: 'beta_hml' rank shifted by 24 (was #38, now #62)
2026-03-16 16:03:58 [WARNING] [Feature Stability] GNO-USD: 'beta_rmw' rank shifted by 36 (was #39, now #3)
2026-03-16 16:03:58 [WARNING] [Feature Stability] GNO-USD: 'beta_cma' rank shifted by 16 (was #58, now #42)
2026-03-16 16:03:58 [WARNING] [Feature Stability] GNO-USD: 'beta_mom' rank shifted by 15 (was #56, now #41)
2026-03-16 16:03:58 [WARNING] [Feature Stability] GNO-USD: 'equity_carry' rank shifted by 11 (was #57, now #68)
2026-03-16 16:03:58 [WARNING] [Feature Stability] GNO-USD: 'month_sin' rank shifted by 27 (was #17, now #44)
2026-03-16 16:03:58 [WARNING] [Feature Stability] GNO-USD: 'month_cos' rank shifted by 26 (was #47, now #21)
2026-03-16 16:03:58 [WARNING] [Feature Stability] GNO-USD: 'sector_breadth' rank shifted by 11 (was #48, now #37)
2026-03-16 16:03:58 [INFO] Saved swing XGBoost \u2192 C:\Users\yalil\OneDrive\Desktop\AI-projects\quantitivestocks\models\crypto\GNO-USD_xgb_swing.joblib (dir_acc=0.438)
2026-03-16 16:03:58 [INFO] [TFT] GNO-USD: 172 train / 44 val seqs, 83 features
2026-03-16 16:04:22 [INFO] [TFT] GNO-USD ep20: val_mse=0.004747  dir=0.682
2026-03-16 16:04:45 [INFO] [TFT] GNO-USD ep40: val_mse=0.004952  dir=0.500
2026-03-16 16:05:01 [INFO] [TFT] GNO-USD: early stop epoch 54  val_mse=0.004291  dir=0.545
2026-03-16 16:05:01 [INFO] [TFT] GNO-USD: final val_mse=0.004291  dir_acc=0.591
2026-03-16 16:05:01 [INFO] [TFT] GNO-USD: saved \u2192 C:\Users\yalil\OneDrive\Desktop\AI-projects\quantitivestocks\models\crypto\GNO-USD_tft_swing.pt  (dir_acc=0.591)
2026-03-16 16:05:01 [INFO] === Training swing XGBoost for CRV-USD ===
2026-03-16 16:05:01 [INFO] Auto-split mode: will train on second half (newer data), backtest first half.
2026-03-16 16:05:01 [INFO] Fetching 1000 daily bars for CRV-USD...
2026-03-16 16:05:02 [INFO] Got 1000 bars.
2026-03-16 16:05:02 [INFO] Fetching SPY bars for relative momentum...
2026-03-16 16:05:02 [INFO] Got 1000 SPY bars.
2026-03-16 16:05:02 [INFO] Got 727 VIX rows.
2026-03-16 16:05:02 [INFO] Auto-split at midpoint (2024-11-02): training on 500 bars (second half).
2026-03-16 16:05:07 [INFO] Fetched 930 rows of sector breadth data.
2026-03-16 16:05:07 [INFO] Built 246 feature rows for CRV-USD.
2026-03-16 16:05:07 [INFO] Label Winsorization: clipped to [-0.3137, 0.2021] (1st/99th pctile)
2026-03-16 16:05:07 [INFO] Labeled 236 samples. Mean fwd return: -4.9277%
2026-03-16 16:05:07 [INFO] Train: 188, Val: 48.
2026-03-16 16:05:07 [INFO] Val RMSE: 0.113746 | Direction accuracy: 0.750
2026-03-16 16:05:07 [INFO] Top 10 features: spy_trend_strength=0.071, real_yield_10y=0.054, vpoc_distance=0.042, rsi14=0.039, correlation_regime=0.039, beta_smb=0.037, bb_pct_b=0.037, beta_hml=0.036, yield_curve_3m10y=0.035, credit_spread_zscore=0.035
2026-03-16 16:05:07 [INFO] Feature importances saved \u2192 C:\Users\yalil\OneDrive\Desktop\AI-projects\quantitivestocks\models\crypto\CRV-USD_xgb_swing_importance.json
2026-03-16 16:05:07 [WARNING] [Feature Stability] CRV-USD: 'ret5' rank shifted by 38 (was #9, now #47)
2026-03-16 16:05:07 [WARNING] [Feature Stability] CRV-USD: 'rel_momentum_vs_spy_252' rank shifted by 42 (was #41, now #83)
2026-03-16 16:05:07 [WARNING] [Feature Stability] CRV-USD: 'vol20' rank shifted by 63 (was #17, now #80)
2026-03-16 16:05:07 [WARNING] [Feature Stability] CRV-USD: 'vol_regime' rank shifted by 41 (was #37, now #78)
2026-03-16 16:05:07 [WARNING] [Feature Stability] CRV-USD: 'vix_pctrank' rank shifted by 18 (was #42, now #24)
2026-03-16 16:05:07 [WARNING] [Feature Stability] CRV-USD: 'dv_accel' rank shifted by 47 (was #68, now #21)
2026-03-16 16:05:07 [WARNING] [Feature Stability] CRV-USD: 'vix_regime' rank shifted by 17 (was #19, now #36)
2026-03-16 16:05:07 [WARNING] [Feature Stability] CRV-USD: 'vix_zscore' rank shifted by 38 (was #71, now #33)
2026-03-16 16:05:07 [WARNING] [Feature Stability] CRV-USD: 'sector_etf_rel_spy_21' rank shifted by 30 (was #43, now #13)
2026-03-16 16:05:07 [WARNING] [Feature Stability] CRV-USD: 'okx_long_short_ratio' rank shifted by 29 (was #45, now #74)
2026-03-16 16:05:07 [WARNING] [Feature Stability] CRV-USD: 'okx_ls_zscore' rank shifted by 19 (was #13, now #32)
2026-03-16 16:05:07 [WARNING] [Feature Stability] CRV-USD: 'fear_greed_index' rank shifted by 27 (was #67, now #40)
2026-03-16 16:05:07 [WARNING] [Feature Stability] CRV-USD: 'treasury_slope' rank shifted by 15 (was #10, now #25)
2026-03-16 16:05:07 [WARNING] [Feature Stability] CRV-USD: 'pc_volume_ratio' rank shifted by 11 (was #60, now #71)
2026-03-16 16:05:07 [WARNING] [Feature Stability] CRV-USD: 'cboe_vix_term_spread' rank shifted by 16 (was #32, now #16)
2026-03-16 16:05:07 [WARNING] [Feature Stability] CRV-USD: 'cboe_vix9d_ratio' rank shifted by 11 (was #24, now #35)
2026-03-16 16:05:07 [WARNING] [Feature Stability] CRV-USD: 'cboe_skew' rank shifted by 20 (was #47, now #67)
2026-03-16 16:05:07 [WARNING] [Feature Stability] CRV-USD: 'credit_spread' rank shifted by 20 (was #64, now #44)
2026-03-16 16:05:07 [WARNING] [Feature Stability] CRV-USD: 'risk_appetite_ratio' rank shifted by 38 (was #27, now #65)
2026-03-16 16:05:07 [WARNING] [Feature Stability] CRV-USD: 'yield_curve_3m10y' rank shifted by 19 (was #28, now #9)
2026-03-16 16:05:07 [WARNING] [Feature Stability] CRV-USD: 'beta_mkt' rank shifted by 39 (was #4, now #43)
2026-03-16 16:05:07 [WARNING] [Feature Stability] CRV-USD: 'beta_rmw' rank shifted by 18 (was #31, now #49)
2026-03-16 16:05:07 [WARNING] [Feature Stability] CRV-USD: 'beta_mom' rank shifted by 11 (was #52, now #63)
2026-03-16 16:05:07 [WARNING] [Feature Stability] CRV-USD: 'iv_rv_zscore' rank shifted by 38 (was #21, now #59)
2026-03-16 16:05:07 [WARNING] [Feature Stability] CRV-USD: 'turn_of_month' rank shifted by 17 (was #40, now #57)
2026-03-16 16:05:07 [WARNING] [Feature Stability] CRV-USD: 'sector_dispersion' rank shifted by 11 (was #30, now #41)
2026-03-16 16:05:07 [INFO] Saved swing XGBoost \u2192 C:\Users\yalil\OneDrive\Desktop\AI-projects\quantitivestocks\models\crypto\CRV-USD_xgb_swing.joblib (dir_acc=0.750)
2026-03-16 16:05:07 [INFO] [TFT] CRV-USD: 172 train / 44 val seqs, 83 features
2026-03-16 16:05:28 [INFO] [TFT] CRV-USD ep20: val_mse=0.071099  dir=0.477
2026-03-16 16:05:49 [INFO] [TFT] CRV-USD ep40: val_mse=0.058709  dir=0.455
2026-03-16 16:06:10 [INFO] [TFT] CRV-USD ep60: val_mse=0.048254  dir=0.455
2026-03-16 16:06:17 [INFO] [TFT] CRV-USD: early stop epoch 66  val_mse=0.046075  dir=0.432
2026-03-16 16:06:17 [INFO] [TFT] CRV-USD: final val_mse=0.046075  dir_acc=0.455
2026-03-16 16:06:17 [WARNING] [TFT] CRV-USD: dir_acc=0.455 < 0.50 — discarding TFT, XGBoost-only for this symbol.
2026-03-16 16:06:17 [INFO] === Training swing XGBoost for CFX-USD ===
2026-03-16 16:06:17 [INFO] Auto-split mode: will train on second half (newer data), backtest first half.
2026-03-16 16:06:17 [INFO] Fetching 1000 daily bars for CFX-USD...
2026-03-16 16:06:17 [INFO] Got 1000 bars.
2026-03-16 16:06:17 [INFO] Fetching SPY bars for relative momentum...
2026-03-16 16:06:17 [INFO] Got 1000 SPY bars.
2026-03-16 16:06:17 [INFO] Got 727 VIX rows.
2026-03-16 16:06:17 [INFO] Auto-split at midpoint (2024-11-02): training on 500 bars (second half).
2026-03-16 16:06:22 [INFO] Fetched 930 rows of sector breadth data.
2026-03-16 16:06:23 [INFO] Built 246 feature rows for CFX-USD.
2026-03-16 16:06:23 [INFO] Label Winsorization: clipped to [-0.3052, 0.8361] (1st/99th pctile)
2026-03-16 16:06:23 [INFO] Labeled 236 samples. Mean fwd return: -2.4743%
2026-03-16 16:06:23 [INFO] Train: 188, Val: 48.
2026-03-16 16:06:23 [INFO] Val RMSE: 0.154192 | Direction accuracy: 0.604
2026-03-16 16:06:23 [INFO] Top 10 features: credit_spread=0.147, real_yield_10y=0.136, ret252=0.094, beta_rmw=0.087, correlation_regime=0.068, beta_mom=0.057, rsi14=0.045, spy_trend_strength=0.042, macd_hist_norm=0.028, btc_drawdown=0.027
2026-03-16 16:06:23 [INFO] Feature importances saved \u2192 C:\Users\yalil\OneDrive\Desktop\AI-projects\quantitivestocks\models\crypto\CFX-USD_xgb_swing_importance.json
2026-03-16 16:06:23 [WARNING] [Feature Stability] CFX-USD: Spearman rank correlation = 0.665 (< 0.70 threshold)
2026-03-16 16:06:23 [WARNING] [Feature Stability] CFX-USD: 'ret63' rank shifted by 26 (was #18, now #44)
2026-03-16 16:06:23 [WARNING] [Feature Stability] CFX-USD: 'ret21' rank shifted by 48 (was #35, now #83)
2026-03-16 16:06:23 [WARNING] [Feature Stability] CFX-USD: 'ret5' rank shifted by 16 (was #31, now #15)
2026-03-16 16:06:23 [WARNING] [Feature Stability] CFX-USD: 'rel_momentum_vs_spy_252' rank shifted by 67 (was #14, now #81)
2026-03-16 16:06:23 [WARNING] [Feature Stability] CFX-USD: 'bb_bandwidth' rank shifted by 11 (was #37, now #26)
2026-03-16 16:06:23 [WARNING] [Feature Stability] CFX-USD: 'vol_regime' rank shifted by 11 (was #16, now #27)
2026-03-16 16:06:23 [WARNING] [Feature Stability] CFX-USD: 'vix_pctrank' rank shifted by 38 (was #40, now #78)
2026-03-16 16:06:23 [WARNING] [Feature Stability] CFX-USD: 'dv_accel' rank shifted by 42 (was #34, now #76)
2026-03-16 16:06:23 [WARNING] [Feature Stability] CFX-USD: 'vix_regime' rank shifted by 39 (was #69, now #30)
2026-03-16 16:06:23 [WARNING] [Feature Stability] CFX-USD: 'eth_btc_ratio_zscore' rank shifted by 29 (was #67, now #38)
2026-03-16 16:06:23 [WARNING] [Feature Stability] CFX-USD: 'okx_long_short_ratio' rank shifted by 12 (was #25, now #37)
2026-03-16 16:06:23 [WARNING] [Feature Stability] CFX-USD: 'fear_greed_index' rank shifted by 62 (was #6, now #68)
2026-03-16 16:06:23 [WARNING] [Feature Stability] CFX-USD: 'fear_greed_zscore' rank shifted by 12 (was #28, now #40)
2026-03-16 16:06:23 [WARNING] [Feature Stability] CFX-USD: 'pc_volume_ratio' rank shifted by 23 (was #48, now #71)
2026-03-16 16:06:23 [WARNING] [Feature Stability] CFX-USD: 'pc_oi_ratio' rank shifted by 23 (was #47, now #70)
2026-03-16 16:06:23 [WARNING] [Feature Stability] CFX-USD: 'cboe_vix_percentile' rank shifted by 15 (was #51, now #66)
2026-03-16 16:06:23 [WARNING] [Feature Stability] CFX-USD: 'credit_spread_chg5' rank shifted by 11 (was #50, now #39)
2026-03-16 16:06:23 [WARNING] [Feature Stability] CFX-USD: 'credit_spread_zscore' rank shifted by 11 (was #49, now #60)
2026-03-16 16:06:23 [WARNING] [Feature Stability] CFX-USD: 'yield_curve_3m10y' rank shifted by 13 (was #52, now #65)
2026-03-16 16:06:23 [WARNING] [Feature Stability] CFX-USD: 'breakeven_inflation_5y' rank shifted by 26 (was #59, now #33)
2026-03-16 16:06:23 [WARNING] [Feature Stability] CFX-USD: 'beta_mkt' rank shifted by 33 (was #57, now #24)
2026-03-16 16:06:23 [WARNING] [Feature Stability] CFX-USD: 'beta_rmw' rank shifted by 37 (was #41, now #4)
2026-03-16 16:06:23 [WARNING] [Feature Stability] CFX-USD: 'beta_cma' rank shifted by 53 (was #11, now #64)
2026-03-16 16:06:23 [WARNING] [Feature Stability] CFX-USD: 'volume_trend' rank shifted by 14 (was #56, now #42)
2026-03-16 16:06:23 [WARNING] [Feature Stability] CFX-USD: 'month_sin' rank shifted by 17 (was #32, now #49)
2026-03-16 16:06:23 [WARNING] [Feature Stability] CFX-USD: 'fomc_proximity' rank shifted by 14 (was #36, now #50)
2026-03-16 16:06:23 [WARNING] [Feature Stability] CFX-USD: 'sector_dispersion' rank shifted by 39 (was #8, now #47)
2026-03-16 16:06:23 [INFO] Saved swing XGBoost \u2192 C:\Users\yalil\OneDrive\Desktop\AI-projects\quantitivestocks\models\crypto\CFX-USD_xgb_swing.joblib (dir_acc=0.604)
2026-03-16 16:06:23 [INFO] [TFT] CFX-USD: 172 train / 44 val seqs, 83 features
2026-03-16 16:06:45 [INFO] [TFT] CFX-USD ep20: val_mse=0.010905  dir=0.705
2026-03-16 16:07:07 [INFO] [TFT] CFX-USD: early stop epoch 40  val_mse=0.008630  dir=0.727
2026-03-16 16:07:07 [INFO] [TFT] CFX-USD: final val_mse=0.008630  dir_acc=0.705
2026-03-16 16:07:07 [INFO] [TFT] CFX-USD: saved \u2192 C:\Users\yalil\OneDrive\Desktop\AI-projects\quantitivestocks\models\crypto\CFX-USD_tft_swing.pt  (dir_acc=0.705)
2026-03-16 16:07:07 [INFO] === Training swing XGBoost for TIA-USD ===
2026-03-16 16:07:07 [INFO] Auto-split mode: will train on second half (newer data), backtest first half.
2026-03-16 16:07:07 [INFO] Fetching 1000 daily bars for TIA-USD...
2026-03-16 16:07:07 [INFO] Got 1000 bars.
2026-03-16 16:07:07 [INFO] Fetching SPY bars for relative momentum...
2026-03-16 16:07:07 [INFO] Got 1000 SPY bars.
2026-03-16 16:07:08 [INFO] Got 727 VIX rows.
2026-03-16 16:07:08 [INFO] Auto-split at midpoint (2024-11-02): training on 500 bars (second half).
2026-03-16 16:07:13 [INFO] Fetched 930 rows of sector breadth data.
2026-03-16 16:07:13 [INFO] Built 246 feature rows for TIA-USD.
2026-03-16 16:07:13 [INFO] Label Winsorization: clipped to [-0.3295, 0.2189] (1st/99th pctile)
2026-03-16 16:07:13 [INFO] Labeled 236 samples. Mean fwd return: -6.3317%
2026-03-16 16:07:13 [INFO] Train: 188, Val: 48.
2026-03-16 16:07:13 [INFO] Val RMSE: 0.115126 | Direction accuracy: 0.667
2026-03-16 16:07:13 [INFO] Top 10 features: beta_smb=0.063, breakeven_inflation_5y=0.061, vol20=0.052, btc_trend_strength=0.048, bb_pct_b=0.041, beta_hml=0.039, fed_funds_rate=0.038, btc_ret21=0.035, beta_rmw=0.033, beta_mkt=0.031
2026-03-16 16:07:13 [INFO] Feature importances saved \u2192 C:\Users\yalil\OneDrive\Desktop\AI-projects\quantitivestocks\models\crypto\TIA-USD_xgb_swing_importance.json
2026-03-16 16:07:13 [WARNING] [Feature Stability] TIA-USD: 'ret252' rank shifted by 31 (was #75, now #44)
2026-03-16 16:07:13 [WARNING] [Feature Stability] TIA-USD: 'ret21' rank shifted by 17 (was #20, now #37)
2026-03-16 16:07:13 [WARNING] [Feature Stability] TIA-USD: 'rel_momentum_vs_spy_63' rank shifted by 39 (was #41, now #80)
2026-03-16 16:07:13 [WARNING] [Feature Stability] TIA-USD: 'rel_momentum_vs_spy_252' rank shifted by 12 (was #35, now #47)
2026-03-16 16:07:13 [WARNING] [Feature Stability] TIA-USD: 'rsi14' rank shifted by 11 (was #14, now #25)
2026-03-16 16:07:13 [WARNING] [Feature Stability] TIA-USD: 'vol20' rank shifted by 18 (was #21, now #3)
2026-03-16 16:07:13 [WARNING] [Feature Stability] TIA-USD: 'bb_bandwidth' rank shifted by 26 (was #71, now #45)
2026-03-16 16:07:13 [WARNING] [Feature Stability] TIA-USD: 'macd_hist_norm' rank shifted by 12 (was #2, now #14)
2026-03-16 16:07:13 [WARNING] [Feature Stability] TIA-USD: 'vix_pctrank' rank shifted by 35 (was #44, now #79)
2026-03-16 16:07:13 [WARNING] [Feature Stability] TIA-USD: 'dv_accel' rank shifted by 40 (was #3, now #43)
2026-03-16 16:07:13 [WARNING] [Feature Stability] TIA-USD: 'spy_trend_strength' rank shifted by 24 (was #11, now #35)
2026-03-16 16:07:13 [WARNING] [Feature Stability] TIA-USD: 'vix_regime' rank shifted by 35 (was #42, now #77)
2026-03-16 16:07:13 [WARNING] [Feature Stability] TIA-USD: 'sector_etf_rel_spy_21' rank shifted by 32 (was #16, now #48)
2026-03-16 16:07:13 [WARNING] [Feature Stability] TIA-USD: 'btc_drawdown' rank shifted by 19 (was #17, now #36)
2026-03-16 16:07:13 [WARNING] [Feature Stability] TIA-USD: 'eth_btc_ratio_zscore' rank shifted by 14 (was #47, now #33)
2026-03-16 16:07:13 [WARNING] [Feature Stability] TIA-USD: 'fear_greed_zscore' rank shifted by 42 (was #26, now #68)
2026-03-16 16:07:13 [WARNING] [Feature Stability] TIA-USD: 'pc_volume_ratio' rank shifted by 11 (was #60, now #71)
2026-03-16 16:07:13 [WARNING] [Feature Stability] TIA-USD: 'cboe_vix_term_spread' rank shifted by 21 (was #18, now #39)
2026-03-16 16:07:13 [WARNING] [Feature Stability] TIA-USD: 'cboe_skew' rank shifted by 20 (was #66, now #46)
2026-03-16 16:07:13 [WARNING] [Feature Stability] TIA-USD: 'cboe_vix_percentile' rank shifted by 20 (was #31, now #51)
2026-03-16 16:07:13 [WARNING] [Feature Stability] TIA-USD: 'credit_spread' rank shifted by 23 (was #38, now #61)
2026-03-16 16:07:13 [WARNING] [Feature Stability] TIA-USD: 'credit_spread_zscore' rank shifted by 27 (was #59, now #32)
2026-03-16 16:07:13 [WARNING] [Feature Stability] TIA-USD: 'risk_appetite_ratio' rank shifted by 15 (was #9, now #24)
2026-03-16 16:07:13 [WARNING] [Feature Stability] TIA-USD: 'smallcap_rotation' rank shifted by 19 (was #45, now #26)
2026-03-16 16:07:13 [WARNING] [Feature Stability] TIA-USD: 'yield_curve_3m10y' rank shifted by 11 (was #52, now #63)
2026-03-16 16:07:13 [WARNING] [Feature Stability] TIA-USD: 'real_yield_10y' rank shifted by 38 (was #24, now #62)
2026-03-16 16:07:13 [WARNING] [Feature Stability] TIA-USD: 'beta_smb' rank shifted by 18 (was #19, now #1)
2026-03-16 16:07:13 [WARNING] [Feature Stability] TIA-USD: 'beta_hml' rank shifted by 51 (was #57, now #6)
2026-03-16 16:07:13 [WARNING] [Feature Stability] TIA-USD: 'factor_momentum' rank shifted by 27 (was #54, now #27)
2026-03-16 16:07:13 [WARNING] [Feature Stability] TIA-USD: 'equity_carry' rank shifted by 11 (was #53, now #64)
2026-03-16 16:07:13 [WARNING] [Feature Stability] TIA-USD: 'volume_trend' rank shifted by 38 (was #12, now #50)
2026-03-16 16:07:13 [WARNING] [Feature Stability] TIA-USD: 'iv_rv_spread' rank shifted by 20 (was #32, now #12)
2026-03-16 16:07:13 [WARNING] [Feature Stability] TIA-USD: 'breadth_momentum' rank shifted by 17 (was #43, now #60)
2026-03-16 16:07:13 [WARNING] [Feature Stability] TIA-USD: 'correlation_regime' rank shifted by 19 (was #40, now #21)
2026-03-16 16:07:13 [INFO] Saved swing XGBoost \u2192 C:\Users\yalil\OneDrive\Desktop\AI-projects\quantitivestocks\models\crypto\TIA-USD_xgb_swing.joblib (dir_acc=0.667)
2026-03-16 16:07:13 [INFO] [TFT] TIA-USD: 172 train / 44 val seqs, 83 features
2026-03-16 16:07:35 [INFO] [TFT] TIA-USD ep20: val_mse=0.071722  dir=0.341
2026-03-16 16:07:57 [INFO] [TFT] TIA-USD ep40: val_mse=0.060425  dir=0.386
2026-03-16 16:08:19 [INFO] [TFT] TIA-USD ep60: val_mse=0.050010  dir=0.386
2026-03-16 16:08:43 [INFO] [TFT] TIA-USD ep80: val_mse=0.047991  dir=0.364
2026-03-16 16:08:54 [INFO] [TFT] TIA-USD: early stop epoch 89  val_mse=0.047126  dir=0.364
2026-03-16 16:08:54 [INFO] [TFT] TIA-USD: final val_mse=0.047126  dir_acc=0.364
2026-03-16 16:08:54 [WARNING] [TFT] TIA-USD: dir_acc=0.364 < 0.50 — discarding TFT, XGBoost-only for this symbol.
2026-03-16 16:08:54 [INFO] === Training swing XGBoost for INJ-USD ===
2026-03-16 16:08:54 [INFO] Auto-split mode: will train on second half (newer data), backtest first half.
2026-03-16 16:08:54 [INFO] Fetching 1000 daily bars for INJ-USD...
2026-03-16 16:08:54 [INFO] Got 1000 bars.
2026-03-16 16:08:54 [INFO] Fetching SPY bars for relative momentum...
2026-03-16 16:08:54 [INFO] Got 1000 SPY bars.
2026-03-16 16:08:55 [INFO] Got 727 VIX rows.
2026-03-16 16:08:55 [INFO] Auto-split at midpoint (2024-11-02): training on 500 bars (second half).
2026-03-16 16:09:00 [INFO] Fetched 930 rows of sector breadth data.
2026-03-16 16:09:00 [INFO] Built 246 feature rows for INJ-USD.
2026-03-16 16:09:00 [INFO] Label Winsorization: clipped to [-0.3291, 0.2301] (1st/99th pctile)
2026-03-16 16:09:00 [INFO] Labeled 236 samples. Mean fwd return: -5.5304%
2026-03-16 16:09:00 [INFO] Train: 188, Val: 48.
2026-03-16 16:09:00 [INFO] Val RMSE: 0.123589 | Direction accuracy: 0.729
2026-03-16 16:09:00 [INFO] Top 10 features: spy_trend_strength=0.063, vol_support_strength=0.049, btc_trend_strength=0.047, cboe_vix_percentile=0.042, vix_zscore=0.039, okx_ls_zscore=0.038, adx=0.038, breakeven_inflation_5y=0.037, turn_of_month=0.037, bb_pct_b=0.036
2026-03-16 16:09:00 [INFO] Feature importances saved \u2192 C:\Users\yalil\OneDrive\Desktop\AI-projects\quantitivestocks\models\crypto\INJ-USD_xgb_swing_importance.json
2026-03-16 16:09:00 [WARNING] [Feature Stability] INJ-USD: Spearman rank correlation = 0.566 (< 0.70 threshold)
2026-03-16 16:09:00 [WARNING] [Feature Stability] INJ-USD: 'ret5' rank shifted by 11 (was #34, now #45)
2026-03-16 16:09:00 [WARNING] [Feature Stability] INJ-USD: 'rel_momentum_vs_spy_63' rank shifted by 60 (was #74, now #14)
2026-03-16 16:09:00 [WARNING] [Feature Stability] INJ-USD: 'vol20' rank shifted by 41 (was #41, now #82)
2026-03-16 16:09:00 [WARNING] [Feature Stability] INJ-USD: 'adx' rank shifted by 66 (was #73, now #7)
2026-03-16 16:09:00 [WARNING] [Feature Stability] INJ-USD: 'bb_bandwidth' rank shifted by 11 (was #23, now #34)
2026-03-16 16:09:00 [WARNING] [Feature Stability] INJ-USD: 'momentum_quality' rank shifted by 16 (was #8, now #24)
2026-03-16 16:09:00 [WARNING] [Feature Stability] INJ-USD: 'vix_pctrank' rank shifted by 37 (was #6, now #43)
2026-03-16 16:09:00 [WARNING] [Feature Stability] INJ-USD: 'vix_regime' rank shifted by 23 (was #21, now #44)
2026-03-16 16:09:00 [WARNING] [Feature Stability] INJ-USD: 'vix_zscore' rank shifted by 13 (was #18, now #5)
2026-03-16 16:09:00 [WARNING] [Feature Stability] INJ-USD: 'btc_drawdown' rank shifted by 13 (was #38, now #25)
2026-03-16 16:09:00 [WARNING] [Feature Stability] INJ-USD: 'eth_btc_ratio_zscore' rank shifted by 58 (was #17, now #75)
2026-03-16 16:09:00 [WARNING] [Feature Stability] INJ-USD: 'okx_long_short_ratio' rank shifted by 14 (was #67, now #81)
2026-03-16 16:09:00 [WARNING] [Feature Stability] INJ-USD: 'fear_greed_index' rank shifted by 14 (was #72, now #58)
2026-03-16 16:09:00 [WARNING] [Feature Stability] INJ-USD: 'treasury_slope' rank shifted by 51 (was #20, now #71)
2026-03-16 16:09:00 [WARNING] [Feature Stability] INJ-USD: 'pc_volume_ratio' rank shifted by 12 (was #60, now #72)
2026-03-16 16:09:00 [WARNING] [Feature Stability] INJ-USD: 'pc_oi_ratio' rank shifted by 12 (was #61, now #73)
2026-03-16 16:09:00 [WARNING] [Feature Stability] INJ-USD: 'vix_term_ratio' rank shifted by 12 (was #62, now #74)
2026-03-16 16:09:00 [WARNING] [Feature Stability] INJ-USD: 'cboe_vix_term_ratio' rank shifted by 30 (was #30, now #60)
2026-03-16 16:09:00 [WARNING] [Feature Stability] INJ-USD: 'cboe_vix9d_ratio' rank shifted by 38 (was #64, now #26)
2026-03-16 16:09:00 [WARNING] [Feature Stability] INJ-USD: 'cboe_skew' rank shifted by 26 (was #22, now #48)
2026-03-16 16:09:00 [WARNING] [Feature Stability] INJ-USD: 'cboe_vix_percentile' rank shifted by 53 (was #57, now #4)
2026-03-16 16:09:00 [WARNING] [Feature Stability] INJ-USD: 'credit_spread' rank shifted by 51 (was #10, now #61)
2026-03-16 16:09:00 [WARNING] [Feature Stability] INJ-USD: 'credit_spread_zscore' rank shifted by 46 (was #16, now #62)
2026-03-16 16:09:00 [WARNING] [Feature Stability] INJ-USD: 'risk_appetite_ratio' rank shifted by 23 (was #40, now #17)
2026-03-16 16:09:00 [WARNING] [Feature Stability] INJ-USD: 'risk_appetite_trend' rank shifted by 39 (was #28, now #67)
2026-03-16 16:09:00 [WARNING] [Feature Stability] INJ-USD: 'real_yield_10y' rank shifted by 28 (was #36, now #64)
2026-03-16 16:09:00 [WARNING] [Feature Stability] INJ-USD: 'beta_mkt' rank shifted by 20 (was #46, now #66)
2026-03-16 16:09:00 [WARNING] [Feature Stability] INJ-USD: 'beta_cma' rank shifted by 16 (was #56, now #40)
2026-03-16 16:09:00 [WARNING] [Feature Stability] INJ-USD: 'equity_carry' rank shifted by 16 (was #53, now #69)
2026-03-16 16:09:00 [WARNING] [Feature Stability] INJ-USD: 'volume_zscore' rank shifted by 11 (was #52, now #63)
2026-03-16 16:09:00 [WARNING] [Feature Stability] INJ-USD: 'correlation_regime' rank shifted by 11 (was #2, now #13)
2026-03-16 16:09:00 [INFO] Saved swing XGBoost \u2192 C:\Users\yalil\OneDrive\Desktop\AI-projects\quantitivestocks\models\crypto\INJ-USD_xgb_swing.joblib (dir_acc=0.729)
2026-03-16 16:09:00 [INFO] [TFT] INJ-USD: 172 train / 44 val seqs, 83 features
2026-03-16 16:09:24 [INFO] [TFT] INJ-USD ep20: val_mse=0.097490  dir=0.614
2026-03-16 16:09:46 [INFO] [TFT] INJ-USD ep40: val_mse=0.085491  dir=0.614
2026-03-16 16:10:09 [INFO] [TFT] INJ-USD ep60: val_mse=0.076499  dir=0.614
2026-03-16 16:10:32 [INFO] [TFT] INJ-USD ep80: val_mse=0.078006  dir=0.614
2026-03-16 16:10:40 [INFO] [TFT] INJ-USD: early stop epoch 87  val_mse=0.075212  dir=0.614
2026-03-16 16:10:40 [INFO] [TFT] INJ-USD: final val_mse=0.075212  dir_acc=0.614
2026-03-16 16:10:40 [INFO] [TFT] INJ-USD: saved \u2192 C:\Users\yalil\OneDrive\Desktop\AI-projects\quantitivestocks\models\crypto\INJ-USD_tft_swing.pt  (dir_acc=0.614)
2026-03-16 16:10:40 [INFO] === Training swing XGBoost for SYRUP-USD ===
2026-03-16 16:10:40 [INFO] Auto-split mode: will train on second half (newer data), backtest first half.
2026-03-16 16:10:40 [INFO] Fetching 1000 daily bars for SYRUP-USD...
2026-03-16 16:10:40 [INFO] Got 489 bars.
2026-03-16 16:10:40 [INFO] Fetching SPY bars for relative momentum...
2026-03-16 16:10:41 [INFO] Got 1000 SPY bars.
2026-03-16 16:10:41 [INFO] Got 727 VIX rows.
2026-03-16 16:10:41 [INFO] Auto-split at midpoint (2025-07-15): training on 245 bars (second half).
2026-03-16 16:10:46 [INFO] Fetched 547 rows of sector breadth data.
2026-03-16 16:10:46 [INFO] Built 0 feature rows for SYRUP-USD.
2026-03-16 16:10:46 [ERROR] Not enough data for SYRUP-USD (0 rows).
2026-03-16 16:10:46 [INFO] === Training swing XGBoost for PYTH-USD ===
2026-03-16 16:10:46 [INFO] Auto-split mode: will train on second half (newer data), backtest first half.
2026-03-16 16:10:46 [INFO] Fetching 1000 daily bars for PYTH-USD...
2026-03-16 16:10:47 [INFO] Got 848 bars.
2026-03-16 16:10:47 [INFO] Fetching SPY bars for relative momentum...
2026-03-16 16:10:47 [INFO] Got 1000 SPY bars.
2026-03-16 16:10:47 [INFO] Got 727 VIX rows.
2026-03-16 16:10:47 [INFO] Auto-split at midpoint (2025-01-17): training on 424 bars (second half).
2026-03-16 16:10:52 [INFO] Fetched 816 rows of sector breadth data.
2026-03-16 16:10:53 [INFO] Built 172 feature rows for PYTH-USD.
2026-03-16 16:10:53 [INFO] Label Winsorization: clipped to [-0.3161, 0.2166] (1st/99th pctile)
2026-03-16 16:10:53 [INFO] Labeled 162 samples. Mean fwd return: -6.2477%
2026-03-16 16:10:53 [INFO] Train: 129, Val: 33.
2026-03-16 16:10:53 [INFO] Val RMSE: 0.141641 | Direction accuracy: 0.667
2026-03-16 16:10:53 [INFO] Top 10 features: breakeven_inflation_5y=0.070, vix_regime=0.069, rel_momentum_vs_spy_252=0.059, bb_pct_b=0.057, btc_drawdown=0.050, vpoc_distance=0.043, ret252=0.041, eth_btc_ratio_zscore=0.038, correlation_regime=0.038, risk_appetite_trend=0.033
2026-03-16 16:10:53 [INFO] Feature importances saved \u2192 C:\Users\yalil\OneDrive\Desktop\AI-projects\quantitivestocks\models\crypto\PYTH-USD_xgb_swing_importance.json
2026-03-16 16:10:53 [WARNING] [Feature Stability] PYTH-USD: Spearman rank correlation = 0.650 (< 0.70 threshold)
2026-03-16 16:10:53 [WARNING] [Feature Stability] PYTH-USD: 'ret21' rank shifted by 13 (was #17, now #30)
2026-03-16 16:10:53 [WARNING] [Feature Stability] PYTH-USD: 'ret5' rank shifted by 27 (was #1, now #28)
2026-03-16 16:10:53 [WARNING] [Feature Stability] PYTH-USD: 'adx' rank shifted by 39 (was #72, now #33)
2026-03-16 16:10:53 [WARNING] [Feature Stability] PYTH-USD: 'bb_bandwidth' rank shifted by 64 (was #16, now #80)
2026-03-16 16:10:53 [WARNING] [Feature Stability] PYTH-USD: 'macd_hist_norm' rank shifted by 11 (was #9, now #20)
2026-03-16 16:10:53 [WARNING] [Feature Stability] PYTH-USD: 'vol_regime' rank shifted by 51 (was #27, now #78)
2026-03-16 16:10:53 [WARNING] [Feature Stability] PYTH-USD: 'dv_accel' rank shifted by 28 (was #68, now #40)
2026-03-16 16:10:53 [WARNING] [Feature Stability] PYTH-USD: 'spy_trend_strength' rank shifted by 26 (was #62, now #36)
2026-03-16 16:10:53 [WARNING] [Feature Stability] PYTH-USD: 'sector_etf_rel_spy_21' rank shifted by 15 (was #20, now #35)
2026-03-16 16:10:53 [WARNING] [Feature Stability] PYTH-USD: 'btc_realized_vol_30' rank shifted by 31 (was #63, now #32)
2026-03-16 16:10:53 [WARNING] [Feature Stability] PYTH-USD: 'okx_long_short_ratio' rank shifted by 19 (was #19, now #38)
2026-03-16 16:10:53 [WARNING] [Feature Stability] PYTH-USD: 'okx_ls_zscore' rank shifted by 43 (was #31, now #74)
2026-03-16 16:10:53 [WARNING] [Feature Stability] PYTH-USD: 'pc_volume_ratio' rank shifted by 11 (was #44, now #55)
2026-03-16 16:10:53 [WARNING] [Feature Stability] PYTH-USD: 'pc_oi_ratio' rank shifted by 12 (was #45, now #57)
2026-03-16 16:10:53 [WARNING] [Feature Stability] PYTH-USD: 'vix_term_inverted' rank shifted by 11 (was #47, now #58)
2026-03-16 16:10:53 [WARNING] [Feature Stability] PYTH-USD: 'cboe_vix_term_spread' rank shifted by 23 (was #48, now #25)
2026-03-16 16:10:53 [WARNING] [Feature Stability] PYTH-USD: 'cboe_vix_term_ratio' rank shifted by 33 (was #49, now #16)
2026-03-16 16:10:53 [WARNING] [Feature Stability] PYTH-USD: 'cboe_vix9d_ratio' rank shifted by 32 (was #50, now #18)
2026-03-16 16:10:53 [WARNING] [Feature Stability] PYTH-USD: 'cboe_skew' rank shifted by 27 (was #32, now #59)
2026-03-16 16:10:53 [WARNING] [Feature Stability] PYTH-USD: 'cboe_vix_percentile' rank shifted by 11 (was #51, now #62)
2026-03-16 16:10:53 [WARNING] [Feature Stability] PYTH-USD: 'credit_spread_zscore' rank shifted by 14 (was #55, now #41)
2026-03-16 16:10:53 [WARNING] [Feature Stability] PYTH-USD: 'risk_appetite_ratio' rank shifted by 29 (was #10, now #39)
2026-03-16 16:10:53 [WARNING] [Feature Stability] PYTH-USD: 'risk_appetite_trend' rank shifted by 42 (was #52, now #10)
2026-03-16 16:10:53 [WARNING] [Feature Stability] PYTH-USD: 'smallcap_rotation' rank shifted by 46 (was #57, now #11)
2026-03-16 16:10:53 [WARNING] [Feature Stability] PYTH-USD: 'yield_curve_3m10y' rank shifted by 11 (was #56, now #67)
2026-03-16 16:10:53 [WARNING] [Feature Stability] PYTH-USD: 'beta_mkt' rank shifted by 15 (was #28, now #13)
2026-03-16 16:10:53 [WARNING] [Feature Stability] PYTH-USD: 'beta_smb' rank shifted by 13 (was #30, now #17)
2026-03-16 16:10:53 [WARNING] [Feature Stability] PYTH-USD: 'beta_mom' rank shifted by 11 (was #26, now #37)
2026-03-16 16:10:53 [WARNING] [Feature Stability] PYTH-USD: 'factor_momentum' rank shifted by 36 (was #29, now #65)
2026-03-16 16:10:53 [WARNING] [Feature Stability] PYTH-USD: 'equity_carry' rank shifted by 21 (was #42, now #63)
2026-03-16 16:10:53 [WARNING] [Feature Stability] PYTH-USD: 'iv_rv_spread' rank shifted by 21 (was #43, now #22)
2026-03-16 16:10:53 [WARNING] [Feature Stability] PYTH-USD: 'vvix_level' rank shifted by 30 (was #21, now #51)
2026-03-16 16:10:53 [WARNING] [Feature Stability] PYTH-USD: 'day_of_week' rank shifted by 17 (was #33, now #50)
2026-03-16 16:10:53 [WARNING] [Feature Stability] PYTH-USD: 'turn_of_month' rank shifted by 12 (was #37, now #49)
2026-03-16 16:10:53 [WARNING] [Feature Stability] PYTH-USD: 'breadth_momentum' rank shifted by 14 (was #34, now #48)
2026-03-16 16:10:53 [INFO] Saved swing XGBoost \u2192 C:\Users\yalil\OneDrive\Desktop\AI-projects\quantitivestocks\models\crypto\PYTH-USD_xgb_swing.joblib (dir_acc=0.667)
2026-03-16 16:10:53 [INFO] [TFT] PYTH-USD: 113 train / 29 val seqs, 83 features
2026-03-16 16:11:09 [INFO] [TFT] PYTH-USD ep20: val_mse=0.041460  dir=0.690
2026-03-16 16:11:25 [INFO] [TFT] PYTH-USD ep40: val_mse=0.027143  dir=0.724
2026-03-16 16:11:40 [INFO] [TFT] PYTH-USD ep60: val_mse=0.027222  dir=0.724
2026-03-16 16:11:55 [INFO] [TFT] PYTH-USD: early stop epoch 80  val_mse=0.024657  dir=0.724
2026-03-16 16:11:55 [INFO] [TFT] PYTH-USD: final val_mse=0.024657  dir_acc=0.724
2026-03-16 16:11:55 [INFO] [TFT] PYTH-USD: saved \u2192 C:\Users\yalil\OneDrive\Desktop\AI-projects\quantitivestocks\models\crypto\PYTH-USD_tft_swing.pt  (dir_acc=0.724)
2026-03-16 16:11:55 [INFO] === Training swing XGBoost for OP-USD ===
2026-03-16 16:11:55 [INFO] Auto-split mode: will train on second half (newer data), backtest first half.
2026-03-16 16:11:55 [INFO] Fetching 1000 daily bars for OP-USD...
2026-03-16 16:11:56 [INFO] Got 1000 bars.
2026-03-16 16:11:56 [INFO] Fetching SPY bars for relative momentum...
2026-03-16 16:11:56 [INFO] Got 1000 SPY bars.
2026-03-16 16:11:56 [INFO] Got 727 VIX rows.
2026-03-16 16:11:56 [INFO] Auto-split at midpoint (2024-11-02): training on 500 bars (second half).
2026-03-16 16:12:01 [INFO] Fetched 930 rows of sector breadth data.
2026-03-16 16:12:01 [INFO] Built 246 feature rows for OP-USD.
2026-03-16 16:12:01 [INFO] Label Winsorization: clipped to [-0.4072, 0.2399] (1st/99th pctile)
2026-03-16 16:12:01 [INFO] Labeled 236 samples. Mean fwd return: -6.1449%
2026-03-16 16:12:01 [INFO] Train: 188, Val: 48.
2026-03-16 16:12:01 [INFO] Val RMSE: 0.191662 | Direction accuracy: 0.875
2026-03-16 16:12:01 [INFO] Top 10 features: spy_trend_strength=0.100, vol_support_strength=0.057, sector_etf_rel_spy_21=0.050, ret252=0.046, correlation_regime=0.038, beta_hml=0.036, beta_smb=0.034, turn_of_month=0.032, bb_bandwidth=0.032, beta_rmw=0.032
2026-03-16 16:12:01 [INFO] Feature importances saved \u2192 C:\Users\yalil\OneDrive\Desktop\AI-projects\quantitivestocks\models\crypto\OP-USD_xgb_swing_importance.json
2026-03-16 16:12:01 [WARNING] [Feature Stability] OP-USD: 'ret5' rank shifted by 60 (was #22, now #82)
2026-03-16 16:12:01 [WARNING] [Feature Stability] OP-USD: 'rel_momentum_vs_spy_252' rank shifted by 70 (was #11, now #81)
2026-03-16 16:12:01 [WARNING] [Feature Stability] OP-USD: 'ibs' rank shifted by 33 (was #73, now #40)
2026-03-16 16:12:01 [WARNING] [Feature Stability] OP-USD: 'adx' rank shifted by 13 (was #5, now #18)
2026-03-16 16:12:01 [WARNING] [Feature Stability] OP-USD: 'vix_pctrank' rank shifted by 33 (was #46, now #79)
2026-03-16 16:12:01 [WARNING] [Feature Stability] OP-USD: 'vix_regime' rank shifted by 41 (was #37, now #78)
2026-03-16 16:12:01 [WARNING] [Feature Stability] OP-USD: 'btc_realized_vol_30' rank shifted by 20 (was #13, now #33)
2026-03-16 16:12:01 [WARNING] [Feature Stability] OP-USD: 'fear_greed_zscore' rank shifted by 34 (was #35, now #69)
2026-03-16 16:12:01 [WARNING] [Feature Stability] OP-USD: 'pc_volume_ratio' rank shifted by 11 (was #60, now #71)
2026-03-16 16:12:01 [WARNING] [Feature Stability] OP-USD: 'pc_oi_ratio' rank shifted by 12 (was #61, now #73)
2026-03-16 16:12:01 [WARNING] [Feature Stability] OP-USD: 'cboe_vix_term_spread' rank shifted by 12 (was #47, now #59)
2026-03-16 16:12:01 [WARNING] [Feature Stability] OP-USD: 'cboe_vix_term_ratio' rank shifted by 21 (was #64, now #43)
2026-03-16 16:12:01 [WARNING] [Feature Stability] OP-USD: 'cboe_vix9d_ratio' rank shifted by 54 (was #7, now #61)
2026-03-16 16:12:01 [WARNING] [Feature Stability] OP-USD: 'cboe_skew' rank shifted by 20 (was #26, now #46)
2026-03-16 16:12:01 [WARNING] [Feature Stability] OP-USD: 'credit_spread_zscore' rank shifted by 11 (was #42, now #31)
2026-03-16 16:12:01 [WARNING] [Feature Stability] OP-USD: 'risk_appetite_ratio' rank shifted by 37 (was #30, now #67)
2026-03-16 16:12:01 [WARNING] [Feature Stability] OP-USD: 'yield_curve_3m10y' rank shifted by 28 (was #38, now #66)
2026-03-16 16:12:01 [WARNING] [Feature Stability] OP-USD: 'beta_cma' rank shifted by 25 (was #57, now #32)
2026-03-16 16:12:01 [WARNING] [Feature Stability] OP-USD: 'beta_mom' rank shifted by 17 (was #52, now #35)
2026-03-16 16:12:01 [WARNING] [Feature Stability] OP-USD: 'equity_carry' rank shifted by 11 (was #53, now #64)
2026-03-16 16:12:01 [WARNING] [Feature Stability] OP-USD: 'volume_trend' rank shifted by 22 (was #32, now #54)
2026-03-16 16:12:01 [WARNING] [Feature Stability] OP-USD: 'fomc_proximity' rank shifted by 12 (was #24, now #36)
2026-03-16 16:12:01 [WARNING] [Feature Stability] OP-USD: 'sector_dispersion' rank shifted by 20 (was #31, now #51)
2026-03-16 16:12:01 [INFO] Saved swing XGBoost \u2192 C:\Users\yalil\OneDrive\Desktop\AI-projects\quantitivestocks\models\crypto\OP-USD_xgb_swing.joblib (dir_acc=0.875)
2026-03-16 16:12:01 [INFO] [TFT] OP-USD: 172 train / 44 val seqs, 83 features
2026-03-16 16:12:22 [INFO] [TFT] OP-USD ep20: val_mse=0.044870  dir=0.318
2026-03-16 16:12:42 [INFO] [TFT] OP-USD ep40: val_mse=0.026150  dir=0.432
2026-03-16 16:12:59 [INFO] [TFT] OP-USD: early stop epoch 57  val_mse=0.023305  dir=0.432
2026-03-16 16:12:59 [INFO] [TFT] OP-USD: final val_mse=0.023305  dir_acc=0.432
2026-03-16 16:12:59 [WARNING] [TFT] OP-USD: dir_acc=0.432 < 0.50 — discarding TFT, XGBoost-only for this symbol.
2026-03-16 16:12:59 [INFO] === Training swing XGBoost for LDO-USD ===
2026-03-16 16:12:59 [INFO] Auto-split mode: will train on second half (newer data), backtest first half.
2026-03-16 16:12:59 [INFO] Fetching 1000 daily bars for LDO-USD...
2026-03-16 16:12:59 [INFO] Got 1000 bars.
2026-03-16 16:12:59 [INFO] Fetching SPY bars for relative momentum...
2026-03-16 16:13:00 [INFO] Got 1000 SPY bars.
2026-03-16 16:13:00 [INFO] Got 727 VIX rows.
2026-03-16 16:13:00 [INFO] Auto-split at midpoint (2024-11-02): training on 500 bars (second half).
2026-03-16 16:13:05 [INFO] Fetched 930 rows of sector breadth data.
2026-03-16 16:13:05 [INFO] Built 246 feature rows for LDO-USD.
2026-03-16 16:13:05 [INFO] Label Winsorization: clipped to [-0.3080, 0.5972] (1st/99th pctile)
2026-03-16 16:13:05 [INFO] Labeled 236 samples. Mean fwd return: -4.1044%
2026-03-16 16:13:05 [INFO] Train: 188, Val: 48.
2026-03-16 16:13:05 [INFO] Val RMSE: 0.131623 | Direction accuracy: 0.917
2026-03-16 16:13:05 [INFO] Top 10 features: yield_curve_3m10y=0.118, spy_trend_strength=0.077, risk_appetite_ratio=0.076, macd_hist_norm=0.076, treasury_slope=0.060, breakeven_inflation_5y=0.044, volume_trend=0.041, real_yield_10y=0.041, bb_pct_b=0.040, vol20=0.037
2026-03-16 16:13:05 [INFO] Feature importances saved \u2192 C:\Users\yalil\OneDrive\Desktop\AI-projects\quantitivestocks\models\crypto\LDO-USD_xgb_swing_importance.json
2026-03-16 16:13:05 [WARNING] [Feature Stability] LDO-USD: 'ret5' rank shifted by 68 (was #15, now #83)
2026-03-16 16:13:05 [WARNING] [Feature Stability] LDO-USD: 'ibs' rank shifted by 53 (was #28, now #81)
2026-03-16 16:13:05 [WARNING] [Feature Stability] LDO-USD: 'rsi14' rank shifted by 13 (was #16, now #29)
2026-03-16 16:13:05 [WARNING] [Feature Stability] LDO-USD: 'bb_bandwidth' rank shifted by 39 (was #38, now #77)
2026-03-16 16:13:05 [WARNING] [Feature Stability] LDO-USD: 'dv_accel' rank shifted by 23 (was #63, now #40)
2026-03-16 16:13:05 [WARNING] [Feature Stability] LDO-USD: 'pc_volume_ratio' rank shifted by 11 (was #60, now #71)
2026-03-16 16:13:05 [WARNING] [Feature Stability] LDO-USD: 'cboe_vix_term_spread' rank shifted by 20 (was #39, now #59)
2026-03-16 16:13:05 [WARNING] [Feature Stability] LDO-USD: 'cboe_vix9d_ratio' rank shifted by 31 (was #48, now #17)
2026-03-16 16:13:05 [WARNING] [Feature Stability] LDO-USD: 'risk_appetite_trend' rank shifted by 18 (was #49, now #67)
2026-03-16 16:13:05 [WARNING] [Feature Stability] LDO-USD: 'beta_smb' rank shifted by 44 (was #20, now #64)
2026-03-16 16:13:05 [WARNING] [Feature Stability] LDO-USD: 'beta_cma' rank shifted by 18 (was #56, now #38)
2026-03-16 16:13:05 [WARNING] [Feature Stability] LDO-USD: 'beta_mom' rank shifted by 38 (was #25, now #63)
2026-03-16 16:13:05 [WARNING] [Feature Stability] LDO-USD: 'factor_momentum' rank shifted by 30 (was #53, now #23)
2026-03-16 16:13:05 [WARNING] [Feature Stability] LDO-USD: 'volume_zscore' rank shifted by 11 (was #54, now #65)
2026-03-16 16:13:05 [WARNING] [Feature Stability] LDO-USD: 'iv_rv_spread' rank shifted by 40 (was #3, now #43)
2026-03-16 16:13:05 [WARNING] [Feature Stability] LDO-USD: 'vvix_level' rank shifted by 20 (was #45, now #25)
2026-03-16 16:13:05 [INFO] Saved swing XGBoost \u2192 C:\Users\yalil\OneDrive\Desktop\AI-projects\quantitivestocks\models\crypto\LDO-USD_xgb_swing.joblib (dir_acc=0.917)
2026-03-16 16:13:05 [INFO] [TFT] LDO-USD: 172 train / 44 val seqs, 83 features
2026-03-16 16:13:25 [INFO] [TFT] LDO-USD ep20: val_mse=0.005312  dir=0.773
2026-03-16 16:13:46 [INFO] [TFT] LDO-USD ep40: val_mse=0.004805  dir=0.795
2026-03-16 16:14:05 [INFO] [TFT] LDO-USD ep60: val_mse=0.004532  dir=0.841
2026-03-16 16:14:26 [INFO] [TFT] LDO-USD ep80: val_mse=0.004453  dir=0.841
2026-03-16 16:14:32 [INFO] [TFT] LDO-USD: early stop epoch 86  val_mse=0.004315  dir=0.864
2026-03-16 16:14:32 [INFO] [TFT] LDO-USD: final val_mse=0.004315  dir_acc=0.886
2026-03-16 16:14:32 [INFO] [TFT] LDO-USD: saved \u2192 C:\Users\yalil\OneDrive\Desktop\AI-projects\quantitivestocks\models\crypto\LDO-USD_tft_swing.pt  (dir_acc=0.886)
2026-03-16 16:14:32 [INFO] === Training swing XGBoost for ENS-USD ===
2026-03-16 16:14:32 [INFO] Auto-split mode: will train on second half (newer data), backtest first half.
2026-03-16 16:14:32 [INFO] Fetching 1000 daily bars for ENS-USD...
2026-03-16 16:14:33 [INFO] Got 1000 bars.
2026-03-16 16:14:33 [INFO] Fetching SPY bars for relative momentum...
2026-03-16 16:14:33 [INFO] Got 1000 SPY bars.
2026-03-16 16:14:33 [INFO] Got 727 VIX rows.
2026-03-16 16:14:33 [INFO] Auto-split at midpoint (2024-11-02): training on 500 bars (second half).
2026-03-16 16:14:38 [INFO] Fetched 930 rows of sector breadth data.
2026-03-16 16:14:38 [INFO] Built 246 feature rows for ENS-USD.
2026-03-16 16:14:38 [INFO] Label Winsorization: clipped to [-0.3145, 0.2129] (1st/99th pctile)
2026-03-16 16:14:38 [INFO] Labeled 236 samples. Mean fwd return: -5.4291%
2026-03-16 16:14:38 [INFO] Train: 188, Val: 48.
2026-03-16 16:14:38 [INFO] Val RMSE: 0.142092 | Direction accuracy: 0.708
2026-03-16 16:14:38 [INFO] Top 10 features: spy_trend_strength=0.061, sector_etf_rel_spy_21=0.059, credit_spread_zscore=0.050, beta_hml=0.043, btc_trend_strength=0.043, bb_bandwidth=0.043, vpoc_distance=0.040, breadth_momentum=0.037, rsi14=0.034, breakeven_inflation_5y=0.033
2026-03-16 16:14:38 [INFO] Feature importances saved \u2192 C:\Users\yalil\OneDrive\Desktop\AI-projects\quantitivestocks\models\crypto\ENS-USD_xgb_swing_importance.json
2026-03-16 16:14:38 [WARNING] [Feature Stability] ENS-USD: Spearman rank correlation = 0.601 (< 0.70 threshold)
2026-03-16 16:14:38 [WARNING] [Feature Stability] ENS-USD: 'ret252' rank shifted by 34 (was #75, now #41)
2026-03-16 16:14:38 [WARNING] [Feature Stability] ENS-USD: 'ret21' rank shifted by 28 (was #74, now #46)
2026-03-16 16:14:38 [WARNING] [Feature Stability] ENS-USD: 'rel_momentum_vs_spy_63' rank shifted by 24 (was #42, now #18)
2026-03-16 16:14:38 [WARNING] [Feature Stability] ENS-USD: 'rel_momentum_vs_spy_252' rank shifted by 28 (was #72, now #44)
2026-03-16 16:14:38 [WARNING] [Feature Stability] ENS-USD: 'vol20' rank shifted by 33 (was #46, now #13)
2026-03-16 16:14:38 [WARNING] [Feature Stability] ENS-USD: 'adx' rank shifted by 27 (was #2, now #29)
2026-03-16 16:14:38 [WARNING] [Feature Stability] ENS-USD: 'momentum_quality' rank shifted by 41 (was #71, now #30)
2026-03-16 16:14:38 [WARNING] [Feature Stability] ENS-USD: 'vix_pctrank' rank shifted by 51 (was #31, now #82)
2026-03-16 16:14:38 [WARNING] [Feature Stability] ENS-USD: 'dv_accel' rank shifted by 46 (was #30, now #76)
2026-03-16 16:14:38 [WARNING] [Feature Stability] ENS-USD: 'sector_etf_rel_spy_21' rank shifted by 15 (was #17, now #2)
2026-03-16 16:14:38 [WARNING] [Feature Stability] ENS-USD: 'btc_realized_vol_30' rank shifted by 11 (was #27, now #38)
2026-03-16 16:14:38 [WARNING] [Feature Stability] ENS-USD: 'btc_drawdown' rank shifted by 67 (was #8, now #75)
2026-03-16 16:14:38 [WARNING] [Feature Stability] ENS-USD: 'okx_long_short_ratio' rank shifted by 15 (was #66, now #81)
2026-03-16 16:14:38 [WARNING] [Feature Stability] ENS-USD: 'fear_greed_index' rank shifted by 27 (was #41, now #68)
2026-03-16 16:14:38 [WARNING] [Feature Stability] ENS-USD: 'fear_greed_zscore' rank shifted by 47 (was #22, now #69)
2026-03-16 16:14:38 [WARNING] [Feature Stability] ENS-USD: 'pc_volume_ratio' rank shifted by 11 (was #60, now #71)
2026-03-16 16:14:38 [WARNING] [Feature Stability] ENS-USD: 'pc_oi_ratio' rank shifted by 12 (was #61, now #73)
2026-03-16 16:14:38 [WARNING] [Feature Stability] ENS-USD: 'cboe_vix_term_ratio' rank shifted by 18 (was #43, now #61)
2026-03-16 16:14:38 [WARNING] [Feature Stability] ENS-USD: 'cboe_vix_percentile' rank shifted by 12 (was #59, now #47)
2026-03-16 16:14:38 [WARNING] [Feature Stability] ENS-USD: 'credit_spread' rank shifted by 23 (was #37, now #60)
2026-03-16 16:14:38 [WARNING] [Feature Stability] ENS-USD: 'credit_spread_zscore' rank shifted by 55 (was #58, now #3)
2026-03-16 16:14:38 [WARNING] [Feature Stability] ENS-USD: 'risk_appetite_ratio' rank shifted by 16 (was #51, now #67)
2026-03-16 16:14:38 [WARNING] [Feature Stability] ENS-USD: 'risk_appetite_trend' rank shifted by 12 (was #35, now #23)
2026-03-16 16:14:38 [WARNING] [Feature Stability] ENS-USD: 'yield_curve_3m10y' rank shifted by 15 (was #18, now #33)
2026-03-16 16:14:38 [WARNING] [Feature Stability] ENS-USD: 'real_yield_10y' rank shifted by 12 (was #14, now #26)
2026-03-16 16:14:38 [WARNING] [Feature Stability] ENS-USD: 'breakeven_inflation_5y' rank shifted by 13 (was #23, now #10)
2026-03-16 16:14:38 [WARNING] [Feature Stability] ENS-USD: 'beta_rmw' rank shifted by 31 (was #33, now #64)
2026-03-16 16:14:38 [WARNING] [Feature Stability] ENS-USD: 'beta_cma' rank shifted by 21 (was #53, now #32)
2026-03-16 16:14:38 [WARNING] [Feature Stability] ENS-USD: 'beta_mom' rank shifted by 51 (was #12, now #63)
2026-03-16 16:14:38 [WARNING] [Feature Stability] ENS-USD: 'vvix_level' rank shifted by 12 (was #39, now #51)
2026-03-16 16:14:38 [WARNING] [Feature Stability] ENS-USD: 'breadth_momentum' rank shifted by 11 (was #19, now #8)
2026-03-16 16:14:38 [WARNING] [Feature Stability] ENS-USD: 'correlation_regime' rank shifted by 46 (was #3, now #49)
2026-03-16 16:14:38 [INFO] Saved swing XGBoost \u2192 C:\Users\yalil\OneDrive\Desktop\AI-projects\quantitivestocks\models\crypto\ENS-USD_xgb_swing.joblib (dir_acc=0.708)
2026-03-16 16:14:38 [INFO] [TFT] ENS-USD: 172 train / 44 val seqs, 83 features
2026-03-16 16:14:59 [INFO] [TFT] ENS-USD ep20: val_mse=0.194677  dir=0.477
2026-03-16 16:15:20 [INFO] [TFT] ENS-USD ep40: val_mse=0.152663  dir=0.432
2026-03-16 16:15:42 [INFO] [TFT] ENS-USD ep60: val_mse=0.141157  dir=0.545
2026-03-16 16:16:03 [INFO] [TFT] ENS-USD ep80: val_mse=0.135708  dir=0.545
2026-03-16 16:16:11 [INFO] [TFT] ENS-USD: early stop epoch 87  val_mse=0.131286  dir=0.477
2026-03-16 16:16:11 [INFO] [TFT] ENS-USD: final val_mse=0.131286  dir_acc=0.432
2026-03-16 16:16:11 [WARNING] [TFT] ENS-USD: dir_acc=0.432 < 0.50 — discarding TFT, XGBoost-only for this symbol.
2026-03-16 16:16:11 [INFO] === Training swing XGBoost for SAND-USD ===
2026-03-16 16:16:11 [INFO] Auto-split mode: will train on second half (newer data), backtest first half.
2026-03-16 16:16:11 [INFO] Fetching 1000 daily bars for SAND-USD...
2026-03-16 16:16:11 [INFO] Got 1000 bars.
2026-03-16 16:16:11 [INFO] Fetching SPY bars for relative momentum...
2026-03-16 16:16:12 [INFO] Got 1000 SPY bars.
2026-03-16 16:16:12 [INFO] Got 727 VIX rows.
2026-03-16 16:16:12 [INFO] Auto-split at midpoint (2024-11-02): training on 500 bars (second half).
2026-03-16 16:16:14 [WARNING] Cross-market fetch failed for dxy (DX-Y.NYB): 'chart'
2026-03-16 16:16:17 [INFO] Fetched 930 rows of sector breadth data.
2026-03-16 16:16:17 [INFO] Built 246 feature rows for SAND-USD.
2026-03-16 16:16:17 [INFO] Label Winsorization: clipped to [-0.3483, 0.2384] (1st/99th pctile)
2026-03-16 16:16:17 [INFO] Labeled 236 samples. Mean fwd return: -4.8887%
2026-03-16 16:16:17 [INFO] Train: 188, Val: 48.
2026-03-16 16:16:17 [INFO] Val RMSE: 0.139815 | Direction accuracy: 0.729
2026-03-16 16:16:17 [INFO] Top 10 features: ret252=0.087, rel_momentum_vs_spy_252=0.066, beta_smb=0.042, macd_hist_norm=0.038, cboe_vix_term_ratio=0.036, beta_rmw=0.035, treasury_slope=0.033, rsi14=0.030, bb_bandwidth=0.028, eth_btc_ratio_zscore=0.028
2026-03-16 16:16:17 [INFO] Feature importances saved \u2192 C:\Users\yalil\OneDrive\Desktop\AI-projects\quantitivestocks\models\crypto\SAND-USD_xgb_swing_importance.json
2026-03-16 16:16:17 [WARNING] [Feature Stability] SAND-USD: Spearman rank correlation = 0.612 (< 0.70 threshold)
2026-03-16 16:16:17 [WARNING] [Feature Stability] SAND-USD: 'ret63' rank shifted by 13 (was #33, now #46)
2026-03-16 16:16:17 [WARNING] [Feature Stability] SAND-USD: 'ret21' rank shifted by 24 (was #23, now #47)
2026-03-16 16:16:17 [WARNING] [Feature Stability] SAND-USD: 'ret5' rank shifted by 17 (was #22, now #39)
2026-03-16 16:16:17 [WARNING] [Feature Stability] SAND-USD: 'rel_momentum_vs_spy_63' rank shifted by 13 (was #38, now #51)
2026-03-16 16:16:17 [WARNING] [Feature Stability] SAND-USD: 'rel_momentum_vs_spy_252' rank shifted by 73 (was #75, now #2)
2026-03-16 16:16:17 [WARNING] [Feature Stability] SAND-USD: 'vol20' rank shifted by 21 (was #17, now #38)
2026-03-16 16:16:17 [WARNING] [Feature Stability] SAND-USD: 'adx' rank shifted by 11 (was #31, now #42)
2026-03-16 16:16:17 [WARNING] [Feature Stability] SAND-USD: 'vol_regime' rank shifted by 11 (was #20, now #31)
2026-03-16 16:16:17 [WARNING] [Feature Stability] SAND-USD: 'vix_pctrank' rank shifted by 42 (was #41, now #83)
2026-03-16 16:16:17 [WARNING] [Feature Stability] SAND-USD: 'dv_accel' rank shifted by 31 (was #21, now #52)
2026-03-16 16:16:17 [WARNING] [Feature Stability] SAND-USD: 'spy_trend_strength' rank shifted by 23 (was #10, now #33)
2026-03-16 16:16:17 [WARNING] [Feature Stability] SAND-USD: 'vix_regime' rank shifted by 19 (was #69, now #50)
2026-03-16 16:16:17 [WARNING] [Feature Stability] SAND-USD: 'sector_etf_rel_spy_21' rank shifted by 28 (was #71, now #43)
2026-03-16 16:16:17 [WARNING] [Feature Stability] SAND-USD: 'btc_sma200_flag' rank shifted by 12 (was #70, now #82)
2026-03-16 16:16:17 [WARNING] [Feature Stability] SAND-USD: 'btc_realized_vol_30' rank shifted by 69 (was #12, now #81)
2026-03-16 16:16:17 [WARNING] [Feature Stability] SAND-USD: 'fear_greed_zscore' rank shifted by 63 (was #6, now #69)
2026-03-16 16:16:17 [WARNING] [Feature Stability] SAND-USD: 'pc_volume_ratio' rank shifted by 21 (was #50, now #71)
2026-03-16 16:16:17 [WARNING] [Feature Stability] SAND-USD: 'pc_oi_ratio' rank shifted by 22 (was #51, now #73)
2026-03-16 16:16:17 [WARNING] [Feature Stability] SAND-USD: 'vix_term_inverted' rank shifted by 11 (was #63, now #74)
2026-03-16 16:16:17 [WARNING] [Feature Stability] SAND-USD: 'cboe_vix_term_spread' rank shifted by 11 (was #64, now #75)
2026-03-16 16:16:17 [WARNING] [Feature Stability] SAND-USD: 'cboe_vix_term_ratio' rank shifted by 38 (was #43, now #5)
2026-03-16 16:16:17 [WARNING] [Feature Stability] SAND-USD: 'cboe_vix9d_ratio' rank shifted by 13 (was #40, now #27)
2026-03-16 16:16:17 [WARNING] [Feature Stability] SAND-USD: 'cboe_skew' rank shifted by 12 (was #65, now #77)
2026-03-16 16:16:17 [WARNING] [Feature Stability] SAND-USD: 'credit_spread' rank shifted by 40 (was #66, now #26)
2026-03-16 16:16:17 [WARNING] [Feature Stability] SAND-USD: 'credit_spread_chg5' rank shifted by 14 (was #30, now #44)
2026-03-16 16:16:17 [WARNING] [Feature Stability] SAND-USD: 'risk_appetite_ratio' rank shifted by 12 (was #4, now #16)
2026-03-16 16:16:17 [WARNING] [Feature Stability] SAND-USD: 'risk_appetite_trend' rank shifted by 15 (was #34, now #19)
2026-03-16 16:16:17 [WARNING] [Feature Stability] SAND-USD: 'smallcap_rotation' rank shifted by 23 (was #52, now #29)
2026-03-16 16:16:17 [WARNING] [Feature Stability] SAND-USD: 'yield_curve_3m10y' rank shifted by 13 (was #53, now #66)
2026-03-16 16:16:17 [WARNING] [Feature Stability] SAND-USD: 'fed_funds_rate' rank shifted by 25 (was #57, now #32)
2026-03-16 16:16:17 [WARNING] [Feature Stability] SAND-USD: 'beta_rmw' rank shifted by 22 (was #28, now #6)
2026-03-16 16:16:17 [WARNING] [Feature Stability] SAND-USD: 'factor_momentum' rank shifted by 14 (was #42, now #28)
2026-03-16 16:16:17 [WARNING] [Feature Stability] SAND-USD: 'iv_rv_zscore' rank shifted by 14 (was #26, now #40)
2026-03-16 16:16:17 [WARNING] [Feature Stability] SAND-USD: 'vvix_level' rank shifted by 12 (was #37, now #49)
2026-03-16 16:16:17 [WARNING] [Feature Stability] SAND-USD: 'day_of_week' rank shifted by 13 (was #45, now #58)
2026-03-16 16:16:17 [WARNING] [Feature Stability] SAND-USD: 'turn_of_month' rank shifted by 15 (was #44, now #59)
2026-03-16 16:16:17 [WARNING] [Feature Stability] SAND-USD: 'month_sin' rank shifted by 13 (was #47, now #60)
2026-03-16 16:16:17 [WARNING] [Feature Stability] SAND-USD: 'month_cos' rank shifted by 11 (was #46, now #57)
2026-03-16 16:16:17 [WARNING] [Feature Stability] SAND-USD: 'sector_breadth' rank shifted by 23 (was #48, now #25)
2026-03-16 16:16:17 [WARNING] [Feature Stability] SAND-USD: 'sector_dispersion' rank shifted by 37 (was #49, now #12)
2026-03-16 16:16:17 [WARNING] [Feature Stability] SAND-USD: 'breadth_momentum' rank shifted by 22 (was #39, now #61)
2026-03-16 16:16:17 [INFO] Saved swing XGBoost \u2192 C:\Users\yalil\OneDrive\Desktop\AI-projects\quantitivestocks\models\crypto\SAND-USD_xgb_swing.joblib (dir_acc=0.729)
2026-03-16 16:16:17 [INFO] [TFT] SAND-USD: 172 train / 44 val seqs, 83 features
2026-03-16 16:16:38 [INFO] [TFT] SAND-USD ep20: val_mse=0.008936  dir=0.523
2026-03-16 16:16:41 [INFO] [TFT] SAND-USD: early stop epoch 23  val_mse=0.008430  dir=0.500
2026-03-16 16:16:41 [INFO] [TFT] SAND-USD: final val_mse=0.008430  dir_acc=0.614
2026-03-16 16:16:41 [INFO] [TFT] SAND-USD: saved \u2192 C:\Users\yalil\OneDrive\Desktop\AI-projects\quantitivestocks\models\crypto\SAND-USD_tft_swing.pt  (dir_acc=0.614)
2026-03-16 16:16:41 [INFO] === Training swing XGBoost for HNT-USD ===
2026-03-16 16:16:41 [INFO] Auto-split mode: will train on second half (newer data), backtest first half.
2026-03-16 16:16:41 [INFO] Fetching 1000 daily bars for HNT-USD...
2026-03-16 16:16:41 [INFO] Got 1000 bars.
2026-03-16 16:16:41 [INFO] Fetching SPY bars for relative momentum...
2026-03-16 16:16:42 [INFO] Got 1000 SPY bars.
2026-03-16 16:16:42 [INFO] Got 727 VIX rows.
2026-03-16 16:16:42 [INFO] Auto-split at midpoint (2024-11-02): training on 500 bars (second half).
2026-03-16 16:16:47 [INFO] Fetched 930 rows of sector breadth data.
2026-03-16 16:16:47 [INFO] Built 246 feature rows for HNT-USD.
2026-03-16 16:16:47 [INFO] Label Winsorization: clipped to [-0.2631, 0.7770] (1st/99th pctile)
2026-03-16 16:16:47 [INFO] Labeled 236 samples. Mean fwd return: -3.0875%
2026-03-16 16:16:47 [INFO] Train: 188, Val: 48.
2026-03-16 16:16:48 [INFO] Val RMSE: 0.331840 | Direction accuracy: 0.604
2026-03-16 16:16:48 [INFO] Top 10 features: vol_resistance_strength=0.115, bb_pct_b=0.093, real_yield_10y=0.085, vol_support_strength=0.052, rsi14=0.052, factor_momentum=0.046, beta_mom=0.039, fear_greed_index=0.036, vpoc_distance=0.030, ret252=0.027
2026-03-16 16:16:48 [INFO] Feature importances saved \u2192 C:\Users\yalil\OneDrive\Desktop\AI-projects\quantitivestocks\models\crypto\HNT-USD_xgb_swing_importance.json
2026-03-16 16:16:48 [WARNING] [Feature Stability] HNT-USD: Spearman rank correlation = 0.700 (< 0.70 threshold)
2026-03-16 16:16:48 [WARNING] [Feature Stability] HNT-USD: 'ret21' rank shifted by 23 (was #59, now #36)
2026-03-16 16:16:48 [WARNING] [Feature Stability] HNT-USD: 'ret5' rank shifted by 11 (was #50, now #61)
2026-03-16 16:16:48 [WARNING] [Feature Stability] HNT-USD: 'rel_momentum_vs_spy_252' rank shifted by 24 (was #24, now #48)
2026-03-16 16:16:48 [WARNING] [Feature Stability] HNT-USD: 'bb_bandwidth' rank shifted by 14 (was #30, now #44)
2026-03-16 16:16:48 [WARNING] [Feature Stability] HNT-USD: 'vix_pctrank' rank shifted by 19 (was #54, now #35)
2026-03-16 16:16:48 [WARNING] [Feature Stability] HNT-USD: 'spy_trend_strength' rank shifted by 15 (was #44, now #59)
2026-03-16 16:16:48 [WARNING] [Feature Stability] HNT-USD: 'vix_regime' rank shifted by 19 (was #9, now #28)
2026-03-16 16:16:48 [WARNING] [Feature Stability] HNT-USD: 'vix_zscore' rank shifted by 11 (was #8, now #19)
2026-03-16 16:16:48 [WARNING] [Feature Stability] HNT-USD: 'sector_etf_rel_spy_21' rank shifted by 18 (was #21, now #39)
2026-03-16 16:16:48 [WARNING] [Feature Stability] HNT-USD: 'eth_btc_ratio_zscore' rank shifted by 42 (was #12, now #54)
2026-03-16 16:16:48 [WARNING] [Feature Stability] HNT-USD: 'okx_long_short_ratio' rank shifted by 57 (was #14, now #71)
2026-03-16 16:16:48 [WARNING] [Feature Stability] HNT-USD: 'fear_greed_index' rank shifted by 56 (was #64, now #8)
2026-03-16 16:16:48 [WARNING] [Feature Stability] HNT-USD: 'fear_greed_zscore' rank shifted by 12 (was #1, now #13)
2026-03-16 16:16:48 [WARNING] [Feature Stability] HNT-USD: 'treasury_slope' rank shifted by 52 (was #15, now #67)
2026-03-16 16:16:48 [WARNING] [Feature Stability] HNT-USD: 'pc_volume_ratio' rank shifted by 11 (was #68, now #79)
2026-03-16 16:16:48 [WARNING] [Feature Stability] HNT-USD: 'cboe_vix_term_ratio' rank shifted by 12 (was #35, now #23)
2026-03-16 16:16:48 [WARNING] [Feature Stability] HNT-USD: 'cboe_vix9d_ratio' rank shifted by 15 (was #49, now #64)
2026-03-16 16:16:48 [WARNING] [Feature Stability] HNT-USD: 'credit_spread' rank shifted by 15 (was #7, now #22)
2026-03-16 16:16:48 [WARNING] [Feature Stability] HNT-USD: 'credit_spread_chg5' rank shifted by 13 (was #34, now #47)
2026-03-16 16:16:48 [WARNING] [Feature Stability] HNT-USD: 'credit_spread_zscore' rank shifted by 31 (was #52, now #21)
2026-03-16 16:16:48 [WARNING] [Feature Stability] HNT-USD: 'yield_curve_3m10y' rank shifted by 17 (was #28, now #45)
2026-03-16 16:16:48 [WARNING] [Feature Stability] HNT-USD: 'fed_funds_rate' rank shifted by 33 (was #48, now #15)
2026-03-16 16:16:48 [WARNING] [Feature Stability] HNT-USD: 'beta_smb' rank shifted by 15 (was #33, now #18)
2026-03-16 16:16:48 [WARNING] [Feature Stability] HNT-USD: 'beta_rmw' rank shifted by 23 (was #32, now #55)
2026-03-16 16:16:48 [WARNING] [Feature Stability] HNT-USD: 'beta_cma' rank shifted by 19 (was #45, now #26)
2026-03-16 16:16:48 [WARNING] [Feature Stability] HNT-USD: 'equity_carry' rank shifted by 15 (was #66, now #81)
2026-03-16 16:16:48 [WARNING] [Feature Stability] HNT-USD: 'price_volume_divergence' rank shifted by 16 (was #56, now #72)
2026-03-16 16:16:48 [WARNING] [Feature Stability] HNT-USD: 'volume_trend' rank shifted by 20 (was #42, now #62)
2026-03-16 16:16:48 [WARNING] [Feature Stability] HNT-USD: 'vvix_level' rank shifted by 26 (was #37, now #11)
2026-03-16 16:16:48 [WARNING] [Feature Stability] HNT-USD: 'day_of_week' rank shifted by 13 (was #53, now #66)
2026-03-16 16:16:48 [WARNING] [Feature Stability] HNT-USD: 'month_sin' rank shifted by 31 (was #11, now #42)
2026-03-16 16:16:48 [WARNING] [Feature Stability] HNT-USD: 'month_cos' rank shifted by 14 (was #19, now #33)
2026-03-16 16:16:48 [WARNING] [Feature Stability] HNT-USD: 'sector_breadth' rank shifted by 11 (was #26, now #37)
2026-03-16 16:16:48 [WARNING] [Feature Stability] HNT-USD: 'sector_dispersion' rank shifted by 11 (was #46, now #57)
2026-03-16 16:16:48 [WARNING] [Feature Stability] HNT-USD: 'breadth_momentum' rank shifted by 38 (was #65, now #27)
2026-03-16 16:16:48 [INFO] Saved swing XGBoost \u2192 C:\Users\yalil\OneDrive\Desktop\AI-projects\quantitivestocks\models\crypto\HNT-USD_xgb_swing.joblib (dir_acc=0.604)
2026-03-16 16:16:48 [INFO] [TFT] HNT-USD: 172 train / 44 val seqs, 83 features
2026-03-16 16:17:08 [INFO] [TFT] HNT-USD ep20: val_mse=0.006965  dir=0.727
2026-03-16 16:17:29 [INFO] [TFT] HNT-USD ep40: val_mse=0.006354  dir=0.795
2026-03-16 16:17:50 [INFO] [TFT] HNT-USD ep60: val_mse=0.006110  dir=0.795
2026-03-16 16:18:12 [INFO] [TFT] HNT-USD ep80: val_mse=0.005936  dir=0.750
2026-03-16 16:18:16 [INFO] [TFT] HNT-USD: early stop epoch 84  val_mse=0.005891  dir=0.773
2026-03-16 16:18:16 [INFO] [TFT] HNT-USD: final val_mse=0.005891  dir_acc=0.750
2026-03-16 16:18:16 [INFO] [TFT] HNT-USD: saved \u2192 C:\Users\yalil\OneDrive\Desktop\AI-projects\quantitivestocks\models\crypto\HNT-USD_tft_swing.pt  (dir_acc=0.750)
2026-03-16 16:18:16 [INFO] === Training swing XGBoost for PENDLE-USD ===
2026-03-16 16:18:16 [INFO] Auto-split mode: will train on second half (newer data), backtest first half.
2026-03-16 16:18:16 [INFO] Fetching 1000 daily bars for PENDLE-USD...
2026-03-16 16:18:16 [INFO] Got 1000 bars.
2026-03-16 16:18:16 [INFO] Fetching SPY bars for relative momentum...
2026-03-16 16:18:16 [INFO] Got 1000 SPY bars.
2026-03-16 16:18:17 [INFO] Got 727 VIX rows.
2026-03-16 16:18:17 [INFO] Auto-split at midpoint (2024-11-02): training on 500 bars (second half).
2026-03-16 16:18:22 [INFO] Fetched 930 rows of sector breadth data.
2026-03-16 16:18:23 [INFO] Built 246 feature rows for PENDLE-USD.
2026-03-16 16:18:23 [INFO] Label Winsorization: clipped to [-0.3804, 0.3802] (1st/99th pctile)
2026-03-16 16:18:23 [INFO] Labeled 236 samples. Mean fwd return: -3.9043%
2026-03-16 16:18:23 [INFO] Train: 188, Val: 48.
2026-03-16 16:18:23 [INFO] Val RMSE: 0.156699 | Direction accuracy: 0.500
2026-03-16 16:18:23 [INFO] Top 10 features: vol_sr_imbalance=0.082, vol_resistance_strength=0.067, spy_trend_strength=0.050, bb_pct_b=0.040, vpoc_distance=0.038, smallcap_rotation=0.036, cboe_skew=0.034, okx_ls_zscore=0.033, cboe_vix_term_spread=0.031, dv_accel=0.031
2026-03-16 16:18:23 [INFO] Feature importances saved \u2192 C:\Users\yalil\OneDrive\Desktop\AI-projects\quantitivestocks\models\crypto\PENDLE-USD_xgb_swing_importance.json
2026-03-16 16:18:23 [WARNING] [Feature Stability] PENDLE-USD: Spearman rank correlation = 0.639 (< 0.70 threshold)
2026-03-16 16:18:23 [WARNING] [Feature Stability] PENDLE-USD: 'ret21' rank shifted by 40 (was #8, now #48)
2026-03-16 16:18:23 [WARNING] [Feature Stability] PENDLE-USD: 'ret5' rank shifted by 53 (was #29, now #82)
2026-03-16 16:18:23 [WARNING] [Feature Stability] PENDLE-USD: 'rel_momentum_vs_spy_252' rank shifted by 77 (was #4, now #81)
2026-03-16 16:18:23 [WARNING] [Feature Stability] PENDLE-USD: 'ibs' rank shifted by 37 (was #42, now #79)
2026-03-16 16:18:23 [WARNING] [Feature Stability] PENDLE-USD: 'rsi14' rank shifted by 14 (was #9, now #23)
2026-03-16 16:18:23 [WARNING] [Feature Stability] PENDLE-USD: 'adx' rank shifted by 22 (was #44, now #22)
2026-03-16 16:18:23 [WARNING] [Feature Stability] PENDLE-USD: 'bb_pct_b' rank shifted by 11 (was #15, now #4)
2026-03-16 16:18:23 [WARNING] [Feature Stability] PENDLE-USD: 'bb_bandwidth' rank shifted by 28 (was #46, now #18)
2026-03-16 16:18:23 [WARNING] [Feature Stability] PENDLE-USD: 'vix_pctrank' rank shifted by 29 (was #72, now #43)
2026-03-16 16:18:23 [WARNING] [Feature Stability] PENDLE-USD: 'dv_accel' rank shifted by 25 (was #35, now #10)
2026-03-16 16:18:23 [WARNING] [Feature Stability] PENDLE-USD: 'vix_regime' rank shifted by 15 (was #5, now #20)
2026-03-16 16:18:23 [WARNING] [Feature Stability] PENDLE-USD: 'vix_zscore' rank shifted by 40 (was #37, now #77)
2026-03-16 16:18:23 [WARNING] [Feature Stability] PENDLE-USD: 'btc_drawdown' rank shifted by 20 (was #12, now #32)
2026-03-16 16:18:23 [WARNING] [Feature Stability] PENDLE-USD: 'treasury_slope' rank shifted by 46 (was #24, now #70)
2026-03-16 16:18:23 [WARNING] [Feature Stability] PENDLE-USD: 'pc_volume_ratio' rank shifted by 11 (was #60, now #71)
2026-03-16 16:18:23 [WARNING] [Feature Stability] PENDLE-USD: 'cboe_skew' rank shifted by 19 (was #26, now #7)
2026-03-16 16:18:23 [WARNING] [Feature Stability] PENDLE-USD: 'cboe_vix_percentile' rank shifted by 39 (was #65, now #26)
2026-03-16 16:18:23 [WARNING] [Feature Stability] PENDLE-USD: 'credit_spread' rank shifted by 12 (was #27, now #39)
2026-03-16 16:18:23 [WARNING] [Feature Stability] PENDLE-USD: 'credit_spread_chg5' rank shifted by 11 (was #14, now #25)
2026-03-16 16:18:23 [WARNING] [Feature Stability] PENDLE-USD: 'credit_spread_zscore' rank shifted by 30 (was #58, now #28)
2026-03-16 16:18:23 [WARNING] [Feature Stability] PENDLE-USD: 'real_yield_10y' rank shifted by 14 (was #59, now #45)
2026-03-16 16:18:23 [WARNING] [Feature Stability] PENDLE-USD: 'beta_mom' rank shifted by 37 (was #25, now #62)
2026-03-16 16:18:23 [WARNING] [Feature Stability] PENDLE-USD: 'volume_trend' rank shifted by 22 (was #32, now #54)
2026-03-16 16:18:23 [WARNING] [Feature Stability] PENDLE-USD: 'iv_rv_spread' rank shifted by 38 (was #52, now #14)
2026-03-16 16:18:23 [WARNING] [Feature Stability] PENDLE-USD: 'iv_rv_zscore' rank shifted by 12 (was #47, now #59)
2026-03-16 16:18:23 [WARNING] [Feature Stability] PENDLE-USD: 'vvix_level' rank shifted by 25 (was #33, now #58)
2026-03-16 16:18:23 [WARNING] [Feature Stability] PENDLE-USD: 'fomc_proximity' rank shifted by 12 (was #43, now #31)
2026-03-16 16:18:23 [WARNING] [Feature Stability] PENDLE-USD: 'sector_breadth' rank shifted by 16 (was #39, now #55)
2026-03-16 16:18:23 [WARNING] [Feature Stability] PENDLE-USD: 'sector_dispersion' rank shifted by 40 (was #11, now #51)
2026-03-16 16:18:23 [INFO] Saved swing XGBoost \u2192 C:\Users\yalil\OneDrive\Desktop\AI-projects\quantitivestocks\models\crypto\PENDLE-USD_xgb_swing.joblib (dir_acc=0.500)
2026-03-16 16:18:23 [INFO] [TFT] PENDLE-USD: 172 train / 44 val seqs, 83 features
2026-03-16 16:18:45 [INFO] [TFT] PENDLE-USD ep20: val_mse=0.066585  dir=0.250
2026-03-16 16:19:07 [INFO] [TFT] PENDLE-USD ep40: val_mse=0.056652  dir=0.250
2026-03-16 16:19:28 [INFO] [TFT] PENDLE-USD ep60: val_mse=0.050587  dir=0.250
2026-03-16 16:19:48 [INFO] [TFT] PENDLE-USD: early stop epoch 79  val_mse=0.049659  dir=0.250
2026-03-16 16:19:48 [INFO] [TFT] PENDLE-USD: final val_mse=0.049659  dir_acc=0.250
2026-03-16 16:19:48 [WARNING] [TFT] PENDLE-USD: dir_acc=0.250 < 0.50 — discarding TFT, XGBoost-only for this symbol.
2026-03-16 16:19:48 [INFO] === Training swing XGBoost for AXS-USD ===
2026-03-16 16:19:48 [INFO] Auto-split mode: will train on second half (newer data), backtest first half.
2026-03-16 16:19:48 [INFO] Fetching 1000 daily bars for AXS-USD...
2026-03-16 16:19:48 [INFO] Got 1000 bars.
2026-03-16 16:19:48 [INFO] Fetching SPY bars for relative momentum...
2026-03-16 16:19:48 [INFO] Got 1000 SPY bars.
2026-03-16 16:19:49 [INFO] Got 727 VIX rows.
2026-03-16 16:19:49 [INFO] Auto-split at midpoint (2024-11-02): training on 500 bars (second half).
2026-03-16 16:19:54 [INFO] Fetched 930 rows of sector breadth data.
2026-03-16 16:19:54 [INFO] Built 246 feature rows for AXS-USD.
2026-03-16 16:19:54 [INFO] Label Winsorization: clipped to [-0.4348, 1.3767] (1st/99th pctile)
2026-03-16 16:19:54 [INFO] Labeled 236 samples. Mean fwd return: -0.9033%
2026-03-16 16:19:54 [INFO] Train: 188, Val: 48.
2026-03-16 16:19:54 [INFO] Val RMSE: 0.220139 | Direction accuracy: 0.188
2026-03-16 16:19:54 [INFO] Top 10 features: factor_momentum=0.237, beta_mom=0.207, beta_mkt=0.168, month_sin=0.147, cboe_vix9d_ratio=0.063, beta_rmw=0.019, btc_trend_strength=0.012, beta_smb=0.012, fear_greed_zscore=0.009, bb_pct_b=0.008
2026-03-16 16:19:54 [INFO] Feature importances saved \u2192 C:\Users\yalil\OneDrive\Desktop\AI-projects\quantitivestocks\models\crypto\AXS-USD_xgb_swing_importance.json
2026-03-16 16:19:54 [WARNING] [Feature Stability] AXS-USD: Spearman rank correlation = 0.644 (< 0.70 threshold)
2026-03-16 16:19:54 [WARNING] [Feature Stability] AXS-USD: 'ret63' rank shifted by 49 (was #34, now #83)
2026-03-16 16:19:54 [WARNING] [Feature Stability] AXS-USD: 'ret5' rank shifted by 52 (was #30, now #82)
2026-03-16 16:19:54 [WARNING] [Feature Stability] AXS-USD: 'rel_momentum_vs_spy_252' rank shifted by 48 (was #33, now #81)
2026-03-16 16:19:54 [WARNING] [Feature Stability] AXS-USD: 'vol20' rank shifted by 35 (was #10, now #45)
2026-03-16 16:19:54 [WARNING] [Feature Stability] AXS-USD: 'momentum_quality' rank shifted by 12 (was #13, now #25)
2026-03-16 16:19:54 [WARNING] [Feature Stability] AXS-USD: 'vol_regime' rank shifted by 27 (was #74, now #47)
2026-03-16 16:19:54 [WARNING] [Feature Stability] AXS-USD: 'vix_pctrank' rank shifted by 42 (was #37, now #79)
2026-03-16 16:19:54 [WARNING] [Feature Stability] AXS-USD: 'spy_trend_strength' rank shifted by 14 (was #6, now #20)
2026-03-16 16:19:54 [WARNING] [Feature Stability] AXS-USD: 'vix_regime' rank shifted by 32 (was #69, now #37)
2026-03-16 16:19:54 [WARNING] [Feature Stability] AXS-USD: 'vix_zscore' rank shifted by 36 (was #71, now #35)
2026-03-16 16:19:54 [WARNING] [Feature Stability] AXS-USD: 'btc_realized_vol_30' rank shifted by 15 (was #8, now #23)
2026-03-16 16:19:54 [WARNING] [Feature Stability] AXS-USD: 'eth_btc_ratio_zscore' rank shifted by 21 (was #35, now #14)
2026-03-16 16:19:54 [WARNING] [Feature Stability] AXS-USD: 'okx_long_short_ratio' rank shifted by 35 (was #66, now #31)
2026-03-16 16:19:54 [WARNING] [Feature Stability] AXS-USD: 'fear_greed_index' rank shifted by 48 (was #72, now #24)
2026-03-16 16:19:54 [WARNING] [Feature Stability] AXS-USD: 'pc_volume_ratio' rank shifted by 11 (was #60, now #71)
2026-03-16 16:19:54 [WARNING] [Feature Stability] AXS-USD: 'cboe_vix_term_spread' rank shifted by 19 (was #40, now #59)
2026-03-16 16:19:54 [WARNING] [Feature Stability] AXS-USD: 'cboe_skew' rank shifted by 17 (was #25, now #42)
2026-03-16 16:19:54 [WARNING] [Feature Stability] AXS-USD: 'credit_spread_chg5' rank shifted by 14 (was #58, now #44)
2026-03-16 16:19:54 [WARNING] [Feature Stability] AXS-USD: 'risk_appetite_trend' rank shifted by 52 (was #15, now #67)
2026-03-16 16:19:54 [WARNING] [Feature Stability] AXS-USD: 'smallcap_rotation' rank shifted by 12 (was #53, now #41)
2026-03-16 16:19:54 [WARNING] [Feature Stability] AXS-USD: 'fed_funds_rate' rank shifted by 11 (was #54, now #65)
2026-03-16 16:19:54 [WARNING] [Feature Stability] AXS-USD: 'beta_rmw' rank shifted by 41 (was #47, now #6)
2026-03-16 16:19:54 [WARNING] [Feature Stability] AXS-USD: 'beta_cma' rank shifted by 18 (was #43, now #61)
2026-03-16 16:19:54 [WARNING] [Feature Stability] AXS-USD: 'volume_zscore' rank shifted by 18 (was #45, now #63)
2026-03-16 16:19:54 [WARNING] [Feature Stability] AXS-USD: 'volume_trend' rank shifted by 16 (was #38, now #54)
2026-03-16 16:19:54 [WARNING] [Feature Stability] AXS-USD: 'iv_rv_spread' rank shifted by 30 (was #42, now #12)
2026-03-16 16:19:54 [WARNING] [Feature Stability] AXS-USD: 'vvix_level' rank shifted by 29 (was #22, now #51)
2026-03-16 16:19:54 [WARNING] [Feature Stability] AXS-USD: 'turn_of_month' rank shifted by 31 (was #19, now #50)
2026-03-16 16:19:54 [WARNING] [Feature Stability] AXS-USD: 'breadth_momentum' rank shifted by 16 (was #29, now #13)
2026-03-16 16:19:54 [INFO] Saved swing XGBoost \u2192 C:\Users\yalil\OneDrive\Desktop\AI-projects\quantitivestocks\models\crypto\AXS-USD_xgb_swing.joblib (dir_acc=0.188)
2026-03-16 16:19:54 [INFO] [TFT] AXS-USD: 172 train / 44 val seqs, 83 features
2026-03-16 16:20:17 [INFO] [TFT] AXS-USD ep20: val_mse=0.008554  dir=0.455
2026-03-16 16:20:40 [INFO] [TFT] AXS-USD ep40: val_mse=0.006145  dir=0.727
2026-03-16 16:20:42 [INFO] [TFT] AXS-USD: early stop epoch 42  val_mse=0.004756  dir=0.773
2026-03-16 16:20:42 [INFO] [TFT] AXS-USD: final val_mse=0.004756  dir_acc=0.818
2026-03-16 16:20:42 [INFO] [TFT] AXS-USD: saved \u2192 C:\Users\yalil\OneDrive\Desktop\AI-projects\quantitivestocks\models\crypto\AXS-USD_tft_swing.pt  (dir_acc=0.818)
2026-03-16 16:20:42 [INFO] === Training swing XGBoost for CVX-USD ===
2026-03-16 16:20:42 [INFO] Auto-split mode: will train on second half (newer data), backtest first half.
2026-03-16 16:20:42 [INFO] Fetching 1000 daily bars for CVX-USD...
2026-03-16 16:20:43 [INFO] Got 1000 bars.
2026-03-16 16:20:43 [INFO] Fetching SPY bars for relative momentum...
2026-03-16 16:20:43 [INFO] Got 1000 SPY bars.
2026-03-16 16:20:43 [INFO] Got 727 VIX rows.
2026-03-16 16:20:43 [INFO] Auto-split at midpoint (2024-11-02): training on 500 bars (second half).
2026-03-16 16:20:49 [INFO] Fetched 930 rows of sector breadth data.
2026-03-16 16:20:49 [INFO] Built 246 feature rows for CVX-USD.
2026-03-16 16:20:49 [INFO] Label Winsorization: clipped to [-0.3391, 0.2869] (1st/99th pctile)
2026-03-16 16:20:49 [INFO] Labeled 236 samples. Mean fwd return: -2.1338%
2026-03-16 16:20:49 [INFO] Train: 188, Val: 48.
2026-03-16 16:20:49 [INFO] Val RMSE: 0.126501 | Direction accuracy: 0.667
2026-03-16 16:20:49 [INFO] Top 10 features: vol_sr_imbalance=0.086, spy_trend_strength=0.079, cboe_vix9d_ratio=0.056, vix_zscore=0.038, vol_resistance_strength=0.033, btc_drawdown=0.031, month_sin=0.031, btc_momentum_accel=0.026, sector_breadth=0.026, beta_cma=0.026
2026-03-16 16:20:49 [INFO] Feature importances saved \u2192 C:\Users\yalil\OneDrive\Desktop\AI-projects\quantitivestocks\models\crypto\CVX-USD_xgb_swing_importance.json
2026-03-16 16:20:49 [WARNING] [Feature Stability] CVX-USD: 'rel_momentum_vs_spy_252' rank shifted by 15 (was #40, now #25)
2026-03-16 16:20:49 [WARNING] [Feature Stability] CVX-USD: 'rsi14' rank shifted by 25 (was #9, now #34)
2026-03-16 16:20:49 [WARNING] [Feature Stability] CVX-USD: 'vol20' rank shifted by 16 (was #38, now #54)
2026-03-16 16:20:49 [WARNING] [Feature Stability] CVX-USD: 'adx' rank shifted by 16 (was #24, now #40)
2026-03-16 16:20:49 [WARNING] [Feature Stability] CVX-USD: 'macd_hist_norm' rank shifted by 37 (was #13, now #50)
2026-03-16 16:20:49 [WARNING] [Feature Stability] CVX-USD: 'momentum_quality' rank shifted by 36 (was #22, now #58)
2026-03-16 16:20:49 [WARNING] [Feature Stability] CVX-USD: 'vol_regime' rank shifted by 20 (was #28, now #48)
2026-03-16 16:20:49 [WARNING] [Feature Stability] CVX-USD: 'spy_above_sma200' rank shifted by 11 (was #71, now #82)
2026-03-16 16:20:49 [WARNING] [Feature Stability] CVX-USD: 'vix_regime' rank shifted by 36 (was #56, now #20)
2026-03-16 16:20:49 [WARNING] [Feature Stability] CVX-USD: 'sector_etf_rel_spy_21' rank shifted by 34 (was #32, now #66)
2026-03-16 16:20:49 [WARNING] [Feature Stability] CVX-USD: 'btc_realized_vol_30' rank shifted by 21 (was #18, now #39)
2026-03-16 16:20:49 [WARNING] [Feature Stability] CVX-USD: 'eth_btc_ratio_zscore' rank shifted by 16 (was #37, now #53)
2026-03-16 16:20:49 [WARNING] [Feature Stability] CVX-USD: 'okx_long_short_ratio' rank shifted by 12 (was #75, now #63)
2026-03-16 16:20:49 [WARNING] [Feature Stability] CVX-USD: 'fear_greed_index' rank shifted by 25 (was #42, now #67)
2026-03-16 16:20:49 [WARNING] [Feature Stability] CVX-USD: 'treasury_slope' rank shifted by 41 (was #27, now #68)
2026-03-16 16:20:49 [WARNING] [Feature Stability] CVX-USD: 'pc_volume_ratio' rank shifted by 17 (was #62, now #79)
2026-03-16 16:20:49 [WARNING] [Feature Stability] CVX-USD: 'pc_oi_ratio' rank shifted by 17 (was #61, now #78)
2026-03-16 16:20:49 [WARNING] [Feature Stability] CVX-USD: 'vix_term_inverted' rank shifted by 17 (was #63, now #80)
2026-03-16 16:20:49 [WARNING] [Feature Stability] CVX-USD: 'cboe_vix_term_spread' rank shifted by 33 (was #14, now #47)
2026-03-16 16:20:49 [WARNING] [Feature Stability] CVX-USD: 'credit_spread' rank shifted by 38 (was #19, now #57)
2026-03-16 16:20:49 [WARNING] [Feature Stability] CVX-USD: 'credit_spread_chg5' rank shifted by 14 (was #23, now #37)
2026-03-16 16:20:49 [WARNING] [Feature Stability] CVX-USD: 'risk_appetite_ratio' rank shifted by 12 (was #5, now #17)
2026-03-16 16:20:49 [WARNING] [Feature Stability] CVX-USD: 'risk_appetite_trend' rank shifted by 17 (was #29, now #46)
2026-03-16 16:20:49 [WARNING] [Feature Stability] CVX-USD: 'smallcap_rotation' rank shifted by 12 (was #41, now #29)
2026-03-16 16:20:49 [WARNING] [Feature Stability] CVX-USD: 'real_yield_10y' rank shifted by 14 (was #67, now #81)
2026-03-16 16:20:49 [WARNING] [Feature Stability] CVX-USD: 'fed_funds_rate' rank shifted by 20 (was #54, now #74)
2026-03-16 16:20:49 [WARNING] [Feature Stability] CVX-USD: 'beta_hml' rank shifted by 12 (was #12, now #24)
2026-03-16 16:20:49 [WARNING] [Feature Stability] CVX-USD: 'beta_rmw' rank shifted by 17 (was #16, now #33)
2026-03-16 16:20:49 [WARNING] [Feature Stability] CVX-USD: 'volume_zscore' rank shifted by 13 (was #46, now #59)
2026-03-16 16:20:49 [WARNING] [Feature Stability] CVX-USD: 'iv_rv_spread' rank shifted by 11 (was #50, now #61)
2026-03-16 16:20:49 [WARNING] [Feature Stability] CVX-USD: 'turn_of_month' rank shifted by 11 (was #60, now #71)
2026-03-16 16:20:49 [WARNING] [Feature Stability] CVX-USD: 'month_sin' rank shifted by 52 (was #59, now #7)
2026-03-16 16:20:49 [WARNING] [Feature Stability] CVX-USD: 'month_cos' rank shifted by 12 (was #58, now #70)
2026-03-16 16:20:49 [WARNING] [Feature Stability] CVX-USD: 'sector_breadth' rank shifted by 48 (was #57, now #9)
2026-03-16 16:20:49 [INFO] Saved swing XGBoost \u2192 C:\Users\yalil\OneDrive\Desktop\AI-projects\quantitivestocks\models\crypto\CVX-USD_xgb_swing.joblib (dir_acc=0.667)
2026-03-16 16:20:49 [INFO] [TFT] CVX-USD: 172 train / 44 val seqs, 83 features
2026-03-16 16:21:11 [INFO] [TFT] CVX-USD ep20: val_mse=0.055890  dir=0.477
2026-03-16 16:21:20 [INFO] [TFT] CVX-USD: early stop epoch 28  val_mse=0.052597  dir=0.477
2026-03-16 16:21:20 [INFO] [TFT] CVX-USD: final val_mse=0.052597  dir_acc=0.500
2026-03-16 16:21:20 [INFO] [TFT] CVX-USD: saved \u2192 C:\Users\yalil\OneDrive\Desktop\AI-projects\quantitivestocks\models\crypto\CVX-USD_tft_swing.pt  (dir_acc=0.500)
2026-03-16 16:21:20 [INFO] === Training swing XGBoost for WIF-USD ===
2026-03-16 16:21:20 [INFO] Auto-split mode: will train on second half (newer data), backtest first half.
2026-03-16 16:21:20 [INFO] Fetching 1000 daily bars for WIF-USD...
2026-03-16 16:21:20 [INFO] Got 819 bars.
2026-03-16 16:21:20 [INFO] Fetching SPY bars for relative momentum...
2026-03-16 16:21:20 [INFO] Got 1000 SPY bars.
2026-03-16 16:21:21 [INFO] Got 727 VIX rows.
2026-03-16 16:21:21 [INFO] Auto-split at midpoint (2025-01-31): training on 410 bars (second half).
2026-03-16 16:21:26 [INFO] Fetched 795 rows of sector breadth data.
2026-03-16 16:21:26 [INFO] Built 158 feature rows for WIF-USD.
2026-03-16 16:21:26 [INFO] Label Winsorization: clipped to [-0.2813, 0.3595] (1st/99th pctile)
2026-03-16 16:21:26 [INFO] Labeled 148 samples. Mean fwd return: -6.2576%
2026-03-16 16:21:26 [INFO] Train: 118, Val: 30.
2026-03-16 16:21:26 [INFO] Val RMSE: 0.061001 | Direction accuracy: 0.833
2026-03-16 16:21:26 [INFO] Top 10 features: vol_sr_imbalance=0.220, breakeven_inflation_5y=0.068, vol_support_strength=0.060, btc_drawdown=0.041, vvix_level=0.036, fed_funds_rate=0.035, vol20=0.034, vpoc_distance=0.032, ret63=0.031, macd_hist_norm=0.030
2026-03-16 16:21:26 [INFO] Feature importances saved \u2192 C:\Users\yalil\OneDrive\Desktop\AI-projects\quantitivestocks\models\crypto\WIF-USD_xgb_swing_importance.json
2026-03-16 16:21:26 [WARNING] [Feature Stability] WIF-USD: 'ret252' rank shifted by 41 (was #42, now #83)
2026-03-16 16:21:26 [WARNING] [Feature Stability] WIF-USD: 'adx' rank shifted by 27 (was #24, now #51)
2026-03-16 16:21:26 [WARNING] [Feature Stability] WIF-USD: 'vol_regime' rank shifted by 11 (was #41, now #52)
2026-03-16 16:21:26 [WARNING] [Feature Stability] WIF-USD: 'spy_trend_strength' rank shifted by 17 (was #48, now #31)
2026-03-16 16:21:26 [WARNING] [Feature Stability] WIF-USD: 'vix_regime' rank shifted by 59 (was #18, now #77)
2026-03-16 16:21:26 [WARNING] [Feature Stability] WIF-USD: 'eth_btc_ratio_zscore' rank shifted by 15 (was #46, now #61)
2026-03-16 16:21:26 [WARNING] [Feature Stability] WIF-USD: 'fear_greed_index' rank shifted by 13 (was #44, now #57)
2026-03-16 16:21:26 [WARNING] [Feature Stability] WIF-USD: 'treasury_slope' rank shifted by 27 (was #52, now #25)
2026-03-16 16:21:26 [WARNING] [Feature Stability] WIF-USD: 'credit_spread' rank shifted by 15 (was #45, now #60)
2026-03-16 16:21:26 [WARNING] [Feature Stability] WIF-USD: 'credit_spread_zscore' rank shifted by 54 (was #19, now #73)
2026-03-16 16:21:26 [WARNING] [Feature Stability] WIF-USD: 'risk_appetite_trend' rank shifted by 11 (was #22, now #33)
2026-03-16 16:21:26 [WARNING] [Feature Stability] WIF-USD: 'beta_smb' rank shifted by 26 (was #15, now #41)
2026-03-16 16:21:26 [WARNING] [Feature Stability] WIF-USD: 'beta_hml' rank shifted by 12 (was #30, now #18)
2026-03-16 16:21:26 [WARNING] [Feature Stability] WIF-USD: 'beta_rmw' rank shifted by 23 (was #53, now #30)
2026-03-16 16:21:26 [WARNING] [Feature Stability] WIF-USD: 'beta_cma' rank shifted by 19 (was #17, now #36)
2026-03-16 16:21:26 [WARNING] [Feature Stability] WIF-USD: 'volume_zscore' rank shifted by 17 (was #56, now #39)
2026-03-16 16:21:26 [WARNING] [Feature Stability] WIF-USD: 'price_volume_divergence' rank shifted by 13 (was #66, now #53)
2026-03-16 16:21:26 [WARNING] [Feature Stability] WIF-USD: 'volume_trend' rank shifted by 15 (was #39, now #54)
2026-03-16 16:21:26 [WARNING] [Feature Stability] WIF-USD: 'iv_rv_zscore' rank shifted by 14 (was #57, now #43)
2026-03-16 16:21:26 [WARNING] [Feature Stability] WIF-USD: 'day_of_week' rank shifted by 11 (was #51, now #62)
2026-03-16 16:21:26 [WARNING] [Feature Stability] WIF-USD: 'breadth_momentum' rank shifted by 11 (was #55, now #66)
2026-03-16 16:21:26 [INFO] Saved swing XGBoost \u2192 C:\Users\yalil\OneDrive\Desktop\AI-projects\quantitivestocks\models\crypto\WIF-USD_xgb_swing.joblib (dir_acc=0.833)
2026-03-16 16:21:26 [INFO] [TFT] WIF-USD: 102 train / 26 val seqs, 83 features
2026-03-16 16:21:42 [INFO] [TFT] WIF-USD ep20: val_mse=0.078705  dir=0.154
2026-03-16 16:21:56 [INFO] [TFT] WIF-USD ep40: val_mse=0.070752  dir=0.115
2026-03-16 16:22:02 [INFO] [TFT] WIF-USD: early stop epoch 48  val_mse=0.051916  dir=0.115
2026-03-16 16:22:02 [INFO] [TFT] WIF-USD: final val_mse=0.051916  dir_acc=0.115
2026-03-16 16:22:02 [WARNING] [TFT] WIF-USD: dir_acc=0.115 < 0.50 — discarding TFT, XGBoost-only for this symbol.
2026-03-16 16:22:02 [INFO] === Training swing XGBoost for FARTCOIN-USD ===
2026-03-16 16:22:02 [INFO] Auto-split mode: will train on second half (newer data), backtest first half.
2026-03-16 16:22:02 [INFO] Fetching 1000 daily bars for FARTCOIN-USD...
2026-03-16 16:22:02 [INFO] Got 510 bars.
2026-03-16 16:22:02 [INFO] Fetching SPY bars for relative momentum...
2026-03-16 16:22:02 [INFO] Got 1000 SPY bars.
2026-03-16 16:22:02 [INFO] Got 727 VIX rows.
2026-03-16 16:22:02 [INFO] Auto-split at midpoint (2025-07-05): training on 255 bars (second half).
2026-03-16 16:22:07 [INFO] Fetched 562 rows of sector breadth data.
2026-03-16 16:22:07 [INFO] Built 1 feature rows for FARTCOIN-USD.
2026-03-16 16:22:07 [ERROR] Not enough data for FARTCOIN-USD (1 rows).
2026-03-16 16:22:07 [INFO] === Training swing XGBoost for MANA-USD ===
2026-03-16 16:22:07 [INFO] Auto-split mode: will train on second half (newer data), backtest first half.
2026-03-16 16:22:07 [INFO] Fetching 1000 daily bars for MANA-USD...
2026-03-16 16:22:08 [INFO] Got 1000 bars.
2026-03-16 16:22:08 [INFO] Fetching SPY bars for relative momentum...
2026-03-16 16:22:08 [INFO] Got 1000 SPY bars.
2026-03-16 16:22:08 [INFO] Got 727 VIX rows.
2026-03-16 16:22:08 [INFO] Auto-split at midpoint (2024-11-02): training on 500 bars (second half).
2026-03-16 16:22:13 [INFO] Fetched 930 rows of sector breadth data.
2026-03-16 16:22:13 [INFO] Built 246 feature rows for MANA-USD.
2026-03-16 16:22:13 [INFO] Label Winsorization: clipped to [-0.3048, 0.2111] (1st/99th pctile)
2026-03-16 16:22:13 [INFO] Labeled 236 samples. Mean fwd return: -4.4618%
2026-03-16 16:22:13 [INFO] Train: 188, Val: 48.
2026-03-16 16:22:13 [INFO] Val RMSE: 0.119729 | Direction accuracy: 0.875
2026-03-16 16:22:13 [INFO] Top 10 features: rel_momentum_vs_spy_252=0.121, ret252=0.074, rsi14=0.039, btc_realized_vol_30=0.037, iv_rv_zscore=0.035, btc_drawdown=0.033, beta_mkt=0.032, cboe_vix9d_ratio=0.031, eth_btc_ratio_zscore=0.031, risk_appetite_trend=0.030
2026-03-16 16:22:13 [INFO] Feature importances saved \u2192 C:\Users\yalil\OneDrive\Desktop\AI-projects\quantitivestocks\models\crypto\MANA-USD_xgb_swing_importance.json
2026-03-16 16:22:13 [WARNING] [Feature Stability] MANA-USD: Spearman rank correlation = 0.647 (< 0.70 threshold)
2026-03-16 16:22:13 [WARNING] [Feature Stability] MANA-USD: 'ret63' rank shifted by 17 (was #31, now #48)
2026-03-16 16:22:13 [WARNING] [Feature Stability] MANA-USD: 'ret21' rank shifted by 47 (was #36, now #83)
2026-03-16 16:22:13 [WARNING] [Feature Stability] MANA-USD: 'rel_momentum_vs_spy_63' rank shifted by 36 (was #74, now #38)
2026-03-16 16:22:13 [WARNING] [Feature Stability] MANA-USD: 'rsi14' rank shifted by 23 (was #26, now #3)
2026-03-16 16:22:13 [WARNING] [Feature Stability] MANA-USD: 'adx' rank shifted by 14 (was #37, now #23)
2026-03-16 16:22:13 [WARNING] [Feature Stability] MANA-USD: 'bb_pct_b' rank shifted by 15 (was #30, now #15)
2026-03-16 16:22:13 [WARNING] [Feature Stability] MANA-USD: 'vix_pctrank' rank shifted by 53 (was #73, now #20)
2026-03-16 16:22:13 [WARNING] [Feature Stability] MANA-USD: 'vix_regime' rank shifted by 12 (was #69, now #81)
2026-03-16 16:22:13 [WARNING] [Feature Stability] MANA-USD: 'sector_etf_rel_spy_21' rank shifted by 40 (was #70, now #30)
2026-03-16 16:22:13 [WARNING] [Feature Stability] MANA-USD: 'eth_btc_ratio_zscore' rank shifted by 12 (was #21, now #9)
2026-03-16 16:22:13 [WARNING] [Feature Stability] MANA-USD: 'okx_long_short_ratio' rank shifted by 13 (was #67, now #80)
2026-03-16 16:22:13 [WARNING] [Feature Stability] MANA-USD: 'fear_greed_zscore' rank shifted by 44 (was #24, now #68)
2026-03-16 16:22:13 [WARNING] [Feature Stability] MANA-USD: 'pc_volume_ratio' rank shifted by 11 (was #60, now #71)
2026-03-16 16:22:13 [WARNING] [Feature Stability] MANA-USD: 'cboe_vix_term_spread' rank shifted by 20 (was #64, now #44)
2026-03-16 16:22:13 [WARNING] [Feature Stability] MANA-USD: 'cboe_vix9d_ratio' rank shifted by 14 (was #22, now #8)
2026-03-16 16:22:13 [WARNING] [Feature Stability] MANA-USD: 'cboe_skew' rank shifted by 25 (was #58, now #33)
2026-03-16 16:22:13 [WARNING] [Feature Stability] MANA-USD: 'credit_spread' rank shifted by 67 (was #7, now #74)
2026-03-16 16:22:13 [WARNING] [Feature Stability] MANA-USD: 'credit_spread_chg5' rank shifted by 43 (was #33, now #76)
2026-03-16 16:22:13 [WARNING] [Feature Stability] MANA-USD: 'yield_curve_3m10y' rank shifted by 20 (was #45, now #65)
2026-03-16 16:22:13 [WARNING] [Feature Stability] MANA-USD: 'real_yield_10y' rank shifted by 22 (was #44, now #66)
2026-03-16 16:22:13 [WARNING] [Feature Stability] MANA-USD: 'beta_smb' rank shifted by 60 (was #4, now #64)
2026-03-16 16:22:13 [WARNING] [Feature Stability] MANA-USD: 'beta_rmw' rank shifted by 12 (was #28, now #40)
2026-03-16 16:22:13 [WARNING] [Feature Stability] MANA-USD: 'beta_cma' rank shifted by 24 (was #5, now #29)
2026-03-16 16:22:13 [WARNING] [Feature Stability] MANA-USD: 'factor_momentum' rank shifted by 27 (was #18, now #45)
2026-03-16 16:22:13 [WARNING] [Feature Stability] MANA-USD: 'iv_rv_spread' rank shifted by 20 (was #38, now #58)
2026-03-16 16:22:13 [WARNING] [Feature Stability] MANA-USD: 'vvix_level' rank shifted by 18 (was #42, now #24)
2026-03-16 16:22:13 [WARNING] [Feature Stability] MANA-USD: 'month_cos' rank shifted by 15 (was #47, now #62)
2026-03-16 16:22:13 [WARNING] [Feature Stability] MANA-USD: 'fomc_proximity' rank shifted by 49 (was #11, now #60)
2026-03-16 16:22:13 [WARNING] [Feature Stability] MANA-USD: 'sector_dispersion' rank shifted by 22 (was #49, now #27)
2026-03-16 16:22:13 [INFO] Saved swing XGBoost \u2192 C:\Users\yalil\OneDrive\Desktop\AI-projects\quantitivestocks\models\crypto\MANA-USD_xgb_swing.joblib (dir_acc=0.875)
2026-03-16 16:22:13 [INFO] [TFT] MANA-USD: 172 train / 44 val seqs, 83 features
2026-03-16 16:22:35 [INFO] [TFT] MANA-USD ep20: val_mse=0.029287  dir=0.682
2026-03-16 16:22:58 [INFO] [TFT] MANA-USD ep40: val_mse=0.027565  dir=0.705
2026-03-16 16:23:13 [INFO] [TFT] MANA-USD: early stop epoch 54  val_mse=0.025665  dir=0.705
2026-03-16 16:23:13 [INFO] [TFT] MANA-USD: final val_mse=0.025665  dir_acc=0.705
2026-03-16 16:23:13 [INFO] [TFT] MANA-USD: saved \u2192 C:\Users\yalil\OneDrive\Desktop\AI-projects\quantitivestocks\models\crypto\MANA-USD_tft_swing.pt  (dir_acc=0.705)
2026-03-16 16:23:13 [INFO] === Training swing XGBoost for RAY-USD ===
2026-03-16 16:23:13 [INFO] Auto-split mode: will train on second half (newer data), backtest first half.
2026-03-16 16:23:13 [INFO] Fetching 1000 daily bars for RAY-USD...
2026-03-16 16:23:13 [INFO] Got 1000 bars.
2026-03-16 16:23:13 [INFO] Fetching SPY bars for relative momentum...
2026-03-16 16:23:13 [INFO] Got 1000 SPY bars.
2026-03-16 16:23:13 [INFO] Got 727 VIX rows.
2026-03-16 16:23:13 [INFO] Auto-split at midpoint (2024-11-02): training on 500 bars (second half).
2026-03-16 16:23:18 [INFO] Fetched 930 rows of sector breadth data.
2026-03-16 16:23:18 [INFO] Built 246 feature rows for RAY-USD.
2026-03-16 16:23:18 [INFO] Label Winsorization: clipped to [-0.3923, 0.3556] (1st/99th pctile)
2026-03-16 16:23:18 [INFO] Labeled 236 samples. Mean fwd return: -5.1868%
2026-03-16 16:23:18 [INFO] Train: 188, Val: 48.
2026-03-16 16:23:19 [INFO] Val RMSE: 0.155998 | Direction accuracy: 0.667
2026-03-16 16:23:19 [INFO] Top 10 features: beta_hml=0.063, rel_momentum_vs_spy_252=0.052, volume_trend=0.045, spy_trend_strength=0.045, bb_pct_b=0.037, btc_trend_strength=0.035, vol_resistance_strength=0.034, macd_hist_norm=0.034, risk_appetite_ratio=0.032, dv_accel=0.031
2026-03-16 16:23:19 [INFO] Feature importances saved \u2192 C:\Users\yalil\OneDrive\Desktop\AI-projects\quantitivestocks\models\crypto\RAY-USD_xgb_swing_importance.json
2026-03-16 16:23:19 [WARNING] [Feature Stability] RAY-USD: Spearman rank correlation = 0.637 (< 0.70 threshold)
2026-03-16 16:23:19 [WARNING] [Feature Stability] RAY-USD: 'ret63' rank shifted by 41 (was #11, now #52)
2026-03-16 16:23:19 [WARNING] [Feature Stability] RAY-USD: 'ret21' rank shifted by 16 (was #35, now #19)
2026-03-16 16:23:19 [WARNING] [Feature Stability] RAY-USD: 'ret5' rank shifted by 35 (was #12, now #47)
2026-03-16 16:23:19 [WARNING] [Feature Stability] RAY-USD: 'rel_momentum_vs_spy_63' rank shifted by 35 (was #74, now #39)
2026-03-16 16:23:19 [WARNING] [Feature Stability] RAY-USD: 'vol20' rank shifted by 50 (was #72, now #22)
2026-03-16 16:23:19 [WARNING] [Feature Stability] RAY-USD: 'adx' rank shifted by 24 (was #73, now #49)
2026-03-16 16:23:19 [WARNING] [Feature Stability] RAY-USD: 'momentum_quality' rank shifted by 11 (was #71, now #82)
2026-03-16 16:23:19 [WARNING] [Feature Stability] RAY-USD: 'vix_pctrank' rank shifted by 22 (was #31, now #53)
2026-03-16 16:23:19 [WARNING] [Feature Stability] RAY-USD: 'vix_regime' rank shifted by 36 (was #41, now #77)
2026-03-16 16:23:19 [WARNING] [Feature Stability] RAY-USD: 'sector_etf_rel_spy_21' rank shifted by 40 (was #38, now #78)
2026-03-16 16:23:19 [WARNING] [Feature Stability] RAY-USD: 'btc_drawdown' rank shifted by 18 (was #15, now #33)
2026-03-16 16:23:19 [WARNING] [Feature Stability] RAY-USD: 'eth_btc_ratio_zscore' rank shifted by 54 (was #67, now #13)
2026-03-16 16:23:19 [WARNING] [Feature Stability] RAY-USD: 'okx_ls_zscore' rank shifted by 28 (was #18, now #46)
2026-03-16 16:23:19 [WARNING] [Feature Stability] RAY-USD: 'fear_greed_zscore' rank shifted by 25 (was #16, now #41)
2026-03-16 16:23:19 [WARNING] [Feature Stability] RAY-USD: 'treasury_slope' rank shifted by 49 (was #21, now #70)
2026-03-16 16:23:19 [WARNING] [Feature Stability] RAY-USD: 'pc_volume_ratio' rank shifted by 11 (was #60, now #71)
2026-03-16 16:23:19 [WARNING] [Feature Stability] RAY-USD: 'pc_oi_ratio' rank shifted by 12 (was #61, now #73)
2026-03-16 16:23:19 [WARNING] [Feature Stability] RAY-USD: 'vix_term_inverted' rank shifted by 11 (was #63, now #74)
2026-03-16 16:23:19 [WARNING] [Feature Stability] RAY-USD: 'cboe_vix_term_spread' rank shifted by 11 (was #56, now #67)
2026-03-16 16:23:19 [WARNING] [Feature Stability] RAY-USD: 'cboe_vix_term_ratio' rank shifted by 29 (was #19, now #48)
2026-03-16 16:23:19 [WARNING] [Feature Stability] RAY-USD: 'cboe_vix9d_ratio' rank shifted by 21 (was #57, now #36)
2026-03-16 16:23:19 [WARNING] [Feature Stability] RAY-USD: 'cboe_skew' rank shifted by 31 (was #58, now #27)
2026-03-16 16:23:19 [WARNING] [Feature Stability] RAY-USD: 'cboe_vix_percentile' rank shifted by 30 (was #59, now #29)
2026-03-16 16:23:19 [WARNING] [Feature Stability] RAY-USD: 'credit_spread_chg5' rank shifted by 15 (was #20, now #35)
2026-03-16 16:23:19 [WARNING] [Feature Stability] RAY-USD: 'credit_spread_zscore' rank shifted by 12 (was #32, now #44)
2026-03-16 16:23:19 [WARNING] [Feature Stability] RAY-USD: 'risk_appetite_trend' rank shifted by 16 (was #30, now #14)
2026-03-16 16:23:19 [WARNING] [Feature Stability] RAY-USD: 'real_yield_10y' rank shifted by 32 (was #34, now #66)
2026-03-16 16:23:19 [WARNING] [Feature Stability] RAY-USD: 'breakeven_inflation_5y' rank shifted by 17 (was #6, now #23)
2026-03-16 16:23:19 [WARNING] [Feature Stability] RAY-USD: 'beta_mkt' rank shifted by 13 (was #29, now #16)
2026-03-16 16:23:19 [WARNING] [Feature Stability] RAY-USD: 'beta_smb' rank shifted by 12 (was #39, now #51)
2026-03-16 16:23:19 [WARNING] [Feature Stability] RAY-USD: 'beta_rmw' rank shifted by 15 (was #28, now #43)
2026-03-16 16:23:19 [WARNING] [Feature Stability] RAY-USD: 'beta_cma' rank shifted by 24 (was #40, now #64)
2026-03-16 16:23:19 [WARNING] [Feature Stability] RAY-USD: 'beta_mom' rank shifted by 32 (was #52, now #20)
2026-03-16 16:23:19 [WARNING] [Feature Stability] RAY-USD: 'equity_carry' rank shifted by 12 (was #53, now #65)
2026-03-16 16:23:19 [WARNING] [Feature Stability] RAY-USD: 'iv_rv_zscore' rank shifted by 25 (was #43, now #18)
2026-03-16 16:23:19 [WARNING] [Feature Stability] RAY-USD: 'vvix_level' rank shifted by 12 (was #44, now #32)
2026-03-16 16:23:19 [WARNING] [Feature Stability] RAY-USD: 'day_of_week' rank shifted by 13 (was #45, now #58)
2026-03-16 16:23:19 [WARNING] [Feature Stability] RAY-USD: 'turn_of_month' rank shifted by 13 (was #46, now #59)
2026-03-16 16:23:19 [WARNING] [Feature Stability] RAY-USD: 'sector_breadth' rank shifted by 15 (was #48, now #63)
2026-03-16 16:23:19 [WARNING] [Feature Stability] RAY-USD: 'sector_dispersion' rank shifted by 11 (was #51, now #40)
2026-03-16 16:23:19 [WARNING] [Feature Stability] RAY-USD: 'breadth_momentum' rank shifted by 11 (was #50, now #61)
2026-03-16 16:23:19 [WARNING] [Feature Stability] RAY-USD: 'correlation_regime' rank shifted by 38 (was #22, now #60)
2026-03-16 16:23:19 [INFO] Saved swing XGBoost \u2192 C:\Users\yalil\OneDrive\Desktop\AI-projects\quantitivestocks\models\crypto\RAY-USD_xgb_swing.joblib (dir_acc=0.667)
2026-03-16 16:23:19 [INFO] [TFT] RAY-USD: 172 train / 44 val seqs, 83 features
2026-03-16 16:23:40 [INFO] [TFT] RAY-USD ep20: val_mse=0.054808  dir=0.432
2026-03-16 16:24:01 [INFO] [TFT] RAY-USD ep40: val_mse=0.037247  dir=0.432
2026-03-16 16:24:23 [INFO] [TFT] RAY-USD ep60: val_mse=0.033483  dir=0.409
2026-03-16 16:24:44 [INFO] [TFT] RAY-USD ep80: val_mse=0.032496  dir=0.432
2026-03-16 16:24:52 [INFO] [TFT] RAY-USD: early stop epoch 88  val_mse=0.031949  dir=0.409
2026-03-16 16:24:52 [INFO] [TFT] RAY-USD: final val_mse=0.031949  dir_acc=0.432
2026-03-16 16:24:52 [WARNING] [TFT] RAY-USD: dir_acc=0.432 < 0.50 — discarding TFT, XGBoost-only for this symbol.
2026-03-16 16:24:52 [INFO] === Training swing XGBoost for RUNE-USD ===
2026-03-16 16:24:52 [INFO] Auto-split mode: will train on second half (newer data), backtest first half.
2026-03-16 16:24:52 [INFO] Fetching 1000 daily bars for RUNE-USD...
2026-03-16 16:24:52 [INFO] Got 1000 bars.
2026-03-16 16:24:52 [INFO] Fetching SPY bars for relative momentum...
2026-03-16 16:24:52 [INFO] Got 1000 SPY bars.
2026-03-16 16:24:53 [INFO] Got 727 VIX rows.
2026-03-16 16:24:53 [INFO] Auto-split at midpoint (2024-11-02): training on 500 bars (second half).
2026-03-16 16:24:57 [INFO] Fetched 930 rows of sector breadth data.
2026-03-16 16:24:58 [INFO] Built 246 feature rows for RUNE-USD.
2026-03-16 16:24:58 [INFO] Label Winsorization: clipped to [-0.2836, 0.1397] (1st/99th pctile)
2026-03-16 16:24:58 [INFO] Labeled 236 samples. Mean fwd return: -4.8350%
2026-03-16 16:24:58 [INFO] Train: 188, Val: 48.
2026-03-16 16:24:58 [INFO] Val RMSE: 0.115654 | Direction accuracy: 0.604
2026-03-16 16:24:58 [INFO] Top 10 features: vpoc_distance=0.104, spy_trend_strength=0.045, fear_greed_zscore=0.044, treasury_slope=0.043, vol_support_strength=0.040, vvix_level=0.040, iv_rv_zscore=0.039, btc_ret21=0.034, eth_btc_ratio_zscore=0.032, beta_hml=0.032
2026-03-16 16:24:58 [INFO] Feature importances saved \u2192 C:\Users\yalil\OneDrive\Desktop\AI-projects\quantitivestocks\models\crypto\RUNE-USD_xgb_swing_importance.json
2026-03-16 16:24:58 [WARNING] [Feature Stability] RUNE-USD: Spearman rank correlation = 0.342 (< 0.70 threshold)
2026-03-16 16:24:58 [WARNING] [Feature Stability] RUNE-USD: 'ret252' rank shifted by 19 (was #7, now #26)
2026-03-16 16:24:58 [WARNING] [Feature Stability] RUNE-USD: 'ret63' rank shifted by 43 (was #40, now #83)
2026-03-16 16:24:58 [WARNING] [Feature Stability] RUNE-USD: 'ret21' rank shifted by 79 (was #3, now #82)
2026-03-16 16:24:58 [WARNING] [Feature Stability] RUNE-USD: 'ret5' rank shifted by 47 (was #34, now #81)
2026-03-16 16:24:58 [WARNING] [Feature Stability] RUNE-USD: 'rel_momentum_vs_spy_252' rank shifted by 18 (was #21, now #39)
2026-03-16 16:24:58 [WARNING] [Feature Stability] RUNE-USD: 'bb_pct_b' rank shifted by 74 (was #5, now #79)
2026-03-16 16:24:58 [WARNING] [Feature Stability] RUNE-USD: 'vix_regime' rank shifted by 18 (was #16, now #34)
2026-03-16 16:24:58 [WARNING] [Feature Stability] RUNE-USD: 'vix_zscore' rank shifted by 13 (was #25, now #38)
2026-03-16 16:24:58 [WARNING] [Feature Stability] RUNE-USD: 'btc_realized_vol_30' rank shifted by 69 (was #8, now #77)
2026-03-16 16:24:58 [WARNING] [Feature Stability] RUNE-USD: 'btc_drawdown' rank shifted by 14 (was #4, now #18)
2026-03-16 16:24:58 [WARNING] [Feature Stability] RUNE-USD: 'okx_long_short_ratio' rank shifted by 32 (was #74, now #42)
2026-03-16 16:24:58 [WARNING] [Feature Stability] RUNE-USD: 'okx_ls_zscore' rank shifted by 59 (was #14, now #73)
2026-03-16 16:24:58 [WARNING] [Feature Stability] RUNE-USD: 'fear_greed_index' rank shifted by 42 (was #72, now #30)
2026-03-16 16:24:58 [WARNING] [Feature Stability] RUNE-USD: 'fear_greed_zscore' rank shifted by 70 (was #73, now #3)
2026-03-16 16:24:58 [WARNING] [Feature Stability] RUNE-USD: 'polymarket_btc_bullish' rank shifted by 14 (was #70, now #56)
2026-03-16 16:24:58 [WARNING] [Feature Stability] RUNE-USD: 'treasury_slope' rank shifted by 67 (was #71, now #4)
2026-03-16 16:24:58 [WARNING] [Feature Stability] RUNE-USD: 'pc_volume_ratio' rank shifted by 20 (was #51, now #71)
2026-03-16 16:24:58 [WARNING] [Feature Stability] RUNE-USD: 'cboe_skew' rank shifted by 24 (was #20, now #44)
2026-03-16 16:24:58 [WARNING] [Feature Stability] RUNE-USD: 'credit_spread_zscore' rank shifted by 44 (was #13, now #57)
2026-03-16 16:24:58 [WARNING] [Feature Stability] RUNE-USD: 'risk_appetite_ratio' rank shifted by 39 (was #28, now #67)
2026-03-16 16:24:58 [WARNING] [Feature Stability] RUNE-USD: 'risk_appetite_trend' rank shifted by 13 (was #53, now #66)
2026-03-16 16:24:58 [WARNING] [Feature Stability] RUNE-USD: 'smallcap_rotation' rank shifted by 13 (was #52, now #65)
2026-03-16 16:24:58 [WARNING] [Feature Stability] RUNE-USD: 'real_yield_10y' rank shifted by 38 (was #59, now #21)
2026-03-16 16:24:58 [WARNING] [Feature Stability] RUNE-USD: 'breakeven_inflation_5y' rank shifted by 57 (was #6, now #63)
2026-03-16 16:24:58 [WARNING] [Feature Stability] RUNE-USD: 'beta_smb' rank shifted by 12 (was #27, now #15)
2026-03-16 16:24:58 [WARNING] [Feature Stability] RUNE-USD: 'beta_rmw' rank shifted by 29 (was #42, now #13)
2026-03-16 16:24:58 [WARNING] [Feature Stability] RUNE-USD: 'factor_momentum' rank shifted by 20 (was #31, now #11)
2026-03-16 16:24:58 [WARNING] [Feature Stability] RUNE-USD: 'equity_carry' rank shifted by 12 (was #57, now #69)
2026-03-16 16:24:58 [WARNING] [Feature Stability] RUNE-USD: 'vvix_level' rank shifted by 31 (was #37, now #6)
2026-03-16 16:24:58 [WARNING] [Feature Stability] RUNE-USD: 'fomc_proximity' rank shifted by 25 (was #48, now #23)
2026-03-16 16:24:58 [INFO] Saved swing XGBoost \u2192 C:\Users\yalil\OneDrive\Desktop\AI-projects\quantitivestocks\models\crypto\RUNE-USD_xgb_swing.joblib (dir_acc=0.604)
2026-03-16 16:24:58 [INFO] [TFT] RUNE-USD: 172 train / 44 val seqs, 83 features
2026-03-16 16:25:18 [INFO] [TFT] RUNE-USD ep20: val_mse=0.093545  dir=0.364
2026-03-16 16:25:39 [INFO] [TFT] RUNE-USD ep40: val_mse=0.062886  dir=0.386
2026-03-16 16:26:00 [INFO] [TFT] RUNE-USD ep60: val_mse=0.056097  dir=0.386
2026-03-16 16:26:20 [INFO] [TFT] RUNE-USD ep80: val_mse=0.054413  dir=0.386
2026-03-16 16:26:41 [INFO] [TFT] RUNE-USD ep100: val_mse=0.053592  dir=0.386
2026-03-16 16:26:41 [INFO] [TFT] RUNE-USD: final val_mse=0.053198  dir_acc=0.386
2026-03-16 16:26:41 [WARNING] [TFT] RUNE-USD: dir_acc=0.386 < 0.50 — discarding TFT, XGBoost-only for this symbol.
2026-03-16 16:26:41 [INFO] === Training swing XGBoost for BAT-USD ===
2026-03-16 16:26:41 [INFO] Auto-split mode: will train on second half (newer data), backtest first half.
2026-03-16 16:26:41 [INFO] Fetching 1000 daily bars for BAT-USD...
2026-03-16 16:26:41 [INFO] Got 1000 bars.
2026-03-16 16:26:41 [INFO] Fetching SPY bars for relative momentum...
2026-03-16 16:26:41 [INFO] Got 1000 SPY bars.
2026-03-16 16:26:41 [INFO] Got 727 VIX rows.
2026-03-16 16:26:41 [INFO] Auto-split at midpoint (2024-11-02): training on 500 bars (second half).
2026-03-16 16:26:47 [INFO] Fetched 930 rows of sector breadth data.
2026-03-16 16:26:47 [INFO] Built 246 feature rows for BAT-USD.
2026-03-16 16:26:47 [INFO] Label Winsorization: clipped to [-0.3335, 0.4973] (1st/99th pctile)
2026-03-16 16:26:47 [INFO] Labeled 236 samples. Mean fwd return: -0.8762%
2026-03-16 16:26:47 [INFO] Train: 188, Val: 48.
2026-03-16 16:26:47 [INFO] Val RMSE: 0.185435 | Direction accuracy: 0.208
2026-03-16 16:26:47 [INFO] Top 10 features: vix_zscore=0.079, beta_smb=0.075, btc_ret21=0.062, month_cos=0.061, eth_btc_ratio_zscore=0.059, spy_trend_strength=0.057, beta_mom=0.057, macd_hist_norm=0.055, vol_sr_imbalance=0.047, bb_pct_b=0.037
2026-03-16 16:26:47 [INFO] Feature importances saved \u2192 C:\Users\yalil\OneDrive\Desktop\AI-projects\quantitivestocks\models\crypto\BAT-USD_xgb_swing_importance.json
2026-03-16 16:26:47 [WARNING] [Feature Stability] BAT-USD: Spearman rank correlation = 0.435 (< 0.70 threshold)
2026-03-16 16:26:47 [WARNING] [Feature Stability] BAT-USD: 'ret63' rank shifted by 68 (was #15, now #83)
2026-03-16 16:26:47 [WARNING] [Feature Stability] BAT-USD: 'ret21' rank shifted by 57 (was #25, now #82)
2026-03-16 16:26:47 [WARNING] [Feature Stability] BAT-USD: 'ret5' rank shifted by 31 (was #75, now #44)
2026-03-16 16:26:47 [WARNING] [Feature Stability] BAT-USD: 'rel_momentum_vs_spy_252' rank shifted by 31 (was #43, now #12)
2026-03-16 16:26:47 [WARNING] [Feature Stability] BAT-USD: 'ibs' rank shifted by 35 (was #46, now #81)
2026-03-16 16:26:47 [WARNING] [Feature Stability] BAT-USD: 'vol20' rank shifted by 71 (was #7, now #78)
2026-03-16 16:26:47 [WARNING] [Feature Stability] BAT-USD: 'bb_bandwidth' rank shifted by 37 (was #72, now #35)
2026-03-16 16:26:47 [WARNING] [Feature Stability] BAT-USD: 'momentum_quality' rank shifted by 73 (was #6, now #79)
2026-03-16 16:26:47 [WARNING] [Feature Stability] BAT-USD: 'vix_pctrank' rank shifted by 28 (was #73, now #45)
2026-03-16 16:26:47 [WARNING] [Feature Stability] BAT-USD: 'dv_accel' rank shifted by 13 (was #31, now #18)
2026-03-16 16:26:47 [WARNING] [Feature Stability] BAT-USD: 'vix_regime' rank shifted by 38 (was #69, now #31)
2026-03-16 16:26:47 [WARNING] [Feature Stability] BAT-USD: 'okx_ls_zscore' rank shifted by 23 (was #19, now #42)
2026-03-16 16:26:47 [WARNING] [Feature Stability] BAT-USD: 'fear_greed_index' rank shifted by 56 (was #2, now #58)
2026-03-16 16:26:47 [WARNING] [Feature Stability] BAT-USD: 'fear_greed_zscore' rank shifted by 21 (was #38, now #59)
2026-03-16 16:26:47 [WARNING] [Feature Stability] BAT-USD: 'pc_volume_ratio' rank shifted by 12 (was #60, now #72)
2026-03-16 16:26:47 [WARNING] [Feature Stability] BAT-USD: 'pc_oi_ratio' rank shifted by 12 (was #61, now #73)
2026-03-16 16:26:47 [WARNING] [Feature Stability] BAT-USD: 'vix_term_ratio' rank shifted by 12 (was #62, now #74)
2026-03-16 16:26:47 [WARNING] [Feature Stability] BAT-USD: 'vix_term_inverted' rank shifted by 12 (was #63, now #75)
2026-03-16 16:26:47 [WARNING] [Feature Stability] BAT-USD: 'cboe_vix_term_spread' rank shifted by 24 (was #64, now #40)
2026-03-16 16:26:47 [WARNING] [Feature Stability] BAT-USD: 'cboe_vix_term_ratio' rank shifted by 18 (was #42, now #60)
2026-03-16 16:26:47 [WARNING] [Feature Stability] BAT-USD: 'cboe_skew' rank shifted by 49 (was #12, now #61)
2026-03-16 16:26:47 [WARNING] [Feature Stability] BAT-USD: 'credit_spread_zscore' rank shifted by 11 (was #54, now #65)
2026-03-16 16:26:47 [WARNING] [Feature Stability] BAT-USD: 'risk_appetite_trend' rank shifted by 51 (was #16, now #67)
2026-03-16 16:26:47 [WARNING] [Feature Stability] BAT-USD: 'real_yield_10y' rank shifted by 42 (was #24, now #66)
2026-03-16 16:26:47 [WARNING] [Feature Stability] BAT-USD: 'beta_mkt' rank shifted by 20 (was #39, now #19)
2026-03-16 16:26:47 [WARNING] [Feature Stability] BAT-USD: 'beta_hml' rank shifted by 15 (was #26, now #41)
2026-03-16 16:26:47 [WARNING] [Feature Stability] BAT-USD: 'beta_cma' rank shifted by 19 (was #57, now #38)
2026-03-16 16:26:47 [WARNING] [Feature Stability] BAT-USD: 'equity_carry' rank shifted by 13 (was #56, now #69)
2026-03-16 16:26:47 [WARNING] [Feature Stability] BAT-USD: 'volume_zscore' rank shifted by 54 (was #14, now #68)
2026-03-16 16:26:47 [WARNING] [Feature Stability] BAT-USD: 'iv_rv_zscore' rank shifted by 11 (was #10, now #21)
2026-03-16 16:26:47 [WARNING] [Feature Stability] BAT-USD: 'turn_of_month' rank shifted by 19 (was #32, now #51)
2026-03-16 16:26:47 [WARNING] [Feature Stability] BAT-USD: 'month_cos' rank shifted by 46 (was #50, now #4)
2026-03-16 16:26:47 [WARNING] [Feature Stability] BAT-USD: 'correlation_regime' rank shifted by 35 (was #48, now #13)
2026-03-16 16:26:47 [INFO] Saved swing XGBoost \u2192 C:\Users\yalil\OneDrive\Desktop\AI-projects\quantitivestocks\models\crypto\BAT-USD_xgb_swing.joblib (dir_acc=0.208)
2026-03-16 16:26:47 [INFO] [TFT] BAT-USD: 172 train / 44 val seqs, 83 features
2026-03-16 16:27:08 [INFO] [TFT] BAT-USD ep20: val_mse=0.014304  dir=0.773
2026-03-16 16:27:30 [INFO] [TFT] BAT-USD: early stop epoch 40  val_mse=0.009189  dir=0.773
2026-03-16 16:27:30 [INFO] [TFT] BAT-USD: final val_mse=0.009189  dir_acc=0.750
2026-03-16 16:27:30 [INFO] [TFT] BAT-USD: saved \u2192 C:\Users\yalil\OneDrive\Desktop\AI-projects\quantitivestocks\models\crypto\BAT-USD_tft_swing.pt  (dir_acc=0.750)
2026-03-16 16:27:30 [INFO] === Training swing XGBoost for TRAC-USD ===
2026-03-16 16:27:30 [INFO] Auto-split mode: will train on second half (newer data), backtest first half.
2026-03-16 16:27:30 [INFO] Fetching 1000 daily bars for TRAC-USD...
2026-03-16 16:27:30 [INFO] Got 1000 bars.
2026-03-16 16:27:30 [INFO] Fetching SPY bars for relative momentum...
2026-03-16 16:27:30 [INFO] Got 1000 SPY bars.
2026-03-16 16:27:30 [INFO] Got 727 VIX rows.
2026-03-16 16:27:30 [INFO] Auto-split at midpoint (2024-11-02): training on 500 bars (second half).
2026-03-16 16:27:35 [INFO] Fetched 930 rows of sector breadth data.
2026-03-16 16:27:36 [INFO] Built 246 feature rows for TRAC-USD.
2026-03-16 16:27:36 [INFO] Label Winsorization: clipped to [-0.2519, 0.7090] (1st/99th pctile)
2026-03-16 16:27:36 [INFO] Labeled 236 samples. Mean fwd return: +0.1645%
2026-03-16 16:27:36 [INFO] Train: 188, Val: 48.
2026-03-16 16:27:36 [INFO] Val RMSE: 0.095805 | Direction accuracy: 0.229
2026-03-16 16:27:36 [INFO] Top 10 features: correlation_regime=0.122, ret63=0.070, ret252=0.062, btc_trend_strength=0.060, cboe_skew=0.060, rel_momentum_vs_spy_63=0.054, vol_regime=0.032, rsi14=0.030, btc_momentum_accel=0.030, sector_dispersion=0.028
2026-03-16 16:27:36 [INFO] Feature importances saved \u2192 C:\Users\yalil\OneDrive\Desktop\AI-projects\quantitivestocks\models\crypto\TRAC-USD_xgb_swing_importance.json
2026-03-16 16:27:36 [WARNING] [Feature Stability] TRAC-USD: Spearman rank correlation = 0.490 (< 0.70 threshold)
2026-03-16 16:27:36 [WARNING] [Feature Stability] TRAC-USD: 'ret252' rank shifted by 16 (was #19, now #3)
2026-03-16 16:27:36 [WARNING] [Feature Stability] TRAC-USD: 'ret21' rank shifted by 16 (was #13, now #29)
2026-03-16 16:27:36 [WARNING] [Feature Stability] TRAC-USD: 'rel_momentum_vs_spy_252' rank shifted by 77 (was #5, now #82)
2026-03-16 16:27:36 [WARNING] [Feature Stability] TRAC-USD: 'rsi14' rank shifted by 20 (was #28, now #8)
2026-03-16 16:27:36 [WARNING] [Feature Stability] TRAC-USD: 'vol20' rank shifted by 46 (was #72, now #26)
2026-03-16 16:27:36 [WARNING] [Feature Stability] TRAC-USD: 'macd_hist_norm' rank shifted by 20 (was #38, now #18)
2026-03-16 16:27:36 [WARNING] [Feature Stability] TRAC-USD: 'vol_regime' rank shifted by 36 (was #43, now #7)
2026-03-16 16:27:36 [WARNING] [Feature Stability] TRAC-USD: 'dv_accel' rank shifted by 25 (was #46, now #71)
2026-03-16 16:27:36 [WARNING] [Feature Stability] TRAC-USD: 'vix_regime' rank shifted by 43 (was #35, now #78)
2026-03-16 16:27:36 [WARNING] [Feature Stability] TRAC-USD: 'vix_zscore' rank shifted by 11 (was #9, now #20)
2026-03-16 16:27:36 [WARNING] [Feature Stability] TRAC-USD: 'btc_realized_vol_30' rank shifted by 48 (was #31, now #79)
2026-03-16 16:27:36 [WARNING] [Feature Stability] TRAC-USD: 'btc_drawdown' rank shifted by 67 (was #8, now #75)
2026-03-16 16:27:36 [WARNING] [Feature Stability] TRAC-USD: 'okx_long_short_ratio' rank shifted by 28 (was #45, now #73)
2026-03-16 16:27:36 [WARNING] [Feature Stability] TRAC-USD: 'fear_greed_index' rank shifted by 24 (was #65, now #41)
2026-03-16 16:27:36 [WARNING] [Feature Stability] TRAC-USD: 'fear_greed_zscore' rank shifted by 24 (was #67, now #43)
2026-03-16 16:27:36 [WARNING] [Feature Stability] TRAC-USD: 'treasury_slope' rank shifted by 44 (was #10, now #54)
2026-03-16 16:27:36 [WARNING] [Feature Stability] TRAC-USD: 'cboe_vix_term_spread' rank shifted by 20 (was #64, now #44)
2026-03-16 16:27:36 [WARNING] [Feature Stability] TRAC-USD: 'credit_spread' rank shifted by 19 (was #21, now #40)
2026-03-16 16:27:36 [WARNING] [Feature Stability] TRAC-USD: 'risk_appetite_trend' rank shifted by 14 (was #52, now #38)
2026-03-16 16:27:36 [WARNING] [Feature Stability] TRAC-USD: 'yield_curve_3m10y' rank shifted by 26 (was #41, now #67)
2026-03-16 16:27:36 [WARNING] [Feature Stability] TRAC-USD: 'fed_funds_rate' rank shifted by 64 (was #1, now #65)
2026-03-16 16:27:36 [WARNING] [Feature Stability] TRAC-USD: 'beta_smb' rank shifted by 36 (was #32, now #68)
2026-03-16 16:27:36 [WARNING] [Feature Stability] TRAC-USD: 'beta_rmw' rank shifted by 46 (was #15, now #61)
2026-03-16 16:27:36 [WARNING] [Feature Stability] TRAC-USD: 'beta_cma' rank shifted by 59 (was #3, now #62)
2026-03-16 16:27:36 [WARNING] [Feature Stability] TRAC-USD: 'beta_mom' rank shifted by 15 (was #22, now #37)
2026-03-16 16:27:36 [WARNING] [Feature Stability] TRAC-USD: 'volume_zscore' rank shifted by 28 (was #56, now #28)
2026-03-16 16:27:36 [WARNING] [Feature Stability] TRAC-USD: 'vvix_level' rank shifted by 14 (was #26, now #12)
2026-03-16 16:27:36 [WARNING] [Feature Stability] TRAC-USD: 'turn_of_month' rank shifted by 35 (was #16, now #51)
2026-03-16 16:27:36 [WARNING] [Feature Stability] TRAC-USD: 'month_sin' rank shifted by 27 (was #49, now #22)
2026-03-16 16:27:36 [WARNING] [Feature Stability] TRAC-USD: 'sector_dispersion' rank shifted by 27 (was #37, now #10)
2026-03-16 16:27:36 [WARNING] [Feature Stability] TRAC-USD: 'breadth_momentum' rank shifted by 14 (was #25, now #39)
2026-03-16 16:27:36 [INFO] Saved swing XGBoost \u2192 C:\Users\yalil\OneDrive\Desktop\AI-projects\quantitivestocks\models\crypto\TRAC-USD_xgb_swing.joblib (dir_acc=0.229)
2026-03-16 16:27:36 [INFO] [TFT] TRAC-USD: 172 train / 44 val seqs, 83 features
2026-03-16 16:27:58 [INFO] [TFT] TRAC-USD ep20: val_mse=0.226186  dir=0.750
2026-03-16 16:28:20 [INFO] [TFT] TRAC-USD ep40: val_mse=0.187802  dir=0.750
2026-03-16 16:28:40 [INFO] [TFT] TRAC-USD ep60: val_mse=0.190821  dir=0.750
2026-03-16 16:28:42 [INFO] [TFT] TRAC-USD: early stop epoch 63  val_mse=0.182657  dir=0.750
2026-03-16 16:28:42 [INFO] [TFT] TRAC-USD: final val_mse=0.182657  dir_acc=0.750
2026-03-16 16:28:43 [INFO] [TFT] TRAC-USD: saved \u2192 C:\Users\yalil\OneDrive\Desktop\AI-projects\quantitivestocks\models\crypto\TRAC-USD_tft_swing.pt  (dir_acc=0.750)
2026-03-16 16:28:43 [INFO] === Training swing XGBoost for BERA-USD ===
2026-03-16 16:28:43 [INFO] Auto-split mode: will train on second half (newer data), backtest first half.
2026-03-16 16:28:43 [INFO] Fetching 1000 daily bars for BERA-USD...
2026-03-16 16:28:43 [INFO] Got 404 bars.
2026-03-16 16:28:43 [INFO] Fetching SPY bars for relative momentum...
2026-03-16 16:28:43 [INFO] Got 1000 SPY bars.
2026-03-16 16:28:43 [INFO] Got 727 VIX rows.
2026-03-16 16:28:43 [INFO] Auto-split at midpoint (2025-08-27): training on 202 bars (second half).
2026-03-16 16:28:48 [INFO] Fetched 483 rows of sector breadth data.
2026-03-16 16:28:48 [INFO] Built 0 feature rows for BERA-USD.
2026-03-16 16:28:48 [ERROR] Not enough data for BERA-USD (0 rows).
2026-03-16 16:28:48 [INFO] === Training swing XGBoost for 1INCH-USD ===
2026-03-16 16:28:48 [INFO] Auto-split mode: will train on second half (newer data), backtest first half.
2026-03-16 16:28:48 [INFO] Fetching 1000 daily bars for 1INCH-USD...
2026-03-16 16:28:49 [INFO] Got 1000 bars.
2026-03-16 16:28:49 [INFO] Fetching SPY bars for relative momentum...
2026-03-16 16:28:49 [INFO] Got 1000 SPY bars.
2026-03-16 16:28:49 [INFO] Got 727 VIX rows.
2026-03-16 16:28:49 [INFO] Auto-split at midpoint (2024-11-02): training on 500 bars (second half).
2026-03-16 16:28:51 [WARNING] Cross-market fetch failed for dxy (DX-Y.NYB): 'chart'
2026-03-16 16:28:54 [INFO] Fetched 930 rows of sector breadth data.
2026-03-16 16:28:54 [INFO] Built 246 feature rows for 1INCH-USD.
2026-03-16 16:28:54 [INFO] Label Winsorization: clipped to [-0.3292, 0.2940] (1st/99th pctile)
2026-03-16 16:28:54 [INFO] Labeled 236 samples. Mean fwd return: -4.2919%
2026-03-16 16:28:54 [INFO] Train: 188, Val: 48.
2026-03-16 16:28:54 [INFO] Val RMSE: 0.110401 | Direction accuracy: 0.688
2026-03-16 16:28:54 [INFO] Top 10 features: vol_resistance_strength=0.099, bb_pct_b=0.084, rsi14=0.055, btc_trend_strength=0.040, smallcap_rotation=0.038, rel_momentum_vs_spy_252=0.037, yield_curve_3m10y=0.033, okx_ls_zscore=0.033, cboe_vix_term_ratio=0.030, credit_spread=0.028
2026-03-16 16:28:54 [INFO] Feature importances saved \u2192 C:\Users\yalil\OneDrive\Desktop\AI-projects\quantitivestocks\models\crypto\1INCH-USD_xgb_swing_importance.json
2026-03-16 16:28:54 [WARNING] [Feature Stability] 1INCH-USD: Spearman rank correlation = 0.687 (< 0.70 threshold)
2026-03-16 16:28:54 [WARNING] [Feature Stability] 1INCH-USD: 'ret63' rank shifted by 33 (was #44, now #11)
2026-03-16 16:28:54 [WARNING] [Feature Stability] 1INCH-USD: 'bb_bandwidth' rank shifted by 17 (was #7, now #24)
2026-03-16 16:28:54 [WARNING] [Feature Stability] 1INCH-USD: 'macd_hist_norm' rank shifted by 26 (was #71, now #45)
2026-03-16 16:28:54 [WARNING] [Feature Stability] 1INCH-USD: 'vol_regime' rank shifted by 12 (was #10, now #22)
2026-03-16 16:28:54 [WARNING] [Feature Stability] 1INCH-USD: 'dv_accel' rank shifted by 30 (was #46, now #76)
2026-03-16 16:28:54 [WARNING] [Feature Stability] 1INCH-USD: 'spy_trend_strength' rank shifted by 17 (was #4, now #21)
2026-03-16 16:28:54 [WARNING] [Feature Stability] 1INCH-USD: 'vix_regime' rank shifted by 66 (was #12, now #78)
2026-03-16 16:28:54 [WARNING] [Feature Stability] 1INCH-USD: 'sector_etf_rel_spy_21' rank shifted by 31 (was #48, now #79)
2026-03-16 16:28:54 [WARNING] [Feature Stability] 1INCH-USD: 'btc_drawdown' rank shifted by 14 (was #14, now #28)
2026-03-16 16:28:54 [WARNING] [Feature Stability] 1INCH-USD: 'okx_long_short_ratio' rank shifted by 66 (was #8, now #74)
2026-03-16 16:28:54 [WARNING] [Feature Stability] 1INCH-USD: 'fear_greed_zscore' rank shifted by 30 (was #16, now #46)
2026-03-16 16:28:54 [WARNING] [Feature Stability] 1INCH-USD: 'pc_volume_ratio' rank shifted by 11 (was #60, now #71)
2026-03-16 16:28:54 [WARNING] [Feature Stability] 1INCH-USD: 'cboe_vix_term_spread' rank shifted by 31 (was #20, now #51)
2026-03-16 16:28:54 [WARNING] [Feature Stability] 1INCH-USD: 'cboe_vix_term_ratio' rank shifted by 23 (was #32, now #9)
2026-03-16 16:28:54 [WARNING] [Feature Stability] 1INCH-USD: 'credit_spread' rank shifted by 31 (was #41, now #10)
2026-03-16 16:28:54 [WARNING] [Feature Stability] 1INCH-USD: 'credit_spread_zscore' rank shifted by 39 (was #27, now #66)
2026-03-16 16:28:54 [WARNING] [Feature Stability] 1INCH-USD: 'risk_appetite_ratio' rank shifted by 28 (was #65, now #37)
2026-03-16 16:28:54 [WARNING] [Feature Stability] 1INCH-USD: 'yield_curve_3m10y' rank shifted by 19 (was #26, now #7)
2026-03-16 16:28:54 [WARNING] [Feature Stability] 1INCH-USD: 'real_yield_10y' rank shifted by 37 (was #30, now #67)
2026-03-16 16:28:54 [WARNING] [Feature Stability] 1INCH-USD: 'beta_smb' rank shifted by 32 (was #47, now #15)
2026-03-16 16:28:54 [WARNING] [Feature Stability] 1INCH-USD: 'volume_zscore' rank shifted by 21 (was #42, now #63)
2026-03-16 16:28:54 [WARNING] [Feature Stability] 1INCH-USD: 'price_volume_divergence' rank shifted by 13 (was #66, now #53)
2026-03-16 16:28:54 [WARNING] [Feature Stability] 1INCH-USD: 'volume_trend' rank shifted by 19 (was #57, now #38)
2026-03-16 16:28:54 [WARNING] [Feature Stability] 1INCH-USD: 'month_cos' rank shifted by 36 (was #21, now #57)
2026-03-16 16:28:54 [WARNING] [Feature Stability] 1INCH-USD: 'breadth_momentum' rank shifted by 23 (was #37, now #60)
2026-03-16 16:28:54 [WARNING] [Feature Stability] 1INCH-USD: 'correlation_regime' rank shifted by 19 (was #23, now #42)
2026-03-16 16:28:55 [INFO] Saved swing XGBoost \u2192 C:\Users\yalil\OneDrive\Desktop\AI-projects\quantitivestocks\models\crypto\1INCH-USD_xgb_swing.joblib (dir_acc=0.688)
2026-03-16 16:28:55 [INFO] [TFT] 1INCH-USD: 172 train / 44 val seqs, 83 features
2026-03-16 16:29:15 [INFO] [TFT] 1INCH-USD ep20: val_mse=0.098333  dir=0.432
2026-03-16 16:29:36 [INFO] [TFT] 1INCH-USD ep40: val_mse=0.095722  dir=0.455
2026-03-16 16:29:57 [INFO] [TFT] 1INCH-USD ep60: val_mse=0.086463  dir=0.477
2026-03-16 16:30:13 [INFO] [TFT] 1INCH-USD: early stop epoch 75  val_mse=0.086463  dir=0.500
2026-03-16 16:30:13 [INFO] [TFT] 1INCH-USD: final val_mse=0.086463  dir_acc=0.477
2026-03-16 16:30:13 [WARNING] [TFT] 1INCH-USD: dir_acc=0.477 < 0.50 — discarding TFT, XGBoost-only for this symbol.
2026-03-16 16:30:13 [INFO] === Training swing XGBoost for EIGEN-USD ===
2026-03-16 16:30:13 [INFO] Auto-split mode: will train on second half (newer data), backtest first half.
2026-03-16 16:30:13 [INFO] Fetching 1000 daily bars for EIGEN-USD...
2026-03-16 16:30:13 [INFO] Got 531 bars.
2026-03-16 16:30:13 [INFO] Fetching SPY bars for relative momentum...
2026-03-16 16:30:13 [INFO] Got 1000 SPY bars.
2026-03-16 16:30:13 [INFO] Got 727 VIX rows.
2026-03-16 16:30:13 [INFO] Auto-split at midpoint (2025-06-23): training on 266 bars (second half).
2026-03-16 16:30:19 [INFO] Fetched 579 rows of sector breadth data.
2026-03-16 16:30:19 [INFO] Built 14 feature rows for EIGEN-USD.
2026-03-16 16:30:19 [ERROR] Not enough data for EIGEN-USD (14 rows).
2026-03-16 16:30:19 [INFO] === Training swing XGBoost for JTO-USD ===
2026-03-16 16:30:19 [INFO] Auto-split mode: will train on second half (newer data), backtest first half.
2026-03-16 16:30:19 [INFO] Fetching 1000 daily bars for JTO-USD...
2026-03-16 16:30:19 [INFO] Got 831 bars.
2026-03-16 16:30:19 [INFO] Fetching SPY bars for relative momentum...
2026-03-16 16:30:19 [INFO] Got 1000 SPY bars.
2026-03-16 16:30:20 [INFO] Got 727 VIX rows.
2026-03-16 16:30:20 [INFO] Auto-split at midpoint (2025-01-25): training on 416 bars (second half).
2026-03-16 16:30:26 [INFO] Fetched 804 rows of sector breadth data.
2026-03-16 16:30:26 [INFO] Built 162 feature rows for JTO-USD.
2026-03-16 16:30:26 [INFO] Label Winsorization: clipped to [-0.3440, 0.2930] (1st/99th pctile)
2026-03-16 16:30:26 [INFO] Labeled 152 samples. Mean fwd return: -8.3712%
2026-03-16 16:30:26 [INFO] Train: 121, Val: 31.
2026-03-16 16:30:26 [INFO] Val RMSE: 0.170968 | Direction accuracy: 0.419
2026-03-16 16:30:26 [INFO] Top 10 features: btc_drawdown=0.141, breakeven_inflation_5y=0.111, beta_hml=0.079, rel_momentum_vs_spy_252=0.062, iv_rv_zscore=0.057, real_yield_10y=0.050, macd_hist_norm=0.044, momentum_quality=0.038, risk_appetite_ratio=0.033, cboe_vix9d_ratio=0.033
2026-03-16 16:30:26 [INFO] Feature importances saved \u2192 C:\Users\yalil\OneDrive\Desktop\AI-projects\quantitivestocks\models\crypto\JTO-USD_xgb_swing_importance.json
2026-03-16 16:30:26 [WARNING] [Feature Stability] JTO-USD: Spearman rank correlation = 0.606 (< 0.70 threshold)
2026-03-16 16:30:26 [WARNING] [Feature Stability] JTO-USD: 'ibs' rank shifted by 29 (was #73, now #44)
2026-03-16 16:30:26 [WARNING] [Feature Stability] JTO-USD: 'vol20' rank shifted by 11 (was #25, now #36)
2026-03-16 16:30:26 [WARNING] [Feature Stability] JTO-USD: 'adx' rank shifted by 13 (was #68, now #81)
2026-03-16 16:30:26 [WARNING] [Feature Stability] JTO-USD: 'bb_bandwidth' rank shifted by 30 (was #69, now #39)
2026-03-16 16:30:26 [WARNING] [Feature Stability] JTO-USD: 'momentum_quality' rank shifted by 63 (was #71, now #8)
2026-03-16 16:30:26 [WARNING] [Feature Stability] JTO-USD: 'vol_regime' rank shifted by 53 (was #70, now #17)
2026-03-16 16:30:26 [WARNING] [Feature Stability] JTO-USD: 'vix_pctrank' rank shifted by 27 (was #72, now #45)
2026-03-16 16:30:26 [WARNING] [Feature Stability] JTO-USD: 'dv_accel' rank shifted by 50 (was #30, now #80)
2026-03-16 16:30:26 [WARNING] [Feature Stability] JTO-USD: 'spy_above_sma200' rank shifted by 17 (was #60, now #77)
2026-03-16 16:30:26 [WARNING] [Feature Stability] JTO-USD: 'vix_regime' rank shifted by 31 (was #61, now #30)
2026-03-16 16:30:26 [WARNING] [Feature Stability] JTO-USD: 'vix_zscore' rank shifted by 32 (was #63, now #31)
2026-03-16 16:30:26 [WARNING] [Feature Stability] JTO-USD: 'btc_sma200_flag' rank shifted by 16 (was #62, now #78)
2026-03-16 16:30:26 [WARNING] [Feature Stability] JTO-USD: 'eth_btc_ratio_zscore' rank shifted by 43 (was #36, now #79)
2026-03-16 16:30:26 [WARNING] [Feature Stability] JTO-USD: 'okx_long_short_ratio' rank shifted by 45 (was #66, now #21)
2026-03-16 16:30:26 [WARNING] [Feature Stability] JTO-USD: 'okx_ls_zscore' rank shifted by 51 (was #67, now #16)
2026-03-16 16:30:26 [WARNING] [Feature Stability] JTO-USD: 'fear_greed_zscore' rank shifted by 34 (was #35, now #69)
2026-03-16 16:30:26 [WARNING] [Feature Stability] JTO-USD: 'treasury_slope' rank shifted by 21 (was #17, now #38)
2026-03-16 16:30:26 [WARNING] [Feature Stability] JTO-USD: 'pc_volume_ratio' rank shifted by 25 (was #46, now #71)
2026-03-16 16:30:26 [WARNING] [Feature Stability] JTO-USD: 'pc_oi_ratio' rank shifted by 26 (was #47, now #73)
2026-03-16 16:30:26 [WARNING] [Feature Stability] JTO-USD: 'vix_term_ratio' rank shifted by 22 (was #50, now #72)
2026-03-16 16:30:26 [WARNING] [Feature Stability] JTO-USD: 'vix_term_inverted' rank shifted by 23 (was #51, now #74)
2026-03-16 16:30:26 [WARNING] [Feature Stability] JTO-USD: 'cboe_vix_percentile' rank shifted by 17 (was #59, now #76)
2026-03-16 16:30:26 [WARNING] [Feature Stability] JTO-USD: 'credit_spread' rank shifted by 17 (was #58, now #75)
2026-03-16 16:30:26 [WARNING] [Feature Stability] JTO-USD: 'credit_spread_chg5' rank shifted by 15 (was #37, now #22)
2026-03-16 16:30:26 [WARNING] [Feature Stability] JTO-USD: 'risk_appetite_trend' rank shifted by 54 (was #13, now #67)
2026-03-16 16:30:26 [WARNING] [Feature Stability] JTO-USD: 'smallcap_rotation' rank shifted by 17 (was #49, now #66)
2026-03-16 16:30:26 [WARNING] [Feature Stability] JTO-USD: 'yield_curve_3m10y' rank shifted by 17 (was #48, now #65)
2026-03-16 16:30:26 [WARNING] [Feature Stability] JTO-USD: 'beta_smb' rank shifted by 12 (was #56, now #68)
2026-03-16 16:30:26 [WARNING] [Feature Stability] JTO-USD: 'beta_mom' rank shifted by 47 (was #16, now #63)
2026-03-16 16:30:26 [WARNING] [Feature Stability] JTO-USD: 'volume_trend' rank shifted by 13 (was #33, now #46)
2026-03-16 16:30:26 [WARNING] [Feature Stability] JTO-USD: 'vvix_level' rank shifted by 13 (was #27, now #40)
2026-03-16 16:30:26 [WARNING] [Feature Stability] JTO-USD: 'day_of_week' rank shifted by 13 (was #45, now #58)
2026-03-16 16:30:26 [WARNING] [Feature Stability] JTO-USD: 'turn_of_month' rank shifted by 15 (was #44, now #59)
2026-03-16 16:30:26 [WARNING] [Feature Stability] JTO-USD: 'month_cos' rank shifted by 12 (was #38, now #50)
2026-03-16 16:30:26 [INFO] Saved swing XGBoost \u2192 C:\Users\yalil\OneDrive\Desktop\AI-projects\quantitivestocks\models\crypto\JTO-USD_xgb_swing.joblib (dir_acc=0.419)
2026-03-16 16:30:26 [INFO] [TFT] JTO-USD: 105 train / 27 val seqs, 83 features
2026-03-16 16:30:40 [INFO] [TFT] JTO-USD ep20: val_mse=0.013247  dir=0.704
2026-03-16 16:30:51 [INFO] [TFT] JTO-USD: early stop epoch 36  val_mse=0.010511  dir=0.667
2026-03-16 16:30:51 [INFO] [TFT] JTO-USD: final val_mse=0.010511  dir_acc=0.704
2026-03-16 16:30:51 [INFO] [TFT] JTO-USD: saved \u2192 C:\Users\yalil\OneDrive\Desktop\AI-projects\quantitivestocks\models\crypto\JTO-USD_tft_swing.pt  (dir_acc=0.704)
2026-03-16 16:30:51 [INFO] === Training swing XGBoost for EGLD-USD ===
2026-03-16 16:30:51 [INFO] Auto-split mode: will train on second half (newer data), backtest first half.
2026-03-16 16:30:51 [INFO] Fetching 1000 daily bars for EGLD-USD...
2026-03-16 16:30:51 [INFO] Got 1000 bars.
2026-03-16 16:30:51 [INFO] Fetching SPY bars for relative momentum...
2026-03-16 16:30:51 [INFO] Got 1000 SPY bars.
2026-03-16 16:30:52 [INFO] Got 727 VIX rows.
2026-03-16 16:30:52 [INFO] Auto-split at midpoint (2024-11-02): training on 500 bars (second half).
2026-03-16 16:30:57 [INFO] Fetched 930 rows of sector breadth data.
2026-03-16 16:30:57 [INFO] Built 246 feature rows for EGLD-USD.
2026-03-16 16:30:57 [INFO] Label Winsorization: clipped to [-0.3017, 0.1635] (1st/99th pctile)
2026-03-16 16:30:57 [INFO] Labeled 236 samples. Mean fwd return: -5.2130%
2026-03-16 16:30:57 [INFO] Train: 188, Val: 48.
2026-03-16 16:30:57 [INFO] Val RMSE: 0.087396 | Direction accuracy: 0.833
2026-03-16 16:30:57 [INFO] Top 10 features: vol_sr_imbalance=0.207, vol_resistance_strength=0.091, vol_support_strength=0.075, fed_funds_rate=0.037, ret252=0.031, iv_rv_zscore=0.030, bb_pct_b=0.025, beta_mkt=0.024, sector_dispersion=0.024, rel_momentum_vs_spy_252=0.022
2026-03-16 16:30:57 [INFO] Feature importances saved \u2192 C:\Users\yalil\OneDrive\Desktop\AI-projects\quantitivestocks\models\crypto\EGLD-USD_xgb_swing_importance.json
2026-03-16 16:30:57 [WARNING] [Feature Stability] EGLD-USD: Spearman rank correlation = 0.640 (< 0.70 threshold)
2026-03-16 16:30:57 [WARNING] [Feature Stability] EGLD-USD: 'ret63' rank shifted by 31 (was #75, now #44)
2026-03-16 16:30:57 [WARNING] [Feature Stability] EGLD-USD: 'ret21' rank shifted by 26 (was #23, now #49)
2026-03-16 16:30:57 [WARNING] [Feature Stability] EGLD-USD: 'ret5' rank shifted by 12 (was #15, now #27)
2026-03-16 16:30:57 [WARNING] [Feature Stability] EGLD-USD: 'rel_momentum_vs_spy_252' rank shifted by 64 (was #74, now #10)
2026-03-16 16:30:57 [WARNING] [Feature Stability] EGLD-USD: 'ibs' rank shifted by 11 (was #73, now #62)
2026-03-16 16:30:57 [WARNING] [Feature Stability] EGLD-USD: 'adx' rank shifted by 18 (was #30, now #12)
2026-03-16 16:30:57 [WARNING] [Feature Stability] EGLD-USD: 'bb_bandwidth' rank shifted by 18 (was #32, now #50)
2026-03-16 16:30:57 [WARNING] [Feature Stability] EGLD-USD: 'momentum_quality' rank shifted by 13 (was #71, now #58)
2026-03-16 16:30:57 [WARNING] [Feature Stability] EGLD-USD: 'vol_regime' rank shifted by 48 (was #72, now #24)
2026-03-16 16:30:57 [WARNING] [Feature Stability] EGLD-USD: 'dv_accel' rank shifted by 36 (was #31, now #67)
2026-03-16 16:30:57 [WARNING] [Feature Stability] EGLD-USD: 'spy_above_sma200' rank shifted by 14 (was #68, now #82)
2026-03-16 16:30:57 [WARNING] [Feature Stability] EGLD-USD: 'vix_regime' rank shifted by 15 (was #19, now #34)
2026-03-16 16:30:57 [WARNING] [Feature Stability] EGLD-USD: 'vix_zscore' rank shifted by 12 (was #18, now #30)
2026-03-16 16:30:57 [WARNING] [Feature Stability] EGLD-USD: 'sector_etf_rel_spy_21' rank shifted by 24 (was #22, now #46)
2026-03-16 16:30:57 [WARNING] [Feature Stability] EGLD-USD: 'btc_sma200_flag' rank shifted by 14 (was #69, now #83)
2026-03-16 16:30:57 [WARNING] [Feature Stability] EGLD-USD: 'btc_realized_vol_30' rank shifted by 18 (was #35, now #53)
2026-03-16 16:30:57 [WARNING] [Feature Stability] EGLD-USD: 'btc_drawdown' rank shifted by 32 (was #29, now #61)
2026-03-16 16:30:57 [WARNING] [Feature Stability] EGLD-USD: 'eth_btc_ratio_zscore' rank shifted by 23 (was #3, now #26)
2026-03-16 16:30:57 [WARNING] [Feature Stability] EGLD-USD: 'fear_greed_index' rank shifted by 14 (was #40, now #54)
2026-03-16 16:30:57 [WARNING] [Feature Stability] EGLD-USD: 'fear_greed_zscore' rank shifted by 14 (was #66, now #52)
2026-03-16 16:30:57 [WARNING] [Feature Stability] EGLD-USD: 'polymarket_btc_bullish' rank shifted by 12 (was #65, now #77)
2026-03-16 16:30:57 [WARNING] [Feature Stability] EGLD-USD: 'pc_volume_ratio' rank shifted by 19 (was #60, now #79)
2026-03-16 16:30:57 [WARNING] [Feature Stability] EGLD-USD: 'pc_oi_ratio' rank shifted by 17 (was #61, now #78)
2026-03-16 16:30:57 [WARNING] [Feature Stability] EGLD-USD: 'vix_term_ratio' rank shifted by 18 (was #62, now #80)
2026-03-16 16:30:57 [WARNING] [Feature Stability] EGLD-USD: 'vix_term_inverted' rank shifted by 18 (was #63, now #81)
2026-03-16 16:30:57 [WARNING] [Feature Stability] EGLD-USD: 'cboe_skew' rank shifted by 35 (was #25, now #60)
2026-03-16 16:30:57 [WARNING] [Feature Stability] EGLD-USD: 'cboe_vix_percentile' rank shifted by 17 (was #57, now #74)
2026-03-16 16:30:57 [WARNING] [Feature Stability] EGLD-USD: 'credit_spread' rank shifted by 20 (was #58, now #38)
2026-03-16 16:30:57 [WARNING] [Feature Stability] EGLD-USD: 'credit_spread_zscore' rank shifted by 15 (was #43, now #28)
2026-03-16 16:30:57 [WARNING] [Feature Stability] EGLD-USD: 'risk_appetite_trend' rank shifted by 15 (was #33, now #48)
2026-03-16 16:30:57 [WARNING] [Feature Stability] EGLD-USD: 'breakeven_inflation_5y' rank shifted by 68 (was #7, now #75)
2026-03-16 16:30:57 [WARNING] [Feature Stability] EGLD-USD: 'beta_hml' rank shifted by 29 (was #16, now #45)
2026-03-16 16:30:57 [WARNING] [Feature Stability] EGLD-USD: 'beta_rmw' rank shifted by 21 (was #12, now #33)
2026-03-16 16:30:57 [WARNING] [Feature Stability] EGLD-USD: 'beta_mom' rank shifted by 12 (was #52, now #64)
2026-03-16 16:30:57 [WARNING] [Feature Stability] EGLD-USD: 'factor_momentum' rank shifted by 14 (was #46, now #32)
2026-03-16 16:30:57 [WARNING] [Feature Stability] EGLD-USD: 'equity_carry' rank shifted by 23 (was #53, now #76)
2026-03-16 16:30:57 [WARNING] [Feature Stability] EGLD-USD: 'volume_spike' rank shifted by 17 (was #55, now #72)
2026-03-16 16:30:57 [WARNING] [Feature Stability] EGLD-USD: 'price_volume_divergence' rank shifted by 18 (was #48, now #66)
2026-03-16 16:30:57 [WARNING] [Feature Stability] EGLD-USD: 'volume_trend' rank shifted by 26 (was #44, now #18)
2026-03-16 16:30:57 [WARNING] [Feature Stability] EGLD-USD: 'vvix_level' rank shifted by 13 (was #38, now #25)
2026-03-16 16:30:57 [WARNING] [Feature Stability] EGLD-USD: 'day_of_week' rank shifted by 17 (was #42, now #59)
2026-03-16 16:30:57 [WARNING] [Feature Stability] EGLD-USD: 'turn_of_month' rank shifted by 22 (was #49, now #71)
2026-03-16 16:30:57 [WARNING] [Feature Stability] EGLD-USD: 'month_sin' rank shifted by 19 (was #51, now #70)
2026-03-16 16:30:57 [WARNING] [Feature Stability] EGLD-USD: 'month_cos' rank shifted by 19 (was #50, now #69)
2026-03-16 16:30:57 [WARNING] [Feature Stability] EGLD-USD: 'sector_dispersion' rank shifted by 25 (was #34, now #9)
2026-03-16 16:30:57 [WARNING] [Feature Stability] EGLD-USD: 'breadth_momentum' rank shifted by 26 (was #14, now #40)
2026-03-16 16:30:57 [INFO] Saved swing XGBoost \u2192 C:\Users\yalil\OneDrive\Desktop\AI-projects\quantitivestocks\models\crypto\EGLD-USD_xgb_swing.joblib (dir_acc=0.833)
2026-03-16 16:30:57 [INFO] [TFT] EGLD-USD: 172 train / 44 val seqs, 83 features
2026-03-16 16:31:18 [INFO] [TFT] EGLD-USD ep20: val_mse=0.024784  dir=0.659
2026-03-16 16:31:23 [INFO] [TFT] EGLD-USD: early stop epoch 24  val_mse=0.018945  dir=0.659
2026-03-16 16:31:23 [INFO] [TFT] EGLD-USD: final val_mse=0.018945  dir_acc=0.636
2026-03-16 16:31:23 [INFO] [TFT] EGLD-USD: saved \u2192 C:\Users\yalil\OneDrive\Desktop\AI-projects\quantitivestocks\models\crypto\EGLD-USD_tft_swing.pt  (dir_acc=0.636)
2026-03-16 16:31:23 [INFO] === Training swing XGBoost for AR-USD ===
2026-03-16 16:31:23 [INFO] Auto-split mode: will train on second half (newer data), backtest first half.
2026-03-16 16:31:23 [INFO] Fetching 1000 daily bars for AR-USD...
2026-03-16 16:31:23 [INFO] Got 1000 bars.
2026-03-16 16:31:23 [INFO] Fetching SPY bars for relative momentum...
2026-03-16 16:31:23 [INFO] Got 1000 SPY bars.
2026-03-16 16:31:24 [INFO] Got 727 VIX rows.
2026-03-16 16:31:24 [INFO] Auto-split at midpoint (2024-11-02): training on 500 bars (second half).
2026-03-16 16:31:29 [INFO] Fetched 930 rows of sector breadth data.
2026-03-16 16:31:29 [INFO] Built 246 feature rows for AR-USD.
2026-03-16 16:31:29 [INFO] Label Winsorization: clipped to [-0.3820, 0.5959] (1st/99th pctile)
2026-03-16 16:31:29 [INFO] Labeled 236 samples. Mean fwd return: -4.7535%
2026-03-16 16:31:29 [INFO] Train: 188, Val: 48.
2026-03-16 16:31:29 [INFO] Val RMSE: 0.186652 | Direction accuracy: 0.708
2026-03-16 16:31:29 [INFO] Top 10 features: rsi14=0.067, bb_pct_b=0.062, btc_ret21=0.049, volume_trend=0.039, breadth_momentum=0.033, beta_hml=0.030, beta_cma=0.026, turn_of_month=0.026, beta_rmw=0.026, vpoc_distance=0.025
2026-03-16 16:31:29 [INFO] Feature importances saved \u2192 C:\Users\yalil\OneDrive\Desktop\AI-projects\quantitivestocks\models\crypto\AR-USD_xgb_swing_importance.json
2026-03-16 16:31:29 [WARNING] [Feature Stability] AR-USD: Spearman rank correlation = 0.635 (< 0.70 threshold)
2026-03-16 16:31:29 [WARNING] [Feature Stability] AR-USD: 'ret252' rank shifted by 37 (was #9, now #46)
2026-03-16 16:31:29 [WARNING] [Feature Stability] AR-USD: 'ret63' rank shifted by 12 (was #47, now #59)
2026-03-16 16:31:29 [WARNING] [Feature Stability] AR-USD: 'ibs' rank shifted by 22 (was #75, now #53)
2026-03-16 16:31:29 [WARNING] [Feature Stability] AR-USD: 'vol20' rank shifted by 43 (was #17, now #60)
2026-03-16 16:31:29 [WARNING] [Feature Stability] AR-USD: 'bb_bandwidth' rank shifted by 37 (was #54, now #17)
2026-03-16 16:31:29 [WARNING] [Feature Stability] AR-USD: 'momentum_quality' rank shifted by 16 (was #25, now #41)
2026-03-16 16:31:29 [WARNING] [Feature Stability] AR-USD: 'btc_sma200_flag' rank shifted by 12 (was #70, now #82)
2026-03-16 16:31:29 [WARNING] [Feature Stability] AR-USD: 'btc_realized_vol_30' rank shifted by 21 (was #26, now #47)
2026-03-16 16:31:29 [WARNING] [Feature Stability] AR-USD: 'btc_drawdown' rank shifted by 29 (was #5, now #34)
2026-03-16 16:31:29 [WARNING] [Feature Stability] AR-USD: 'fear_greed_zscore' rank shifted by 24 (was #34, now #58)
2026-03-16 16:31:29 [WARNING] [Feature Stability] AR-USD: 'treasury_slope' rank shifted by 18 (was #38, now #56)
2026-03-16 16:31:29 [WARNING] [Feature Stability] AR-USD: 'pc_volume_ratio' rank shifted by 19 (was #60, now #79)
2026-03-16 16:31:29 [WARNING] [Feature Stability] AR-USD: 'pc_oi_ratio' rank shifted by 17 (was #61, now #78)
2026-03-16 16:31:29 [WARNING] [Feature Stability] AR-USD: 'vix_term_ratio' rank shifted by 15 (was #62, now #77)
2026-03-16 16:31:29 [WARNING] [Feature Stability] AR-USD: 'cboe_vix_term_spread' rank shifted by 29 (was #44, now #73)
2026-03-16 16:31:29 [WARNING] [Feature Stability] AR-USD: 'cboe_vix9d_ratio' rank shifted by 25 (was #37, now #62)
2026-03-16 16:31:29 [WARNING] [Feature Stability] AR-USD: 'cboe_skew' rank shifted by 34 (was #48, now #14)
2026-03-16 16:31:29 [WARNING] [Feature Stability] AR-USD: 'cboe_vix_percentile' rank shifted by 16 (was #65, now #49)
2026-03-16 16:31:29 [WARNING] [Feature Stability] AR-USD: 'credit_spread' rank shifted by 51 (was #66, now #15)
2026-03-16 16:31:29 [WARNING] [Feature Stability] AR-USD: 'risk_appetite_trend' rank shifted by 44 (was #13, now #57)
2026-03-16 16:31:29 [WARNING] [Feature Stability] AR-USD: 'fed_funds_rate' rank shifted by 17 (was #30, now #13)
2026-03-16 16:31:29 [WARNING] [Feature Stability] AR-USD: 'beta_mkt' rank shifted by 11 (was #53, now #42)
2026-03-16 16:31:29 [WARNING] [Feature Stability] AR-USD: 'beta_smb' rank shifted by 30 (was #3, now #33)
2026-03-16 16:31:29 [WARNING] [Feature Stability] AR-USD: 'beta_hml' rank shifted by 40 (was #46, now #6)
2026-03-16 16:31:29 [WARNING] [Feature Stability] AR-USD: 'beta_rmw' rank shifted by 43 (was #52, now #9)
2026-03-16 16:31:29 [WARNING] [Feature Stability] AR-USD: 'beta_mom' rank shifted by 33 (was #68, now #35)
2026-03-16 16:31:29 [WARNING] [Feature Stability] AR-USD: 'factor_momentum' rank shifted by 19 (was #4, now #23)
2026-03-16 16:31:29 [WARNING] [Feature Stability] AR-USD: 'volume_zscore' rank shifted by 16 (was #59, now #75)
2026-03-16 16:31:29 [WARNING] [Feature Stability] AR-USD: 'price_volume_divergence' rank shifted by 55 (was #14, now #69)
2026-03-16 16:31:29 [WARNING] [Feature Stability] AR-USD: 'volume_trend' rank shifted by 17 (was #21, now #4)
2026-03-16 16:31:29 [WARNING] [Feature Stability] AR-USD: 'iv_rv_spread' rank shifted by 30 (was #33, now #63)
2026-03-16 16:31:29 [WARNING] [Feature Stability] AR-USD: 'vvix_level' rank shifted by 15 (was #22, now #37)
2026-03-16 16:31:29 [WARNING] [Feature Stability] AR-USD: 'day_of_week' rank shifted by 11 (was #56, now #67)
2026-03-16 16:31:29 [WARNING] [Feature Stability] AR-USD: 'fomc_proximity' rank shifted by 19 (was #7, now #26)
2026-03-16 16:31:29 [WARNING] [Feature Stability] AR-USD: 'sector_dispersion' rank shifted by 21 (was #50, now #29)
2026-03-16 16:31:29 [WARNING] [Feature Stability] AR-USD: 'breadth_momentum' rank shifted by 23 (was #28, now #5)
2026-03-16 16:31:29 [INFO] Saved swing XGBoost \u2192 C:\Users\yalil\OneDrive\Desktop\AI-projects\quantitivestocks\models\crypto\AR-USD_xgb_swing.joblib (dir_acc=0.708)
2026-03-16 16:31:29 [INFO] [TFT] AR-USD: 172 train / 44 val seqs, 83 features
2026-03-16 16:31:50 [INFO] [TFT] AR-USD ep20: val_mse=0.018099  dir=0.682
2026-03-16 16:32:07 [INFO] [TFT] AR-USD: early stop epoch 36  val_mse=0.013145  dir=0.682
2026-03-16 16:32:07 [INFO] [TFT] AR-USD: final val_mse=0.013145  dir_acc=0.682
2026-03-16 16:32:07 [INFO] [TFT] AR-USD: saved \u2192 C:\Users\yalil\OneDrive\Desktop\AI-projects\quantitivestocks\models\crypto\AR-USD_tft_swing.pt  (dir_acc=0.682)
2026-03-16 16:32:07 [INFO] === Training swing XGBoost for GOMINING-USD ===
2026-03-16 16:32:07 [INFO] Auto-split mode: will train on second half (newer data), backtest first half.
2026-03-16 16:32:07 [INFO] Fetching 1000 daily bars for GOMINING-USD...
2026-03-16 16:32:08 [INFO] Got 688 bars.
2026-03-16 16:32:08 [INFO] Fetching SPY bars for relative momentum...
2026-03-16 16:32:08 [INFO] Got 1000 SPY bars.
2026-03-16 16:32:08 [INFO] Got 727 VIX rows.
2026-03-16 16:32:08 [INFO] Auto-split at midpoint (2025-04-07): training on 344 bars (second half).
2026-03-16 16:32:13 [INFO] Fetched 696 rows of sector breadth data.
2026-03-16 16:32:13 [INFO] Built 92 feature rows for GOMINING-USD.
2026-03-16 16:32:13 [INFO] Label Winsorization: clipped to [-0.2518, 0.4523] (1st/99th pctile)
2026-03-16 16:32:13 [INFO] Labeled 82 samples. Mean fwd return: -0.0537%
2026-03-16 16:32:13 [INFO] Train: 65, Val: 17.
2026-03-16 16:32:13 [INFO] Val RMSE: 0.063326 | Direction accuracy: 0.118
2026-03-16 16:32:13 [INFO] Top 10 features: risk_appetite_trend=0.244, month_cos=0.199, ret63=0.197, credit_spread=0.138, rel_momentum_vs_spy_63=0.109, cboe_vix9d_ratio=0.041, real_yield_10y=0.014, factor_momentum=0.014, vol20=0.012, fomc_proximity=0.008
2026-03-16 16:32:13 [INFO] Feature importances saved \u2192 C:\Users\yalil\OneDrive\Desktop\AI-projects\quantitivestocks\models\crypto\GOMINING-USD_xgb_swing_importance.json
2026-03-16 16:32:13 [WARNING] [Feature Stability] GOMINING-USD: 'ret252' rank shifted by 64 (was #75, now #11)
2026-03-16 16:32:13 [WARNING] [Feature Stability] GOMINING-USD: 'rel_momentum_vs_spy_252' rank shifted by 72 (was #8, now #80)
2026-03-16 16:32:13 [WARNING] [Feature Stability] GOMINING-USD: 'bb_bandwidth' rank shifted by 68 (was #10, now #78)
2026-03-16 16:32:13 [WARNING] [Feature Stability] GOMINING-USD: 'okx_long_short_ratio' rank shifted by 45 (was #14, now #59)
2026-03-16 16:32:13 [WARNING] [Feature Stability] GOMINING-USD: 'pc_volume_ratio' rank shifted by 12 (was #44, now #56)
2026-03-16 16:32:13 [WARNING] [Feature Stability] GOMINING-USD: 'pc_oi_ratio' rank shifted by 12 (was #45, now #57)
2026-03-16 16:32:13 [WARNING] [Feature Stability] GOMINING-USD: 'cboe_vix_percentile' rank shifted by 11 (was #51, now #40)
2026-03-16 16:32:13 [WARNING] [Feature Stability] GOMINING-USD: 'credit_spread' rank shifted by 30 (was #34, now #4)
2026-03-16 16:32:13 [WARNING] [Feature Stability] GOMINING-USD: 'yield_curve_3m10y' rank shifted by 18 (was #31, now #49)
2026-03-16 16:32:13 [WARNING] [Feature Stability] GOMINING-USD: 'real_yield_10y' rank shifted by 21 (was #28, now #7)
2026-03-16 16:32:13 [WARNING] [Feature Stability] GOMINING-USD: 'breakeven_inflation_5y' rank shifted by 19 (was #29, now #48)
2026-03-16 16:32:13 [WARNING] [Feature Stability] GOMINING-USD: 'factor_momentum' rank shifted by 35 (was #43, now #8)
2026-03-16 16:32:13 [WARNING] [Feature Stability] GOMINING-USD: 'volume_zscore' rank shifted by 26 (was #25, now #51)
2026-03-16 16:32:13 [WARNING] [Feature Stability] GOMINING-USD: 'iv_rv_zscore' rank shifted by 21 (was #7, now #28)
2026-03-16 16:32:13 [WARNING] [Feature Stability] GOMINING-USD: 'month_sin' rank shifted by 14 (was #1, now #15)
2026-03-16 16:32:13 [WARNING] [Feature Stability] GOMINING-USD: 'month_cos' rank shifted by 13 (was #15, now #2)
2026-03-16 16:32:13 [INFO] Saved swing XGBoost \u2192 C:\Users\yalil\OneDrive\Desktop\AI-projects\quantitivestocks\models\crypto\GOMINING-USD_xgb_swing.joblib (dir_acc=0.118)
2026-03-16 16:32:13 [INFO] [TFT] GOMINING-USD: 49 train / 13 val seqs, 83 features
2026-03-16 16:32:21 [INFO] [TFT] GOMINING-USD ep20: val_mse=0.025962  dir=0.846
2026-03-16 16:32:29 [INFO] [TFT] GOMINING-USD ep40: val_mse=0.019553  dir=0.846
2026-03-16 16:32:35 [INFO] [TFT] GOMINING-USD: early stop epoch 58  val_mse=0.015378  dir=0.846
2026-03-16 16:32:35 [INFO] [TFT] GOMINING-USD: final val_mse=0.015378  dir_acc=0.846
2026-03-16 16:32:35 [INFO] [TFT] GOMINING-USD: saved \u2192 C:\Users\yalil\OneDrive\Desktop\AI-projects\quantitivestocks\models\crypto\GOMINING-USD_tft_swing.pt  (dir_acc=0.846)
2026-03-16 16:32:35 [INFO] === Training swing XGBoost for LPT-USD ===
2026-03-16 16:32:35 [INFO] Auto-split mode: will train on second half (newer data), backtest first half.
2026-03-16 16:32:35 [INFO] Fetching 1000 daily bars for LPT-USD...
2026-03-16 16:32:35 [INFO] Got 1000 bars.
2026-03-16 16:32:35 [INFO] Fetching SPY bars for relative momentum...
2026-03-16 16:32:36 [INFO] Got 1000 SPY bars.
2026-03-16 16:32:36 [INFO] Got 727 VIX rows.
2026-03-16 16:32:36 [INFO] Auto-split at midpoint (2024-11-02): training on 500 bars (second half).
2026-03-16 16:32:41 [INFO] Fetched 930 rows of sector breadth data.
2026-03-16 16:32:42 [INFO] Built 246 feature rows for LPT-USD.
2026-03-16 16:32:42 [INFO] Label Winsorization: clipped to [-0.2736, 0.1731] (1st/99th pctile)
2026-03-16 16:32:42 [INFO] Labeled 236 samples. Mean fwd return: -4.2581%
2026-03-16 16:32:42 [INFO] Train: 188, Val: 48.
2026-03-16 16:32:42 [INFO] Val RMSE: 0.085228 | Direction accuracy: 0.771
2026-03-16 16:32:42 [INFO] Top 10 features: rel_momentum_vs_spy_252=0.076, beta_smb=0.073, ret252=0.060, btc_ret21=0.060, btc_trend_strength=0.058, vol20=0.054, macd_hist_norm=0.049, iv_rv_zscore=0.040, sector_etf_rel_spy_21=0.040, month_cos=0.038
2026-03-16 16:32:42 [INFO] Feature importances saved \u2192 C:\Users\yalil\OneDrive\Desktop\AI-projects\quantitivestocks\models\crypto\LPT-USD_xgb_swing_importance.json
2026-03-16 16:32:42 [WARNING] [Feature Stability] LPT-USD: Spearman rank correlation = 0.506 (< 0.70 threshold)
2026-03-16 16:32:42 [WARNING] [Feature Stability] LPT-USD: 'ret63' rank shifted by 38 (was #75, now #37)
2026-03-16 16:32:42 [WARNING] [Feature Stability] LPT-USD: 'ret21' rank shifted by 55 (was #28, now #83)
2026-03-16 16:32:42 [WARNING] [Feature Stability] LPT-USD: 'ret5' rank shifted by 30 (was #6, now #36)
2026-03-16 16:32:42 [WARNING] [Feature Stability] LPT-USD: 'ibs' rank shifted by 35 (was #73, now #38)
2026-03-16 16:32:42 [WARNING] [Feature Stability] LPT-USD: 'vol20' rank shifted by 23 (was #29, now #6)
2026-03-16 16:32:42 [WARNING] [Feature Stability] LPT-USD: 'adx' rank shifted by 40 (was #72, now #32)
2026-03-16 16:32:42 [WARNING] [Feature Stability] LPT-USD: 'bb_bandwidth' rank shifted by 12 (was #33, now #21)
2026-03-16 16:32:42 [WARNING] [Feature Stability] LPT-USD: 'momentum_quality' rank shifted by 64 (was #17, now #81)
2026-03-16 16:32:42 [WARNING] [Feature Stability] LPT-USD: 'vol_regime' rank shifted by 13 (was #38, now #25)
2026-03-16 16:32:42 [WARNING] [Feature Stability] LPT-USD: 'vix_pctrank' rank shifted by 40 (was #40, now #80)
2026-03-16 16:32:42 [WARNING] [Feature Stability] LPT-USD: 'dv_accel' rank shifted by 46 (was #30, now #76)
2026-03-16 16:32:42 [WARNING] [Feature Stability] LPT-USD: 'vix_regime' rank shifted by 11 (was #44, now #33)
2026-03-16 16:32:42 [WARNING] [Feature Stability] LPT-USD: 'btc_realized_vol_30' rank shifted by 11 (was #31, now #20)
2026-03-16 16:32:42 [WARNING] [Feature Stability] LPT-USD: 'btc_drawdown' rank shifted by 23 (was #8, now #31)
2026-03-16 16:32:42 [WARNING] [Feature Stability] LPT-USD: 'eth_btc_ratio_zscore' rank shifted by 41 (was #34, now #75)
2026-03-16 16:32:42 [WARNING] [Feature Stability] LPT-USD: 'okx_long_short_ratio' rank shifted by 38 (was #35, now #73)
2026-03-16 16:32:42 [WARNING] [Feature Stability] LPT-USD: 'okx_ls_zscore' rank shifted by 47 (was #27, now #74)
2026-03-16 16:32:42 [WARNING] [Feature Stability] LPT-USD: 'fear_greed_index' rank shifted by 13 (was #67, now #54)
2026-03-16 16:32:42 [WARNING] [Feature Stability] LPT-USD: 'fear_greed_zscore' rank shifted by 14 (was #13, now #27)
2026-03-16 16:32:42 [WARNING] [Feature Stability] LPT-USD: 'polymarket_btc_bullish' rank shifted by 16 (was #71, now #55)
2026-03-16 16:32:42 [WARNING] [Feature Stability] LPT-USD: 'pc_volume_ratio' rank shifted by 11 (was #60, now #71)
2026-03-16 16:32:42 [WARNING] [Feature Stability] LPT-USD: 'cboe_vix_term_ratio' rank shifted by 18 (was #43, now #61)
2026-03-16 16:32:42 [WARNING] [Feature Stability] LPT-USD: 'cboe_skew' rank shifted by 12 (was #51, now #63)
2026-03-16 16:32:42 [WARNING] [Feature Stability] LPT-USD: 'credit_spread' rank shifted by 63 (was #1, now #64)
2026-03-16 16:32:42 [WARNING] [Feature Stability] LPT-USD: 'credit_spread_chg5' rank shifted by 24 (was #16, now #40)
2026-03-16 16:32:42 [WARNING] [Feature Stability] LPT-USD: 'credit_spread_zscore' rank shifted by 23 (was #53, now #30)
2026-03-16 16:32:42 [WARNING] [Feature Stability] LPT-USD: 'smallcap_rotation' rank shifted by 14 (was #14, now #28)
2026-03-16 16:32:42 [WARNING] [Feature Stability] LPT-USD: 'yield_curve_3m10y' rank shifted by 28 (was #39, now #67)
2026-03-16 16:32:42 [WARNING] [Feature Stability] LPT-USD: 'beta_mkt' rank shifted by 54 (was #12, now #66)
2026-03-16 16:32:42 [WARNING] [Feature Stability] LPT-USD: 'beta_smb' rank shifted by 17 (was #19, now #2)
2026-03-16 16:32:42 [WARNING] [Feature Stability] LPT-USD: 'beta_hml' rank shifted by 30 (was #54, now #24)
2026-03-16 16:32:42 [WARNING] [Feature Stability] LPT-USD: 'beta_cma' rank shifted by 21 (was #36, now #15)
2026-03-16 16:32:42 [WARNING] [Feature Stability] LPT-USD: 'factor_momentum' rank shifted by 13 (was #21, now #34)
2026-03-16 16:32:42 [WARNING] [Feature Stability] LPT-USD: 'equity_carry' rank shifted by 13 (was #56, now #69)
2026-03-16 16:32:42 [WARNING] [Feature Stability] LPT-USD: 'volume_zscore' rank shifted by 26 (was #42, now #68)
2026-03-16 16:32:42 [WARNING] [Feature Stability] LPT-USD: 'volume_trend' rank shifted by 17 (was #9, now #26)
2026-03-16 16:32:42 [WARNING] [Feature Stability] LPT-USD: 'iv_rv_spread' rank shifted by 25 (was #22, now #47)
2026-03-16 16:32:42 [WARNING] [Feature Stability] LPT-USD: 'vvix_level' rank shifted by 13 (was #26, now #39)
2026-03-16 16:32:42 [WARNING] [Feature Stability] LPT-USD: 'month_cos' rank shifted by 40 (was #50, now #10)
2026-03-16 16:32:42 [WARNING] [Feature Stability] LPT-USD: 'breadth_momentum' rank shifted by 20 (was #25, now #45)
2026-03-16 16:32:42 [INFO] Saved swing XGBoost \u2192 C:\Users\yalil\OneDrive\Desktop\AI-projects\quantitivestocks\models\crypto\LPT-USD_xgb_swing.joblib (dir_acc=0.771)
2026-03-16 16:32:42 [INFO] [TFT] LPT-USD: 172 train / 44 val seqs, 83 features
2026-03-16 16:33:06 [INFO] [TFT] LPT-USD ep20: val_mse=0.015993  dir=0.568
2026-03-16 16:33:28 [INFO] [TFT] LPT-USD ep40: val_mse=0.014853  dir=0.636
2026-03-16 16:33:49 [INFO] [TFT] LPT-USD ep60: val_mse=0.013536  dir=0.636
2026-03-16 16:34:00 [INFO] [TFT] LPT-USD: early stop epoch 71  val_mse=0.013375  dir=0.659
2026-03-16 16:34:00 [INFO] [TFT] LPT-USD: final val_mse=0.013375  dir_acc=0.636
2026-03-16 16:34:00 [INFO] [TFT] LPT-USD: saved \u2192 C:\Users\yalil\OneDrive\Desktop\AI-projects\quantitivestocks\models\crypto\LPT-USD_tft_swing.pt  (dir_acc=0.636)
