timestamp,group,symbol,side,qty,price,reason,pnl_pct
2026-04-12 00:00:21,intraday,EWH,LONG,322,23.88,entry (LONG),+0.0000
2026-04-12 00:00:23,intraday,SMH,LONG,8,436.98,entry (LONG),+0.0000
2026-04-12 00:00:24,intraday,GDX,LONG,27,99.43,entry (LONG),+0.0000
2026-04-12 00:01:29,intraday,EWH,LONG,322,23.88,entry (LONG),+0.0000
2026-04-12 00:01:31,intraday,SMH,LONG,8,436.98,entry (LONG),+0.0000
2026-04-12 00:01:32,intraday,GDX,LONG,27,99.43,entry (LONG),+0.0000
2026-04-12 00:02:38,intraday,EWH,LONG,322,23.88,entry (LONG),+0.0000
2026-04-12 00:02:40,intraday,SMH,LONG,8,436.98,entry (LONG),+0.0000
2026-04-12 00:02:41,intraday,GDX,LONG,27,99.43,entry (LONG),+0.0000
2026-04-12 00:03:46,intraday,EWH,LONG,322,23.88,entry (LONG),+0.0000
2026-04-12 00:03:47,intraday,SMH,LONG,8,436.98,entry (LONG),+0.0000
2026-04-12 00:03:48,intraday,GDX,LONG,27,99.43,entry (LONG),+0.0000
2026-04-12 00:04:44,swing,CIBR,SHORT,70,60.74,entry (SHORT),+0.0000
2026-04-12 00:04:46,swing,USMV,SHORT,152,92.75,entry (SHORT),+0.0000
2026-04-12 00:04:48,swing,EWY,SHORT,20,138.73,entry (SHORT),+0.0000
2026-04-12 00:04:53,swing,IBIT,SHORT,94,41.56,entry (SHORT),+0.0000
2026-04-12 00:04:53,intraday,EWH,LONG,322,23.88,entry (LONG),+0.0000
2026-04-12 00:04:55,intraday,SMH,LONG,8,436.98,entry (LONG),+0.0000
2026-04-12 00:04:56,intraday,GDX,LONG,27,99.43,entry (LONG),+0.0000
2026-04-12 00:06:01,intraday,EWH,LONG,322,23.88,entry (LONG),+0.0000
2026-04-12 00:06:03,intraday,SMH,LONG,8,436.98,entry (LONG),+0.0000
2026-04-12 00:06:04,intraday,GDX,LONG,27,99.43,entry (LONG),+0.0000
2026-04-12 00:07:10,intraday,EWH,LONG,322,23.88,entry (LONG),+0.0000
2026-04-12 00:07:12,intraday,SMH,LONG,8,436.98,entry (LONG),+0.0000
2026-04-12 00:07:13,intraday,GDX,LONG,27,99.43,entry (LONG),+0.0000
2026-04-12 00:08:18,intraday,EWH,LONG,322,23.88,entry (LONG),+0.0000
2026-04-12 00:08:19,intraday,SMH,LONG,8,436.98,entry (LONG),+0.0000
2026-04-12 00:08:21,intraday,GDX,LONG,27,99.43,entry (LONG),+0.0000
2026-04-12 00:09:26,intraday,EWH,LONG,322,23.88,entry (LONG),+0.0000
2026-04-12 00:09:28,intraday,SMH,LONG,8,436.98,entry (LONG),+0.0000
2026-04-12 00:09:29,intraday,GDX,LONG,27,99.43,entry (LONG),+0.0000
2026-04-12 00:10:10,swing,CIBR,SHORT,70,60.74,entry (SHORT),+0.0000
2026-04-12 00:10:12,swing,USMV,SHORT,152,92.75,entry (SHORT),+0.0000
2026-04-12 00:10:14,swing,EWY,SHORT,20,138.73,entry (SHORT),+0.0000
2026-04-12 00:10:18,swing,IBIT,SHORT,94,41.56,entry (SHORT),+0.0000
2026-04-12 00:10:34,intraday,EWH,LONG,322,23.88,entry (LONG),+0.0000
2026-04-12 00:10:35,intraday,SMH,LONG,8,436.98,entry (LONG),+0.0000
2026-04-12 00:10:37,intraday,GDX,LONG,27,99.43,entry (LONG),+0.0000
2026-04-12 00:11:42,intraday,EWH,LONG,322,23.88,entry (LONG),+0.0000
2026-04-12 00:11:43,intraday,SMH,LONG,8,436.98,entry (LONG),+0.0000
2026-04-12 00:11:44,intraday,GDX,LONG,27,99.43,entry (LONG),+0.0000
2026-04-12 00:12:49,intraday,EWH,LONG,322,23.88,entry (LONG),+0.0000
2026-04-12 00:12:51,intraday,SMH,LONG,8,436.98,entry (LONG),+0.0000
2026-04-12 00:12:52,intraday,GDX,LONG,27,99.43,entry (LONG),+0.0000
2026-04-12 00:13:57,intraday,EWH,LONG,322,23.88,entry (LONG),+0.0000
2026-04-12 00:13:59,intraday,SMH,LONG,8,436.98,entry (LONG),+0.0000
2026-04-12 00:14:00,intraday,GDX,LONG,27,99.43,entry (LONG),+0.0000
2026-04-12 00:15:05,intraday,EWH,LONG,322,23.88,entry (LONG),+0.0000
2026-04-12 00:15:07,intraday,SMH,LONG,8,436.98,entry (LONG),+0.0000
2026-04-12 00:15:08,intraday,GDX,LONG,27,99.43,entry (LONG),+0.0000
2026-04-12 00:15:36,swing,CIBR,SHORT,70,60.74,entry (SHORT),+0.0000
2026-04-12 00:15:38,swing,USMV,SHORT,152,92.75,entry (SHORT),+0.0000
2026-04-12 00:15:40,swing,EWY,SHORT,20,138.73,entry (SHORT),+0.0000
2026-04-12 00:15:44,swing,IBIT,SHORT,94,41.56,entry (SHORT),+0.0000
2026-04-12 00:16:13,intraday,EWH,LONG,322,23.88,entry (LONG),+0.0000
2026-04-12 00:16:15,intraday,SMH,LONG,8,436.98,entry (LONG),+0.0000
2026-04-12 00:16:16,intraday,GDX,LONG,27,99.43,entry (LONG),+0.0000
2026-04-12 00:17:21,intraday,EWH,LONG,322,23.88,entry (LONG),+0.0000
2026-04-12 00:17:23,intraday,SMH,LONG,8,436.98,entry (LONG),+0.0000
2026-04-12 00:17:24,intraday,GDX,LONG,27,99.43,entry (LONG),+0.0000
2026-04-12 00:18:29,intraday,EWH,LONG,322,23.88,entry (LONG),+0.0000
2026-04-12 00:18:31,intraday,SMH,LONG,8,436.98,entry (LONG),+0.0000
2026-04-12 00:18:32,intraday,GDX,LONG,27,99.43,entry (LONG),+0.0000
2026-04-12 00:19:39,intraday,EWH,LONG,322,23.88,entry (LONG),+0.0000
2026-04-12 00:19:40,intraday,SMH,LONG,8,436.98,entry (LONG),+0.0000
2026-04-12 00:19:42,intraday,GDX,LONG,27,99.43,entry (LONG),+0.0000
2026-04-12 00:20:50,intraday,EWH,LONG,322,23.88,entry (LONG),+0.0000
2026-04-12 00:20:53,intraday,SMH,LONG,8,436.98,entry (LONG),+0.0000
2026-04-12 00:20:54,intraday,GDX,LONG,27,99.43,entry (LONG),+0.0000
2026-04-12 00:21:13,swing,CIBR,SHORT,70,60.74,entry (SHORT),+0.0000
2026-04-12 00:21:15,swing,USMV,SHORT,152,92.75,entry (SHORT),+0.0000
2026-04-12 00:21:17,swing,EWY,SHORT,20,138.73,entry (SHORT),+0.0000
2026-04-12 00:21:22,swing,IBIT,SHORT,94,41.56,entry (SHORT),+0.0000
2026-04-12 00:21:59,intraday,EWH,LONG,322,23.88,entry (LONG),+0.0000
2026-04-12 00:22:01,intraday,SMH,LONG,8,436.98,entry (LONG),+0.0000
2026-04-12 00:22:02,intraday,GDX,LONG,27,99.43,entry (LONG),+0.0000
2026-04-12 00:23:08,intraday,EWH,LONG,322,23.88,entry (LONG),+0.0000
2026-04-12 00:23:10,intraday,SMH,LONG,8,436.98,entry (LONG),+0.0000
2026-04-12 00:23:11,intraday,GDX,LONG,27,99.43,entry (LONG),+0.0000
2026-04-12 00:24:16,intraday,EWH,LONG,322,23.88,entry (LONG),+0.0000
2026-04-12 00:24:18,intraday,SMH,LONG,8,436.98,entry (LONG),+0.0000
2026-04-12 00:24:19,intraday,GDX,LONG,27,99.43,entry (LONG),+0.0000
2026-04-12 00:25:24,intraday,EWH,LONG,322,23.88,entry (LONG),+0.0000
2026-04-12 00:25:26,intraday,SMH,LONG,8,436.98,entry (LONG),+0.0000
2026-04-12 00:25:27,intraday,GDX,LONG,27,99.43,entry (LONG),+0.0000
2026-04-12 00:26:52,intraday,EWH,LONG,322,23.88,entry (LONG),+0.0000
2026-04-12 00:26:54,intraday,SMH,LONG,8,436.98,entry (LONG),+0.0000
2026-04-12 00:26:55,intraday,GDX,LONG,27,99.43,entry (LONG),+0.0000
2026-04-12 00:26:58,swing,CIBR,SHORT,70,60.74,entry (SHORT),+0.0000
2026-04-12 00:27:00,swing,USMV,SHORT,152,92.75,entry (SHORT),+0.0000
2026-04-12 00:27:02,swing,EWY,SHORT,20,138.73,entry (SHORT),+0.0000
2026-04-12 00:27:07,swing,IBIT,SHORT,94,41.56,entry (SHORT),+0.0000
2026-04-12 00:28:02,intraday,EWH,LONG,322,23.88,entry (LONG),+0.0000
2026-04-12 00:28:04,intraday,SMH,LONG,8,436.98,entry (LONG),+0.0000
2026-04-12 00:28:05,intraday,GDX,LONG,27,99.43,entry (LONG),+0.0000
2026-04-12 00:29:11,intraday,EWH,LONG,322,23.88,entry (LONG),+0.0000
2026-04-12 00:29:12,intraday,SMH,LONG,8,436.98,entry (LONG),+0.0000
2026-04-12 00:29:14,intraday,GDX,LONG,27,99.43,entry (LONG),+0.0000
2026-04-12 00:30:22,intraday,EWH,LONG,322,23.88,entry (LONG),+0.0000
2026-04-12 00:30:23,intraday,SMH,LONG,8,436.98,entry (LONG),+0.0000
2026-04-12 00:30:25,intraday,GDX,LONG,27,99.43,entry (LONG),+0.0000
2026-04-12 00:31:30,intraday,EWH,LONG,322,23.88,entry (LONG),+0.0000
2026-04-12 00:31:31,intraday,SMH,LONG,8,436.98,entry (LONG),+0.0000
2026-04-12 00:31:32,intraday,GDX,LONG,27,99.43,entry (LONG),+0.0000
2026-04-12 00:32:27,swing,CIBR,SHORT,70,60.74,entry (SHORT),+0.0000
2026-04-12 00:32:29,swing,USMV,SHORT,152,92.75,entry (SHORT),+0.0000
2026-04-12 00:32:30,swing,EWY,SHORT,20,138.73,entry (SHORT),+0.0000
2026-04-12 00:32:35,swing,IBIT,SHORT,94,41.56,entry (SHORT),+0.0000
2026-04-12 00:32:37,intraday,EWH,LONG,322,23.88,entry (LONG),+0.0000
2026-04-12 00:32:39,intraday,SMH,LONG,8,436.98,entry (LONG),+0.0000
2026-04-12 00:32:40,intraday,GDX,LONG,27,99.43,entry (LONG),+0.0000
2026-04-12 00:33:45,intraday,EWH,LONG,322,23.88,entry (LONG),+0.0000
2026-04-12 00:33:47,intraday,SMH,LONG,8,436.98,entry (LONG),+0.0000
2026-04-12 00:33:48,intraday,GDX,LONG,27,99.43,entry (LONG),+0.0000
2026-04-12 00:34:54,intraday,EWH,LONG,322,23.88,entry (LONG),+0.0000
2026-04-12 00:34:56,intraday,SMH,LONG,8,436.98,entry (LONG),+0.0000
2026-04-12 00:34:57,intraday,GDX,LONG,27,99.43,entry (LONG),+0.0000
2026-04-12 00:36:17,intraday,EWH,LONG,322,23.88,entry (LONG),+0.0000
2026-04-12 00:36:19,intraday,SMH,LONG,8,436.98,entry (LONG),+0.0000
2026-04-12 00:36:20,intraday,GDX,LONG,27,99.43,entry (LONG),+0.0000
2026-04-12 00:37:25,intraday,EWH,LONG,322,23.88,entry (LONG),+0.0000
2026-04-12 00:37:26,intraday,SMH,LONG,8,436.98,entry (LONG),+0.0000
2026-04-12 00:37:28,intraday,GDX,LONG,27,99.43,entry (LONG),+0.0000
2026-04-12 00:37:51,swing,CIBR,SHORT,70,60.74,entry (SHORT),+0.0000
2026-04-12 00:37:54,swing,USMV,SHORT,152,92.75,entry (SHORT),+0.0000
2026-04-12 00:37:56,swing,EWY,SHORT,20,138.73,entry (SHORT),+0.0000
2026-04-12 00:38:00,swing,IBIT,SHORT,94,41.56,entry (SHORT),+0.0000
2026-04-12 00:38:33,intraday,EWH,LONG,322,23.88,entry (LONG),+0.0000
2026-04-12 00:38:35,intraday,SMH,LONG,8,436.98,entry (LONG),+0.0000
2026-04-12 00:38:36,intraday,GDX,LONG,27,99.43,entry (LONG),+0.0000
2026-04-12 00:39:41,intraday,EWH,LONG,322,23.88,entry (LONG),+0.0000
2026-04-12 00:39:42,intraday,SMH,LONG,8,436.98,entry (LONG),+0.0000
2026-04-12 00:39:44,intraday,GDX,LONG,27,99.43,entry (LONG),+0.0000
2026-04-12 00:40:49,intraday,EWH,LONG,322,23.88,entry (LONG),+0.0000
2026-04-12 00:40:50,intraday,SMH,LONG,8,436.98,entry (LONG),+0.0000
2026-04-12 00:40:51,intraday,GDX,LONG,27,99.43,entry (LONG),+0.0000
2026-04-12 00:41:56,intraday,EWH,LONG,322,23.88,entry (LONG),+0.0000
2026-04-12 00:41:58,intraday,SMH,LONG,8,436.98,entry (LONG),+0.0000
2026-04-12 00:41:59,intraday,GDX,LONG,27,99.43,entry (LONG),+0.0000
2026-04-12 00:43:04,intraday,EWH,LONG,322,23.88,entry (LONG),+0.0000
2026-04-12 00:43:06,intraday,SMH,LONG,8,436.98,entry (LONG),+0.0000
2026-04-12 00:43:07,intraday,GDX,LONG,27,99.43,entry (LONG),+0.0000
2026-04-12 00:43:16,swing,CIBR,SHORT,70,60.74,entry (SHORT),+0.0000
2026-04-12 00:43:18,swing,USMV,SHORT,152,92.75,entry (SHORT),+0.0000
2026-04-12 00:43:20,swing,EWY,SHORT,20,138.73,entry (SHORT),+0.0000
2026-04-12 00:43:24,swing,IBIT,SHORT,94,41.56,entry (SHORT),+0.0000
2026-04-12 00:44:13,intraday,EWH,LONG,322,23.88,entry (LONG),+0.0000
2026-04-12 00:44:14,intraday,SMH,LONG,8,436.98,entry (LONG),+0.0000
2026-04-12 00:44:15,intraday,GDX,LONG,27,99.43,entry (LONG),+0.0000
2026-04-12 00:45:20,intraday,EWH,LONG,322,23.88,entry (LONG),+0.0000
2026-04-12 00:45:22,intraday,SMH,LONG,8,436.98,entry (LONG),+0.0000
2026-04-12 00:45:23,intraday,GDX,LONG,27,99.43,entry (LONG),+0.0000
2026-04-12 00:46:28,intraday,EWH,LONG,322,23.88,entry (LONG),+0.0000
2026-04-12 00:46:30,intraday,SMH,LONG,8,436.98,entry (LONG),+0.0000
2026-04-12 00:46:31,intraday,GDX,LONG,27,99.43,entry (LONG),+0.0000
2026-04-12 00:47:36,intraday,EWH,LONG,322,23.88,entry (LONG),+0.0000
2026-04-12 00:47:38,intraday,SMH,LONG,8,436.98,entry (LONG),+0.0000
2026-04-12 00:47:39,intraday,GDX,LONG,27,99.43,entry (LONG),+0.0000
2026-04-12 00:48:39,swing,CIBR,SHORT,70,60.74,entry (SHORT),+0.0000
2026-04-12 00:48:41,swing,USMV,SHORT,152,92.75,entry (SHORT),+0.0000
2026-04-12 00:48:43,swing,EWY,SHORT,20,138.73,entry (SHORT),+0.0000
2026-04-12 00:48:43,intraday,EWH,LONG,322,23.88,entry (LONG),+0.0000
2026-04-12 00:48:45,intraday,SMH,LONG,8,436.98,entry (LONG),+0.0000
2026-04-12 00:48:46,intraday,GDX,LONG,27,99.43,entry (LONG),+0.0000
2026-04-12 00:48:47,swing,IBIT,SHORT,94,41.56,entry (SHORT),+0.0000
2026-04-12 00:49:52,intraday,EWH,LONG,322,23.88,entry (LONG),+0.0000
2026-04-12 00:49:53,intraday,SMH,LONG,8,436.98,entry (LONG),+0.0000
2026-04-12 00:49:54,intraday,GDX,LONG,27,99.43,entry (LONG),+0.0000
2026-04-12 00:50:59,intraday,EWH,LONG,322,23.88,entry (LONG),+0.0000
2026-04-12 00:51:01,intraday,SMH,LONG,8,436.98,entry (LONG),+0.0000
2026-04-12 00:51:02,intraday,GDX,LONG,27,99.43,entry (LONG),+0.0000
2026-04-12 00:52:07,intraday,EWH,LONG,322,23.88,entry (LONG),+0.0000
2026-04-12 00:52:09,intraday,SMH,LONG,8,436.98,entry (LONG),+0.0000
2026-04-12 00:52:10,intraday,GDX,LONG,27,99.43,entry (LONG),+0.0000
2026-04-12 00:53:15,intraday,EWH,LONG,322,23.88,entry (LONG),+0.0000
2026-04-12 00:53:17,intraday,SMH,LONG,8,436.98,entry (LONG),+0.0000
2026-04-12 00:53:18,intraday,GDX,LONG,27,99.43,entry (LONG),+0.0000
2026-04-12 00:54:03,swing,CIBR,SHORT,70,60.74,entry (SHORT),+0.0000
2026-04-12 00:54:05,swing,USMV,SHORT,152,92.75,entry (SHORT),+0.0000
2026-04-12 00:54:07,swing,EWY,SHORT,20,138.73,entry (SHORT),+0.0000
2026-04-12 00:54:12,swing,IBIT,SHORT,94,41.56,entry (SHORT),+0.0000
2026-04-12 00:54:24,intraday,EWH,LONG,322,23.88,entry (LONG),+0.0000
2026-04-12 00:54:27,intraday,SMH,LONG,8,436.98,entry (LONG),+0.0000
2026-04-12 00:54:30,intraday,GDX,LONG,27,99.43,entry (LONG),+0.0000
2026-04-12 00:55:35,intraday,EWH,LONG,322,23.88,entry (LONG),+0.0000
2026-04-12 00:55:36,intraday,SMH,LONG,8,436.98,entry (LONG),+0.0000
2026-04-12 00:55:37,intraday,GDX,LONG,27,99.43,entry (LONG),+0.0000
2026-04-12 00:56:42,intraday,EWH,LONG,322,23.88,entry (LONG),+0.0000
2026-04-12 00:56:44,intraday,SMH,LONG,8,436.98,entry (LONG),+0.0000
2026-04-12 00:56:45,intraday,GDX,LONG,27,99.43,entry (LONG),+0.0000
2026-04-12 00:57:50,intraday,EWH,LONG,322,23.88,entry (LONG),+0.0000
2026-04-12 00:57:52,intraday,SMH,LONG,8,436.98,entry (LONG),+0.0000
2026-04-12 00:57:53,intraday,GDX,LONG,27,99.43,entry (LONG),+0.0000
2026-04-12 00:58:58,intraday,EWH,LONG,322,23.88,entry (LONG),+0.0000
2026-04-12 00:59:00,intraday,SMH,LONG,8,436.98,entry (LONG),+0.0000
2026-04-12 00:59:01,intraday,GDX,LONG,27,99.43,entry (LONG),+0.0000
2026-04-12 00:59:31,swing,CIBR,SHORT,70,60.74,entry (SHORT),+0.0000
2026-04-12 00:59:32,swing,USMV,SHORT,152,92.75,entry (SHORT),+0.0000
2026-04-12 00:59:34,swing,EWY,SHORT,20,138.73,entry (SHORT),+0.0000
2026-04-12 00:59:39,swing,IBIT,SHORT,94,41.56,entry (SHORT),+0.0000
2026-04-12 01:00:08,intraday,EWH,LONG,322,23.88,entry (LONG),+0.0000
2026-04-12 01:00:09,intraday,SMH,LONG,8,436.98,entry (LONG),+0.0000
2026-04-12 01:00:10,intraday,GDX,LONG,27,99.43,entry (LONG),+0.0000
2026-04-12 01:01:16,intraday,EWH,LONG,322,23.88,entry (LONG),+0.0000
2026-04-12 01:01:17,intraday,SMH,LONG,8,436.98,entry (LONG),+0.0000
2026-04-12 01:01:18,intraday,GDX,LONG,27,99.43,entry (LONG),+0.0000
2026-04-12 01:02:25,intraday,EWH,LONG,322,23.88,entry (LONG),+0.0000
2026-04-12 01:02:27,intraday,SMH,LONG,8,436.98,entry (LONG),+0.0000
2026-04-12 01:02:28,intraday,GDX,LONG,27,99.43,entry (LONG),+0.0000
2026-04-12 01:03:33,intraday,EWH,LONG,322,23.88,entry (LONG),+0.0000
2026-04-12 01:03:35,intraday,SMH,LONG,8,436.98,entry (LONG),+0.0000
2026-04-12 01:03:36,intraday,GDX,LONG,27,99.43,entry (LONG),+0.0000
2026-04-12 01:04:41,intraday,EWH,LONG,322,23.88,entry (LONG),+0.0000
2026-04-12 01:04:43,intraday,SMH,LONG,8,436.98,entry (LONG),+0.0000
2026-04-12 01:04:44,intraday,GDX,LONG,27,99.43,entry (LONG),+0.0000
2026-04-12 01:04:55,swing,CIBR,SHORT,70,60.74,entry (SHORT),+0.0000
2026-04-12 01:04:57,swing,USMV,SHORT,152,92.75,entry (SHORT),+0.0000
2026-04-12 01:04:58,swing,EWY,SHORT,20,138.73,entry (SHORT),+0.0000
2026-04-12 01:05:03,swing,IBIT,SHORT,94,41.56,entry (SHORT),+0.0000
2026-04-12 01:05:49,intraday,EWH,LONG,322,23.88,entry (LONG),+0.0000
2026-04-12 01:05:51,intraday,SMH,LONG,8,436.98,entry (LONG),+0.0000
2026-04-12 01:05:52,intraday,GDX,LONG,27,99.43,entry (LONG),+0.0000
2026-04-12 01:06:57,intraday,EWH,LONG,322,23.88,entry (LONG),+0.0000
2026-04-12 01:06:59,intraday,SMH,LONG,8,436.98,entry (LONG),+0.0000
2026-04-12 01:07:00,intraday,GDX,LONG,27,99.43,entry (LONG),+0.0000
2026-04-12 01:08:04,intraday,EWH,LONG,322,23.88,entry (LONG),+0.0000
2026-04-12 01:08:06,intraday,SMH,LONG,8,436.98,entry (LONG),+0.0000
2026-04-12 01:08:07,intraday,GDX,LONG,27,99.43,entry (LONG),+0.0000
2026-04-12 01:09:13,intraday,EWH,LONG,322,23.88,entry (LONG),+0.0000
2026-04-12 01:09:14,intraday,SMH,LONG,8,436.98,entry (LONG),+0.0000
2026-04-12 01:09:16,intraday,GDX,LONG,27,99.43,entry (LONG),+0.0000
2026-04-12 01:10:20,swing,CIBR,SHORT,70,60.74,entry (SHORT),+0.0000
2026-04-12 01:10:21,intraday,EWH,LONG,322,23.88,entry (LONG),+0.0000
2026-04-12 01:10:22,swing,USMV,SHORT,152,92.75,entry (SHORT),+0.0000
2026-04-12 01:10:23,intraday,SMH,LONG,8,436.98,entry (LONG),+0.0000
2026-04-12 01:10:24,intraday,GDX,LONG,27,99.43,entry (LONG),+0.0000
2026-04-12 01:10:24,swing,EWY,SHORT,20,138.73,entry (SHORT),+0.0000
2026-04-12 01:10:29,swing,IBIT,SHORT,94,41.56,entry (SHORT),+0.0000
2026-04-12 01:11:29,intraday,EWH,LONG,322,23.88,entry (LONG),+0.0000
2026-04-12 01:11:31,intraday,SMH,LONG,8,436.98,entry (LONG),+0.0000
2026-04-12 01:11:32,intraday,GDX,LONG,27,99.43,entry (LONG),+0.0000
2026-04-12 01:12:37,intraday,EWH,LONG,322,23.88,entry (LONG),+0.0000
2026-04-12 01:12:38,intraday,SMH,LONG,8,436.98,entry (LONG),+0.0000
2026-04-12 01:12:39,intraday,GDX,LONG,27,99.43,entry (LONG),+0.0000
2026-04-12 01:13:47,intraday,EWH,LONG,322,23.88,entry (LONG),+0.0000
2026-04-12 01:13:49,intraday,SMH,LONG,8,436.98,entry (LONG),+0.0000
2026-04-12 01:13:50,intraday,GDX,LONG,27,99.43,entry (LONG),+0.0000
2026-04-12 01:14:55,intraday,EWH,LONG,322,23.88,entry (LONG),+0.0000
2026-04-12 01:14:57,intraday,SMH,LONG,8,436.98,entry (LONG),+0.0000
2026-04-12 01:14:58,intraday,GDX,LONG,27,99.43,entry (LONG),+0.0000
2026-04-12 01:15:53,swing,CIBR,SHORT,70,60.74,entry (SHORT),+0.0000
2026-04-12 01:15:55,swing,USMV,SHORT,152,92.75,entry (SHORT),+0.0000
2026-04-12 01:15:57,swing,EWY,SHORT,20,138.73,entry (SHORT),+0.0000
2026-04-12 01:16:01,swing,IBIT,SHORT,94,41.56,entry (SHORT),+0.0000
2026-04-12 01:16:03,intraday,EWH,LONG,322,23.88,entry (LONG),+0.0000
2026-04-12 01:16:04,intraday,SMH,LONG,8,436.98,entry (LONG),+0.0000
2026-04-12 01:16:05,intraday,GDX,LONG,27,99.43,entry (LONG),+0.0000
2026-04-12 01:17:11,intraday,EWH,LONG,322,23.88,entry (LONG),+0.0000
2026-04-12 01:17:12,intraday,SMH,LONG,8,436.98,entry (LONG),+0.0000
2026-04-12 01:17:13,intraday,GDX,LONG,27,99.43,entry (LONG),+0.0000
2026-04-12 01:18:18,intraday,EWH,LONG,322,23.88,entry (LONG),+0.0000
2026-04-12 01:18:20,intraday,SMH,LONG,8,436.98,entry (LONG),+0.0000
2026-04-12 01:18:21,intraday,GDX,LONG,27,99.43,entry (LONG),+0.0000
2026-04-12 01:19:25,intraday,EWH,LONG,322,23.88,entry (LONG),+0.0000
2026-04-12 01:19:27,intraday,SMH,LONG,8,436.98,entry (LONG),+0.0000
2026-04-12 01:19:28,intraday,GDX,LONG,27,99.43,entry (LONG),+0.0000
2026-04-12 01:20:36,intraday,EWH,LONG,322,23.88,entry (LONG),+0.0000
2026-04-12 01:20:38,intraday,SMH,LONG,8,436.98,entry (LONG),+0.0000
2026-04-12 01:20:39,intraday,GDX,LONG,27,99.43,entry (LONG),+0.0000
2026-04-12 01:21:19,swing,CIBR,SHORT,70,60.74,entry (SHORT),+0.0000
2026-04-12 01:21:21,swing,USMV,SHORT,152,92.75,entry (SHORT),+0.0000
2026-04-12 01:21:23,swing,EWY,SHORT,20,138.73,entry (SHORT),+0.0000
2026-04-12 01:21:27,swing,IBIT,SHORT,94,41.56,entry (SHORT),+0.0000
2026-04-12 01:21:45,intraday,EWH,LONG,322,23.88,entry (LONG),+0.0000
2026-04-12 01:21:46,intraday,SMH,LONG,8,436.98,entry (LONG),+0.0000
2026-04-12 01:21:47,intraday,GDX,LONG,27,99.43,entry (LONG),+0.0000
2026-04-12 01:22:52,intraday,EWH,LONG,322,23.88,entry (LONG),+0.0000
2026-04-12 01:22:54,intraday,SMH,LONG,8,436.98,entry (LONG),+0.0000
2026-04-12 01:22:55,intraday,GDX,LONG,27,99.43,entry (LONG),+0.0000
2026-04-12 01:24:00,intraday,EWH,LONG,322,23.88,entry (LONG),+0.0000
2026-04-12 01:24:02,intraday,SMH,LONG,8,436.98,entry (LONG),+0.0000
2026-04-12 01:24:03,intraday,GDX,LONG,27,99.43,entry (LONG),+0.0000
2026-04-12 01:25:08,intraday,EWH,LONG,322,23.88,entry (LONG),+0.0000
2026-04-12 01:25:09,intraday,SMH,LONG,8,436.98,entry (LONG),+0.0000
2026-04-12 01:25:11,intraday,GDX,LONG,27,99.43,entry (LONG),+0.0000
2026-04-12 01:26:16,intraday,EWH,LONG,322,23.88,entry (LONG),+0.0000
2026-04-12 01:26:17,intraday,SMH,LONG,8,436.98,entry (LONG),+0.0000
2026-04-12 01:26:18,intraday,GDX,LONG,27,99.43,entry (LONG),+0.0000
2026-04-12 01:26:43,swing,CIBR,SHORT,70,60.74,entry (SHORT),+0.0000
2026-04-12 01:26:45,swing,USMV,SHORT,152,92.75,entry (SHORT),+0.0000
2026-04-12 01:26:46,swing,EWY,SHORT,20,138.73,entry (SHORT),+0.0000
2026-04-12 01:26:51,swing,IBIT,SHORT,94,41.56,entry (SHORT),+0.0000
2026-04-12 01:27:23,intraday,EWH,LONG,322,23.88,entry (LONG),+0.0000
2026-04-12 01:27:25,intraday,SMH,LONG,8,436.98,entry (LONG),+0.0000
2026-04-12 01:27:26,intraday,GDX,LONG,27,99.43,entry (LONG),+0.0000
2026-04-12 01:28:31,intraday,EWH,LONG,322,23.88,entry (LONG),+0.0000
2026-04-12 01:28:33,intraday,SMH,LONG,8,436.98,entry (LONG),+0.0000
2026-04-12 01:28:34,intraday,GDX,LONG,27,99.43,entry (LONG),+0.0000
2026-04-12 01:29:39,intraday,EWH,LONG,322,23.88,entry (LONG),+0.0000
2026-04-12 01:29:41,intraday,SMH,LONG,8,436.98,entry (LONG),+0.0000
2026-04-12 01:29:42,intraday,GDX,LONG,27,99.43,entry (LONG),+0.0000
2026-04-12 01:30:47,intraday,EWH,LONG,322,23.88,entry (LONG),+0.0000
2026-04-12 01:30:48,intraday,SMH,LONG,8,436.98,entry (LONG),+0.0000
2026-04-12 01:30:49,intraday,GDX,LONG,27,99.43,entry (LONG),+0.0000
2026-04-12 01:31:54,intraday,EWH,LONG,322,23.88,entry (LONG),+0.0000
2026-04-12 01:31:56,intraday,SMH,LONG,8,436.98,entry (LONG),+0.0000
2026-04-12 01:31:57,intraday,GDX,LONG,27,99.43,entry (LONG),+0.0000
2026-04-12 01:32:06,swing,CIBR,SHORT,70,60.74,entry (SHORT),+0.0000
2026-04-12 01:32:08,swing,USMV,SHORT,152,92.75,entry (SHORT),+0.0000
2026-04-12 01:32:10,swing,EWY,SHORT,20,138.73,entry (SHORT),+0.0000
2026-04-12 01:32:15,swing,IBIT,SHORT,94,41.56,entry (SHORT),+0.0000
2026-04-12 01:33:02,intraday,EWH,LONG,322,23.88,entry (LONG),+0.0000
2026-04-12 01:33:04,intraday,SMH,LONG,8,436.98,entry (LONG),+0.0000
2026-04-12 01:33:05,intraday,GDX,LONG,27,99.43,entry (LONG),+0.0000
2026-04-12 01:34:10,intraday,EWH,LONG,322,23.88,entry (LONG),+0.0000
2026-04-12 01:34:12,intraday,SMH,LONG,8,436.98,entry (LONG),+0.0000
2026-04-12 01:34:13,intraday,GDX,LONG,27,99.43,entry (LONG),+0.0000
2026-04-12 01:35:18,intraday,EWH,LONG,322,23.88,entry (LONG),+0.0000
2026-04-12 01:35:20,intraday,SMH,LONG,8,436.98,entry (LONG),+0.0000
2026-04-12 01:35:21,intraday,GDX,LONG,27,99.43,entry (LONG),+0.0000
2026-04-12 01:36:40,intraday,EWH,LONG,322,23.88,entry (LONG),+0.0000
2026-04-12 01:36:42,intraday,SMH,LONG,8,436.98,entry (LONG),+0.0000
2026-04-12 01:36:43,intraday,GDX,LONG,27,99.43,entry (LONG),+0.0000
2026-04-12 01:37:31,swing,CIBR,SHORT,70,60.74,entry (SHORT),+0.0000
2026-04-12 01:37:32,swing,USMV,SHORT,152,92.75,entry (SHORT),+0.0000
2026-04-12 01:37:34,swing,EWY,SHORT,20,138.73,entry (SHORT),+0.0000
2026-04-12 01:37:39,swing,IBIT,SHORT,94,41.56,entry (SHORT),+0.0000
2026-04-12 01:37:48,intraday,EWH,LONG,322,23.88,entry (LONG),+0.0000
2026-04-12 01:37:50,intraday,SMH,LONG,8,436.98,entry (LONG),+0.0000
2026-04-12 01:37:51,intraday,GDX,LONG,27,99.43,entry (LONG),+0.0000
2026-04-12 01:38:56,intraday,EWH,LONG,322,23.88,entry (LONG),+0.0000
2026-04-12 01:38:58,intraday,SMH,LONG,8,436.98,entry (LONG),+0.0000
2026-04-12 01:38:59,intraday,GDX,LONG,27,99.43,entry (LONG),+0.0000
2026-04-12 01:40:04,intraday,EWH,LONG,322,23.88,entry (LONG),+0.0000
2026-04-12 01:40:06,intraday,SMH,LONG,8,436.98,entry (LONG),+0.0000
2026-04-12 01:40:07,intraday,GDX,LONG,27,99.43,entry (LONG),+0.0000
2026-04-12 01:41:12,intraday,EWH,LONG,322,23.88,entry (LONG),+0.0000
2026-04-12 01:41:14,intraday,SMH,LONG,8,436.98,entry (LONG),+0.0000
2026-04-12 01:41:15,intraday,GDX,LONG,27,99.43,entry (LONG),+0.0000
2026-04-12 01:42:20,intraday,EWH,LONG,322,23.88,entry (LONG),+0.0000
2026-04-12 01:42:22,intraday,SMH,LONG,8,436.98,entry (LONG),+0.0000
2026-04-12 01:42:23,intraday,GDX,LONG,27,99.43,entry (LONG),+0.0000
2026-04-12 01:42:55,swing,CIBR,SHORT,70,60.74,entry (SHORT),+0.0000
2026-04-12 01:42:57,swing,USMV,SHORT,152,92.75,entry (SHORT),+0.0000
2026-04-12 01:42:58,swing,EWY,SHORT,20,138.73,entry (SHORT),+0.0000
2026-04-12 01:43:03,swing,IBIT,SHORT,94,41.56,entry (SHORT),+0.0000
2026-04-12 01:43:28,intraday,EWH,LONG,322,23.88,entry (LONG),+0.0000
2026-04-12 01:43:30,intraday,SMH,LONG,8,436.98,entry (LONG),+0.0000
2026-04-12 01:43:31,intraday,GDX,LONG,27,99.43,entry (LONG),+0.0000
2026-04-12 01:44:36,intraday,EWH,LONG,322,23.88,entry (LONG),+0.0000
2026-04-12 01:44:38,intraday,SMH,LONG,8,436.98,entry (LONG),+0.0000
2026-04-12 01:44:39,intraday,GDX,LONG,27,99.43,entry (LONG),+0.0000
2026-04-12 01:45:44,intraday,EWH,LONG,322,23.88,entry (LONG),+0.0000
2026-04-12 01:45:46,intraday,SMH,LONG,8,436.98,entry (LONG),+0.0000
2026-04-12 01:45:47,intraday,GDX,LONG,27,99.43,entry (LONG),+0.0000
2026-04-12 01:46:52,intraday,EWH,LONG,322,23.88,entry (LONG),+0.0000
2026-04-12 01:46:53,intraday,SMH,LONG,8,436.98,entry (LONG),+0.0000
2026-04-12 01:46:54,intraday,GDX,LONG,27,99.43,entry (LONG),+0.0000
2026-04-12 01:48:00,intraday,EWH,LONG,322,23.88,entry (LONG),+0.0000
2026-04-12 01:48:01,intraday,SMH,LONG,8,436.98,entry (LONG),+0.0000
2026-04-12 01:48:02,intraday,GDX,LONG,27,99.43,entry (LONG),+0.0000
2026-04-12 01:48:18,swing,CIBR,SHORT,70,60.74,entry (SHORT),+0.0000
2026-04-12 01:48:20,swing,USMV,SHORT,152,92.75,entry (SHORT),+0.0000
2026-04-12 01:48:22,swing,EWY,SHORT,20,138.73,entry (SHORT),+0.0000
2026-04-12 01:48:27,swing,IBIT,SHORT,94,41.56,entry (SHORT),+0.0000
2026-04-12 01:49:07,intraday,EWH,LONG,322,23.88,entry (LONG),+0.0000
2026-04-12 01:49:09,intraday,SMH,LONG,8,436.98,entry (LONG),+0.0000
2026-04-12 01:49:10,intraday,GDX,LONG,27,99.43,entry (LONG),+0.0000
2026-04-12 01:50:15,intraday,EWH,LONG,322,23.88,entry (LONG),+0.0000
2026-04-12 01:50:17,intraday,SMH,LONG,8,436.98,entry (LONG),+0.0000
2026-04-12 01:50:18,intraday,GDX,LONG,27,99.43,entry (LONG),+0.0000
2026-04-12 01:51:23,intraday,EWH,LONG,322,23.88,entry (LONG),+0.0000
2026-04-12 01:51:25,intraday,SMH,LONG,8,436.98,entry (LONG),+0.0000
2026-04-12 01:51:26,intraday,GDX,LONG,27,99.43,entry (LONG),+0.0000
2026-04-12 01:52:31,intraday,EWH,LONG,322,23.88,entry (LONG),+0.0000
2026-04-12 01:52:32,intraday,SMH,LONG,8,436.98,entry (LONG),+0.0000
2026-04-12 01:52:33,intraday,GDX,LONG,27,99.43,entry (LONG),+0.0000
2026-04-12 01:53:38,intraday,EWH,LONG,322,23.88,entry (LONG),+0.0000
2026-04-12 01:53:40,intraday,SMH,LONG,8,436.98,entry (LONG),+0.0000
2026-04-12 01:53:41,intraday,GDX,LONG,27,99.43,entry (LONG),+0.0000
2026-04-12 01:53:42,swing,CIBR,SHORT,70,60.74,entry (SHORT),+0.0000
2026-04-12 01:53:44,swing,USMV,SHORT,152,92.75,entry (SHORT),+0.0000
2026-04-12 01:53:46,swing,EWY,SHORT,20,138.73,entry (SHORT),+0.0000
2026-04-12 01:53:50,swing,IBIT,SHORT,94,41.56,entry (SHORT),+0.0000
2026-04-12 01:54:48,intraday,EWH,LONG,322,23.88,entry (LONG),+0.0000
2026-04-12 01:54:50,intraday,SMH,LONG,8,436.98,entry (LONG),+0.0000
2026-04-12 01:54:51,intraday,GDX,LONG,27,99.43,entry (LONG),+0.0000
2026-04-12 01:55:57,intraday,EWH,LONG,322,23.88,entry (LONG),+0.0000
2026-04-12 01:55:58,intraday,SMH,LONG,8,436.98,entry (LONG),+0.0000
2026-04-12 01:55:59,intraday,GDX,LONG,27,99.43,entry (LONG),+0.0000
2026-04-12 01:57:04,intraday,EWH,LONG,322,23.88,entry (LONG),+0.0000
2026-04-12 01:57:06,intraday,SMH,LONG,8,436.98,entry (LONG),+0.0000
2026-04-12 01:57:07,intraday,GDX,LONG,27,99.43,entry (LONG),+0.0000
2026-04-12 01:58:12,intraday,EWH,LONG,322,23.88,entry (LONG),+0.0000
2026-04-12 01:58:14,intraday,SMH,LONG,8,436.98,entry (LONG),+0.0000
2026-04-12 01:58:15,intraday,GDX,LONG,27,99.43,entry (LONG),+0.0000
2026-04-12 01:59:09,swing,CIBR,SHORT,70,60.74,entry (SHORT),+0.0000
2026-04-12 01:59:11,swing,USMV,SHORT,152,92.75,entry (SHORT),+0.0000
2026-04-12 01:59:13,swing,EWY,SHORT,20,138.73,entry (SHORT),+0.0000
2026-04-12 01:59:17,swing,IBIT,SHORT,94,41.56,entry (SHORT),+0.0000
2026-04-12 01:59:19,intraday,EWH,LONG,322,23.88,entry (LONG),+0.0000
2026-04-12 01:59:21,intraday,SMH,LONG,8,436.98,entry (LONG),+0.0000
2026-04-12 01:59:22,intraday,GDX,LONG,27,99.43,entry (LONG),+0.0000
2026-04-12 02:00:29,intraday,EWH,LONG,322,23.88,entry (LONG),+0.0000
2026-04-12 02:00:30,intraday,SMH,LONG,8,436.98,entry (LONG),+0.0000
2026-04-12 02:00:31,intraday,GDX,LONG,27,99.43,entry (LONG),+0.0000
2026-04-12 02:01:37,intraday,EWH,LONG,322,23.88,entry (LONG),+0.0000
2026-04-12 02:01:38,intraday,SMH,LONG,8,436.98,entry (LONG),+0.0000
2026-04-12 02:01:39,intraday,GDX,LONG,27,99.43,entry (LONG),+0.0000
2026-04-12 02:02:45,intraday,EWH,LONG,322,23.88,entry (LONG),+0.0000
2026-04-12 02:02:46,intraday,SMH,LONG,8,436.98,entry (LONG),+0.0000
2026-04-12 02:02:47,intraday,GDX,LONG,27,99.43,entry (LONG),+0.0000
2026-04-12 02:03:53,intraday,EWH,LONG,322,23.88,entry (LONG),+0.0000
2026-04-12 02:03:54,intraday,SMH,LONG,8,436.98,entry (LONG),+0.0000
2026-04-12 02:03:55,intraday,GDX,LONG,27,99.43,entry (LONG),+0.0000
2026-04-12 02:04:33,swing,CIBR,SHORT,70,60.74,entry (SHORT),+0.0000
2026-04-12 02:04:35,swing,USMV,SHORT,152,92.75,entry (SHORT),+0.0000
2026-04-12 02:04:37,swing,EWY,SHORT,20,138.73,entry (SHORT),+0.0000
2026-04-12 02:04:41,swing,IBIT,SHORT,94,41.56,entry (SHORT),+0.0000
2026-04-12 02:05:02,intraday,EWH,LONG,322,23.88,entry (LONG),+0.0000
2026-04-12 02:05:04,intraday,SMH,LONG,8,436.98,entry (LONG),+0.0000
2026-04-12 02:05:05,intraday,GDX,LONG,27,99.43,entry (LONG),+0.0000
2026-04-12 02:06:10,intraday,EWH,LONG,322,23.88,entry (LONG),+0.0000
2026-04-12 02:06:11,intraday,SMH,LONG,8,436.98,entry (LONG),+0.0000
2026-04-12 02:06:13,intraday,GDX,LONG,27,99.43,entry (LONG),+0.0000
2026-04-12 02:07:17,intraday,EWH,LONG,322,23.88,entry (LONG),+0.0000
2026-04-12 02:07:19,intraday,SMH,LONG,8,436.98,entry (LONG),+0.0000
2026-04-12 02:07:20,intraday,GDX,LONG,27,99.43,entry (LONG),+0.0000
2026-04-12 02:08:30,intraday,EWH,LONG,322,23.88,entry (LONG),+0.0000
2026-04-12 02:08:32,intraday,SMH,LONG,8,436.98,entry (LONG),+0.0000
2026-04-12 02:08:33,intraday,GDX,LONG,27,99.43,entry (LONG),+0.0000
2026-04-12 02:09:39,intraday,EWH,LONG,322,23.88,entry (LONG),+0.0000
2026-04-12 02:09:41,intraday,SMH,LONG,8,436.98,entry (LONG),+0.0000
2026-04-12 02:09:42,intraday,GDX,LONG,27,99.43,entry (LONG),+0.0000
2026-04-12 02:09:57,swing,CIBR,SHORT,70,60.74,entry (SHORT),+0.0000
2026-04-12 02:09:59,swing,USMV,SHORT,152,92.75,entry (SHORT),+0.0000
2026-04-12 02:10:00,swing,EWY,SHORT,20,138.73,entry (SHORT),+0.0000
2026-04-12 02:10:05,swing,IBIT,SHORT,94,41.56,entry (SHORT),+0.0000
2026-04-12 02:10:46,intraday,EWH,LONG,322,23.88,entry (LONG),+0.0000
2026-04-12 02:10:48,intraday,SMH,LONG,8,436.98,entry (LONG),+0.0000
2026-04-12 02:10:49,intraday,GDX,LONG,27,99.43,entry (LONG),+0.0000
2026-04-12 02:11:55,intraday,EWH,LONG,322,23.88,entry (LONG),+0.0000
2026-04-12 02:11:57,intraday,SMH,LONG,8,436.98,entry (LONG),+0.0000
2026-04-12 02:11:58,intraday,GDX,LONG,27,99.43,entry (LONG),+0.0000
2026-04-12 02:13:03,intraday,EWH,LONG,322,23.88,entry (LONG),+0.0000
2026-04-12 02:13:04,intraday,SMH,LONG,8,436.98,entry (LONG),+0.0000
2026-04-12 02:13:06,intraday,GDX,LONG,27,99.43,entry (LONG),+0.0000
2026-04-12 02:14:11,intraday,EWH,LONG,322,23.88,entry (LONG),+0.0000
2026-04-12 02:14:12,intraday,SMH,LONG,8,436.98,entry (LONG),+0.0000
2026-04-12 02:14:14,intraday,GDX,LONG,27,99.43,entry (LONG),+0.0000
2026-04-12 02:15:18,intraday,EWH,LONG,322,23.88,entry (LONG),+0.0000
2026-04-12 02:15:20,intraday,SMH,LONG,8,436.98,entry (LONG),+0.0000
2026-04-12 02:15:21,swing,CIBR,SHORT,70,60.74,entry (SHORT),+0.0000
2026-04-12 02:15:21,intraday,GDX,LONG,27,99.43,entry (LONG),+0.0000
2026-04-12 02:15:23,swing,USMV,SHORT,152,92.75,entry (SHORT),+0.0000
2026-04-12 02:15:25,swing,EWY,SHORT,20,138.73,entry (SHORT),+0.0000
2026-04-12 02:15:30,swing,IBIT,SHORT,94,41.56,entry (SHORT),+0.0000
2026-04-12 02:16:26,intraday,EWH,LONG,322,23.88,entry (LONG),+0.0000
2026-04-12 02:16:28,intraday,SMH,LONG,8,436.98,entry (LONG),+0.0000
2026-04-12 02:16:29,intraday,GDX,LONG,27,99.43,entry (LONG),+0.0000
2026-04-12 02:17:35,intraday,EWH,LONG,322,23.88,entry (LONG),+0.0000
2026-04-12 02:17:36,intraday,SMH,LONG,8,436.98,entry (LONG),+0.0000
2026-04-12 02:17:37,intraday,GDX,LONG,27,99.43,entry (LONG),+0.0000
2026-04-12 02:18:44,intraday,EWH,LONG,322,23.88,entry (LONG),+0.0000
2026-04-12 02:18:46,intraday,SMH,LONG,8,436.98,entry (LONG),+0.0000
2026-04-12 02:18:47,intraday,GDX,LONG,27,99.43,entry (LONG),+0.0000
2026-04-12 02:19:53,intraday,EWH,LONG,322,23.88,entry (LONG),+0.0000
2026-04-12 02:19:54,intraday,SMH,LONG,8,436.98,entry (LONG),+0.0000
2026-04-12 02:19:56,intraday,GDX,LONG,27,99.43,entry (LONG),+0.0000
2026-04-12 02:20:45,swing,CIBR,SHORT,70,60.74,entry (SHORT),+0.0000
2026-04-12 02:20:47,swing,USMV,SHORT,152,92.75,entry (SHORT),+0.0000
2026-04-12 02:20:48,swing,EWY,SHORT,20,138.73,entry (SHORT),+0.0000
2026-04-12 02:20:53,swing,IBIT,SHORT,94,41.56,entry (SHORT),+0.0000
2026-04-12 02:21:00,intraday,EWH,LONG,322,23.88,entry (LONG),+0.0000
2026-04-12 02:21:02,intraday,SMH,LONG,8,436.98,entry (LONG),+0.0000
2026-04-12 02:21:03,intraday,GDX,LONG,27,99.43,entry (LONG),+0.0000
2026-04-12 02:22:08,intraday,EWH,LONG,322,23.88,entry (LONG),+0.0000
2026-04-12 02:22:10,intraday,SMH,LONG,8,436.98,entry (LONG),+0.0000
2026-04-12 02:22:11,intraday,GDX,LONG,27,99.43,entry (LONG),+0.0000
2026-04-12 02:23:17,intraday,EWH,LONG,322,23.88,entry (LONG),+0.0000
2026-04-12 02:23:18,intraday,SMH,LONG,8,436.98,entry (LONG),+0.0000
2026-04-12 02:23:20,intraday,GDX,LONG,27,99.43,entry (LONG),+0.0000
2026-04-12 02:24:25,intraday,EWH,LONG,322,23.88,entry (LONG),+0.0000
2026-04-12 02:24:26,intraday,SMH,LONG,8,436.98,entry (LONG),+0.0000
2026-04-12 02:24:28,intraday,GDX,LONG,27,99.43,entry (LONG),+0.0000
2026-04-12 02:25:32,intraday,EWH,LONG,322,23.88,entry (LONG),+0.0000
2026-04-12 02:25:34,intraday,SMH,LONG,8,436.98,entry (LONG),+0.0000
2026-04-12 02:25:35,intraday,GDX,LONG,27,99.43,entry (LONG),+0.0000
2026-04-12 02:26:09,swing,CIBR,SHORT,70,60.74,entry (SHORT),+0.0000
2026-04-12 02:26:11,swing,USMV,SHORT,152,92.75,entry (SHORT),+0.0000
2026-04-12 02:26:14,swing,EWY,SHORT,20,138.73,entry (SHORT),+0.0000
2026-04-12 02:26:18,swing,IBIT,SHORT,94,41.56,entry (SHORT),+0.0000
2026-04-12 02:26:44,intraday,EWH,LONG,322,23.88,entry (LONG),+0.0000
2026-04-12 02:26:46,intraday,SMH,LONG,8,436.98,entry (LONG),+0.0000
2026-04-12 02:26:47,intraday,GDX,LONG,27,99.43,entry (LONG),+0.0000
2026-04-12 02:27:52,intraday,EWH,LONG,322,23.88,entry (LONG),+0.0000
2026-04-12 02:27:53,intraday,SMH,LONG,8,436.98,entry (LONG),+0.0000
2026-04-12 02:27:55,intraday,GDX,LONG,27,99.43,entry (LONG),+0.0000
2026-04-12 02:29:00,intraday,EWH,LONG,322,23.88,entry (LONG),+0.0000
2026-04-12 02:29:01,intraday,SMH,LONG,8,436.98,entry (LONG),+0.0000
2026-04-12 02:29:02,intraday,GDX,LONG,27,99.43,entry (LONG),+0.0000
2026-04-12 02:30:08,intraday,EWH,LONG,322,23.88,entry (LONG),+0.0000
2026-04-12 02:30:10,intraday,SMH,LONG,8,436.98,entry (LONG),+0.0000
2026-04-12 02:30:11,intraday,GDX,LONG,27,99.43,entry (LONG),+0.0000
2026-04-12 02:31:16,intraday,EWH,LONG,322,23.88,entry (LONG),+0.0000
2026-04-12 02:31:18,intraday,SMH,LONG,8,436.98,entry (LONG),+0.0000
2026-04-12 02:31:19,intraday,GDX,LONG,27,99.43,entry (LONG),+0.0000
2026-04-12 02:31:35,swing,CIBR,SHORT,70,60.74,entry (SHORT),+0.0000
2026-04-12 02:31:37,swing,USMV,SHORT,152,92.75,entry (SHORT),+0.0000
2026-04-12 02:31:39,swing,EWY,SHORT,20,138.73,entry (SHORT),+0.0000
2026-04-12 02:31:43,swing,IBIT,SHORT,94,41.56,entry (SHORT),+0.0000
2026-04-12 02:32:25,intraday,EWH,LONG,322,23.88,entry (LONG),+0.0000
2026-04-12 02:32:27,intraday,SMH,LONG,8,436.98,entry (LONG),+0.0000
2026-04-12 02:32:28,intraday,GDX,LONG,27,99.43,entry (LONG),+0.0000
2026-04-12 02:33:32,intraday,EWH,LONG,322,23.88,entry (LONG),+0.0000
2026-04-12 02:33:34,intraday,SMH,LONG,8,436.98,entry (LONG),+0.0000
2026-04-12 02:33:35,intraday,GDX,LONG,27,99.43,entry (LONG),+0.0000
2026-04-12 02:34:41,intraday,EWH,LONG,322,23.88,entry (LONG),+0.0000
2026-04-12 02:34:43,intraday,SMH,LONG,8,436.98,entry (LONG),+0.0000
2026-04-12 02:34:44,intraday,GDX,LONG,27,99.43,entry (LONG),+0.0000
2026-04-12 02:35:49,intraday,EWH,LONG,322,23.88,entry (LONG),+0.0000
2026-04-12 02:35:51,intraday,SMH,LONG,8,436.98,entry (LONG),+0.0000
2026-04-12 02:35:52,intraday,GDX,LONG,27,99.43,entry (LONG),+0.0000
2026-04-12 02:36:59,swing,CIBR,SHORT,70,60.74,entry (SHORT),+0.0000
2026-04-12 02:37:02,swing,USMV,SHORT,152,92.75,entry (SHORT),+0.0000
2026-04-12 02:37:03,swing,EWY,SHORT,20,138.73,entry (SHORT),+0.0000
2026-04-12 02:37:11,swing,IBIT,SHORT,94,41.56,entry (SHORT),+0.0000
2026-04-12 02:37:12,intraday,EWH,LONG,322,23.88,entry (LONG),+0.0000
2026-04-12 02:37:13,intraday,SMH,LONG,8,436.98,entry (LONG),+0.0000
2026-04-12 02:37:15,intraday,GDX,LONG,27,99.43,entry (LONG),+0.0000
2026-04-12 02:38:20,intraday,EWH,LONG,322,23.88,entry (LONG),+0.0000
2026-04-12 02:38:22,intraday,SMH,LONG,8,436.98,entry (LONG),+0.0000
2026-04-12 02:38:23,intraday,GDX,LONG,27,99.43,entry (LONG),+0.0000
2026-04-12 02:39:28,intraday,EWH,LONG,322,23.88,entry (LONG),+0.0000
2026-04-12 02:39:30,intraday,SMH,LONG,8,436.98,entry (LONG),+0.0000
2026-04-12 02:39:31,intraday,GDX,LONG,27,99.43,entry (LONG),+0.0000
2026-04-12 02:40:36,intraday,EWH,LONG,322,23.88,entry (LONG),+0.0000
2026-04-12 02:40:38,intraday,SMH,LONG,8,436.98,entry (LONG),+0.0000
2026-04-12 02:40:39,intraday,GDX,LONG,27,99.43,entry (LONG),+0.0000
2026-04-12 02:41:44,intraday,EWH,LONG,322,23.88,entry (LONG),+0.0000
2026-04-12 02:41:45,intraday,SMH,LONG,8,436.98,entry (LONG),+0.0000
2026-04-12 02:41:47,intraday,GDX,LONG,27,99.43,entry (LONG),+0.0000
2026-04-12 02:42:27,swing,CIBR,SHORT,70,60.74,entry (SHORT),+0.0000
2026-04-12 02:42:29,swing,USMV,SHORT,152,92.75,entry (SHORT),+0.0000
2026-04-12 02:42:31,swing,EWY,SHORT,20,138.73,entry (SHORT),+0.0000
2026-04-12 02:42:35,swing,IBIT,SHORT,94,41.56,entry (SHORT),+0.0000
2026-04-12 02:42:51,intraday,EWH,LONG,322,23.88,entry (LONG),+0.0000
2026-04-12 02:42:53,intraday,SMH,LONG,8,436.98,entry (LONG),+0.0000
2026-04-12 02:42:54,intraday,GDX,LONG,27,99.43,entry (LONG),+0.0000
2026-04-12 02:43:59,intraday,EWH,LONG,322,23.88,entry (LONG),+0.0000
2026-04-12 02:44:01,intraday,SMH,LONG,8,436.98,entry (LONG),+0.0000
2026-04-12 02:44:02,intraday,GDX,LONG,27,99.43,entry (LONG),+0.0000
2026-04-12 02:45:07,intraday,EWH,LONG,322,23.88,entry (LONG),+0.0000
2026-04-12 02:45:09,intraday,SMH,LONG,8,436.98,entry (LONG),+0.0000
2026-04-12 02:45:10,intraday,GDX,LONG,27,99.43,entry (LONG),+0.0000
2026-04-12 02:46:15,intraday,EWH,LONG,322,23.88,entry (LONG),+0.0000
2026-04-12 02:46:16,intraday,SMH,LONG,8,436.98,entry (LONG),+0.0000
2026-04-12 02:46:18,intraday,GDX,LONG,27,99.43,entry (LONG),+0.0000
2026-04-12 02:47:23,intraday,EWH,LONG,322,23.88,entry (LONG),+0.0000
2026-04-12 02:47:24,intraday,SMH,LONG,8,436.98,entry (LONG),+0.0000
2026-04-12 02:47:26,intraday,GDX,LONG,27,99.43,entry (LONG),+0.0000
2026-04-12 02:47:52,swing,CIBR,SHORT,70,60.74,entry (SHORT),+0.0000
2026-04-12 02:47:53,swing,USMV,SHORT,152,92.75,entry (SHORT),+0.0000
2026-04-12 02:47:55,swing,EWY,SHORT,20,138.73,entry (SHORT),+0.0000
2026-04-12 02:48:00,swing,IBIT,SHORT,94,41.56,entry (SHORT),+0.0000
2026-04-12 02:48:31,intraday,EWH,LONG,322,23.88,entry (LONG),+0.0000
2026-04-12 02:48:32,intraday,SMH,LONG,8,436.98,entry (LONG),+0.0000
2026-04-12 02:48:33,intraday,GDX,LONG,27,99.43,entry (LONG),+0.0000
2026-04-12 02:49:38,intraday,EWH,LONG,322,23.88,entry (LONG),+0.0000
2026-04-12 02:49:40,intraday,SMH,LONG,8,436.98,entry (LONG),+0.0000
2026-04-12 02:49:41,intraday,GDX,LONG,27,99.43,entry (LONG),+0.0000
2026-04-12 02:50:46,intraday,EWH,LONG,322,23.88,entry (LONG),+0.0000
2026-04-12 02:50:48,intraday,SMH,LONG,8,436.98,entry (LONG),+0.0000
2026-04-12 02:50:49,intraday,GDX,LONG,27,99.43,entry (LONG),+0.0000
2026-04-12 02:51:54,intraday,EWH,LONG,322,23.88,entry (LONG),+0.0000
2026-04-12 02:51:56,intraday,SMH,LONG,8,436.98,entry (LONG),+0.0000
2026-04-12 02:51:57,intraday,GDX,LONG,27,99.43,entry (LONG),+0.0000
2026-04-12 02:53:02,intraday,EWH,LONG,322,23.88,entry (LONG),+0.0000
2026-04-12 02:53:03,intraday,SMH,LONG,8,436.98,entry (LONG),+0.0000
2026-04-12 02:53:04,intraday,GDX,LONG,27,99.43,entry (LONG),+0.0000
2026-04-12 02:53:16,swing,CIBR,SHORT,70,60.74,entry (SHORT),+0.0000
2026-04-12 02:53:18,swing,USMV,SHORT,152,92.75,entry (SHORT),+0.0000
2026-04-12 02:53:20,swing,EWY,SHORT,20,138.73,entry (SHORT),+0.0000
2026-04-12 02:53:24,swing,IBIT,SHORT,94,41.56,entry (SHORT),+0.0000
2026-04-12 02:54:09,intraday,EWH,LONG,322,23.88,entry (LONG),+0.0000
2026-04-12 02:54:13,intraday,SMH,LONG,8,436.98,entry (LONG),+0.0000
2026-04-12 02:54:14,intraday,GDX,LONG,27,99.43,entry (LONG),+0.0000
2026-04-12 02:55:19,intraday,EWH,LONG,322,23.88,entry (LONG),+0.0000
2026-04-12 02:55:21,intraday,SMH,LONG,8,436.98,entry (LONG),+0.0000
2026-04-12 02:55:22,intraday,GDX,LONG,27,99.43,entry (LONG),+0.0000
2026-04-12 02:56:27,intraday,EWH,LONG,322,23.88,entry (LONG),+0.0000
2026-04-12 02:56:28,intraday,SMH,LONG,8,436.98,entry (LONG),+0.0000
2026-04-12 02:56:29,intraday,GDX,LONG,27,99.43,entry (LONG),+0.0000
2026-04-12 02:57:35,intraday,EWH,LONG,322,23.88,entry (LONG),+0.0000
2026-04-12 02:57:37,intraday,SMH,LONG,8,436.98,entry (LONG),+0.0000
2026-04-12 02:57:38,intraday,GDX,LONG,27,99.43,entry (LONG),+0.0000
2026-04-12 02:58:41,swing,CIBR,SHORT,70,60.74,entry (SHORT),+0.0000
2026-04-12 02:58:42,intraday,EWH,LONG,322,23.88,entry (LONG),+0.0000
2026-04-12 02:58:43,swing,USMV,SHORT,152,92.75,entry (SHORT),+0.0000
2026-04-12 02:58:44,intraday,SMH,LONG,8,436.98,entry (LONG),+0.0000
2026-04-12 02:58:44,swing,EWY,SHORT,20,138.73,entry (SHORT),+0.0000
2026-04-12 02:58:45,intraday,GDX,LONG,27,99.43,entry (LONG),+0.0000
2026-04-12 02:58:49,swing,IBIT,SHORT,94,41.56,entry (SHORT),+0.0000
2026-04-12 02:59:50,intraday,EWH,LONG,322,23.88,entry (LONG),+0.0000
2026-04-12 02:59:52,intraday,SMH,LONG,8,436.98,entry (LONG),+0.0000
2026-04-12 02:59:53,intraday,GDX,LONG,27,99.43,entry (LONG),+0.0000
2026-04-12 03:00:58,intraday,EWH,LONG,322,23.88,entry (LONG),+0.0000
2026-04-12 03:01:00,intraday,SMH,LONG,8,436.98,entry (LONG),+0.0000
2026-04-12 03:01:01,intraday,GDX,LONG,27,99.43,entry (LONG),+0.0000
2026-04-12 03:02:05,intraday,EWH,LONG,322,23.88,entry (LONG),+0.0000
2026-04-12 03:02:07,intraday,SMH,LONG,8,436.98,entry (LONG),+0.0000
2026-04-12 03:02:08,intraday,GDX,LONG,27,99.43,entry (LONG),+0.0000
2026-04-12 03:03:14,intraday,EWH,LONG,322,23.88,entry (LONG),+0.0000
2026-04-12 03:03:15,intraday,SMH,LONG,8,436.98,entry (LONG),+0.0000
2026-04-12 03:03:17,intraday,GDX,LONG,27,99.43,entry (LONG),+0.0000
2026-04-12 03:04:07,swing,CIBR,SHORT,70,60.74,entry (SHORT),+0.0000
2026-04-12 03:04:09,swing,USMV,SHORT,152,92.75,entry (SHORT),+0.0000
2026-04-12 03:04:11,swing,EWY,SHORT,20,138.73,entry (SHORT),+0.0000
2026-04-12 03:04:16,swing,IBIT,SHORT,94,41.56,entry (SHORT),+0.0000
2026-04-12 03:04:21,intraday,EWH,LONG,322,23.88,entry (LONG),+0.0000
2026-04-12 03:04:23,intraday,SMH,LONG,8,436.98,entry (LONG),+0.0000
2026-04-12 03:04:24,intraday,GDX,LONG,27,99.43,entry (LONG),+0.0000
2026-04-12 03:05:29,intraday,EWH,LONG,322,23.88,entry (LONG),+0.0000
2026-04-12 03:05:30,intraday,SMH,LONG,8,436.98,entry (LONG),+0.0000
2026-04-12 03:05:32,intraday,GDX,LONG,27,99.43,entry (LONG),+0.0000
2026-04-12 03:06:37,intraday,EWH,LONG,322,23.88,entry (LONG),+0.0000
2026-04-12 03:06:39,intraday,SMH,LONG,8,436.98,entry (LONG),+0.0000
2026-04-12 03:06:40,intraday,GDX,LONG,27,99.43,entry (LONG),+0.0000
2026-04-12 03:07:44,intraday,EWH,LONG,322,23.88,entry (LONG),+0.0000
2026-04-12 03:07:46,intraday,SMH,LONG,8,436.98,entry (LONG),+0.0000
2026-04-12 03:07:47,intraday,GDX,LONG,27,99.43,entry (LONG),+0.0000
2026-04-12 03:08:52,intraday,EWH,LONG,322,23.88,entry (LONG),+0.0000
2026-04-12 03:08:54,intraday,SMH,LONG,8,436.98,entry (LONG),+0.0000
2026-04-12 03:08:55,intraday,GDX,LONG,27,99.43,entry (LONG),+0.0000
2026-04-12 03:09:31,swing,CIBR,SHORT,70,60.74,entry (SHORT),+0.0000
2026-04-12 03:09:33,swing,USMV,SHORT,152,92.75,entry (SHORT),+0.0000
2026-04-12 03:09:35,swing,EWY,SHORT,20,138.73,entry (SHORT),+0.0000
2026-04-12 03:09:41,swing,IBIT,SHORT,94,41.56,entry (SHORT),+0.0000
2026-04-12 03:10:00,intraday,EWH,LONG,322,23.88,entry (LONG),+0.0000
2026-04-12 03:10:02,intraday,SMH,LONG,8,436.98,entry (LONG),+0.0000
2026-04-12 03:10:03,intraday,GDX,LONG,27,99.43,entry (LONG),+0.0000
2026-04-12 03:11:08,intraday,EWH,LONG,322,23.88,entry (LONG),+0.0000
2026-04-12 03:11:10,intraday,SMH,LONG,8,436.98,entry (LONG),+0.0000
2026-04-12 03:11:11,intraday,GDX,LONG,27,99.43,entry (LONG),+0.0000
2026-04-12 03:12:16,intraday,EWH,LONG,322,23.88,entry (LONG),+0.0000
2026-04-12 03:12:17,intraday,SMH,LONG,8,436.98,entry (LONG),+0.0000
2026-04-12 03:12:18,intraday,GDX,LONG,27,99.43,entry (LONG),+0.0000
2026-04-12 03:13:23,intraday,EWH,LONG,322,23.88,entry (LONG),+0.0000
2026-04-12 03:13:25,intraday,SMH,LONG,8,436.98,entry (LONG),+0.0000
2026-04-12 03:13:26,intraday,GDX,LONG,27,99.43,entry (LONG),+0.0000
2026-04-12 03:14:31,intraday,EWH,LONG,322,23.88,entry (LONG),+0.0000
2026-04-12 03:14:33,intraday,SMH,LONG,8,436.98,entry (LONG),+0.0000
2026-04-12 03:14:34,intraday,GDX,LONG,27,99.43,entry (LONG),+0.0000
2026-04-12 03:14:56,swing,CIBR,SHORT,70,60.74,entry (SHORT),+0.0000
2026-04-12 03:14:57,swing,USMV,SHORT,152,92.75,entry (SHORT),+0.0000
2026-04-12 03:14:59,swing,EWY,SHORT,20,138.73,entry (SHORT),+0.0000
2026-04-12 03:15:06,swing,IBIT,SHORT,94,41.56,entry (SHORT),+0.0000
2026-04-12 03:15:39,intraday,EWH,LONG,322,23.88,entry (LONG),+0.0000
2026-04-12 03:15:41,intraday,SMH,LONG,8,436.98,entry (LONG),+0.0000
2026-04-12 03:15:42,intraday,GDX,LONG,27,99.43,entry (LONG),+0.0000
2026-04-12 03:16:48,intraday,EWH,LONG,322,23.88,entry (LONG),+0.0000
2026-04-12 03:16:49,intraday,SMH,LONG,8,436.98,entry (LONG),+0.0000
2026-04-12 03:16:51,intraday,GDX,LONG,27,99.43,entry (LONG),+0.0000
2026-04-12 03:17:56,intraday,EWH,LONG,322,23.88,entry (LONG),+0.0000
2026-04-12 03:17:58,intraday,SMH,LONG,8,436.98,entry (LONG),+0.0000
2026-04-12 03:17:59,intraday,GDX,LONG,27,99.43,entry (LONG),+0.0000
2026-04-12 03:19:04,intraday,EWH,LONG,322,23.88,entry (LONG),+0.0000
2026-04-12 03:19:05,intraday,SMH,LONG,8,436.98,entry (LONG),+0.0000
2026-04-12 03:19:07,intraday,GDX,LONG,27,99.43,entry (LONG),+0.0000
2026-04-12 03:20:12,intraday,EWH,LONG,322,23.88,entry (LONG),+0.0000
2026-04-12 03:20:14,intraday,SMH,LONG,8,436.98,entry (LONG),+0.0000
2026-04-12 03:20:15,intraday,GDX,LONG,27,99.43,entry (LONG),+0.0000
2026-04-12 03:20:23,swing,CIBR,SHORT,70,60.74,entry (SHORT),+0.0000
2026-04-12 03:20:25,swing,USMV,SHORT,152,92.75,entry (SHORT),+0.0000
2026-04-12 03:20:27,swing,EWY,SHORT,20,138.73,entry (SHORT),+0.0000
2026-04-12 03:20:32,swing,IBIT,SHORT,94,41.56,entry (SHORT),+0.0000
2026-04-12 03:21:21,intraday,EWH,LONG,322,23.88,entry (LONG),+0.0000
2026-04-12 03:21:22,intraday,SMH,LONG,8,436.98,entry (LONG),+0.0000
2026-04-12 03:21:24,intraday,GDX,LONG,27,99.43,entry (LONG),+0.0000
2026-04-12 03:22:29,intraday,EWH,LONG,322,23.88,entry (LONG),+0.0000
2026-04-12 03:22:30,intraday,SMH,LONG,8,436.98,entry (LONG),+0.0000
2026-04-12 03:22:31,intraday,GDX,LONG,27,99.43,entry (LONG),+0.0000
2026-04-12 03:23:36,intraday,EWH,LONG,322,23.88,entry (LONG),+0.0000
2026-04-12 03:23:39,intraday,SMH,LONG,8,436.98,entry (LONG),+0.0000
2026-04-12 03:23:40,intraday,GDX,LONG,27,99.43,entry (LONG),+0.0000
2026-04-12 03:24:45,intraday,EWH,LONG,322,23.88,entry (LONG),+0.0000
2026-04-12 03:24:47,intraday,SMH,LONG,8,436.98,entry (LONG),+0.0000
2026-04-12 03:24:48,intraday,GDX,LONG,27,99.43,entry (LONG),+0.0000
2026-04-12 03:25:49,swing,CIBR,SHORT,70,60.74,entry (SHORT),+0.0000
2026-04-12 03:25:51,swing,USMV,SHORT,152,92.75,entry (SHORT),+0.0000
2026-04-12 03:25:53,intraday,EWH,LONG,322,23.88,entry (LONG),+0.0000
2026-04-12 03:25:53,swing,EWY,SHORT,20,138.73,entry (SHORT),+0.0000
2026-04-12 03:25:54,intraday,SMH,LONG,8,436.98,entry (LONG),+0.0000
2026-04-12 03:25:56,intraday,GDX,LONG,27,99.43,entry (LONG),+0.0000
2026-04-12 03:25:58,swing,IBIT,SHORT,94,41.56,entry (SHORT),+0.0000
2026-04-12 03:27:00,intraday,EWH,LONG,322,23.88,entry (LONG),+0.0000
2026-04-12 03:27:02,intraday,SMH,LONG,8,436.98,entry (LONG),+0.0000
2026-04-12 03:27:03,intraday,GDX,LONG,27,99.43,entry (LONG),+0.0000
2026-04-12 03:28:11,intraday,EWH,LONG,322,23.88,entry (LONG),+0.0000
2026-04-12 03:28:13,intraday,SMH,LONG,8,436.98,entry (LONG),+0.0000
2026-04-12 03:28:14,intraday,GDX,LONG,27,99.43,entry (LONG),+0.0000
2026-04-12 03:29:19,intraday,EWH,LONG,322,23.88,entry (LONG),+0.0000
2026-04-12 03:29:21,intraday,SMH,LONG,8,436.98,entry (LONG),+0.0000
2026-04-12 03:29:22,intraday,GDX,LONG,27,99.43,entry (LONG),+0.0000
2026-04-12 03:30:28,intraday,EWH,LONG,322,23.88,entry (LONG),+0.0000
2026-04-12 03:30:30,intraday,SMH,LONG,8,436.98,entry (LONG),+0.0000
2026-04-12 03:30:31,intraday,GDX,LONG,27,99.43,entry (LONG),+0.0000
2026-04-12 03:31:18,swing,CIBR,SHORT,70,60.74,entry (SHORT),+0.0000
2026-04-12 03:31:20,swing,USMV,SHORT,152,92.75,entry (SHORT),+0.0000
2026-04-12 03:31:22,swing,EWY,SHORT,20,138.73,entry (SHORT),+0.0000
2026-04-12 03:31:26,swing,IBIT,SHORT,94,41.56,entry (SHORT),+0.0000
2026-04-12 03:31:36,intraday,EWH,LONG,322,23.88,entry (LONG),+0.0000
2026-04-12 03:31:37,intraday,SMH,LONG,8,436.98,entry (LONG),+0.0000
2026-04-12 03:31:39,intraday,GDX,LONG,27,99.43,entry (LONG),+0.0000
2026-04-12 03:32:44,intraday,EWH,LONG,322,23.88,entry (LONG),+0.0000
2026-04-12 03:32:45,intraday,SMH,LONG,8,436.98,entry (LONG),+0.0000
2026-04-12 03:32:46,intraday,GDX,LONG,27,99.43,entry (LONG),+0.0000
2026-04-12 03:33:51,intraday,EWH,LONG,322,23.88,entry (LONG),+0.0000
2026-04-12 03:33:53,intraday,SMH,LONG,8,436.98,entry (LONG),+0.0000
2026-04-12 03:33:54,intraday,GDX,LONG,27,99.43,entry (LONG),+0.0000
2026-04-12 03:35:00,intraday,EWH,LONG,322,23.88,entry (LONG),+0.0000
2026-04-12 03:35:01,intraday,SMH,LONG,8,436.98,entry (LONG),+0.0000
2026-04-12 03:35:03,intraday,GDX,LONG,27,99.43,entry (LONG),+0.0000
2026-04-12 03:36:08,intraday,EWH,LONG,322,23.88,entry (LONG),+0.0000
2026-04-12 03:36:09,intraday,SMH,LONG,8,436.98,entry (LONG),+0.0000
2026-04-12 03:36:10,intraday,GDX,LONG,27,99.43,entry (LONG),+0.0000
2026-04-12 03:36:42,swing,CIBR,SHORT,70,60.74,entry (SHORT),+0.0000
2026-04-12 03:36:44,swing,USMV,SHORT,152,92.75,entry (SHORT),+0.0000
2026-04-12 03:36:46,swing,EWY,SHORT,20,138.73,entry (SHORT),+0.0000
2026-04-12 03:36:51,swing,IBIT,SHORT,94,41.56,entry (SHORT),+0.0000
2026-04-12 03:37:30,intraday,EWH,LONG,322,23.88,entry (LONG),+0.0000
2026-04-12 03:37:31,intraday,SMH,LONG,8,436.98,entry (LONG),+0.0000
2026-04-12 03:37:32,intraday,GDX,LONG,27,99.43,entry (LONG),+0.0000
2026-04-12 03:38:37,intraday,EWH,LONG,322,23.88,entry (LONG),+0.0000
2026-04-12 03:38:39,intraday,SMH,LONG,8,436.98,entry (LONG),+0.0000
2026-04-12 03:38:40,intraday,GDX,LONG,27,99.43,entry (LONG),+0.0000
2026-04-12 03:39:45,intraday,EWH,LONG,322,23.88,entry (LONG),+0.0000
2026-04-12 03:39:47,intraday,SMH,LONG,8,436.98,entry (LONG),+0.0000
2026-04-12 03:39:48,intraday,GDX,LONG,27,99.43,entry (LONG),+0.0000
2026-04-12 03:40:53,intraday,EWH,LONG,322,23.88,entry (LONG),+0.0000
2026-04-12 03:40:55,intraday,SMH,LONG,8,436.98,entry (LONG),+0.0000
2026-04-12 03:40:56,intraday,GDX,LONG,27,99.43,entry (LONG),+0.0000
2026-04-12 03:42:01,intraday,EWH,LONG,322,23.88,entry (LONG),+0.0000
2026-04-12 03:42:02,intraday,SMH,LONG,8,436.98,entry (LONG),+0.0000
2026-04-12 03:42:03,intraday,GDX,LONG,27,99.43,entry (LONG),+0.0000
2026-04-12 03:42:07,swing,CIBR,SHORT,70,60.74,entry (SHORT),+0.0000
2026-04-12 03:42:09,swing,USMV,SHORT,152,92.75,entry (SHORT),+0.0000
2026-04-12 03:42:11,swing,EWY,SHORT,20,138.73,entry (SHORT),+0.0000
2026-04-12 03:42:15,swing,IBIT,SHORT,94,41.56,entry (SHORT),+0.0000
2026-04-12 03:43:09,intraday,EWH,LONG,322,23.88,entry (LONG),+0.0000
2026-04-12 03:43:10,intraday,SMH,LONG,8,436.98,entry (LONG),+0.0000
2026-04-12 03:43:12,intraday,GDX,LONG,27,99.43,entry (LONG),+0.0000
2026-04-12 03:44:16,intraday,EWH,LONG,322,23.88,entry (LONG),+0.0000
2026-04-12 03:44:18,intraday,SMH,LONG,8,436.98,entry (LONG),+0.0000
2026-04-12 03:44:19,intraday,GDX,LONG,27,99.43,entry (LONG),+0.0000
2026-04-12 03:45:24,intraday,EWH,LONG,322,23.88,entry (LONG),+0.0000
2026-04-12 03:45:25,intraday,SMH,LONG,8,436.98,entry (LONG),+0.0000
2026-04-12 03:45:27,intraday,GDX,LONG,27,99.43,entry (LONG),+0.0000
2026-04-12 03:46:32,intraday,EWH,LONG,322,23.88,entry (LONG),+0.0000
2026-04-12 03:46:34,intraday,SMH,LONG,8,436.98,entry (LONG),+0.0000
2026-04-12 03:46:35,intraday,GDX,LONG,27,99.43,entry (LONG),+0.0000
2026-04-12 03:47:31,swing,CIBR,SHORT,70,60.74,entry (SHORT),+0.0000
2026-04-12 03:47:33,swing,USMV,SHORT,152,92.75,entry (SHORT),+0.0000
2026-04-12 03:47:35,swing,EWY,SHORT,20,138.73,entry (SHORT),+0.0000
2026-04-12 03:47:39,swing,IBIT,SHORT,94,41.56,entry (SHORT),+0.0000
2026-04-12 03:47:39,intraday,EWH,LONG,322,23.88,entry (LONG),+0.0000
2026-04-12 03:47:41,intraday,SMH,LONG,8,436.98,entry (LONG),+0.0000
2026-04-12 03:47:42,intraday,GDX,LONG,27,99.43,entry (LONG),+0.0000
2026-04-12 03:48:47,intraday,EWH,LONG,322,23.88,entry (LONG),+0.0000
2026-04-12 03:48:48,intraday,SMH,LONG,8,436.98,entry (LONG),+0.0000
2026-04-12 03:48:50,intraday,GDX,LONG,27,99.43,entry (LONG),+0.0000
2026-04-12 03:49:55,intraday,EWH,LONG,322,23.88,entry (LONG),+0.0000
2026-04-12 03:49:57,intraday,SMH,LONG,8,436.98,entry (LONG),+0.0000
2026-04-12 03:49:58,intraday,GDX,LONG,27,99.43,entry (LONG),+0.0000
2026-04-12 03:51:08,intraday,EWH,LONG,322,23.88,entry (LONG),+0.0000
2026-04-12 03:51:10,intraday,SMH,LONG,8,436.98,entry (LONG),+0.0000
2026-04-12 03:51:11,intraday,GDX,LONG,27,99.43,entry (LONG),+0.0000
2026-04-12 03:52:16,intraday,EWH,LONG,322,23.88,entry (LONG),+0.0000
2026-04-12 03:52:17,intraday,SMH,LONG,8,436.98,entry (LONG),+0.0000
2026-04-12 03:52:18,intraday,GDX,LONG,27,99.43,entry (LONG),+0.0000
2026-04-12 03:52:57,swing,CIBR,SHORT,70,60.74,entry (SHORT),+0.0000
2026-04-12 03:52:59,swing,USMV,SHORT,152,92.75,entry (SHORT),+0.0000
2026-04-12 03:53:01,swing,EWY,SHORT,20,138.73,entry (SHORT),+0.0000
2026-04-12 03:53:09,swing,IBIT,SHORT,94,41.56,entry (SHORT),+0.0000
2026-04-12 03:53:23,intraday,EWH,LONG,322,23.88,entry (LONG),+0.0000
2026-04-12 03:53:25,intraday,SMH,LONG,8,436.98,entry (LONG),+0.0000
2026-04-12 03:53:26,intraday,GDX,LONG,27,99.43,entry (LONG),+0.0000
2026-04-12 03:54:35,intraday,EWH,LONG,322,23.88,entry (LONG),+0.0000
2026-04-12 03:54:37,intraday,SMH,LONG,8,436.98,entry (LONG),+0.0000
2026-04-12 03:54:38,intraday,GDX,LONG,27,99.43,entry (LONG),+0.0000
2026-04-12 03:55:43,intraday,EWH,LONG,322,23.88,entry (LONG),+0.0000
2026-04-12 03:55:45,intraday,SMH,LONG,8,436.98,entry (LONG),+0.0000
2026-04-12 03:55:46,intraday,GDX,LONG,27,99.43,entry (LONG),+0.0000
2026-04-12 03:56:51,intraday,EWH,LONG,322,23.88,entry (LONG),+0.0000
2026-04-12 03:56:53,intraday,SMH,LONG,8,436.98,entry (LONG),+0.0000
2026-04-12 03:56:54,intraday,GDX,LONG,27,99.43,entry (LONG),+0.0000
2026-04-12 03:58:04,intraday,EWH,LONG,322,23.88,entry (LONG),+0.0000
2026-04-12 03:58:05,intraday,SMH,LONG,8,436.98,entry (LONG),+0.0000
2026-04-12 03:58:06,intraday,GDX,LONG,27,99.43,entry (LONG),+0.0000
2026-04-12 03:58:25,swing,CIBR,SHORT,70,60.74,entry (SHORT),+0.0000
2026-04-12 03:58:27,swing,USMV,SHORT,152,92.75,entry (SHORT),+0.0000
2026-04-12 03:58:29,swing,EWY,SHORT,20,138.73,entry (SHORT),+0.0000
2026-04-12 03:58:34,swing,IBIT,SHORT,94,41.56,entry (SHORT),+0.0000
2026-04-12 03:59:11,intraday,EWH,LONG,322,23.88,entry (LONG),+0.0000
2026-04-12 03:59:13,intraday,SMH,LONG,8,436.98,entry (LONG),+0.0000
2026-04-12 03:59:14,intraday,GDX,LONG,27,99.43,entry (LONG),+0.0000
2026-04-12 04:00:20,intraday,EWH,LONG,322,23.88,entry (LONG),+0.0000
2026-04-12 04:00:22,intraday,SMH,LONG,8,436.98,entry (LONG),+0.0000
2026-04-12 04:00:23,intraday,GDX,LONG,27,99.43,entry (LONG),+0.0000
2026-04-12 04:01:31,intraday,EWH,LONG,322,23.88,entry (LONG),+0.0000
2026-04-12 04:01:32,intraday,SMH,LONG,8,436.98,entry (LONG),+0.0000
2026-04-12 04:01:33,intraday,GDX,LONG,27,99.43,entry (LONG),+0.0000
2026-04-12 04:02:38,intraday,EWH,LONG,322,23.88,entry (LONG),+0.0000
2026-04-12 04:02:40,intraday,SMH,LONG,8,436.98,entry (LONG),+0.0000
2026-04-12 04:02:41,intraday,GDX,LONG,27,99.43,entry (LONG),+0.0000
2026-04-12 04:03:46,intraday,EWH,LONG,322,23.88,entry (LONG),+0.0000
2026-04-12 04:03:48,intraday,SMH,LONG,8,436.98,entry (LONG),+0.0000
2026-04-12 04:03:49,intraday,GDX,LONG,27,99.43,entry (LONG),+0.0000
2026-04-12 04:03:54,swing,CIBR,SHORT,70,60.74,entry (SHORT),+0.0000
2026-04-12 04:03:56,swing,USMV,SHORT,152,92.75,entry (SHORT),+0.0000
2026-04-12 04:03:58,swing,EWY,SHORT,20,138.73,entry (SHORT),+0.0000
2026-04-12 04:04:03,swing,IBIT,SHORT,94,41.56,entry (SHORT),+0.0000
2026-04-12 04:04:55,intraday,EWH,LONG,322,23.88,entry (LONG),+0.0000
2026-04-12 04:04:56,intraday,SMH,LONG,8,436.98,entry (LONG),+0.0000
2026-04-12 04:04:57,intraday,GDX,LONG,27,99.43,entry (LONG),+0.0000
2026-04-12 04:06:02,intraday,EWH,LONG,322,23.88,entry (LONG),+0.0000
2026-04-12 04:06:04,intraday,SMH,LONG,8,436.98,entry (LONG),+0.0000
2026-04-12 04:06:05,intraday,GDX,LONG,27,99.43,entry (LONG),+0.0000
2026-04-12 04:07:10,intraday,EWH,LONG,322,23.88,entry (LONG),+0.0000
2026-04-12 04:07:12,intraday,SMH,LONG,8,436.98,entry (LONG),+0.0000
2026-04-12 04:07:13,intraday,GDX,LONG,27,99.43,entry (LONG),+0.0000
2026-04-12 04:08:18,intraday,EWH,LONG,322,23.88,entry (LONG),+0.0000
2026-04-12 04:08:19,intraday,SMH,LONG,8,436.98,entry (LONG),+0.0000
2026-04-12 04:08:20,intraday,GDX,LONG,27,99.43,entry (LONG),+0.0000
2026-04-12 04:09:20,swing,CIBR,SHORT,70,60.74,entry (SHORT),+0.0000
2026-04-12 04:09:22,swing,USMV,SHORT,152,92.75,entry (SHORT),+0.0000
2026-04-12 04:09:24,swing,EWY,SHORT,20,138.73,entry (SHORT),+0.0000
2026-04-12 04:09:25,intraday,EWH,LONG,322,23.88,entry (LONG),+0.0000
2026-04-12 04:09:27,intraday,SMH,LONG,8,436.98,entry (LONG),+0.0000
2026-04-12 04:09:28,intraday,GDX,LONG,27,99.43,entry (LONG),+0.0000
2026-04-12 04:09:28,swing,IBIT,SHORT,94,41.56,entry (SHORT),+0.0000
2026-04-12 04:10:33,intraday,EWH,LONG,322,23.88,entry (LONG),+0.0000
2026-04-12 04:10:34,intraday,SMH,LONG,8,436.98,entry (LONG),+0.0000
2026-04-12 04:10:36,intraday,GDX,LONG,27,99.43,entry (LONG),+0.0000
2026-04-12 04:11:48,intraday,EWH,LONG,322,23.88,entry (LONG),+0.0000
2026-04-12 04:11:50,intraday,SMH,LONG,8,436.98,entry (LONG),+0.0000
2026-04-12 04:11:51,intraday,GDX,LONG,27,99.43,entry (LONG),+0.0000
2026-04-12 04:12:56,intraday,EWH,LONG,322,23.88,entry (LONG),+0.0000
2026-04-12 04:12:58,intraday,SMH,LONG,8,436.98,entry (LONG),+0.0000
2026-04-12 04:12:59,intraday,GDX,LONG,27,99.43,entry (LONG),+0.0000
2026-04-12 04:14:04,intraday,EWH,LONG,322,23.88,entry (LONG),+0.0000
2026-04-12 04:14:05,intraday,SMH,LONG,8,436.98,entry (LONG),+0.0000
2026-04-12 04:14:07,intraday,GDX,LONG,27,99.43,entry (LONG),+0.0000
2026-04-12 04:14:44,swing,CIBR,SHORT,70,60.74,entry (SHORT),+0.0000
2026-04-12 04:14:46,swing,USMV,SHORT,152,92.75,entry (SHORT),+0.0000
2026-04-12 04:14:48,swing,EWY,SHORT,20,138.73,entry (SHORT),+0.0000
2026-04-12 04:14:53,swing,IBIT,SHORT,94,41.56,entry (SHORT),+0.0000
2026-04-12 04:15:12,intraday,EWH,LONG,322,23.88,entry (LONG),+0.0000
2026-04-12 04:15:13,intraday,SMH,LONG,8,436.98,entry (LONG),+0.0000
2026-04-12 04:15:14,intraday,GDX,LONG,27,99.43,entry (LONG),+0.0000
2026-04-12 04:16:19,intraday,EWH,LONG,322,23.88,entry (LONG),+0.0000
2026-04-12 04:16:21,intraday,SMH,LONG,8,436.98,entry (LONG),+0.0000
2026-04-12 04:16:22,intraday,GDX,LONG,27,99.43,entry (LONG),+0.0000
2026-04-12 04:17:27,intraday,EWH,LONG,322,23.88,entry (LONG),+0.0000
2026-04-12 04:17:28,intraday,SMH,LONG,8,436.98,entry (LONG),+0.0000
2026-04-12 04:17:30,intraday,GDX,LONG,27,99.43,entry (LONG),+0.0000
2026-04-12 04:18:35,intraday,EWH,LONG,322,23.88,entry (LONG),+0.0000
2026-04-12 04:18:36,intraday,SMH,LONG,8,436.98,entry (LONG),+0.0000
2026-04-12 04:18:37,intraday,GDX,LONG,27,99.43,entry (LONG),+0.0000
2026-04-12 04:19:42,intraday,EWH,LONG,322,23.88,entry (LONG),+0.0000
2026-04-12 04:19:44,intraday,SMH,LONG,8,436.98,entry (LONG),+0.0000
2026-04-12 04:19:45,intraday,GDX,LONG,27,99.43,entry (LONG),+0.0000
2026-04-12 04:20:09,swing,CIBR,SHORT,70,60.74,entry (SHORT),+0.0000
2026-04-12 04:20:11,swing,USMV,SHORT,152,92.75,entry (SHORT),+0.0000
2026-04-12 04:20:13,swing,EWY,SHORT,20,138.73,entry (SHORT),+0.0000
2026-04-12 04:20:19,swing,IBIT,SHORT,94,41.56,entry (SHORT),+0.0000
2026-04-12 04:20:50,intraday,EWH,LONG,322,23.88,entry (LONG),+0.0000
2026-04-12 04:20:51,intraday,SMH,LONG,8,436.98,entry (LONG),+0.0000
2026-04-12 04:20:53,intraday,GDX,LONG,27,99.43,entry (LONG),+0.0000
2026-04-12 04:21:58,intraday,EWH,LONG,322,23.88,entry (LONG),+0.0000
2026-04-12 04:21:59,intraday,SMH,LONG,8,436.98,entry (LONG),+0.0000
2026-04-12 04:22:00,intraday,GDX,LONG,27,99.43,entry (LONG),+0.0000
2026-04-12 04:23:05,intraday,EWH,LONG,322,23.88,entry (LONG),+0.0000
2026-04-12 04:23:09,intraday,SMH,LONG,8,436.98,entry (LONG),+0.0000
2026-04-12 04:23:10,intraday,GDX,LONG,27,99.43,entry (LONG),+0.0000
2026-04-12 04:24:15,intraday,EWH,LONG,322,23.88,entry (LONG),+0.0000
2026-04-12 04:24:16,intraday,SMH,LONG,8,436.98,entry (LONG),+0.0000
2026-04-12 04:24:17,intraday,GDX,LONG,27,99.43,entry (LONG),+0.0000
2026-04-12 04:25:22,intraday,EWH,LONG,322,23.88,entry (LONG),+0.0000
2026-04-12 04:25:24,intraday,SMH,LONG,8,436.98,entry (LONG),+0.0000
2026-04-12 04:25:25,intraday,GDX,LONG,27,99.43,entry (LONG),+0.0000
2026-04-12 04:25:36,swing,CIBR,SHORT,70,60.74,entry (SHORT),+0.0000
2026-04-12 04:25:38,swing,USMV,SHORT,152,92.75,entry (SHORT),+0.0000
2026-04-12 04:25:40,swing,EWY,SHORT,20,138.73,entry (SHORT),+0.0000
2026-04-12 04:25:45,swing,IBIT,SHORT,94,41.56,entry (SHORT),+0.0000
2026-04-12 04:26:30,intraday,EWH,LONG,322,23.88,entry (LONG),+0.0000
2026-04-12 04:26:32,intraday,SMH,LONG,8,436.98,entry (LONG),+0.0000
2026-04-12 04:26:33,intraday,GDX,LONG,27,99.43,entry (LONG),+0.0000
2026-04-12 04:27:38,intraday,EWH,LONG,322,23.88,entry (LONG),+0.0000
2026-04-12 04:27:39,intraday,SMH,LONG,8,436.98,entry (LONG),+0.0000
2026-04-12 04:27:40,intraday,GDX,LONG,27,99.43,entry (LONG),+0.0000
2026-04-12 04:28:47,intraday,EWH,LONG,322,23.88,entry (LONG),+0.0000
2026-04-12 04:28:49,intraday,SMH,LONG,8,436.98,entry (LONG),+0.0000
2026-04-12 04:28:50,intraday,GDX,LONG,27,99.43,entry (LONG),+0.0000
2026-04-12 04:29:55,intraday,EWH,LONG,322,23.88,entry (LONG),+0.0000
2026-04-12 04:29:56,intraday,SMH,LONG,8,436.98,entry (LONG),+0.0000
2026-04-12 04:29:57,intraday,GDX,LONG,27,99.43,entry (LONG),+0.0000
2026-04-12 04:31:01,swing,CIBR,SHORT,70,60.74,entry (SHORT),+0.0000
2026-04-12 04:31:02,intraday,EWH,LONG,322,23.88,entry (LONG),+0.0000
2026-04-12 04:31:03,swing,USMV,SHORT,152,92.75,entry (SHORT),+0.0000
2026-04-12 04:31:03,intraday,SMH,LONG,8,436.98,entry (LONG),+0.0000
2026-04-12 04:31:05,intraday,GDX,LONG,27,99.43,entry (LONG),+0.0000
2026-04-12 04:31:05,swing,EWY,SHORT,20,138.73,entry (SHORT),+0.0000
2026-04-12 04:31:09,swing,IBIT,SHORT,94,41.56,entry (SHORT),+0.0000
2026-04-12 04:32:10,intraday,EWH,LONG,322,23.88,entry (LONG),+0.0000
2026-04-12 04:32:12,intraday,SMH,LONG,8,436.98,entry (LONG),+0.0000
2026-04-12 04:32:13,intraday,GDX,LONG,27,99.43,entry (LONG),+0.0000
2026-04-12 04:33:18,intraday,EWH,LONG,322,23.88,entry (LONG),+0.0000
2026-04-12 04:33:21,intraday,SMH,LONG,8,436.98,entry (LONG),+0.0000
2026-04-12 04:33:22,intraday,GDX,LONG,27,99.43,entry (LONG),+0.0000
2026-04-12 04:34:27,intraday,EWH,LONG,322,23.88,entry (LONG),+0.0000
2026-04-12 04:34:29,intraday,SMH,LONG,8,436.98,entry (LONG),+0.0000
2026-04-12 04:34:30,intraday,GDX,LONG,27,99.43,entry (LONG),+0.0000
2026-04-12 04:35:35,intraday,EWH,LONG,322,23.88,entry (LONG),+0.0000
2026-04-12 04:35:36,intraday,SMH,LONG,8,436.98,entry (LONG),+0.0000
2026-04-12 04:35:38,intraday,GDX,LONG,27,99.43,entry (LONG),+0.0000
2026-04-12 04:36:28,swing,CIBR,SHORT,70,60.74,entry (SHORT),+0.0000
2026-04-12 04:36:30,swing,USMV,SHORT,152,92.75,entry (SHORT),+0.0000
2026-04-12 04:36:31,swing,EWY,SHORT,20,138.73,entry (SHORT),+0.0000
2026-04-12 04:36:36,swing,IBIT,SHORT,94,41.56,entry (SHORT),+0.0000
2026-04-12 04:36:43,intraday,EWH,LONG,322,23.88,entry (LONG),+0.0000
2026-04-12 04:36:45,intraday,SMH,LONG,8,436.98,entry (LONG),+0.0000
2026-04-12 04:36:46,intraday,GDX,LONG,27,99.43,entry (LONG),+0.0000
2026-04-12 04:38:05,intraday,EWH,LONG,322,23.88,entry (LONG),+0.0000
2026-04-12 04:38:06,intraday,SMH,LONG,8,436.98,entry (LONG),+0.0000
2026-04-12 04:38:07,intraday,GDX,LONG,27,99.43,entry (LONG),+0.0000
2026-04-12 04:39:13,intraday,EWH,LONG,322,23.88,entry (LONG),+0.0000
2026-04-12 04:39:14,intraday,SMH,LONG,8,436.98,entry (LONG),+0.0000
2026-04-12 04:39:15,intraday,GDX,LONG,27,99.43,entry (LONG),+0.0000
2026-04-12 04:40:21,intraday,EWH,LONG,322,23.88,entry (LONG),+0.0000
2026-04-12 04:40:22,intraday,SMH,LONG,8,436.98,entry (LONG),+0.0000
2026-04-12 04:40:23,intraday,GDX,LONG,27,99.43,entry (LONG),+0.0000
2026-04-12 04:41:29,intraday,EWH,LONG,322,23.88,entry (LONG),+0.0000
2026-04-12 04:41:31,intraday,SMH,LONG,8,436.98,entry (LONG),+0.0000
2026-04-12 04:41:32,intraday,GDX,LONG,27,99.43,entry (LONG),+0.0000
2026-04-12 04:41:52,swing,CIBR,SHORT,70,60.74,entry (SHORT),+0.0000
2026-04-12 04:41:54,swing,USMV,SHORT,152,92.75,entry (SHORT),+0.0000
2026-04-12 04:41:57,swing,EWY,SHORT,20,138.73,entry (SHORT),+0.0000
2026-04-12 04:42:01,swing,IBIT,SHORT,94,41.56,entry (SHORT),+0.0000
2026-04-12 04:42:37,intraday,EWH,LONG,322,23.88,entry (LONG),+0.0000
2026-04-12 04:42:38,intraday,SMH,LONG,8,436.98,entry (LONG),+0.0000
2026-04-12 04:42:39,intraday,GDX,LONG,27,99.43,entry (LONG),+0.0000
2026-04-12 04:43:44,intraday,EWH,LONG,322,23.88,entry (LONG),+0.0000
2026-04-12 04:43:47,intraday,GDX,LONG,27,99.43,entry (LONG),+0.0000
2026-04-12 04:44:53,intraday,EWH,LONG,322,23.88,entry (LONG),+0.0000
2026-04-12 04:44:54,intraday,SMH,LONG,8,436.98,entry (LONG),+0.0000
2026-04-12 04:44:56,intraday,GDX,LONG,27,99.43,entry (LONG),+0.0000
2026-04-12 04:46:01,intraday,EWH,LONG,322,23.88,entry (LONG),+0.0000
2026-04-12 04:46:02,intraday,SMH,LONG,8,436.98,entry (LONG),+0.0000
2026-04-12 04:46:03,intraday,GDX,LONG,27,99.43,entry (LONG),+0.0000
2026-04-12 04:47:09,intraday,EWH,LONG,322,23.88,entry (LONG),+0.0000
2026-04-12 04:47:10,intraday,SMH,LONG,8,436.98,entry (LONG),+0.0000
2026-04-12 04:47:11,intraday,GDX,LONG,27,99.43,entry (LONG),+0.0000
2026-04-12 04:47:19,swing,CIBR,SHORT,70,60.74,entry (SHORT),+0.0000
2026-04-12 04:47:21,swing,USMV,SHORT,152,92.75,entry (SHORT),+0.0000
2026-04-12 04:47:23,swing,EWY,SHORT,20,138.73,entry (SHORT),+0.0000
2026-04-12 04:47:28,swing,IBIT,SHORT,94,41.56,entry (SHORT),+0.0000
2026-04-12 04:48:17,intraday,EWH,LONG,322,23.88,entry (LONG),+0.0000
2026-04-12 04:48:18,intraday,SMH,LONG,8,436.98,entry (LONG),+0.0000
2026-04-12 04:48:19,intraday,GDX,LONG,27,99.43,entry (LONG),+0.0000
2026-04-12 04:49:36,intraday,EWH,LONG,322,23.88,entry (LONG),+0.0000
2026-04-12 04:49:38,intraday,SMH,LONG,8,436.98,entry (LONG),+0.0000
2026-04-12 04:49:39,intraday,GDX,LONG,27,99.43,entry (LONG),+0.0000
2026-04-12 04:50:45,intraday,EWH,LONG,322,23.88,entry (LONG),+0.0000
2026-04-12 04:50:46,intraday,SMH,LONG,8,436.98,entry (LONG),+0.0000
2026-04-12 04:50:48,intraday,GDX,LONG,27,99.43,entry (LONG),+0.0000
2026-04-12 04:51:53,intraday,EWH,LONG,322,23.88,entry (LONG),+0.0000
2026-04-12 04:51:54,intraday,SMH,LONG,8,436.98,entry (LONG),+0.0000
2026-04-12 04:51:56,intraday,GDX,LONG,27,99.43,entry (LONG),+0.0000
2026-04-12 04:53:05,swing,CIBR,SHORT,70,60.74,entry (SHORT),+0.0000
2026-04-12 04:53:07,intraday,EWH,LONG,322,23.88,entry (LONG),+0.0000
2026-04-12 04:53:10,intraday,SMH,LONG,8,436.98,entry (LONG),+0.0000
2026-04-12 04:53:10,swing,USMV,SHORT,152,92.75,entry (SHORT),+0.0000
2026-04-12 04:53:11,intraday,GDX,LONG,27,99.43,entry (LONG),+0.0000
2026-04-12 04:53:13,swing,EWY,SHORT,20,138.73,entry (SHORT),+0.0000
2026-04-12 04:53:18,swing,IBIT,SHORT,94,41.56,entry (SHORT),+0.0000
2026-04-12 04:54:16,intraday,EWH,LONG,322,23.88,entry (LONG),+0.0000
2026-04-12 04:54:17,intraday,SMH,LONG,8,436.98,entry (LONG),+0.0000
2026-04-12 04:54:18,intraday,GDX,LONG,27,99.43,entry (LONG),+0.0000
2026-04-12 04:55:23,intraday,EWH,LONG,322,23.88,entry (LONG),+0.0000
2026-04-12 04:55:25,intraday,SMH,LONG,8,436.98,entry (LONG),+0.0000
2026-04-12 04:55:26,intraday,GDX,LONG,27,99.43,entry (LONG),+0.0000
2026-04-12 04:56:31,intraday,EWH,LONG,322,23.88,entry (LONG),+0.0000
2026-04-12 04:56:33,intraday,SMH,LONG,8,436.98,entry (LONG),+0.0000
2026-04-12 04:56:34,intraday,GDX,LONG,27,99.43,entry (LONG),+0.0000
2026-04-12 04:57:39,intraday,EWH,LONG,322,23.88,entry (LONG),+0.0000
2026-04-12 04:57:40,intraday,SMH,LONG,8,436.98,entry (LONG),+0.0000
2026-04-12 04:57:41,intraday,GDX,LONG,27,99.43,entry (LONG),+0.0000
2026-04-12 04:58:34,swing,CIBR,SHORT,70,60.74,entry (SHORT),+0.0000
2026-04-12 04:58:36,swing,USMV,SHORT,152,92.75,entry (SHORT),+0.0000
2026-04-12 04:58:38,swing,EWY,SHORT,20,138.73,entry (SHORT),+0.0000
2026-04-12 04:58:43,swing,IBIT,SHORT,94,41.56,entry (SHORT),+0.0000
2026-04-12 04:58:46,intraday,EWH,LONG,322,23.88,entry (LONG),+0.0000
2026-04-12 04:58:49,intraday,SMH,LONG,8,436.98,entry (LONG),+0.0000
2026-04-12 04:58:50,intraday,GDX,LONG,27,99.43,entry (LONG),+0.0000
2026-04-12 04:59:55,intraday,EWH,LONG,322,23.88,entry (LONG),+0.0000
2026-04-12 04:59:57,intraday,SMH,LONG,8,436.98,entry (LONG),+0.0000
2026-04-12 04:59:58,intraday,GDX,LONG,27,99.43,entry (LONG),+0.0000
2026-04-12 05:01:03,intraday,EWH,LONG,322,23.88,entry (LONG),+0.0000
2026-04-12 05:01:05,intraday,SMH,LONG,8,436.98,entry (LONG),+0.0000
2026-04-12 05:01:06,intraday,GDX,LONG,27,99.43,entry (LONG),+0.0000
2026-04-12 05:02:11,intraday,EWH,LONG,322,23.88,entry (LONG),+0.0000
2026-04-12 05:02:13,intraday,SMH,LONG,8,436.98,entry (LONG),+0.0000
2026-04-12 05:02:14,intraday,GDX,LONG,27,99.43,entry (LONG),+0.0000
2026-04-12 05:03:19,intraday,EWH,LONG,322,23.88,entry (LONG),+0.0000
2026-04-12 05:03:21,intraday,SMH,LONG,8,436.98,entry (LONG),+0.0000
2026-04-12 05:03:22,intraday,GDX,LONG,27,99.43,entry (LONG),+0.0000
2026-04-12 05:03:59,swing,CIBR,SHORT,70,60.74,entry (SHORT),+0.0000
2026-04-12 05:04:01,swing,USMV,SHORT,152,92.75,entry (SHORT),+0.0000
2026-04-12 05:04:04,swing,EWY,SHORT,20,138.73,entry (SHORT),+0.0000
2026-04-12 05:04:08,swing,IBIT,SHORT,94,41.56,entry (SHORT),+0.0000
2026-04-12 05:04:28,intraday,EWH,LONG,322,23.88,entry (LONG),+0.0000
2026-04-12 05:04:30,intraday,SMH,LONG,8,436.98,entry (LONG),+0.0000
2026-04-12 05:04:31,intraday,GDX,LONG,27,99.43,entry (LONG),+0.0000
2026-04-12 05:05:36,intraday,EWH,LONG,322,23.88,entry (LONG),+0.0000
2026-04-12 05:05:38,intraday,SMH,LONG,8,436.98,entry (LONG),+0.0000
2026-04-12 05:05:39,intraday,GDX,LONG,27,99.43,entry (LONG),+0.0000
2026-04-12 05:06:43,intraday,EWH,LONG,322,23.88,entry (LONG),+0.0000
2026-04-12 05:06:45,intraday,SMH,LONG,8,436.98,entry (LONG),+0.0000
2026-04-12 05:06:46,intraday,GDX,LONG,27,99.43,entry (LONG),+0.0000
2026-04-12 05:07:51,intraday,EWH,LONG,322,23.88,entry (LONG),+0.0000
2026-04-12 05:07:53,intraday,SMH,LONG,8,436.98,entry (LONG),+0.0000
2026-04-12 05:07:54,intraday,GDX,LONG,27,99.43,entry (LONG),+0.0000
2026-04-12 05:08:59,intraday,EWH,LONG,322,23.88,entry (LONG),+0.0000
2026-04-12 05:09:01,intraday,SMH,LONG,8,436.98,entry (LONG),+0.0000
2026-04-12 05:09:02,intraday,GDX,LONG,27,99.43,entry (LONG),+0.0000
2026-04-12 05:09:25,swing,CIBR,SHORT,70,60.74,entry (SHORT),+0.0000
2026-04-12 05:09:27,swing,USMV,SHORT,152,92.75,entry (SHORT),+0.0000
2026-04-12 05:09:29,swing,EWY,SHORT,20,138.73,entry (SHORT),+0.0000
2026-04-12 05:09:33,swing,IBIT,SHORT,94,41.56,entry (SHORT),+0.0000
2026-04-12 05:10:07,intraday,EWH,LONG,322,23.88,entry (LONG),+0.0000
2026-04-12 05:10:09,intraday,SMH,LONG,8,436.98,entry (LONG),+0.0000
2026-04-12 05:10:10,intraday,GDX,LONG,27,99.43,entry (LONG),+0.0000
2026-04-12 05:11:15,intraday,EWH,LONG,322,23.88,entry (LONG),+0.0000
2026-04-12 05:11:17,intraday,SMH,LONG,8,436.98,entry (LONG),+0.0000
2026-04-12 05:11:18,intraday,GDX,LONG,27,99.43,entry (LONG),+0.0000
2026-04-12 05:12:23,intraday,EWH,LONG,322,23.88,entry (LONG),+0.0000
2026-04-12 05:12:24,intraday,SMH,LONG,8,436.98,entry (LONG),+0.0000
2026-04-12 05:12:26,intraday,GDX,LONG,27,99.43,entry (LONG),+0.0000
2026-04-12 05:13:31,intraday,EWH,LONG,322,23.88,entry (LONG),+0.0000
2026-04-12 05:13:32,intraday,SMH,LONG,8,436.98,entry (LONG),+0.0000
2026-04-12 05:13:33,intraday,GDX,LONG,27,99.43,entry (LONG),+0.0000
2026-04-12 05:14:39,intraday,EWH,LONG,322,23.88,entry (LONG),+0.0000
2026-04-12 05:14:41,intraday,SMH,LONG,8,436.98,entry (LONG),+0.0000
2026-04-12 05:14:42,intraday,GDX,LONG,27,99.43,entry (LONG),+0.0000
2026-04-12 05:14:50,swing,CIBR,SHORT,70,60.74,entry (SHORT),+0.0000
2026-04-12 05:14:52,swing,USMV,SHORT,152,92.75,entry (SHORT),+0.0000
2026-04-12 05:14:54,swing,EWY,SHORT,20,138.73,entry (SHORT),+0.0000
2026-04-12 05:14:58,swing,IBIT,SHORT,94,41.56,entry (SHORT),+0.0000
2026-04-12 05:15:47,intraday,EWH,LONG,322,23.88,entry (LONG),+0.0000
2026-04-12 05:15:49,intraday,SMH,LONG,8,436.98,entry (LONG),+0.0000
2026-04-12 05:15:50,intraday,GDX,LONG,27,99.43,entry (LONG),+0.0000
2026-04-12 05:16:56,intraday,EWH,LONG,322,23.88,entry (LONG),+0.0000
2026-04-12 05:16:57,intraday,SMH,LONG,8,436.98,entry (LONG),+0.0000
2026-04-12 05:16:58,intraday,GDX,LONG,27,99.43,entry (LONG),+0.0000
2026-04-12 05:18:03,intraday,EWH,LONG,322,23.88,entry (LONG),+0.0000
2026-04-12 05:18:05,intraday,SMH,LONG,8,436.98,entry (LONG),+0.0000
2026-04-12 05:18:06,intraday,GDX,LONG,27,99.43,entry (LONG),+0.0000
2026-04-12 05:19:11,intraday,EWH,LONG,322,23.88,entry (LONG),+0.0000
2026-04-12 05:19:13,intraday,SMH,LONG,8,436.98,entry (LONG),+0.0000
2026-04-12 05:19:14,intraday,GDX,LONG,27,99.43,entry (LONG),+0.0000
2026-04-12 05:20:19,intraday,EWH,LONG,322,23.88,entry (LONG),+0.0000
2026-04-12 05:20:21,intraday,SMH,LONG,8,436.98,entry (LONG),+0.0000
2026-04-12 05:20:22,intraday,GDX,LONG,27,99.43,entry (LONG),+0.0000
2026-04-12 05:20:23,swing,CIBR,SHORT,70,60.74,entry (SHORT),+0.0000
2026-04-12 05:20:25,swing,USMV,SHORT,152,92.75,entry (SHORT),+0.0000
2026-04-12 05:20:27,swing,EWY,SHORT,20,138.73,entry (SHORT),+0.0000
2026-04-12 05:20:31,swing,IBIT,SHORT,94,41.56,entry (SHORT),+0.0000
2026-04-12 05:21:27,intraday,EWH,LONG,322,23.88,entry (LONG),+0.0000
2026-04-12 05:21:28,intraday,SMH,LONG,8,436.98,entry (LONG),+0.0000
2026-04-12 05:21:30,intraday,GDX,LONG,27,99.43,entry (LONG),+0.0000
2026-04-12 05:22:36,intraday,EWH,LONG,322,23.88,entry (LONG),+0.0000
2026-04-12 05:22:38,intraday,SMH,LONG,8,436.98,entry (LONG),+0.0000
2026-04-12 05:22:39,intraday,GDX,LONG,27,99.43,entry (LONG),+0.0000
2026-04-12 05:23:44,intraday,EWH,LONG,322,23.88,entry (LONG),+0.0000
2026-04-12 05:23:46,intraday,SMH,LONG,8,436.98,entry (LONG),+0.0000
2026-04-12 05:23:47,intraday,GDX,LONG,27,99.43,entry (LONG),+0.0000
2026-04-12 05:24:52,intraday,EWH,LONG,322,23.88,entry (LONG),+0.0000
2026-04-12 05:24:54,intraday,SMH,LONG,8,436.98,entry (LONG),+0.0000
2026-04-12 05:24:55,intraday,GDX,LONG,27,99.43,entry (LONG),+0.0000
2026-04-12 05:25:48,swing,CIBR,SHORT,70,60.74,entry (SHORT),+0.0000
2026-04-12 05:25:50,swing,USMV,SHORT,152,92.75,entry (SHORT),+0.0000
2026-04-12 05:25:52,swing,EWY,SHORT,20,138.73,entry (SHORT),+0.0000
2026-04-12 05:25:56,swing,IBIT,SHORT,94,41.56,entry (SHORT),+0.0000
2026-04-12 05:26:00,intraday,EWH,LONG,322,23.88,entry (LONG),+0.0000
2026-04-12 05:26:02,intraday,SMH,LONG,8,436.98,entry (LONG),+0.0000
2026-04-12 05:26:03,intraday,GDX,LONG,27,99.43,entry (LONG),+0.0000
2026-04-12 05:27:07,intraday,EWH,LONG,322,23.88,entry (LONG),+0.0000
2026-04-12 05:27:09,intraday,SMH,LONG,8,436.98,entry (LONG),+0.0000
2026-04-12 05:27:10,intraday,GDX,LONG,27,99.43,entry (LONG),+0.0000
2026-04-12 05:28:15,intraday,EWH,LONG,322,23.88,entry (LONG),+0.0000
2026-04-12 05:28:17,intraday,SMH,LONG,8,436.98,entry (LONG),+0.0000
2026-04-12 05:28:18,intraday,GDX,LONG,27,99.43,entry (LONG),+0.0000
2026-04-12 05:29:23,intraday,EWH,LONG,322,23.88,entry (LONG),+0.0000
2026-04-12 05:29:25,intraday,SMH,LONG,8,436.98,entry (LONG),+0.0000
2026-04-12 05:29:26,intraday,GDX,LONG,27,99.43,entry (LONG),+0.0000
2026-04-12 05:30:31,intraday,EWH,LONG,322,23.88,entry (LONG),+0.0000
2026-04-12 05:30:33,intraday,SMH,LONG,8,436.98,entry (LONG),+0.0000
2026-04-12 05:30:34,intraday,GDX,LONG,27,99.43,entry (LONG),+0.0000
2026-04-12 05:31:13,swing,CIBR,SHORT,70,60.74,entry (SHORT),+0.0000
2026-04-12 05:31:15,swing,USMV,SHORT,152,92.75,entry (SHORT),+0.0000
2026-04-12 05:31:17,swing,EWY,SHORT,20,138.73,entry (SHORT),+0.0000
2026-04-12 05:31:22,swing,IBIT,SHORT,94,41.56,entry (SHORT),+0.0000
2026-04-12 05:31:40,intraday,EWH,LONG,322,23.88,entry (LONG),+0.0000
2026-04-12 05:31:42,intraday,SMH,LONG,8,436.98,entry (LONG),+0.0000
2026-04-12 05:31:43,intraday,GDX,LONG,27,99.43,entry (LONG),+0.0000
2026-04-12 05:32:48,intraday,EWH,LONG,322,23.88,entry (LONG),+0.0000
2026-04-12 05:32:49,intraday,SMH,LONG,8,436.98,entry (LONG),+0.0000
2026-04-12 05:32:50,intraday,GDX,LONG,27,99.43,entry (LONG),+0.0000
2026-04-12 05:33:55,intraday,EWH,LONG,322,23.88,entry (LONG),+0.0000
2026-04-12 05:33:57,intraday,SMH,LONG,8,436.98,entry (LONG),+0.0000
2026-04-12 05:33:58,intraday,GDX,LONG,27,99.43,entry (LONG),+0.0000
2026-04-12 05:35:03,intraday,EWH,LONG,322,23.88,entry (LONG),+0.0000
2026-04-12 05:35:05,intraday,SMH,LONG,8,436.98,entry (LONG),+0.0000
2026-04-12 05:35:06,intraday,GDX,LONG,27,99.43,entry (LONG),+0.0000
2026-04-12 05:36:12,intraday,EWH,LONG,322,23.88,entry (LONG),+0.0000
2026-04-12 05:36:13,intraday,SMH,LONG,8,436.98,entry (LONG),+0.0000
2026-04-12 05:36:14,intraday,GDX,LONG,27,99.43,entry (LONG),+0.0000
2026-04-12 05:36:38,swing,CIBR,SHORT,70,60.74,entry (SHORT),+0.0000
2026-04-12 05:36:40,swing,USMV,SHORT,152,92.75,entry (SHORT),+0.0000
2026-04-12 05:36:42,swing,EWY,SHORT,20,138.73,entry (SHORT),+0.0000
2026-04-12 05:36:46,swing,IBIT,SHORT,94,41.56,entry (SHORT),+0.0000
2026-04-12 05:37:19,intraday,EWH,LONG,322,23.88,entry (LONG),+0.0000
2026-04-12 05:37:21,intraday,SMH,LONG,8,436.98,entry (LONG),+0.0000
2026-04-12 05:37:22,intraday,GDX,LONG,27,99.43,entry (LONG),+0.0000
2026-04-12 05:38:42,intraday,EWH,LONG,322,23.88,entry (LONG),+0.0000
2026-04-12 05:38:43,intraday,SMH,LONG,8,436.98,entry (LONG),+0.0000
2026-04-12 05:38:45,intraday,GDX,LONG,27,99.43,entry (LONG),+0.0000
2026-04-12 05:39:50,intraday,EWH,LONG,322,23.88,entry (LONG),+0.0000
2026-04-12 05:39:51,intraday,SMH,LONG,8,436.98,entry (LONG),+0.0000
2026-04-12 05:39:52,intraday,GDX,LONG,27,99.43,entry (LONG),+0.0000
2026-04-12 05:40:58,intraday,EWH,LONG,322,23.88,entry (LONG),+0.0000
2026-04-12 05:40:59,intraday,SMH,LONG,8,436.98,entry (LONG),+0.0000
2026-04-12 05:41:00,intraday,GDX,LONG,27,99.43,entry (LONG),+0.0000
2026-04-12 05:42:03,swing,CIBR,SHORT,70,60.74,entry (SHORT),+0.0000
2026-04-12 05:42:05,swing,USMV,SHORT,152,92.75,entry (SHORT),+0.0000
2026-04-12 05:42:05,intraday,EWH,LONG,322,23.88,entry (LONG),+0.0000
2026-04-12 05:42:07,swing,EWY,SHORT,20,138.73,entry (SHORT),+0.0000
2026-04-12 05:42:07,intraday,SMH,LONG,8,436.98,entry (LONG),+0.0000
2026-04-12 05:42:08,intraday,GDX,LONG,27,99.43,entry (LONG),+0.0000
2026-04-12 05:42:12,swing,IBIT,SHORT,94,41.56,entry (SHORT),+0.0000
2026-04-12 05:43:14,intraday,EWH,LONG,322,23.88,entry (LONG),+0.0000
2026-04-12 05:43:15,intraday,SMH,LONG,8,436.98,entry (LONG),+0.0000
2026-04-12 05:43:16,intraday,GDX,LONG,27,99.43,entry (LONG),+0.0000
2026-04-12 05:44:22,intraday,EWH,LONG,322,23.88,entry (LONG),+0.0000
2026-04-12 05:44:23,intraday,SMH,LONG,8,436.98,entry (LONG),+0.0000
2026-04-12 05:44:24,intraday,GDX,LONG,27,99.43,entry (LONG),+0.0000
2026-04-12 05:45:29,intraday,EWH,LONG,322,23.88,entry (LONG),+0.0000
2026-04-12 05:45:31,intraday,SMH,LONG,8,436.98,entry (LONG),+0.0000
2026-04-12 05:45:32,intraday,GDX,LONG,27,99.43,entry (LONG),+0.0000
2026-04-12 05:46:37,intraday,EWH,LONG,322,23.88,entry (LONG),+0.0000
2026-04-12 05:46:39,intraday,SMH,LONG,8,436.98,entry (LONG),+0.0000
2026-04-12 05:46:40,intraday,GDX,LONG,27,99.43,entry (LONG),+0.0000
2026-04-12 05:47:28,swing,CIBR,SHORT,70,60.74,entry (SHORT),+0.0000
2026-04-12 05:47:30,swing,USMV,SHORT,152,92.75,entry (SHORT),+0.0000
2026-04-12 05:47:32,swing,EWY,SHORT,20,138.73,entry (SHORT),+0.0000
2026-04-12 05:47:36,swing,IBIT,SHORT,94,41.56,entry (SHORT),+0.0000
2026-04-12 05:47:45,intraday,EWH,LONG,322,23.88,entry (LONG),+0.0000
2026-04-12 05:47:46,intraday,SMH,LONG,8,436.98,entry (LONG),+0.0000
2026-04-12 05:47:47,intraday,GDX,LONG,27,99.43,entry (LONG),+0.0000
2026-04-12 05:48:52,intraday,EWH,LONG,322,23.88,entry (LONG),+0.0000
2026-04-12 05:48:54,intraday,SMH,LONG,8,436.98,entry (LONG),+0.0000
2026-04-12 05:48:55,intraday,GDX,LONG,27,99.43,entry (LONG),+0.0000
2026-04-12 05:50:00,intraday,EWH,LONG,322,23.88,entry (LONG),+0.0000
2026-04-12 05:50:02,intraday,SMH,LONG,8,436.98,entry (LONG),+0.0000
2026-04-12 05:50:03,intraday,GDX,LONG,27,99.43,entry (LONG),+0.0000
2026-04-12 05:51:08,intraday,EWH,LONG,322,23.88,entry (LONG),+0.0000
2026-04-12 05:51:10,intraday,SMH,LONG,8,436.98,entry (LONG),+0.0000
2026-04-12 05:51:11,intraday,GDX,LONG,27,99.43,entry (LONG),+0.0000
2026-04-12 05:52:15,intraday,EWH,LONG,322,23.88,entry (LONG),+0.0000
2026-04-12 05:52:17,intraday,SMH,LONG,8,436.98,entry (LONG),+0.0000
2026-04-12 05:52:18,intraday,GDX,LONG,27,99.43,entry (LONG),+0.0000
2026-04-12 05:52:52,swing,CIBR,SHORT,70,60.74,entry (SHORT),+0.0000
2026-04-12 05:52:54,swing,USMV,SHORT,152,92.75,entry (SHORT),+0.0000
2026-04-12 05:52:58,swing,EWY,SHORT,20,138.73,entry (SHORT),+0.0000
2026-04-12 05:53:02,swing,IBIT,SHORT,94,41.56,entry (SHORT),+0.0000
2026-04-12 05:53:23,intraday,EWH,LONG,322,23.88,entry (LONG),+0.0000
2026-04-12 05:53:25,intraday,SMH,LONG,8,436.98,entry (LONG),+0.0000
2026-04-12 05:53:26,intraday,GDX,LONG,27,99.43,entry (LONG),+0.0000
2026-04-12 05:54:31,intraday,EWH,LONG,322,23.88,entry (LONG),+0.0000
2026-04-12 05:54:32,intraday,SMH,LONG,8,436.98,entry (LONG),+0.0000
2026-04-12 05:54:34,intraday,GDX,LONG,27,99.43,entry (LONG),+0.0000
2026-04-12 05:55:39,intraday,EWH,LONG,322,23.88,entry (LONG),+0.0000
2026-04-12 05:55:41,intraday,SMH,LONG,8,436.98,entry (LONG),+0.0000
2026-04-12 05:55:42,intraday,GDX,LONG,27,99.43,entry (LONG),+0.0000
2026-04-12 05:56:47,intraday,EWH,LONG,322,23.88,entry (LONG),+0.0000
2026-04-12 05:56:49,intraday,SMH,LONG,8,436.98,entry (LONG),+0.0000
2026-04-12 05:56:50,intraday,GDX,LONG,27,99.43,entry (LONG),+0.0000
2026-04-12 05:57:55,intraday,EWH,LONG,322,23.88,entry (LONG),+0.0000
2026-04-12 05:57:57,intraday,SMH,LONG,8,436.98,entry (LONG),+0.0000
2026-04-12 05:57:58,intraday,GDX,LONG,27,99.43,entry (LONG),+0.0000
2026-04-12 05:58:19,swing,CIBR,SHORT,70,60.74,entry (SHORT),+0.0000
2026-04-12 05:58:20,swing,USMV,SHORT,152,92.75,entry (SHORT),+0.0000
2026-04-12 05:58:22,swing,EWY,SHORT,20,138.73,entry (SHORT),+0.0000
2026-04-12 05:58:26,swing,IBIT,SHORT,94,41.56,entry (SHORT),+0.0000
2026-04-12 05:59:03,intraday,EWH,LONG,322,23.88,entry (LONG),+0.0000
2026-04-12 05:59:05,intraday,SMH,LONG,8,436.98,entry (LONG),+0.0000
2026-04-12 05:59:06,intraday,GDX,LONG,27,99.43,entry (LONG),+0.0000
2026-04-12 06:00:16,intraday,EWH,LONG,322,23.88,entry (LONG),+0.0000
2026-04-12 06:00:17,intraday,SMH,LONG,8,436.98,entry (LONG),+0.0000
2026-04-12 06:00:18,intraday,GDX,LONG,27,99.43,entry (LONG),+0.0000
2026-04-12 06:01:23,intraday,EWH,LONG,322,23.88,entry (LONG),+0.0000
2026-04-12 06:01:25,intraday,SMH,LONG,8,436.98,entry (LONG),+0.0000
2026-04-12 06:01:26,intraday,GDX,LONG,27,99.43,entry (LONG),+0.0000
2026-04-12 06:02:31,intraday,EWH,LONG,322,23.88,entry (LONG),+0.0000
2026-04-12 06:02:32,intraday,SMH,LONG,8,436.98,entry (LONG),+0.0000
2026-04-12 06:02:34,intraday,GDX,LONG,27,99.43,entry (LONG),+0.0000
2026-04-12 06:03:40,intraday,EWH,LONG,322,23.88,entry (LONG),+0.0000
2026-04-12 06:03:42,intraday,SMH,LONG,8,436.98,entry (LONG),+0.0000
2026-04-12 06:03:42,swing,CIBR,SHORT,70,60.74,entry (SHORT),+0.0000
2026-04-12 06:03:43,intraday,GDX,LONG,27,99.43,entry (LONG),+0.0000
2026-04-12 06:03:44,swing,USMV,SHORT,152,92.75,entry (SHORT),+0.0000
2026-04-12 06:03:46,swing,EWY,SHORT,20,138.73,entry (SHORT),+0.0000
2026-04-12 06:03:50,swing,IBIT,SHORT,94,41.56,entry (SHORT),+0.0000
2026-04-12 06:04:48,intraday,EWH,LONG,322,23.88,entry (LONG),+0.0000
2026-04-12 06:04:49,intraday,SMH,LONG,8,436.98,entry (LONG),+0.0000
2026-04-12 06:04:50,intraday,GDX,LONG,27,99.43,entry (LONG),+0.0000
2026-04-12 06:05:55,intraday,EWH,LONG,322,23.88,entry (LONG),+0.0000
2026-04-12 06:05:57,intraday,SMH,LONG,8,436.98,entry (LONG),+0.0000
2026-04-12 06:05:58,intraday,GDX,LONG,27,99.43,entry (LONG),+0.0000
2026-04-12 06:07:03,intraday,EWH,LONG,322,23.88,entry (LONG),+0.0000
2026-04-12 06:07:05,intraday,SMH,LONG,8,436.98,entry (LONG),+0.0000
2026-04-12 06:07:06,intraday,GDX,LONG,27,99.43,entry (LONG),+0.0000
2026-04-12 06:08:11,intraday,EWH,LONG,322,23.88,entry (LONG),+0.0000
2026-04-12 06:08:13,intraday,SMH,LONG,8,436.98,entry (LONG),+0.0000
2026-04-12 06:08:14,intraday,GDX,LONG,27,99.43,entry (LONG),+0.0000
2026-04-12 06:09:06,swing,CIBR,SHORT,70,60.74,entry (SHORT),+0.0000
2026-04-12 06:09:08,swing,USMV,SHORT,152,92.75,entry (SHORT),+0.0000
2026-04-12 06:09:10,swing,EWY,SHORT,20,138.73,entry (SHORT),+0.0000
2026-04-12 06:09:15,swing,IBIT,SHORT,94,41.56,entry (SHORT),+0.0000
2026-04-12 06:09:19,intraday,EWH,LONG,322,23.88,entry (LONG),+0.0000
2026-04-12 06:09:20,intraday,SMH,LONG,8,436.98,entry (LONG),+0.0000
2026-04-12 06:09:21,intraday,GDX,LONG,27,99.43,entry (LONG),+0.0000
2026-04-12 06:10:27,intraday,EWH,LONG,322,23.88,entry (LONG),+0.0000
2026-04-12 06:10:29,intraday,SMH,LONG,8,436.98,entry (LONG),+0.0000
2026-04-12 06:10:30,intraday,GDX,LONG,27,99.43,entry (LONG),+0.0000
2026-04-12 06:11:35,intraday,EWH,LONG,322,23.88,entry (LONG),+0.0000
2026-04-12 06:11:36,intraday,SMH,LONG,8,436.98,entry (LONG),+0.0000
2026-04-12 06:11:38,intraday,GDX,LONG,27,99.43,entry (LONG),+0.0000
2026-04-12 06:12:42,intraday,EWH,LONG,322,23.88,entry (LONG),+0.0000
2026-04-12 06:12:44,intraday,SMH,LONG,8,436.98,entry (LONG),+0.0000
2026-04-12 06:12:45,intraday,GDX,LONG,27,99.43,entry (LONG),+0.0000
2026-04-12 06:13:50,intraday,EWH,LONG,322,23.88,entry (LONG),+0.0000
2026-04-12 06:13:52,intraday,SMH,LONG,8,436.98,entry (LONG),+0.0000
2026-04-12 06:13:53,intraday,GDX,LONG,27,99.43,entry (LONG),+0.0000
2026-04-12 06:14:39,swing,CIBR,SHORT,70,60.74,entry (SHORT),+0.0000
2026-04-12 06:14:41,swing,USMV,SHORT,152,92.75,entry (SHORT),+0.0000
2026-04-12 06:14:44,swing,EWY,SHORT,20,138.73,entry (SHORT),+0.0000
2026-04-12 06:14:51,swing,IBIT,SHORT,94,41.56,entry (SHORT),+0.0000
2026-04-12 06:14:57,intraday,EWH,LONG,322,23.88,entry (LONG),+0.0000
2026-04-12 06:14:59,intraday,SMH,LONG,8,436.98,entry (LONG),+0.0000
2026-04-12 06:15:00,intraday,GDX,LONG,27,99.43,entry (LONG),+0.0000
2026-04-12 06:16:05,intraday,EWH,LONG,322,23.88,entry (LONG),+0.0000
2026-04-12 06:16:07,intraday,SMH,LONG,8,436.98,entry (LONG),+0.0000
2026-04-12 06:16:08,intraday,GDX,LONG,27,99.43,entry (LONG),+0.0000
2026-04-12 06:16:55,intraday,GLD,LONG,10,437.17,entry (LONG),+0.0000
2026-04-12 06:16:56,intraday,IBIT,LONG,22,41.57,entry (LONG),+0.0000
2026-04-12 06:16:57,intraday,EWC,LONG,27,56.77,entry (LONG),+0.0000
2026-04-12 06:16:58,intraday,USO,LONG,17,124.83,entry (LONG),+0.0000
2026-04-12 06:16:59,intraday,XLI,LONG,12,171.51,entry (LONG),+0.0000
2026-04-12 06:17:00,intraday,XLU,LONG,82,46.95,entry (LONG),+0.0000
2026-04-12 06:18:05,intraday,GLD,LONG,10,437.17,entry (LONG),+0.0000
2026-04-12 06:18:06,intraday,IBIT,LONG,22,41.57,entry (LONG),+0.0000
2026-04-12 06:18:07,intraday,EWC,LONG,27,56.77,entry (LONG),+0.0000
2026-04-12 06:18:07,swing,CIBR,SHORT,70,60.74,entry (SHORT),+0.0000
2026-04-12 06:18:08,intraday,USO,LONG,17,124.83,entry (LONG),+0.0000
2026-04-12 06:18:09,intraday,XLI,LONG,12,171.51,entry (LONG),+0.0000
2026-04-12 06:18:10,intraday,XLU,LONG,82,46.95,entry (LONG),+0.0000
2026-04-12 06:18:14,swing,USMV,SHORT,152,92.75,entry (SHORT),+0.0000
2026-04-12 06:18:21,swing,EWY,SHORT,20,138.73,entry (SHORT),+0.0000
2026-04-12 06:18:40,swing,IBIT,SHORT,94,41.56,entry (SHORT),+0.0000
2026-04-12 06:19:15,intraday,GLD,LONG,10,437.17,entry (LONG),+0.0000
2026-04-12 06:19:16,intraday,IBIT,LONG,22,41.57,entry (LONG),+0.0000
2026-04-12 06:19:16,intraday,EWC,LONG,27,56.77,entry (LONG),+0.0000
2026-04-12 06:19:17,intraday,USO,LONG,17,124.83,entry (LONG),+0.0000
2026-04-12 06:19:18,intraday,XLI,LONG,12,171.51,entry (LONG),+0.0000
2026-04-12 06:19:19,intraday,XLU,LONG,82,46.95,entry (LONG),+0.0000
2026-04-12 06:20:26,intraday,GLD,LONG,10,437.17,entry (LONG),+0.0000
2026-04-12 06:20:27,intraday,IBIT,LONG,22,41.57,entry (LONG),+0.0000
2026-04-12 06:20:28,intraday,EWC,LONG,27,56.77,entry (LONG),+0.0000
2026-04-12 06:20:29,intraday,USO,LONG,17,124.83,entry (LONG),+0.0000
2026-04-12 06:20:30,intraday,XLI,LONG,12,171.51,entry (LONG),+0.0000
2026-04-12 06:20:30,intraday,XLU,LONG,82,46.95,entry (LONG),+0.0000
2026-04-12 06:21:36,intraday,GLD,LONG,10,437.17,entry (LONG),+0.0000
2026-04-12 06:21:36,intraday,IBIT,LONG,22,41.57,entry (LONG),+0.0000
2026-04-12 06:21:37,intraday,EWC,LONG,27,56.77,entry (LONG),+0.0000
2026-04-12 06:21:38,intraday,USO,LONG,17,124.83,entry (LONG),+0.0000
2026-04-12 06:21:39,intraday,XLI,LONG,12,171.51,entry (LONG),+0.0000
2026-04-12 06:21:40,intraday,XLU,LONG,82,46.95,entry (LONG),+0.0000
2026-04-12 06:22:47,intraday,GLD,LONG,10,437.17,entry (LONG),+0.0000
2026-04-12 06:22:49,intraday,IBIT,LONG,22,41.57,entry (LONG),+0.0000
2026-04-12 06:22:50,intraday,EWC,LONG,27,56.77,entry (LONG),+0.0000
2026-04-12 06:22:51,intraday,USO,LONG,17,124.83,entry (LONG),+0.0000
2026-04-12 06:22:53,intraday,XLI,LONG,12,171.51,entry (LONG),+0.0000
2026-04-12 06:22:54,intraday,XLU,LONG,82,46.95,entry (LONG),+0.0000
2026-04-12 06:23:59,intraday,GLD,LONG,10,437.17,entry (LONG),+0.0000
2026-04-12 06:23:59,intraday,IBIT,LONG,22,41.57,entry (LONG),+0.0000
2026-04-12 06:24:00,intraday,EWC,LONG,27,56.77,entry (LONG),+0.0000
2026-04-12 06:24:01,intraday,USO,LONG,17,124.83,entry (LONG),+0.0000
2026-04-12 06:24:02,intraday,XLI,LONG,12,171.51,entry (LONG),+0.0000
2026-04-12 06:24:03,intraday,XLU,LONG,82,46.95,entry (LONG),+0.0000
2026-04-12 06:24:15,swing,CIBR,SHORT,70,60.74,entry (SHORT),+0.0000
2026-04-12 06:24:17,swing,USMV,SHORT,152,92.75,entry (SHORT),+0.0000
2026-04-12 06:24:19,swing,EWY,SHORT,20,138.73,entry (SHORT),+0.0000
2026-04-12 06:24:23,swing,IBIT,SHORT,94,41.56,entry (SHORT),+0.0000
2026-04-12 06:25:08,intraday,GLD,LONG,10,437.17,entry (LONG),+0.0000
2026-04-12 06:25:09,intraday,IBIT,LONG,22,41.57,entry (LONG),+0.0000
2026-04-12 06:25:10,intraday,EWC,LONG,27,56.77,entry (LONG),+0.0000
2026-04-12 06:25:10,intraday,USO,LONG,17,124.83,entry (LONG),+0.0000
2026-04-12 06:25:12,intraday,XLI,LONG,12,171.51,entry (LONG),+0.0000
2026-04-12 06:25:12,intraday,XLU,LONG,82,46.95,entry (LONG),+0.0000
2026-04-12 06:26:18,intraday,GLD,LONG,10,437.17,entry (LONG),+0.0000
2026-04-12 06:26:19,intraday,IBIT,LONG,22,41.57,entry (LONG),+0.0000
2026-04-12 06:26:19,intraday,EWC,LONG,27,56.77,entry (LONG),+0.0000
2026-04-12 06:26:20,intraday,USO,LONG,17,124.83,entry (LONG),+0.0000
2026-04-12 06:26:21,intraday,XLI,LONG,12,171.51,entry (LONG),+0.0000
2026-04-12 06:26:22,intraday,XLU,LONG,82,46.95,entry (LONG),+0.0000
2026-04-12 06:27:28,intraday,GLD,LONG,10,437.17,entry (LONG),+0.0000
2026-04-12 06:27:29,intraday,IBIT,LONG,22,41.57,entry (LONG),+0.0000
2026-04-12 06:27:29,intraday,EWC,LONG,27,56.77,entry (LONG),+0.0000
2026-04-12 06:27:30,intraday,USO,LONG,17,124.83,entry (LONG),+0.0000
2026-04-12 06:27:31,intraday,XLI,LONG,12,171.51,entry (LONG),+0.0000
2026-04-12 06:27:32,intraday,XLU,LONG,82,46.95,entry (LONG),+0.0000
2026-04-12 06:28:38,intraday,GLD,LONG,10,437.17,entry (LONG),+0.0000
2026-04-12 06:28:39,intraday,IBIT,LONG,22,41.57,entry (LONG),+0.0000
2026-04-12 06:28:39,intraday,EWC,LONG,27,56.77,entry (LONG),+0.0000
2026-04-12 06:28:40,intraday,USO,LONG,17,124.83,entry (LONG),+0.0000
2026-04-12 06:28:41,intraday,XLI,LONG,12,171.51,entry (LONG),+0.0000
2026-04-12 06:28:42,intraday,XLU,LONG,82,46.95,entry (LONG),+0.0000
2026-04-12 06:29:39,swing,CIBR,SHORT,70,60.74,entry (SHORT),+0.0000
2026-04-12 06:29:41,swing,USMV,SHORT,152,92.75,entry (SHORT),+0.0000
2026-04-12 06:29:43,swing,EWY,SHORT,20,138.73,entry (SHORT),+0.0000
2026-04-12 06:29:47,intraday,GLD,LONG,10,437.17,entry (LONG),+0.0000
2026-04-12 06:29:48,swing,IBIT,SHORT,94,41.56,entry (SHORT),+0.0000
2026-04-12 06:29:48,intraday,IBIT,LONG,22,41.57,entry (LONG),+0.0000
2026-04-12 06:29:49,intraday,EWC,LONG,27,56.77,entry (LONG),+0.0000
2026-04-12 06:29:49,intraday,USO,LONG,17,124.83,entry (LONG),+0.0000
2026-04-12 06:29:50,intraday,XLI,LONG,12,171.51,entry (LONG),+0.0000
2026-04-12 06:29:51,intraday,XLU,LONG,82,46.95,entry (LONG),+0.0000
2026-04-12 06:30:57,intraday,GLD,LONG,10,437.17,entry (LONG),+0.0000
2026-04-12 06:30:57,intraday,IBIT,LONG,22,41.57,entry (LONG),+0.0000
2026-04-12 06:30:58,intraday,EWC,LONG,27,56.77,entry (LONG),+0.0000
2026-04-12 06:30:59,intraday,USO,LONG,17,124.83,entry (LONG),+0.0000
2026-04-12 06:31:00,intraday,XLI,LONG,12,171.51,entry (LONG),+0.0000
2026-04-12 06:31:01,intraday,XLU,LONG,82,46.95,entry (LONG),+0.0000
2026-04-12 06:32:06,intraday,GLD,LONG,10,437.17,entry (LONG),+0.0000
2026-04-12 06:32:07,intraday,IBIT,LONG,22,41.57,entry (LONG),+0.0000
2026-04-12 06:32:07,intraday,EWC,LONG,27,56.77,entry (LONG),+0.0000
2026-04-12 06:32:08,intraday,USO,LONG,17,124.83,entry (LONG),+0.0000
2026-04-12 06:32:09,intraday,XLI,LONG,12,171.51,entry (LONG),+0.0000
2026-04-12 06:32:10,intraday,XLU,LONG,82,46.95,entry (LONG),+0.0000
2026-04-12 06:33:17,intraday,GLD,LONG,10,437.17,entry (LONG),+0.0000
2026-04-12 06:33:18,intraday,IBIT,LONG,22,41.57,entry (LONG),+0.0000
2026-04-12 06:33:19,intraday,EWC,LONG,27,56.77,entry (LONG),+0.0000
2026-04-12 06:33:20,intraday,USO,LONG,17,124.83,entry (LONG),+0.0000
2026-04-12 06:33:21,intraday,XLI,LONG,12,171.51,entry (LONG),+0.0000
2026-04-12 06:33:22,intraday,XLU,LONG,82,46.95,entry (LONG),+0.0000
2026-04-12 06:34:27,intraday,GLD,LONG,10,437.17,entry (LONG),+0.0000
2026-04-12 06:34:28,intraday,IBIT,LONG,22,41.57,entry (LONG),+0.0000
2026-04-12 06:34:29,intraday,EWC,LONG,27,56.77,entry (LONG),+0.0000
2026-04-12 06:34:29,intraday,USO,LONG,17,124.83,entry (LONG),+0.0000
2026-04-12 06:34:31,intraday,XLI,LONG,12,171.51,entry (LONG),+0.0000
2026-04-12 06:34:31,intraday,XLU,LONG,82,46.95,entry (LONG),+0.0000
2026-04-12 06:35:08,swing,CIBR,SHORT,70,60.74,entry (SHORT),+0.0000
2026-04-12 06:35:10,swing,USMV,SHORT,152,92.75,entry (SHORT),+0.0000
2026-04-12 06:35:12,swing,EWY,SHORT,20,138.73,entry (SHORT),+0.0000
2026-04-12 06:35:17,swing,IBIT,SHORT,94,41.56,entry (SHORT),+0.0000
2026-04-12 06:35:36,intraday,GLD,LONG,10,437.17,entry (LONG),+0.0000
2026-04-12 06:35:37,intraday,IBIT,LONG,22,41.57,entry (LONG),+0.0000
2026-04-12 06:35:38,intraday,EWC,LONG,27,56.77,entry (LONG),+0.0000
2026-04-12 06:35:39,intraday,USO,LONG,17,124.83,entry (LONG),+0.0000
2026-04-12 06:35:40,intraday,XLI,LONG,12,171.51,entry (LONG),+0.0000
2026-04-12 06:35:41,intraday,XLU,LONG,82,46.95,entry (LONG),+0.0000
2026-04-12 06:36:46,intraday,GLD,LONG,10,437.17,entry (LONG),+0.0000
2026-04-12 06:36:46,intraday,IBIT,LONG,22,41.57,entry (LONG),+0.0000
2026-04-12 06:36:47,intraday,EWC,LONG,27,56.77,entry (LONG),+0.0000
2026-04-12 06:36:48,intraday,USO,LONG,17,124.83,entry (LONG),+0.0000
2026-04-12 06:36:49,intraday,XLI,LONG,12,171.51,entry (LONG),+0.0000
2026-04-12 06:36:50,intraday,XLU,LONG,82,46.95,entry (LONG),+0.0000
2026-04-12 06:37:55,intraday,GLD,LONG,10,437.17,entry (LONG),+0.0000
2026-04-12 06:37:56,intraday,IBIT,LONG,22,41.57,entry (LONG),+0.0000
2026-04-12 06:37:56,intraday,EWC,LONG,27,56.77,entry (LONG),+0.0000
2026-04-12 06:37:57,intraday,USO,LONG,17,124.83,entry (LONG),+0.0000
2026-04-12 06:37:58,intraday,XLI,LONG,12,171.51,entry (LONG),+0.0000
2026-04-12 06:37:59,intraday,XLU,LONG,82,46.95,entry (LONG),+0.0000
2026-04-12 06:39:04,intraday,GLD,LONG,10,437.17,entry (LONG),+0.0000
2026-04-12 06:39:05,intraday,IBIT,LONG,22,41.57,entry (LONG),+0.0000
2026-04-12 06:39:06,intraday,EWC,LONG,27,56.77,entry (LONG),+0.0000
2026-04-12 06:39:06,intraday,USO,LONG,17,124.83,entry (LONG),+0.0000
2026-04-12 06:39:08,intraday,XLI,LONG,12,171.51,entry (LONG),+0.0000
2026-04-12 06:39:08,intraday,XLU,LONG,82,46.95,entry (LONG),+0.0000
2026-04-12 06:40:14,intraday,GLD,LONG,10,437.17,entry (LONG),+0.0000
2026-04-12 06:40:14,intraday,IBIT,LONG,22,41.57,entry (LONG),+0.0000
2026-04-12 06:40:15,intraday,EWC,LONG,27,56.77,entry (LONG),+0.0000
2026-04-12 06:40:16,intraday,USO,LONG,17,124.83,entry (LONG),+0.0000
2026-04-12 06:40:17,intraday,XLI,LONG,12,171.51,entry (LONG),+0.0000
2026-04-12 06:40:18,intraday,XLU,LONG,82,46.95,entry (LONG),+0.0000
2026-04-12 06:40:33,swing,CIBR,SHORT,70,60.74,entry (SHORT),+0.0000
2026-04-12 06:40:35,swing,USMV,SHORT,152,92.75,entry (SHORT),+0.0000
2026-04-12 06:40:37,swing,EWY,SHORT,20,138.73,entry (SHORT),+0.0000
2026-04-12 06:40:41,swing,IBIT,SHORT,94,41.56,entry (SHORT),+0.0000
2026-04-12 06:41:23,intraday,GLD,LONG,10,437.17,entry (LONG),+0.0000
2026-04-12 06:41:24,intraday,IBIT,LONG,22,41.57,entry (LONG),+0.0000
2026-04-12 06:41:24,intraday,EWC,LONG,27,56.77,entry (LONG),+0.0000
2026-04-12 06:41:25,intraday,USO,LONG,17,124.83,entry (LONG),+0.0000
2026-04-12 06:41:26,intraday,XLI,LONG,12,171.51,entry (LONG),+0.0000
2026-04-12 06:41:27,intraday,XLU,LONG,82,46.95,entry (LONG),+0.0000
2026-04-12 06:42:32,intraday,GLD,LONG,10,437.17,entry (LONG),+0.0000
2026-04-12 06:42:33,intraday,IBIT,LONG,22,41.57,entry (LONG),+0.0000
2026-04-12 06:42:34,intraday,EWC,LONG,27,56.77,entry (LONG),+0.0000
2026-04-12 06:42:34,intraday,USO,LONG,17,124.83,entry (LONG),+0.0000
2026-04-12 06:42:36,intraday,XLI,LONG,12,171.51,entry (LONG),+0.0000
2026-04-12 06:42:36,intraday,XLU,LONG,82,46.95,entry (LONG),+0.0000
2026-04-12 06:43:41,intraday,GLD,LONG,10,437.17,entry (LONG),+0.0000
2026-04-12 06:43:42,intraday,IBIT,LONG,22,41.57,entry (LONG),+0.0000
2026-04-12 06:43:43,intraday,EWC,LONG,27,56.77,entry (LONG),+0.0000
2026-04-12 06:43:44,intraday,USO,LONG,17,124.83,entry (LONG),+0.0000
2026-04-12 06:43:45,intraday,XLI,LONG,12,171.51,entry (LONG),+0.0000
2026-04-12 06:43:46,intraday,XLU,LONG,82,46.95,entry (LONG),+0.0000
2026-04-12 06:44:52,intraday,GLD,LONG,10,437.17,entry (LONG),+0.0000
2026-04-12 06:44:53,intraday,IBIT,LONG,22,41.57,entry (LONG),+0.0000
2026-04-12 06:44:54,intraday,EWC,LONG,27,56.77,entry (LONG),+0.0000
2026-04-12 06:44:54,intraday,USO,LONG,17,124.83,entry (LONG),+0.0000
2026-04-12 06:44:56,intraday,XLI,LONG,12,171.51,entry (LONG),+0.0000
2026-04-12 06:44:56,intraday,XLU,LONG,82,46.95,entry (LONG),+0.0000
2026-04-12 06:45:57,swing,CIBR,SHORT,70,60.74,entry (SHORT),+0.0000
2026-04-12 06:45:59,swing,USMV,SHORT,152,92.75,entry (SHORT),+0.0000
2026-04-12 06:46:02,swing,EWY,SHORT,20,138.73,entry (SHORT),+0.0000
2026-04-12 06:46:03,intraday,GLD,LONG,10,437.17,entry (LONG),+0.0000
2026-04-12 06:46:03,intraday,IBIT,LONG,22,41.57,entry (LONG),+0.0000
2026-04-12 06:46:04,intraday,EWC,LONG,27,56.77,entry (LONG),+0.0000
2026-04-12 06:46:05,intraday,USO,LONG,17,124.83,entry (LONG),+0.0000
2026-04-12 06:46:06,intraday,XLI,LONG,12,171.51,entry (LONG),+0.0000
2026-04-12 06:46:07,swing,IBIT,SHORT,94,41.56,entry (SHORT),+0.0000
2026-04-12 06:46:07,intraday,XLU,LONG,82,46.95,entry (LONG),+0.0000
2026-04-12 06:47:12,intraday,GLD,LONG,10,437.17,entry (LONG),+0.0000
2026-04-12 06:47:13,intraday,IBIT,LONG,22,41.57,entry (LONG),+0.0000
2026-04-12 06:47:14,intraday,EWC,LONG,27,56.77,entry (LONG),+0.0000
2026-04-12 06:47:14,intraday,USO,LONG,17,124.83,entry (LONG),+0.0000
2026-04-12 06:47:15,intraday,XLI,LONG,12,171.51,entry (LONG),+0.0000
2026-04-12 06:47:16,intraday,XLU,LONG,82,46.95,entry (LONG),+0.0000
2026-04-12 06:48:21,intraday,GLD,LONG,10,437.17,entry (LONG),+0.0000
2026-04-12 06:48:22,intraday,IBIT,LONG,22,41.57,entry (LONG),+0.0000
2026-04-12 06:48:23,intraday,EWC,LONG,27,56.77,entry (LONG),+0.0000
2026-04-12 06:48:23,intraday,USO,LONG,17,124.83,entry (LONG),+0.0000
2026-04-12 06:48:24,intraday,XLI,LONG,12,171.51,entry (LONG),+0.0000
2026-04-12 06:48:25,intraday,XLU,LONG,82,46.95,entry (LONG),+0.0000
2026-04-12 06:49:32,intraday,GLD,LONG,10,437.17,entry (LONG),+0.0000
2026-04-12 06:49:33,intraday,IBIT,LONG,22,41.57,entry (LONG),+0.0000
2026-04-12 06:49:33,intraday,EWC,LONG,27,56.77,entry (LONG),+0.0000
2026-04-12 06:49:34,intraday,USO,LONG,17,124.83,entry (LONG),+0.0000
2026-04-12 06:49:35,intraday,XLI,LONG,12,171.51,entry (LONG),+0.0000
2026-04-12 06:49:36,intraday,XLU,LONG,82,46.95,entry (LONG),+0.0000
2026-04-12 06:50:41,intraday,GLD,LONG,10,437.17,entry (LONG),+0.0000
2026-04-12 06:50:42,intraday,IBIT,LONG,22,41.57,entry (LONG),+0.0000
2026-04-12 06:50:42,intraday,EWC,LONG,27,56.77,entry (LONG),+0.0000
2026-04-12 06:50:43,intraday,USO,LONG,17,124.83,entry (LONG),+0.0000
2026-04-12 06:50:44,intraday,XLI,LONG,12,171.51,entry (LONG),+0.0000
2026-04-12 06:50:45,intraday,XLU,LONG,82,46.95,entry (LONG),+0.0000
2026-04-12 06:51:24,swing,CIBR,SHORT,70,60.74,entry (SHORT),+0.0000
2026-04-12 06:51:26,swing,USMV,SHORT,152,92.75,entry (SHORT),+0.0000
2026-04-12 06:51:28,swing,EWY,SHORT,20,138.73,entry (SHORT),+0.0000
2026-04-12 06:51:32,swing,IBIT,SHORT,94,41.56,entry (SHORT),+0.0000
2026-04-12 06:51:50,intraday,GLD,LONG,10,437.17,entry (LONG),+0.0000
2026-04-12 06:51:51,intraday,IBIT,LONG,22,41.57,entry (LONG),+0.0000
2026-04-12 06:51:52,intraday,EWC,LONG,27,56.77,entry (LONG),+0.0000
2026-04-12 06:51:52,intraday,USO,LONG,17,124.83,entry (LONG),+0.0000
2026-04-12 06:51:54,intraday,XLI,LONG,12,171.51,entry (LONG),+0.0000
2026-04-12 06:51:54,intraday,XLU,LONG,82,46.95,entry (LONG),+0.0000
2026-04-12 06:52:59,intraday,GLD,LONG,10,437.17,entry (LONG),+0.0000
2026-04-12 06:53:00,intraday,IBIT,LONG,22,41.57,entry (LONG),+0.0000
2026-04-12 06:53:01,intraday,EWC,LONG,27,56.77,entry (LONG),+0.0000
2026-04-12 06:53:02,intraday,USO,LONG,17,124.83,entry (LONG),+0.0000
2026-04-12 06:53:03,intraday,XLI,LONG,12,171.51,entry (LONG),+0.0000
2026-04-12 06:53:04,intraday,XLU,LONG,82,46.95,entry (LONG),+0.0000
2026-04-12 06:54:09,intraday,GLD,LONG,10,437.17,entry (LONG),+0.0000
2026-04-12 06:54:10,intraday,IBIT,LONG,22,41.57,entry (LONG),+0.0000
2026-04-12 06:54:10,intraday,EWC,LONG,27,56.77,entry (LONG),+0.0000
2026-04-12 06:54:11,intraday,USO,LONG,17,124.83,entry (LONG),+0.0000
2026-04-12 06:54:12,intraday,XLI,LONG,12,171.51,entry (LONG),+0.0000
2026-04-12 06:54:13,intraday,XLU,LONG,82,46.95,entry (LONG),+0.0000
2026-04-12 06:55:18,intraday,GLD,LONG,10,437.17,entry (LONG),+0.0000
2026-04-12 06:55:19,intraday,IBIT,LONG,22,41.57,entry (LONG),+0.0000
2026-04-12 06:55:20,intraday,EWC,LONG,27,56.77,entry (LONG),+0.0000
2026-04-12 06:55:20,intraday,USO,LONG,17,124.83,entry (LONG),+0.0000
2026-04-12 06:55:22,intraday,XLI,LONG,12,171.51,entry (LONG),+0.0000
2026-04-12 06:55:23,intraday,XLU,LONG,82,46.95,entry (LONG),+0.0000
2026-04-12 06:56:28,intraday,GLD,LONG,10,437.17,entry (LONG),+0.0000
2026-04-12 06:56:29,intraday,IBIT,LONG,22,41.57,entry (LONG),+0.0000
2026-04-12 06:56:30,intraday,EWC,LONG,27,56.77,entry (LONG),+0.0000
2026-04-12 06:56:30,intraday,USO,LONG,17,124.83,entry (LONG),+0.0000
2026-04-12 06:56:31,intraday,XLI,LONG,12,171.51,entry (LONG),+0.0000
2026-04-12 06:56:32,intraday,XLU,LONG,82,46.95,entry (LONG),+0.0000
2026-04-12 06:56:48,swing,CIBR,SHORT,70,60.74,entry (SHORT),+0.0000
2026-04-12 06:56:49,swing,USMV,SHORT,152,92.75,entry (SHORT),+0.0000
2026-04-12 06:56:52,swing,EWY,SHORT,20,138.73,entry (SHORT),+0.0000
2026-04-12 06:56:56,swing,IBIT,SHORT,94,41.56,entry (SHORT),+0.0000
2026-04-12 06:57:37,intraday,GLD,LONG,10,437.17,entry (LONG),+0.0000
2026-04-12 06:57:38,intraday,IBIT,LONG,22,41.57,entry (LONG),+0.0000
2026-04-12 06:57:39,intraday,EWC,LONG,27,56.77,entry (LONG),+0.0000
2026-04-12 06:57:40,intraday,USO,LONG,17,124.83,entry (LONG),+0.0000
2026-04-12 06:57:41,intraday,XLI,LONG,12,171.51,entry (LONG),+0.0000
2026-04-12 06:57:42,intraday,XLU,LONG,82,46.95,entry (LONG),+0.0000
2026-04-12 06:58:47,intraday,GLD,LONG,10,437.17,entry (LONG),+0.0000
2026-04-12 06:58:47,intraday,IBIT,LONG,22,41.57,entry (LONG),+0.0000
2026-04-12 06:58:48,intraday,EWC,LONG,27,56.77,entry (LONG),+0.0000
2026-04-12 06:58:49,intraday,USO,LONG,17,124.83,entry (LONG),+0.0000
2026-04-12 06:58:50,intraday,XLI,LONG,12,171.51,entry (LONG),+0.0000
2026-04-12 06:58:51,intraday,XLU,LONG,82,46.95,entry (LONG),+0.0000
2026-04-12 06:59:56,intraday,GLD,LONG,10,437.17,entry (LONG),+0.0000
2026-04-12 06:59:57,intraday,IBIT,LONG,22,41.57,entry (LONG),+0.0000
2026-04-12 06:59:58,intraday,EWC,LONG,27,56.77,entry (LONG),+0.0000
2026-04-12 06:59:58,intraday,USO,LONG,17,124.83,entry (LONG),+0.0000
2026-04-12 06:59:59,intraday,XLI,LONG,12,171.51,entry (LONG),+0.0000
2026-04-12 07:00:00,intraday,XLU,LONG,82,46.95,entry (LONG),+0.0000
2026-04-12 07:01:05,intraday,GLD,LONG,10,437.17,entry (LONG),+0.0000
2026-04-12 07:01:06,intraday,IBIT,LONG,22,41.57,entry (LONG),+0.0000
2026-04-12 07:01:07,intraday,EWC,LONG,27,56.77,entry (LONG),+0.0000
2026-04-12 07:01:08,intraday,USO,LONG,17,124.83,entry (LONG),+0.0000
2026-04-12 07:01:09,intraday,XLI,LONG,12,171.51,entry (LONG),+0.0000
2026-04-12 07:01:10,intraday,XLU,LONG,82,46.95,entry (LONG),+0.0000
2026-04-12 07:02:15,intraday,GLD,LONG,10,437.17,entry (LONG),+0.0000
2026-04-12 07:02:16,intraday,IBIT,LONG,22,41.57,entry (LONG),+0.0000
2026-04-12 07:02:17,intraday,EWC,LONG,27,56.77,entry (LONG),+0.0000
2026-04-12 07:02:17,intraday,USO,LONG,17,124.83,entry (LONG),+0.0000
2026-04-12 07:02:18,swing,CIBR,SHORT,70,60.74,entry (SHORT),+0.0000
2026-04-12 07:02:19,intraday,XLI,LONG,12,171.51,entry (LONG),+0.0000
2026-04-12 07:02:19,intraday,XLU,LONG,82,46.95,entry (LONG),+0.0000
2026-04-12 07:02:20,swing,USMV,SHORT,152,92.75,entry (SHORT),+0.0000
2026-04-12 07:02:22,swing,EWY,SHORT,20,138.73,entry (SHORT),+0.0000
2026-04-12 07:02:26,swing,IBIT,SHORT,94,41.56,entry (SHORT),+0.0000
2026-04-12 07:03:24,intraday,GLD,LONG,10,437.17,entry (LONG),+0.0000
2026-04-12 07:03:25,intraday,IBIT,LONG,22,41.57,entry (LONG),+0.0000
2026-04-12 07:03:26,intraday,EWC,LONG,27,56.77,entry (LONG),+0.0000
2026-04-12 07:03:27,intraday,USO,LONG,17,124.83,entry (LONG),+0.0000
2026-04-12 07:03:28,intraday,XLI,LONG,12,171.51,entry (LONG),+0.0000
2026-04-12 07:03:29,intraday,XLU,LONG,82,46.95,entry (LONG),+0.0000
2026-04-12 07:04:33,intraday,GLD,LONG,10,437.17,entry (LONG),+0.0000
2026-04-12 07:04:34,intraday,IBIT,LONG,22,41.57,entry (LONG),+0.0000
2026-04-12 07:04:35,intraday,EWC,LONG,27,56.77,entry (LONG),+0.0000
2026-04-12 07:04:38,intraday,USO,LONG,17,124.83,entry (LONG),+0.0000
2026-04-12 07:04:39,intraday,XLI,LONG,12,171.51,entry (LONG),+0.0000
2026-04-12 07:04:40,intraday,XLU,LONG,82,46.95,entry (LONG),+0.0000
2026-04-12 07:05:45,intraday,GLD,LONG,10,437.17,entry (LONG),+0.0000
2026-04-12 07:05:46,intraday,IBIT,LONG,22,41.57,entry (LONG),+0.0000
2026-04-12 07:05:47,intraday,EWC,LONG,27,56.77,entry (LONG),+0.0000
2026-04-12 07:05:47,intraday,USO,LONG,17,124.83,entry (LONG),+0.0000
2026-04-12 07:05:49,intraday,XLI,LONG,12,171.51,entry (LONG),+0.0000
2026-04-12 07:05:50,intraday,XLU,LONG,82,46.95,entry (LONG),+0.0000
2026-04-12 07:06:54,intraday,GLD,LONG,10,437.17,entry (LONG),+0.0000
2026-04-12 07:06:55,intraday,IBIT,LONG,22,41.57,entry (LONG),+0.0000
2026-04-12 07:06:56,intraday,EWC,LONG,27,56.77,entry (LONG),+0.0000
2026-04-12 07:06:57,intraday,USO,LONG,17,124.83,entry (LONG),+0.0000
2026-04-12 07:06:58,intraday,XLI,LONG,12,171.51,entry (LONG),+0.0000
2026-04-12 07:06:59,intraday,XLU,LONG,82,46.95,entry (LONG),+0.0000
2026-04-12 07:07:42,swing,CIBR,SHORT,70,60.74,entry (SHORT),+0.0000
2026-04-12 07:07:44,swing,USMV,SHORT,152,92.75,entry (SHORT),+0.0000
2026-04-12 07:07:47,swing,EWY,SHORT,20,138.73,entry (SHORT),+0.0000
2026-04-12 07:07:52,swing,IBIT,SHORT,94,41.56,entry (SHORT),+0.0000
2026-04-12 07:08:03,intraday,GLD,LONG,10,437.17,entry (LONG),+0.0000
2026-04-12 07:08:04,intraday,IBIT,LONG,22,41.57,entry (LONG),+0.0000
2026-04-12 07:08:05,intraday,EWC,LONG,27,56.77,entry (LONG),+0.0000
2026-04-12 07:08:06,intraday,USO,LONG,17,124.83,entry (LONG),+0.0000
2026-04-12 07:08:07,intraday,XLI,LONG,12,171.51,entry (LONG),+0.0000
2026-04-12 07:08:08,intraday,XLU,LONG,82,46.95,entry (LONG),+0.0000
2026-04-12 07:09:13,intraday,GLD,LONG,10,437.17,entry (LONG),+0.0000
2026-04-12 07:09:13,intraday,IBIT,LONG,22,41.57,entry (LONG),+0.0000
2026-04-12 07:09:14,intraday,EWC,LONG,27,56.77,entry (LONG),+0.0000
2026-04-12 07:09:15,intraday,USO,LONG,17,124.83,entry (LONG),+0.0000
2026-04-12 07:09:16,intraday,XLI,LONG,12,171.51,entry (LONG),+0.0000
2026-04-12 07:09:17,intraday,XLU,LONG,82,46.95,entry (LONG),+0.0000
2026-04-12 07:10:22,intraday,GLD,LONG,10,437.17,entry (LONG),+0.0000
2026-04-12 07:10:23,intraday,IBIT,LONG,22,41.57,entry (LONG),+0.0000
2026-04-12 07:10:23,intraday,EWC,LONG,27,56.77,entry (LONG),+0.0000
2026-04-12 07:10:24,intraday,USO,LONG,17,124.83,entry (LONG),+0.0000
2026-04-12 07:10:25,intraday,XLI,LONG,12,171.51,entry (LONG),+0.0000
2026-04-12 07:10:26,intraday,XLU,LONG,82,46.95,entry (LONG),+0.0000
2026-04-12 07:11:32,intraday,GLD,LONG,10,437.17,entry (LONG),+0.0000
2026-04-12 07:11:33,intraday,IBIT,LONG,22,41.57,entry (LONG),+0.0000
2026-04-12 07:11:33,intraday,EWC,LONG,27,56.77,entry (LONG),+0.0000
2026-04-12 07:11:34,intraday,USO,LONG,17,124.83,entry (LONG),+0.0000
2026-04-12 07:11:35,intraday,XLI,LONG,12,171.51,entry (LONG),+0.0000
2026-04-12 07:11:36,intraday,XLU,LONG,82,46.95,entry (LONG),+0.0000
2026-04-12 07:12:42,intraday,GLD,LONG,10,437.17,entry (LONG),+0.0000
2026-04-12 07:12:43,intraday,IBIT,LONG,22,41.57,entry (LONG),+0.0000
2026-04-12 07:12:44,intraday,EWC,LONG,27,56.77,entry (LONG),+0.0000
2026-04-12 07:12:45,intraday,USO,LONG,17,124.83,entry (LONG),+0.0000
2026-04-12 07:12:46,intraday,XLI,LONG,12,171.51,entry (LONG),+0.0000
2026-04-12 07:12:47,intraday,XLU,LONG,82,46.95,entry (LONG),+0.0000
2026-04-12 07:13:09,swing,CIBR,SHORT,70,60.74,entry (SHORT),+0.0000
2026-04-12 07:13:10,swing,USMV,SHORT,152,92.75,entry (SHORT),+0.0000
2026-04-12 07:13:12,swing,EWY,SHORT,20,138.73,entry (SHORT),+0.0000
2026-04-12 07:13:17,swing,IBIT,SHORT,94,41.56,entry (SHORT),+0.0000
2026-04-12 07:13:51,intraday,GLD,LONG,10,437.17,entry (LONG),+0.0000
2026-04-12 07:13:52,intraday,IBIT,LONG,22,41.57,entry (LONG),+0.0000
2026-04-12 07:13:53,intraday,EWC,LONG,27,56.77,entry (LONG),+0.0000
2026-04-12 07:13:54,intraday,USO,LONG,17,124.83,entry (LONG),+0.0000
2026-04-12 07:13:55,intraday,XLI,LONG,12,171.51,entry (LONG),+0.0000
2026-04-12 07:13:56,intraday,XLU,LONG,82,46.95,entry (LONG),+0.0000
2026-04-12 07:15:01,intraday,GLD,LONG,10,437.17,entry (LONG),+0.0000
2026-04-12 07:15:02,intraday,IBIT,LONG,22,41.57,entry (LONG),+0.0000
2026-04-12 07:15:03,intraday,EWC,LONG,27,56.77,entry (LONG),+0.0000
2026-04-12 07:15:04,intraday,USO,LONG,17,124.83,entry (LONG),+0.0000
2026-04-12 07:15:05,intraday,XLI,LONG,12,171.51,entry (LONG),+0.0000
2026-04-12 07:15:06,intraday,XLU,LONG,82,46.95,entry (LONG),+0.0000
2026-04-12 07:16:10,intraday,GLD,LONG,10,437.17,entry (LONG),+0.0000
2026-04-12 07:16:11,intraday,IBIT,LONG,22,41.57,entry (LONG),+0.0000
2026-04-12 07:16:12,intraday,EWC,LONG,27,56.77,entry (LONG),+0.0000
2026-04-12 07:16:13,intraday,USO,LONG,17,124.83,entry (LONG),+0.0000
2026-04-12 07:16:14,intraday,XLI,LONG,12,171.51,entry (LONG),+0.0000
2026-04-12 07:16:15,intraday,XLU,LONG,82,46.95,entry (LONG),+0.0000
2026-04-12 07:17:40,intraday,GLD,LONG,10,437.17,entry (LONG),+0.0000
2026-04-12 07:17:41,intraday,IBIT,LONG,22,41.57,entry (LONG),+0.0000
2026-04-12 07:17:42,intraday,EWC,LONG,27,56.77,entry (LONG),+0.0000
2026-04-12 07:17:42,intraday,USO,LONG,17,124.83,entry (LONG),+0.0000
2026-04-12 07:17:43,intraday,XLI,LONG,12,171.51,entry (LONG),+0.0000
2026-04-12 07:17:44,intraday,XLU,LONG,82,46.95,entry (LONG),+0.0000
2026-04-12 07:18:34,swing,CIBR,SHORT,70,60.74,entry (SHORT),+0.0000
2026-04-12 07:18:36,swing,USMV,SHORT,152,92.75,entry (SHORT),+0.0000
2026-04-12 07:18:38,swing,EWY,SHORT,20,138.73,entry (SHORT),+0.0000
2026-04-12 07:18:43,swing,IBIT,SHORT,94,41.56,entry (SHORT),+0.0000
2026-04-12 07:18:49,intraday,GLD,LONG,10,437.17,entry (LONG),+0.0000
2026-04-12 07:18:50,intraday,IBIT,LONG,22,41.57,entry (LONG),+0.0000
2026-04-12 07:18:50,intraday,EWC,LONG,27,56.77,entry (LONG),+0.0000
2026-04-12 07:18:51,intraday,USO,LONG,17,124.83,entry (LONG),+0.0000
2026-04-12 07:18:52,intraday,XLI,LONG,12,171.51,entry (LONG),+0.0000
2026-04-12 07:18:53,intraday,XLU,LONG,82,46.95,entry (LONG),+0.0000
2026-04-12 07:19:58,intraday,GLD,LONG,10,437.17,entry (LONG),+0.0000
2026-04-12 07:19:59,intraday,IBIT,LONG,22,41.57,entry (LONG),+0.0000
2026-04-12 07:20:00,intraday,EWC,LONG,27,56.77,entry (LONG),+0.0000
2026-04-12 07:20:01,intraday,USO,LONG,17,124.83,entry (LONG),+0.0000
2026-04-12 07:20:02,intraday,XLI,LONG,12,171.51,entry (LONG),+0.0000
2026-04-12 07:20:03,intraday,XLU,LONG,82,46.95,entry (LONG),+0.0000
2026-04-12 07:21:08,intraday,GLD,LONG,10,437.17,entry (LONG),+0.0000
2026-04-12 07:21:08,intraday,IBIT,LONG,22,41.57,entry (LONG),+0.0000
2026-04-12 07:21:09,intraday,EWC,LONG,27,56.77,entry (LONG),+0.0000
2026-04-12 07:21:10,intraday,USO,LONG,17,124.83,entry (LONG),+0.0000
2026-04-12 07:21:11,intraday,XLI,LONG,12,171.51,entry (LONG),+0.0000
2026-04-12 07:21:12,intraday,XLU,LONG,82,46.95,entry (LONG),+0.0000
2026-04-12 07:22:17,intraday,GLD,LONG,10,437.17,entry (LONG),+0.0000
2026-04-12 07:22:18,intraday,IBIT,LONG,22,41.57,entry (LONG),+0.0000
2026-04-12 07:22:18,intraday,EWC,LONG,27,56.77,entry (LONG),+0.0000
2026-04-12 07:22:19,intraday,USO,LONG,17,124.83,entry (LONG),+0.0000
2026-04-12 07:22:20,intraday,XLI,LONG,12,171.51,entry (LONG),+0.0000
2026-04-12 07:22:21,intraday,XLU,LONG,82,46.95,entry (LONG),+0.0000
2026-04-12 07:23:26,intraday,GLD,LONG,10,437.17,entry (LONG),+0.0000
2026-04-12 07:23:27,intraday,IBIT,LONG,22,41.57,entry (LONG),+0.0000
2026-04-12 07:23:28,intraday,EWC,LONG,27,56.77,entry (LONG),+0.0000
2026-04-12 07:23:28,intraday,USO,LONG,17,124.83,entry (LONG),+0.0000
2026-04-12 07:23:29,intraday,XLI,LONG,12,171.51,entry (LONG),+0.0000
2026-04-12 07:23:30,intraday,XLU,LONG,82,46.95,entry (LONG),+0.0000
2026-04-12 07:24:04,swing,CIBR,SHORT,70,60.74,entry (SHORT),+0.0000
2026-04-12 07:24:07,swing,USMV,SHORT,152,92.75,entry (SHORT),+0.0000
2026-04-12 07:24:09,swing,EWY,SHORT,20,138.73,entry (SHORT),+0.0000
2026-04-12 07:24:14,swing,IBIT,SHORT,94,41.56,entry (SHORT),+0.0000
2026-04-12 07:24:35,intraday,GLD,LONG,10,437.17,entry (LONG),+0.0000
2026-04-12 07:24:36,intraday,IBIT,LONG,22,41.57,entry (LONG),+0.0000
2026-04-12 07:24:37,intraday,EWC,LONG,27,56.77,entry (LONG),+0.0000
2026-04-12 07:24:38,intraday,USO,LONG,17,124.83,entry (LONG),+0.0000
2026-04-12 07:24:39,intraday,XLI,LONG,12,171.51,entry (LONG),+0.0000
2026-04-12 07:24:39,intraday,XLU,LONG,82,46.95,entry (LONG),+0.0000
2026-04-12 07:25:44,intraday,GLD,LONG,10,437.17,entry (LONG),+0.0000
2026-04-12 07:25:45,intraday,IBIT,LONG,22,41.57,entry (LONG),+0.0000
2026-04-12 07:25:46,intraday,EWC,LONG,27,56.77,entry (LONG),+0.0000
2026-04-12 07:25:47,intraday,USO,LONG,17,124.83,entry (LONG),+0.0000
2026-04-12 07:25:48,intraday,XLI,LONG,12,171.51,entry (LONG),+0.0000
2026-04-12 07:25:48,intraday,XLU,LONG,82,46.95,entry (LONG),+0.0000
2026-04-12 07:26:53,intraday,GLD,LONG,10,437.17,entry (LONG),+0.0000
2026-04-12 07:26:54,intraday,IBIT,LONG,22,41.57,entry (LONG),+0.0000
2026-04-12 07:26:55,intraday,EWC,LONG,27,56.77,entry (LONG),+0.0000
2026-04-12 07:26:56,intraday,USO,LONG,17,124.83,entry (LONG),+0.0000
2026-04-12 07:26:57,intraday,XLI,LONG,12,171.51,entry (LONG),+0.0000
2026-04-12 07:26:57,intraday,XLU,LONG,82,46.95,entry (LONG),+0.0000
2026-04-12 07:28:03,intraday,GLD,LONG,10,437.17,entry (LONG),+0.0000
2026-04-12 07:28:03,intraday,IBIT,LONG,22,41.57,entry (LONG),+0.0000
2026-04-12 07:28:05,intraday,EWC,LONG,27,56.77,entry (LONG),+0.0000
2026-04-12 07:28:05,intraday,USO,LONG,17,124.83,entry (LONG),+0.0000
2026-04-12 07:28:07,intraday,XLI,LONG,12,171.51,entry (LONG),+0.0000
2026-04-12 07:28:07,intraday,XLU,LONG,82,46.95,entry (LONG),+0.0000
2026-04-12 07:29:12,intraday,GLD,LONG,10,437.17,entry (LONG),+0.0000
2026-04-12 07:29:13,intraday,IBIT,LONG,22,41.57,entry (LONG),+0.0000
2026-04-12 07:29:14,intraday,EWC,LONG,27,56.77,entry (LONG),+0.0000
2026-04-12 07:29:15,intraday,USO,LONG,17,124.83,entry (LONG),+0.0000
2026-04-12 07:29:16,intraday,XLI,LONG,12,171.51,entry (LONG),+0.0000
2026-04-12 07:29:17,intraday,XLU,LONG,82,46.95,entry (LONG),+0.0000
2026-04-12 07:29:29,swing,CIBR,SHORT,70,60.74,entry (SHORT),+0.0000
2026-04-12 07:29:31,swing,USMV,SHORT,152,92.75,entry (SHORT),+0.0000
2026-04-12 07:29:32,swing,EWY,SHORT,20,138.73,entry (SHORT),+0.0000
2026-04-12 07:29:37,swing,IBIT,SHORT,94,41.56,entry (SHORT),+0.0000
2026-04-12 07:30:22,intraday,GLD,LONG,10,437.17,entry (LONG),+0.0000
2026-04-12 07:30:22,intraday,IBIT,LONG,22,41.57,entry (LONG),+0.0000
2026-04-12 07:30:23,intraday,EWC,LONG,27,56.77,entry (LONG),+0.0000
2026-04-12 07:30:24,intraday,USO,LONG,17,124.83,entry (LONG),+0.0000
2026-04-12 07:30:25,intraday,XLI,LONG,12,171.51,entry (LONG),+0.0000
2026-04-12 07:30:26,intraday,XLU,LONG,82,46.95,entry (LONG),+0.0000
2026-04-12 07:31:31,intraday,GLD,LONG,10,437.17,entry (LONG),+0.0000
2026-04-12 07:31:32,intraday,IBIT,LONG,22,41.57,entry (LONG),+0.0000
2026-04-12 07:31:32,intraday,EWC,LONG,27,56.77,entry (LONG),+0.0000
2026-04-12 07:31:33,intraday,USO,LONG,17,124.83,entry (LONG),+0.0000
2026-04-12 07:31:34,intraday,XLI,LONG,12,171.51,entry (LONG),+0.0000
2026-04-12 07:31:35,intraday,XLU,LONG,82,46.95,entry (LONG),+0.0000
2026-04-12 07:32:40,intraday,GLD,LONG,10,437.17,entry (LONG),+0.0000
2026-04-12 07:32:41,intraday,IBIT,LONG,22,41.57,entry (LONG),+0.0000
2026-04-12 07:32:42,intraday,EWC,LONG,27,56.77,entry (LONG),+0.0000
2026-04-12 07:32:42,intraday,USO,LONG,17,124.83,entry (LONG),+0.0000
2026-04-12 07:32:43,intraday,XLI,LONG,12,171.51,entry (LONG),+0.0000
2026-04-12 07:32:44,intraday,XLU,LONG,82,46.95,entry (LONG),+0.0000
2026-04-12 07:33:49,intraday,GLD,LONG,10,437.17,entry (LONG),+0.0000
2026-04-12 07:33:50,intraday,IBIT,LONG,22,41.57,entry (LONG),+0.0000
2026-04-12 07:33:50,intraday,EWC,LONG,27,56.77,entry (LONG),+0.0000
2026-04-12 07:33:51,intraday,USO,LONG,17,124.83,entry (LONG),+0.0000
2026-04-12 07:33:52,intraday,XLI,LONG,12,171.51,entry (LONG),+0.0000
2026-04-12 07:33:53,intraday,XLU,LONG,82,46.95,entry (LONG),+0.0000
2026-04-12 07:34:53,swing,CIBR,SHORT,70,60.74,entry (SHORT),+0.0000
2026-04-12 07:34:55,swing,USMV,SHORT,152,92.75,entry (SHORT),+0.0000
2026-04-12 07:34:57,swing,EWY,SHORT,20,138.73,entry (SHORT),+0.0000
2026-04-12 07:34:58,intraday,GLD,LONG,10,437.17,entry (LONG),+0.0000
2026-04-12 07:34:59,intraday,IBIT,LONG,22,41.57,entry (LONG),+0.0000
2026-04-12 07:35:01,intraday,EWC,LONG,27,56.77,entry (LONG),+0.0000
2026-04-12 07:35:01,swing,IBIT,SHORT,94,41.56,entry (SHORT),+0.0000
2026-04-12 07:35:02,intraday,USO,LONG,17,124.83,entry (LONG),+0.0000
2026-04-12 07:35:03,intraday,XLI,LONG,12,171.51,entry (LONG),+0.0000
2026-04-12 07:35:04,intraday,XLU,LONG,82,46.95,entry (LONG),+0.0000
2026-04-12 07:36:09,intraday,GLD,LONG,10,437.17,entry (LONG),+0.0000
2026-04-12 07:36:09,intraday,IBIT,LONG,22,41.57,entry (LONG),+0.0000
2026-04-12 07:36:10,intraday,EWC,LONG,27,56.77,entry (LONG),+0.0000
2026-04-12 07:36:11,intraday,USO,LONG,17,124.83,entry (LONG),+0.0000
2026-04-12 07:36:12,intraday,XLI,LONG,12,171.51,entry (LONG),+0.0000
2026-04-12 07:36:13,intraday,XLU,LONG,82,46.95,entry (LONG),+0.0000
2026-04-12 07:37:18,intraday,GLD,LONG,10,437.17,entry (LONG),+0.0000
2026-04-12 07:37:19,intraday,IBIT,LONG,22,41.57,entry (LONG),+0.0000
2026-04-12 07:37:19,intraday,EWC,LONG,27,56.77,entry (LONG),+0.0000
2026-04-12 07:37:20,intraday,USO,LONG,17,124.83,entry (LONG),+0.0000
2026-04-12 07:37:21,intraday,XLI,LONG,12,171.51,entry (LONG),+0.0000
2026-04-12 07:37:22,intraday,XLU,LONG,82,46.95,entry (LONG),+0.0000
2026-04-12 07:38:27,intraday,GLD,LONG,10,437.17,entry (LONG),+0.0000
2026-04-12 07:38:28,intraday,IBIT,LONG,22,41.57,entry (LONG),+0.0000
2026-04-12 07:38:29,intraday,EWC,LONG,27,56.77,entry (LONG),+0.0000
2026-04-12 07:38:30,intraday,USO,LONG,17,124.83,entry (LONG),+0.0000
2026-04-12 07:38:31,intraday,XLI,LONG,12,171.51,entry (LONG),+0.0000
2026-04-12 07:38:31,intraday,XLU,LONG,82,46.95,entry (LONG),+0.0000
2026-04-12 07:39:36,intraday,GLD,LONG,10,437.17,entry (LONG),+0.0000
2026-04-12 07:39:37,intraday,IBIT,LONG,22,41.57,entry (LONG),+0.0000
2026-04-12 07:39:38,intraday,EWC,LONG,27,56.77,entry (LONG),+0.0000
2026-04-12 07:39:39,intraday,USO,LONG,17,124.83,entry (LONG),+0.0000
2026-04-12 07:39:40,intraday,XLI,LONG,12,171.51,entry (LONG),+0.0000
2026-04-12 07:39:41,intraday,XLU,LONG,82,46.95,entry (LONG),+0.0000
2026-04-12 07:40:21,swing,CIBR,SHORT,70,60.74,entry (SHORT),+0.0000
2026-04-12 07:40:22,swing,USMV,SHORT,152,92.75,entry (SHORT),+0.0000
2026-04-12 07:40:24,swing,EWY,SHORT,20,138.73,entry (SHORT),+0.0000
2026-04-12 07:40:29,swing,IBIT,SHORT,94,41.56,entry (SHORT),+0.0000
2026-04-12 07:40:46,intraday,GLD,LONG,10,437.17,entry (LONG),+0.0000
2026-04-12 07:40:46,intraday,IBIT,LONG,22,41.57,entry (LONG),+0.0000
2026-04-12 07:40:47,intraday,EWC,LONG,27,56.77,entry (LONG),+0.0000
2026-04-12 07:40:48,intraday,USO,LONG,17,124.83,entry (LONG),+0.0000
2026-04-12 07:40:49,intraday,XLI,LONG,12,171.51,entry (LONG),+0.0000
2026-04-12 07:40:50,intraday,XLU,LONG,82,46.95,entry (LONG),+0.0000
2026-04-12 07:41:55,intraday,GLD,LONG,10,437.17,entry (LONG),+0.0000
2026-04-12 07:41:56,intraday,IBIT,LONG,22,41.57,entry (LONG),+0.0000
2026-04-12 07:41:57,intraday,EWC,LONG,27,56.77,entry (LONG),+0.0000
2026-04-12 07:41:58,intraday,USO,LONG,17,124.83,entry (LONG),+0.0000
2026-04-12 07:41:59,intraday,XLI,LONG,12,171.51,entry (LONG),+0.0000
2026-04-12 07:41:59,intraday,XLU,LONG,82,46.95,entry (LONG),+0.0000
2026-04-12 07:43:04,intraday,GLD,LONG,10,437.17,entry (LONG),+0.0000
2026-04-12 07:43:05,intraday,IBIT,LONG,22,41.57,entry (LONG),+0.0000
2026-04-12 07:43:06,intraday,EWC,LONG,27,56.77,entry (LONG),+0.0000
2026-04-12 07:43:07,intraday,USO,LONG,17,124.83,entry (LONG),+0.0000
2026-04-12 07:43:08,intraday,XLI,LONG,12,171.51,entry (LONG),+0.0000
2026-04-12 07:43:09,intraday,XLU,LONG,82,46.95,entry (LONG),+0.0000
2026-04-12 07:44:14,intraday,GLD,LONG,10,437.17,entry (LONG),+0.0000
2026-04-12 07:44:14,intraday,IBIT,LONG,22,41.57,entry (LONG),+0.0000
2026-04-12 07:44:15,intraday,EWC,LONG,27,56.77,entry (LONG),+0.0000
2026-04-12 07:44:16,intraday,USO,LONG,17,124.83,entry (LONG),+0.0000
2026-04-12 07:44:17,intraday,XLI,LONG,12,171.51,entry (LONG),+0.0000
2026-04-12 07:44:18,intraday,XLU,LONG,82,46.95,entry (LONG),+0.0000
2026-04-12 07:45:23,intraday,GLD,LONG,10,437.17,entry (LONG),+0.0000
2026-04-12 07:45:24,intraday,IBIT,LONG,22,41.57,entry (LONG),+0.0000
2026-04-12 07:45:25,intraday,EWC,LONG,27,56.77,entry (LONG),+0.0000
2026-04-12 07:45:25,intraday,USO,LONG,17,124.83,entry (LONG),+0.0000
2026-04-12 07:45:26,intraday,XLI,LONG,12,171.51,entry (LONG),+0.0000
2026-04-12 07:45:27,intraday,XLU,LONG,82,46.95,entry (LONG),+0.0000
2026-04-12 07:45:45,swing,CIBR,SHORT,70,60.74,entry (SHORT),+0.0000
2026-04-12 07:45:46,swing,USMV,SHORT,152,92.75,entry (SHORT),+0.0000
2026-04-12 07:45:48,swing,EWY,SHORT,20,138.73,entry (SHORT),+0.0000
2026-04-12 07:45:53,swing,IBIT,SHORT,94,41.56,entry (SHORT),+0.0000
2026-04-12 07:46:32,intraday,GLD,LONG,10,437.17,entry (LONG),+0.0000
2026-04-12 07:46:33,intraday,IBIT,LONG,22,41.57,entry (LONG),+0.0000
2026-04-12 07:46:34,intraday,EWC,LONG,27,56.77,entry (LONG),+0.0000
2026-04-12 07:46:35,intraday,USO,LONG,17,124.83,entry (LONG),+0.0000
2026-04-12 07:46:36,intraday,XLI,LONG,12,171.51,entry (LONG),+0.0000
2026-04-12 07:46:37,intraday,XLU,LONG,82,46.95,entry (LONG),+0.0000
2026-04-12 07:47:42,intraday,GLD,LONG,10,437.17,entry (LONG),+0.0000
2026-04-12 07:47:43,intraday,IBIT,LONG,22,41.57,entry (LONG),+0.0000
2026-04-12 07:47:44,intraday,EWC,LONG,27,56.77,entry (LONG),+0.0000
2026-04-12 07:47:45,intraday,USO,LONG,17,124.83,entry (LONG),+0.0000
2026-04-12 07:47:46,intraday,XLI,LONG,12,171.51,entry (LONG),+0.0000
2026-04-12 07:47:47,intraday,XLU,LONG,82,46.95,entry (LONG),+0.0000
2026-04-12 07:48:52,intraday,GLD,LONG,10,437.17,entry (LONG),+0.0000
2026-04-12 07:48:52,intraday,IBIT,LONG,22,41.57,entry (LONG),+0.0000
2026-04-12 07:48:53,intraday,EWC,LONG,27,56.77,entry (LONG),+0.0000
2026-04-12 07:48:54,intraday,USO,LONG,17,124.83,entry (LONG),+0.0000
2026-04-12 07:48:55,intraday,XLI,LONG,12,171.51,entry (LONG),+0.0000
2026-04-12 07:48:56,intraday,XLU,LONG,82,46.95,entry (LONG),+0.0000
2026-04-12 07:50:01,intraday,GLD,LONG,10,437.17,entry (LONG),+0.0000
2026-04-12 07:50:02,intraday,IBIT,LONG,22,41.57,entry (LONG),+0.0000
2026-04-12 07:50:02,intraday,EWC,LONG,27,56.77,entry (LONG),+0.0000
2026-04-12 07:50:03,intraday,USO,LONG,17,124.83,entry (LONG),+0.0000
2026-04-12 07:50:05,intraday,XLI,LONG,12,171.51,entry (LONG),+0.0000
2026-04-12 07:50:05,intraday,XLU,LONG,82,46.95,entry (LONG),+0.0000
2026-04-12 07:51:11,intraday,GLD,LONG,10,437.17,entry (LONG),+0.0000
2026-04-12 07:51:12,intraday,IBIT,LONG,22,41.57,entry (LONG),+0.0000
2026-04-12 07:51:14,swing,CIBR,SHORT,70,60.74,entry (SHORT),+0.0000
2026-04-12 07:51:15,intraday,EWC,LONG,27,56.77,entry (LONG),+0.0000
2026-04-12 07:51:15,intraday,USO,LONG,17,124.83,entry (LONG),+0.0000
2026-04-12 07:51:16,swing,USMV,SHORT,152,92.75,entry (SHORT),+0.0000
2026-04-12 07:51:16,intraday,XLI,LONG,12,171.51,entry (LONG),+0.0000
2026-04-12 07:51:17,intraday,XLU,LONG,82,46.95,entry (LONG),+0.0000
2026-04-12 07:51:18,swing,EWY,SHORT,20,138.73,entry (SHORT),+0.0000
2026-04-12 07:51:23,swing,IBIT,SHORT,94,41.56,entry (SHORT),+0.0000
2026-04-12 07:52:22,intraday,GLD,LONG,10,437.17,entry (LONG),+0.0000
2026-04-12 07:52:23,intraday,IBIT,LONG,22,41.57,entry (LONG),+0.0000
2026-04-12 07:52:24,intraday,EWC,LONG,27,56.77,entry (LONG),+0.0000
2026-04-12 07:52:25,intraday,USO,LONG,17,124.83,entry (LONG),+0.0000
2026-04-12 07:52:26,intraday,XLI,LONG,12,171.51,entry (LONG),+0.0000
2026-04-12 07:52:27,intraday,XLU,LONG,82,46.95,entry (LONG),+0.0000
2026-04-12 07:53:32,intraday,GLD,LONG,10,437.17,entry (LONG),+0.0000
2026-04-12 07:53:32,intraday,IBIT,LONG,22,41.57,entry (LONG),+0.0000
2026-04-12 07:53:33,intraday,EWC,LONG,27,56.77,entry (LONG),+0.0000
2026-04-12 07:53:34,intraday,USO,LONG,17,124.83,entry (LONG),+0.0000
2026-04-12 07:53:35,intraday,XLI,LONG,12,171.51,entry (LONG),+0.0000
2026-04-12 07:53:36,intraday,XLU,LONG,82,46.95,entry (LONG),+0.0000
2026-04-12 07:54:41,intraday,GLD,LONG,10,437.17,entry (LONG),+0.0000
2026-04-12 07:54:42,intraday,IBIT,LONG,22,41.57,entry (LONG),+0.0000
2026-04-12 07:54:42,intraday,EWC,LONG,27,56.77,entry (LONG),+0.0000
2026-04-12 07:54:43,intraday,USO,LONG,17,124.83,entry (LONG),+0.0000
2026-04-12 07:54:44,intraday,XLI,LONG,12,171.51,entry (LONG),+0.0000
2026-04-12 07:54:45,intraday,XLU,LONG,82,46.95,entry (LONG),+0.0000
2026-04-12 07:55:50,intraday,GLD,LONG,10,437.17,entry (LONG),+0.0000
2026-04-12 07:55:51,intraday,IBIT,LONG,22,41.57,entry (LONG),+0.0000
2026-04-12 07:55:51,intraday,EWC,LONG,27,56.77,entry (LONG),+0.0000
2026-04-12 07:55:52,intraday,USO,LONG,17,124.83,entry (LONG),+0.0000
2026-04-12 07:55:53,intraday,XLI,LONG,12,171.51,entry (LONG),+0.0000
2026-04-12 07:55:54,intraday,XLU,LONG,82,46.95,entry (LONG),+0.0000
2026-04-12 07:56:39,swing,CIBR,SHORT,70,60.74,entry (SHORT),+0.0000
2026-04-12 07:56:40,swing,USMV,SHORT,152,92.75,entry (SHORT),+0.0000
2026-04-12 07:56:43,swing,EWY,SHORT,20,138.73,entry (SHORT),+0.0000
2026-04-12 07:56:48,swing,IBIT,SHORT,94,41.56,entry (SHORT),+0.0000
2026-04-12 07:56:59,intraday,GLD,LONG,10,437.17,entry (LONG),+0.0000
2026-04-12 07:57:00,intraday,IBIT,LONG,22,41.57,entry (LONG),+0.0000
2026-04-12 07:57:01,intraday,EWC,LONG,27,56.77,entry (LONG),+0.0000
2026-04-12 07:57:02,intraday,USO,LONG,17,124.83,entry (LONG),+0.0000
2026-04-12 07:57:03,intraday,XLI,LONG,12,171.51,entry (LONG),+0.0000
2026-04-12 07:57:04,intraday,XLU,LONG,82,46.95,entry (LONG),+0.0000
2026-04-12 07:58:09,intraday,GLD,LONG,10,437.17,entry (LONG),+0.0000
2026-04-12 07:58:09,intraday,IBIT,LONG,22,41.57,entry (LONG),+0.0000
2026-04-12 07:58:10,intraday,EWC,LONG,27,56.77,entry (LONG),+0.0000
2026-04-12 07:58:11,intraday,USO,LONG,17,124.83,entry (LONG),+0.0000
2026-04-12 07:58:12,intraday,XLI,LONG,12,171.51,entry (LONG),+0.0000
2026-04-12 07:58:13,intraday,XLU,LONG,82,46.95,entry (LONG),+0.0000
2026-04-12 07:59:18,intraday,GLD,LONG,10,437.17,entry (LONG),+0.0000
2026-04-12 07:59:19,intraday,IBIT,LONG,22,41.57,entry (LONG),+0.0000
2026-04-12 07:59:19,intraday,EWC,LONG,27,56.77,entry (LONG),+0.0000
2026-04-12 07:59:20,intraday,USO,LONG,17,124.83,entry (LONG),+0.0000
2026-04-12 07:59:21,intraday,XLI,LONG,12,171.51,entry (LONG),+0.0000
2026-04-12 07:59:22,intraday,XLU,LONG,82,46.95,entry (LONG),+0.0000
2026-04-12 08:00:31,intraday,GLD,LONG,10,437.17,entry (LONG),+0.0000
2026-04-12 08:00:32,intraday,IBIT,LONG,22,41.57,entry (LONG),+0.0000
2026-04-12 08:00:32,intraday,EWC,LONG,27,56.77,entry (LONG),+0.0000
2026-04-12 08:00:33,intraday,USO,LONG,17,124.83,entry (LONG),+0.0000
2026-04-12 08:00:34,intraday,XLI,LONG,12,171.51,entry (LONG),+0.0000
2026-04-12 08:00:35,intraday,XLU,LONG,82,46.95,entry (LONG),+0.0000
2026-04-12 08:01:40,intraday,GLD,LONG,10,437.17,entry (LONG),+0.0000
2026-04-12 08:01:41,intraday,IBIT,LONG,22,41.57,entry (LONG),+0.0000
2026-04-12 08:01:42,intraday,EWC,LONG,27,56.77,entry (LONG),+0.0000
2026-04-12 08:01:43,intraday,USO,LONG,17,124.83,entry (LONG),+0.0000
2026-04-12 08:01:44,intraday,XLI,LONG,12,171.51,entry (LONG),+0.0000
2026-04-12 08:01:45,intraday,XLU,LONG,82,46.95,entry (LONG),+0.0000
2026-04-12 08:02:06,swing,CIBR,SHORT,70,60.74,entry (SHORT),+0.0000
2026-04-12 08:02:07,swing,USMV,SHORT,152,92.75,entry (SHORT),+0.0000
2026-04-12 08:02:10,swing,EWY,SHORT,20,138.73,entry (SHORT),+0.0000
2026-04-12 08:02:15,swing,IBIT,SHORT,94,41.56,entry (SHORT),+0.0000
2026-04-12 08:02:50,intraday,GLD,LONG,10,437.17,entry (LONG),+0.0000
2026-04-12 08:02:51,intraday,IBIT,LONG,22,41.57,entry (LONG),+0.0000
2026-04-12 08:02:52,intraday,EWC,LONG,27,56.77,entry (LONG),+0.0000
2026-04-12 08:02:52,intraday,USO,LONG,17,124.83,entry (LONG),+0.0000
2026-04-12 08:02:53,intraday,XLI,LONG,12,171.51,entry (LONG),+0.0000
2026-04-12 08:02:54,intraday,XLU,LONG,82,46.95,entry (LONG),+0.0000
2026-04-12 08:04:00,intraday,GLD,LONG,10,437.17,entry (LONG),+0.0000
2026-04-12 08:04:00,intraday,IBIT,LONG,22,41.57,entry (LONG),+0.0000
2026-04-12 08:04:01,intraday,EWC,LONG,27,56.77,entry (LONG),+0.0000
2026-04-12 08:04:02,intraday,USO,LONG,17,124.83,entry (LONG),+0.0000
2026-04-12 08:04:03,intraday,XLI,LONG,12,171.51,entry (LONG),+0.0000
2026-04-12 08:04:04,intraday,XLU,LONG,82,46.95,entry (LONG),+0.0000
2026-04-12 08:05:09,intraday,GLD,LONG,10,437.17,entry (LONG),+0.0000
2026-04-12 08:05:10,intraday,IBIT,LONG,22,41.57,entry (LONG),+0.0000
2026-04-12 08:05:11,intraday,EWC,LONG,27,56.77,entry (LONG),+0.0000
2026-04-12 08:05:12,intraday,USO,LONG,17,124.83,entry (LONG),+0.0000
2026-04-12 08:05:13,intraday,XLI,LONG,12,171.51,entry (LONG),+0.0000
2026-04-12 08:05:14,intraday,XLU,LONG,82,46.95,entry (LONG),+0.0000
2026-04-12 08:06:19,intraday,GLD,LONG,10,437.17,entry (LONG),+0.0000
2026-04-12 08:06:20,intraday,IBIT,LONG,22,41.57,entry (LONG),+0.0000
2026-04-12 08:06:20,intraday,EWC,LONG,27,56.77,entry (LONG),+0.0000
2026-04-12 08:06:21,intraday,USO,LONG,17,124.83,entry (LONG),+0.0000
2026-04-12 08:06:22,intraday,XLI,LONG,12,171.51,entry (LONG),+0.0000
2026-04-12 08:06:23,intraday,XLU,LONG,82,46.95,entry (LONG),+0.0000
2026-04-12 08:07:28,intraday,GLD,LONG,10,437.17,entry (LONG),+0.0000
2026-04-12 08:07:29,intraday,IBIT,LONG,22,41.57,entry (LONG),+0.0000
2026-04-12 08:07:29,intraday,EWC,LONG,27,56.77,entry (LONG),+0.0000
2026-04-12 08:07:32,intraday,USO,LONG,17,124.83,entry (LONG),+0.0000
2026-04-12 08:07:32,swing,CIBR,SHORT,70,60.74,entry (SHORT),+0.0000
2026-04-12 08:07:33,intraday,XLI,LONG,12,171.51,entry (LONG),+0.0000
2026-04-12 08:07:34,intraday,XLU,LONG,82,46.95,entry (LONG),+0.0000
2026-04-12 08:07:34,swing,USMV,SHORT,152,92.75,entry (SHORT),+0.0000
2026-04-12 08:07:37,swing,EWY,SHORT,20,138.73,entry (SHORT),+0.0000
2026-04-12 08:07:41,swing,IBIT,SHORT,94,41.56,entry (SHORT),+0.0000
2026-04-12 08:08:40,intraday,GLD,LONG,10,437.17,entry (LONG),+0.0000
2026-04-12 08:08:41,intraday,IBIT,LONG,22,41.57,entry (LONG),+0.0000
2026-04-12 08:08:42,intraday,EWC,LONG,27,56.77,entry (LONG),+0.0000
2026-04-12 08:08:43,intraday,USO,LONG,17,124.83,entry (LONG),+0.0000
2026-04-12 08:08:44,intraday,XLI,LONG,12,171.51,entry (LONG),+0.0000
2026-04-12 08:08:45,intraday,XLU,LONG,82,46.95,entry (LONG),+0.0000
2026-04-12 08:09:50,intraday,GLD,LONG,10,437.17,entry (LONG),+0.0000
2026-04-12 08:09:51,intraday,IBIT,LONG,22,41.57,entry (LONG),+0.0000
2026-04-12 08:09:52,intraday,EWC,LONG,27,56.77,entry (LONG),+0.0000
2026-04-12 08:09:52,intraday,USO,LONG,17,124.83,entry (LONG),+0.0000
2026-04-12 08:09:53,intraday,XLI,LONG,12,171.51,entry (LONG),+0.0000
2026-04-12 08:09:54,intraday,XLU,LONG,82,46.95,entry (LONG),+0.0000
2026-04-12 08:10:59,intraday,GLD,LONG,10,437.17,entry (LONG),+0.0000
2026-04-12 08:11:00,intraday,IBIT,LONG,22,41.57,entry (LONG),+0.0000
2026-04-12 08:11:01,intraday,EWC,LONG,27,56.77,entry (LONG),+0.0000
2026-04-12 08:11:02,intraday,USO,LONG,17,124.83,entry (LONG),+0.0000
2026-04-12 08:11:03,intraday,XLI,LONG,12,171.51,entry (LONG),+0.0000
2026-04-12 08:11:04,intraday,XLU,LONG,82,46.95,entry (LONG),+0.0000
2026-04-12 08:12:09,intraday,GLD,LONG,10,437.17,entry (LONG),+0.0000
2026-04-12 08:12:09,intraday,IBIT,LONG,22,41.57,entry (LONG),+0.0000
2026-04-12 08:12:10,intraday,EWC,LONG,27,56.77,entry (LONG),+0.0000
2026-04-12 08:12:11,intraday,USO,LONG,17,124.83,entry (LONG),+0.0000
2026-04-12 08:12:12,intraday,XLI,LONG,12,171.51,entry (LONG),+0.0000
2026-04-12 08:12:13,intraday,XLU,LONG,82,46.95,entry (LONG),+0.0000
2026-04-12 08:12:57,swing,CIBR,SHORT,70,60.74,entry (SHORT),+0.0000
2026-04-12 08:12:59,swing,USMV,SHORT,152,92.75,entry (SHORT),+0.0000
2026-04-12 08:13:01,swing,EWY,SHORT,20,138.73,entry (SHORT),+0.0000
2026-04-12 08:13:06,swing,IBIT,SHORT,94,41.56,entry (SHORT),+0.0000
2026-04-12 08:13:18,intraday,GLD,LONG,10,437.17,entry (LONG),+0.0000
2026-04-12 08:13:19,intraday,IBIT,LONG,22,41.57,entry (LONG),+0.0000
2026-04-12 08:13:19,intraday,EWC,LONG,27,56.77,entry (LONG),+0.0000
2026-04-12 08:13:20,intraday,USO,LONG,17,124.83,entry (LONG),+0.0000
2026-04-12 08:13:21,intraday,XLI,LONG,12,171.51,entry (LONG),+0.0000
2026-04-12 08:13:22,intraday,XLU,LONG,82,46.95,entry (LONG),+0.0000
2026-04-12 08:14:27,intraday,GLD,LONG,10,437.17,entry (LONG),+0.0000
2026-04-12 08:14:28,intraday,IBIT,LONG,22,41.57,entry (LONG),+0.0000
2026-04-12 08:14:29,intraday,EWC,LONG,27,56.77,entry (LONG),+0.0000
2026-04-12 08:14:29,intraday,USO,LONG,17,124.83,entry (LONG),+0.0000
2026-04-12 08:14:31,intraday,XLI,LONG,12,171.51,entry (LONG),+0.0000
2026-04-12 08:14:31,intraday,XLU,LONG,82,46.95,entry (LONG),+0.0000
2026-04-12 08:15:37,intraday,GLD,LONG,10,437.17,entry (LONG),+0.0000
2026-04-12 08:15:37,intraday,IBIT,LONG,22,41.57,entry (LONG),+0.0000
2026-04-12 08:15:38,intraday,EWC,LONG,27,56.77,entry (LONG),+0.0000
2026-04-12 08:15:39,intraday,USO,LONG,17,124.83,entry (LONG),+0.0000
2026-04-12 08:15:40,intraday,XLI,LONG,12,171.51,entry (LONG),+0.0000
2026-04-12 08:15:41,intraday,XLU,LONG,82,46.95,entry (LONG),+0.0000
2026-04-12 08:16:46,intraday,GLD,LONG,10,437.17,entry (LONG),+0.0000
2026-04-12 08:16:47,intraday,IBIT,LONG,22,41.57,entry (LONG),+0.0000
2026-04-12 08:16:47,intraday,EWC,LONG,27,56.77,entry (LONG),+0.0000
2026-04-12 08:16:48,intraday,USO,LONG,17,124.83,entry (LONG),+0.0000
2026-04-12 08:16:49,intraday,XLI,LONG,12,171.51,entry (LONG),+0.0000
2026-04-12 08:16:50,intraday,XLU,LONG,82,46.95,entry (LONG),+0.0000
2026-04-12 08:18:11,intraday,GLD,LONG,10,437.17,entry (LONG),+0.0000
2026-04-12 08:18:11,intraday,IBIT,LONG,22,41.57,entry (LONG),+0.0000
2026-04-12 08:18:12,intraday,EWC,LONG,27,56.77,entry (LONG),+0.0000
2026-04-12 08:18:13,intraday,USO,LONG,17,124.83,entry (LONG),+0.0000
2026-04-12 08:18:14,intraday,XLI,LONG,12,171.51,entry (LONG),+0.0000
2026-04-12 08:18:15,intraday,XLU,LONG,82,46.95,entry (LONG),+0.0000
2026-04-12 08:18:24,swing,CIBR,SHORT,70,60.74,entry (SHORT),+0.0000
2026-04-12 08:18:25,swing,USMV,SHORT,152,92.75,entry (SHORT),+0.0000
2026-04-12 08:18:27,swing,EWY,SHORT,20,138.73,entry (SHORT),+0.0000
2026-04-12 08:18:32,swing,IBIT,SHORT,94,41.56,entry (SHORT),+0.0000
2026-04-12 08:19:20,intraday,GLD,LONG,10,437.17,entry (LONG),+0.0000
2026-04-12 08:19:21,intraday,IBIT,LONG,22,41.57,entry (LONG),+0.0000
2026-04-12 08:19:22,intraday,EWC,LONG,27,56.77,entry (LONG),+0.0000
2026-04-12 08:19:22,intraday,USO,LONG,17,124.83,entry (LONG),+0.0000
2026-04-12 08:19:24,intraday,XLI,LONG,12,171.51,entry (LONG),+0.0000
2026-04-12 08:19:24,intraday,XLU,LONG,82,46.95,entry (LONG),+0.0000
2026-04-12 08:20:30,intraday,GLD,LONG,10,437.17,entry (LONG),+0.0000
2026-04-12 08:20:30,intraday,IBIT,LONG,22,41.57,entry (LONG),+0.0000
2026-04-12 08:20:31,intraday,EWC,LONG,27,56.77,entry (LONG),+0.0000
2026-04-12 08:20:32,intraday,USO,LONG,17,124.83,entry (LONG),+0.0000
2026-04-12 08:20:33,intraday,XLI,LONG,12,171.51,entry (LONG),+0.0000
2026-04-12 08:20:34,intraday,XLU,LONG,82,46.95,entry (LONG),+0.0000
2026-04-12 08:21:39,intraday,GLD,LONG,10,437.17,entry (LONG),+0.0000
2026-04-12 08:21:40,intraday,IBIT,LONG,22,41.57,entry (LONG),+0.0000
2026-04-12 08:21:41,intraday,EWC,LONG,27,56.77,entry (LONG),+0.0000
2026-04-12 08:21:42,intraday,USO,LONG,17,124.83,entry (LONG),+0.0000
2026-04-12 08:21:43,intraday,XLI,LONG,12,171.51,entry (LONG),+0.0000
2026-04-12 08:21:44,intraday,XLU,LONG,82,46.95,entry (LONG),+0.0000
2026-04-12 08:22:50,intraday,GLD,LONG,10,437.17,entry (LONG),+0.0000
2026-04-12 08:22:51,intraday,IBIT,LONG,22,41.57,entry (LONG),+0.0000
2026-04-12 08:22:52,intraday,EWC,LONG,27,56.77,entry (LONG),+0.0000
2026-04-12 08:22:53,intraday,USO,LONG,17,124.83,entry (LONG),+0.0000
2026-04-12 08:22:54,intraday,XLI,LONG,12,171.51,entry (LONG),+0.0000
2026-04-12 08:22:55,intraday,XLU,LONG,82,46.95,entry (LONG),+0.0000
2026-04-12 08:23:49,swing,CIBR,SHORT,70,60.74,entry (SHORT),+0.0000
2026-04-12 08:23:51,swing,USMV,SHORT,152,92.75,entry (SHORT),+0.0000
2026-04-12 08:23:52,swing,EWY,SHORT,20,138.73,entry (SHORT),+0.0000
2026-04-12 08:23:57,swing,IBIT,SHORT,94,41.56,entry (SHORT),+0.0000
2026-04-12 08:24:01,intraday,GLD,LONG,10,437.17,entry (LONG),+0.0000
2026-04-12 08:24:01,intraday,IBIT,LONG,22,41.57,entry (LONG),+0.0000
2026-04-12 08:24:02,intraday,EWC,LONG,27,56.77,entry (LONG),+0.0000
2026-04-12 08:24:03,intraday,USO,LONG,17,124.83,entry (LONG),+0.0000
2026-04-12 08:24:04,intraday,XLI,LONG,12,171.51,entry (LONG),+0.0000
2026-04-12 08:24:05,intraday,XLU,LONG,82,46.95,entry (LONG),+0.0000
2026-04-12 08:25:10,intraday,GLD,LONG,10,437.17,entry (LONG),+0.0000
2026-04-12 08:25:11,intraday,IBIT,LONG,22,41.57,entry (LONG),+0.0000
2026-04-12 08:25:12,intraday,EWC,LONG,27,56.77,entry (LONG),+0.0000
2026-04-12 08:25:13,intraday,USO,LONG,17,124.83,entry (LONG),+0.0000
2026-04-12 08:25:14,intraday,XLI,LONG,12,171.51,entry (LONG),+0.0000
2026-04-12 08:25:15,intraday,XLU,LONG,82,46.95,entry (LONG),+0.0000
2026-04-12 08:26:20,intraday,GLD,LONG,10,437.17,entry (LONG),+0.0000
2026-04-12 08:26:20,intraday,IBIT,LONG,22,41.57,entry (LONG),+0.0000
2026-04-12 08:26:21,intraday,EWC,LONG,27,56.77,entry (LONG),+0.0000
2026-04-12 08:26:22,intraday,USO,LONG,17,124.83,entry (LONG),+0.0000
2026-04-12 08:26:23,intraday,XLI,LONG,12,171.51,entry (LONG),+0.0000
2026-04-12 08:26:24,intraday,XLU,LONG,82,46.95,entry (LONG),+0.0000
2026-04-12 08:27:29,intraday,GLD,LONG,10,437.17,entry (LONG),+0.0000
2026-04-12 08:27:30,intraday,IBIT,LONG,22,41.57,entry (LONG),+0.0000
2026-04-12 08:27:30,intraday,EWC,LONG,27,56.77,entry (LONG),+0.0000
2026-04-12 08:27:31,intraday,USO,LONG,17,124.83,entry (LONG),+0.0000
2026-04-12 08:27:32,intraday,XLI,LONG,12,171.51,entry (LONG),+0.0000
2026-04-12 08:27:33,intraday,XLU,LONG,82,46.95,entry (LONG),+0.0000
2026-04-12 08:28:38,intraday,GLD,LONG,10,437.17,entry (LONG),+0.0000
2026-04-12 08:28:39,intraday,IBIT,LONG,22,41.57,entry (LONG),+0.0000
2026-04-12 08:28:40,intraday,EWC,LONG,27,56.77,entry (LONG),+0.0000
2026-04-12 08:28:41,intraday,USO,LONG,17,124.83,entry (LONG),+0.0000
2026-04-12 08:28:42,intraday,XLI,LONG,12,171.51,entry (LONG),+0.0000
2026-04-12 08:28:43,intraday,XLU,LONG,82,46.95,entry (LONG),+0.0000
2026-04-12 08:29:15,swing,CIBR,SHORT,70,60.74,entry (SHORT),+0.0000
2026-04-12 08:29:17,swing,USMV,SHORT,152,92.75,entry (SHORT),+0.0000
2026-04-12 08:29:19,swing,EWY,SHORT,20,138.73,entry (SHORT),+0.0000
2026-04-12 08:29:24,swing,IBIT,SHORT,94,41.56,entry (SHORT),+0.0000
2026-04-12 08:29:48,intraday,GLD,LONG,10,437.17,entry (LONG),+0.0000
2026-04-12 08:29:49,intraday,IBIT,LONG,22,41.57,entry (LONG),+0.0000
2026-04-12 08:29:50,intraday,EWC,LONG,27,56.77,entry (LONG),+0.0000
2026-04-12 08:29:51,intraday,USO,LONG,17,124.83,entry (LONG),+0.0000
2026-04-12 08:29:52,intraday,XLI,LONG,12,171.51,entry (LONG),+0.0000
2026-04-12 08:29:53,intraday,XLU,LONG,82,46.95,entry (LONG),+0.0000
2026-04-12 08:30:58,intraday,GLD,LONG,10,437.17,entry (LONG),+0.0000
2026-04-12 08:30:59,intraday,IBIT,LONG,22,41.57,entry (LONG),+0.0000
2026-04-12 08:30:59,intraday,EWC,LONG,27,56.77,entry (LONG),+0.0000
2026-04-12 08:31:00,intraday,USO,LONG,17,124.83,entry (LONG),+0.0000
2026-04-12 08:31:01,intraday,XLI,LONG,12,171.51,entry (LONG),+0.0000
2026-04-12 08:31:02,intraday,XLU,LONG,82,46.95,entry (LONG),+0.0000
2026-04-12 08:32:07,intraday,GLD,LONG,10,437.17,entry (LONG),+0.0000
2026-04-12 08:32:08,intraday,IBIT,LONG,22,41.57,entry (LONG),+0.0000
2026-04-12 08:32:09,intraday,EWC,LONG,27,56.77,entry (LONG),+0.0000
2026-04-12 08:32:09,intraday,USO,LONG,17,124.83,entry (LONG),+0.0000
2026-04-12 08:32:11,intraday,XLI,LONG,12,171.51,entry (LONG),+0.0000
2026-04-12 08:32:11,intraday,XLU,LONG,82,46.95,entry (LONG),+0.0000
2026-04-12 08:33:16,intraday,GLD,LONG,10,437.17,entry (LONG),+0.0000
2026-04-12 08:33:17,intraday,IBIT,LONG,22,41.57,entry (LONG),+0.0000
2026-04-12 08:33:18,intraday,EWC,LONG,27,56.77,entry (LONG),+0.0000
2026-04-12 08:33:19,intraday,USO,LONG,17,124.83,entry (LONG),+0.0000
2026-04-12 08:33:20,intraday,XLI,LONG,12,171.51,entry (LONG),+0.0000
2026-04-12 08:33:21,intraday,XLU,LONG,82,46.95,entry (LONG),+0.0000
2026-04-12 08:34:25,intraday,GLD,LONG,10,437.17,entry (LONG),+0.0000
2026-04-12 08:34:26,intraday,IBIT,LONG,22,41.57,entry (LONG),+0.0000
2026-04-12 08:34:27,intraday,EWC,LONG,27,56.77,entry (LONG),+0.0000
2026-04-12 08:34:28,intraday,USO,LONG,17,124.83,entry (LONG),+0.0000
2026-04-12 08:34:29,intraday,XLI,LONG,12,171.51,entry (LONG),+0.0000
2026-04-12 08:34:30,intraday,XLU,LONG,82,46.95,entry (LONG),+0.0000
2026-04-12 08:34:40,swing,CIBR,SHORT,70,60.74,entry (SHORT),+0.0000
2026-04-12 08:34:41,swing,USMV,SHORT,152,92.75,entry (SHORT),+0.0000
2026-04-12 08:34:43,swing,EWY,SHORT,20,138.73,entry (SHORT),+0.0000
2026-04-12 08:34:48,swing,IBIT,SHORT,94,41.56,entry (SHORT),+0.0000
2026-04-12 08:35:35,intraday,GLD,LONG,10,437.17,entry (LONG),+0.0000
2026-04-12 08:35:35,intraday,IBIT,LONG,22,41.57,entry (LONG),+0.0000
2026-04-12 08:35:36,intraday,EWC,LONG,27,56.77,entry (LONG),+0.0000
2026-04-12 08:35:37,intraday,USO,LONG,17,124.83,entry (LONG),+0.0000
2026-04-12 08:35:38,intraday,XLI,LONG,12,171.51,entry (LONG),+0.0000
2026-04-12 08:35:39,intraday,XLU,LONG,82,46.95,entry (LONG),+0.0000
2026-04-12 08:36:45,intraday,GLD,LONG,10,437.17,entry (LONG),+0.0000
2026-04-12 08:36:46,intraday,IBIT,LONG,22,41.57,entry (LONG),+0.0000
2026-04-12 08:36:46,intraday,EWC,LONG,27,56.77,entry (LONG),+0.0000
2026-04-12 08:36:47,intraday,USO,LONG,17,124.83,entry (LONG),+0.0000
2026-04-12 08:36:48,intraday,XLI,LONG,12,171.51,entry (LONG),+0.0000
2026-04-12 08:36:49,intraday,XLU,LONG,82,46.95,entry (LONG),+0.0000
2026-04-12 08:37:54,intraday,GLD,LONG,10,437.17,entry (LONG),+0.0000
2026-04-12 08:37:55,intraday,IBIT,LONG,22,41.57,entry (LONG),+0.0000
2026-04-12 08:37:56,intraday,EWC,LONG,27,56.77,entry (LONG),+0.0000
2026-04-12 08:37:57,intraday,USO,LONG,17,124.83,entry (LONG),+0.0000
2026-04-12 08:37:58,intraday,XLI,LONG,12,171.51,entry (LONG),+0.0000
2026-04-12 08:37:58,intraday,XLU,LONG,82,46.95,entry (LONG),+0.0000
2026-04-12 08:39:03,intraday,GLD,LONG,10,437.17,entry (LONG),+0.0000
2026-04-12 08:39:05,intraday,IBIT,LONG,22,41.57,entry (LONG),+0.0000
2026-04-12 08:39:06,intraday,EWC,LONG,27,56.77,entry (LONG),+0.0000
2026-04-12 08:39:07,intraday,USO,LONG,17,124.83,entry (LONG),+0.0000
2026-04-12 08:39:08,intraday,XLI,LONG,12,171.51,entry (LONG),+0.0000
2026-04-12 08:39:09,intraday,XLU,LONG,82,46.95,entry (LONG),+0.0000
2026-04-12 08:40:04,swing,CIBR,SHORT,70,60.74,entry (SHORT),+0.0000
2026-04-12 08:40:05,swing,USMV,SHORT,152,92.75,entry (SHORT),+0.0000
2026-04-12 08:40:07,swing,EWY,SHORT,20,138.73,entry (SHORT),+0.0000
2026-04-12 08:40:12,swing,IBIT,SHORT,94,41.56,entry (SHORT),+0.0000
2026-04-12 08:40:13,intraday,GLD,LONG,10,437.17,entry (LONG),+0.0000
2026-04-12 08:40:14,intraday,IBIT,LONG,22,41.57,entry (LONG),+0.0000
2026-04-12 08:40:15,intraday,EWC,LONG,27,56.77,entry (LONG),+0.0000
2026-04-12 08:40:16,intraday,USO,LONG,17,124.83,entry (LONG),+0.0000
2026-04-12 08:40:17,intraday,XLI,LONG,12,171.51,entry (LONG),+0.0000
2026-04-12 08:40:18,intraday,XLU,LONG,82,46.95,entry (LONG),+0.0000
2026-04-12 08:41:23,intraday,GLD,LONG,10,437.17,entry (LONG),+0.0000
2026-04-12 08:41:24,intraday,IBIT,LONG,22,41.57,entry (LONG),+0.0000
2026-04-12 08:41:24,intraday,EWC,LONG,27,56.77,entry (LONG),+0.0000
2026-04-12 08:41:25,intraday,USO,LONG,17,124.83,entry (LONG),+0.0000
2026-04-12 08:41:26,intraday,XLI,LONG,12,171.51,entry (LONG),+0.0000
2026-04-12 08:41:27,intraday,XLU,LONG,82,46.95,entry (LONG),+0.0000
2026-04-12 08:42:32,intraday,GLD,LONG,10,437.17,entry (LONG),+0.0000
2026-04-12 08:42:33,intraday,IBIT,LONG,22,41.57,entry (LONG),+0.0000
2026-04-12 08:42:34,intraday,EWC,LONG,27,56.77,entry (LONG),+0.0000
2026-04-12 08:42:34,intraday,USO,LONG,17,124.83,entry (LONG),+0.0000
2026-04-12 08:42:35,intraday,XLI,LONG,12,171.51,entry (LONG),+0.0000
2026-04-12 08:42:36,intraday,XLU,LONG,82,46.95,entry (LONG),+0.0000
2026-04-12 08:43:41,intraday,GLD,LONG,10,437.17,entry (LONG),+0.0000
2026-04-12 08:43:42,intraday,IBIT,LONG,22,41.57,entry (LONG),+0.0000
2026-04-12 08:43:43,intraday,EWC,LONG,27,56.77,entry (LONG),+0.0000
2026-04-12 08:43:43,intraday,USO,LONG,17,124.83,entry (LONG),+0.0000
2026-04-12 08:43:45,intraday,XLI,LONG,12,171.51,entry (LONG),+0.0000
2026-04-12 08:43:45,intraday,XLU,LONG,82,46.95,entry (LONG),+0.0000
2026-04-12 08:44:50,intraday,GLD,LONG,10,437.17,entry (LONG),+0.0000
2026-04-12 08:44:51,intraday,IBIT,LONG,22,41.57,entry (LONG),+0.0000
2026-04-12 08:44:52,intraday,EWC,LONG,27,56.77,entry (LONG),+0.0000
2026-04-12 08:44:53,intraday,USO,LONG,17,124.83,entry (LONG),+0.0000
2026-04-12 08:44:54,intraday,XLI,LONG,12,171.51,entry (LONG),+0.0000
2026-04-12 08:44:54,intraday,XLU,LONG,82,46.95,entry (LONG),+0.0000
2026-04-12 08:45:31,swing,CIBR,SHORT,70,60.74,entry (SHORT),+0.0000
2026-04-12 08:45:34,swing,USMV,SHORT,152,92.75,entry (SHORT),+0.0000
2026-04-12 08:45:36,swing,EWY,SHORT,20,138.73,entry (SHORT),+0.0000
2026-04-12 08:45:40,swing,IBIT,SHORT,94,41.56,entry (SHORT),+0.0000
2026-04-12 08:45:59,intraday,GLD,LONG,10,437.17,entry (LONG),+0.0000
2026-04-12 08:46:00,intraday,IBIT,LONG,22,41.57,entry (LONG),+0.0000
2026-04-12 08:46:01,intraday,EWC,LONG,27,56.77,entry (LONG),+0.0000
2026-04-12 08:46:02,intraday,USO,LONG,17,124.83,entry (LONG),+0.0000
2026-04-12 08:46:03,intraday,XLI,LONG,12,171.51,entry (LONG),+0.0000
2026-04-12 08:46:03,intraday,XLU,LONG,82,46.95,entry (LONG),+0.0000
2026-04-12 08:47:09,intraday,GLD,LONG,10,437.17,entry (LONG),+0.0000
2026-04-12 08:47:09,intraday,IBIT,LONG,22,41.57,entry (LONG),+0.0000
2026-04-12 08:47:10,intraday,EWC,LONG,27,56.77,entry (LONG),+0.0000
2026-04-12 08:47:11,intraday,USO,LONG,17,124.83,entry (LONG),+0.0000
2026-04-12 08:47:12,intraday,XLI,LONG,12,171.51,entry (LONG),+0.0000
2026-04-12 08:47:13,intraday,XLU,LONG,82,46.95,entry (LONG),+0.0000
2026-04-12 08:48:18,intraday,GLD,LONG,10,437.17,entry (LONG),+0.0000
2026-04-12 08:48:18,intraday,IBIT,LONG,22,41.57,entry (LONG),+0.0000
2026-04-12 08:48:19,intraday,EWC,LONG,27,56.77,entry (LONG),+0.0000
2026-04-12 08:48:20,intraday,USO,LONG,17,124.83,entry (LONG),+0.0000
2026-04-12 08:48:21,intraday,XLI,LONG,12,171.51,entry (LONG),+0.0000
2026-04-12 08:48:22,intraday,XLU,LONG,82,46.95,entry (LONG),+0.0000
2026-04-12 08:49:27,intraday,GLD,LONG,10,437.17,entry (LONG),+0.0000
2026-04-12 08:49:28,intraday,IBIT,LONG,22,41.57,entry (LONG),+0.0000
2026-04-12 08:49:29,intraday,EWC,LONG,27,56.77,entry (LONG),+0.0000
2026-04-12 08:49:30,intraday,USO,LONG,17,124.83,entry (LONG),+0.0000
2026-04-12 08:49:31,intraday,XLI,LONG,12,171.51,entry (LONG),+0.0000
2026-04-12 08:49:32,intraday,XLU,LONG,82,46.95,entry (LONG),+0.0000
2026-04-12 08:50:37,intraday,GLD,LONG,10,437.17,entry (LONG),+0.0000
2026-04-12 08:50:37,intraday,IBIT,LONG,22,41.57,entry (LONG),+0.0000
2026-04-12 08:50:38,intraday,EWC,LONG,27,56.77,entry (LONG),+0.0000
2026-04-12 08:50:39,intraday,USO,LONG,17,124.83,entry (LONG),+0.0000
2026-04-12 08:50:40,intraday,XLI,LONG,12,171.51,entry (LONG),+0.0000
2026-04-12 08:50:41,intraday,XLU,LONG,82,46.95,entry (LONG),+0.0000
2026-04-12 08:50:56,swing,CIBR,SHORT,70,60.74,entry (SHORT),+0.0000
2026-04-12 08:50:58,swing,USMV,SHORT,152,92.75,entry (SHORT),+0.0000
2026-04-12 08:51:00,swing,EWY,SHORT,20,138.73,entry (SHORT),+0.0000
2026-04-12 08:51:05,swing,IBIT,SHORT,94,41.56,entry (SHORT),+0.0000
2026-04-12 08:51:46,intraday,GLD,LONG,10,437.17,entry (LONG),+0.0000
2026-04-12 08:51:47,intraday,IBIT,LONG,22,41.57,entry (LONG),+0.0000
2026-04-12 08:51:47,intraday,EWC,LONG,27,56.77,entry (LONG),+0.0000
2026-04-12 08:51:48,intraday,USO,LONG,17,124.83,entry (LONG),+0.0000
2026-04-12 08:51:49,intraday,XLI,LONG,12,171.51,entry (LONG),+0.0000
2026-04-12 08:51:50,intraday,XLU,LONG,82,46.95,entry (LONG),+0.0000
2026-04-12 08:52:55,intraday,GLD,LONG,10,437.17,entry (LONG),+0.0000
2026-04-12 08:52:56,intraday,IBIT,LONG,22,41.57,entry (LONG),+0.0000
2026-04-12 08:52:57,intraday,EWC,LONG,27,56.77,entry (LONG),+0.0000
2026-04-12 08:52:57,intraday,USO,LONG,17,124.83,entry (LONG),+0.0000
2026-04-12 08:52:58,intraday,XLI,LONG,12,171.51,entry (LONG),+0.0000
2026-04-12 08:52:59,intraday,XLU,LONG,82,46.95,entry (LONG),+0.0000
2026-04-12 08:54:04,intraday,GLD,LONG,10,437.17,entry (LONG),+0.0000
2026-04-12 08:54:05,intraday,IBIT,LONG,22,41.57,entry (LONG),+0.0000
2026-04-12 08:54:06,intraday,EWC,LONG,27,56.77,entry (LONG),+0.0000
2026-04-12 08:54:06,intraday,USO,LONG,17,124.83,entry (LONG),+0.0000
2026-04-12 08:54:08,intraday,XLI,LONG,12,171.51,entry (LONG),+0.0000
2026-04-12 08:54:08,intraday,XLU,LONG,82,46.95,entry (LONG),+0.0000
2026-04-12 08:55:13,intraday,GLD,LONG,10,437.17,entry (LONG),+0.0000
2026-04-12 08:55:14,intraday,IBIT,LONG,22,41.57,entry (LONG),+0.0000
2026-04-12 08:55:15,intraday,EWC,LONG,27,56.77,entry (LONG),+0.0000
2026-04-12 08:55:16,intraday,USO,LONG,17,124.83,entry (LONG),+0.0000
2026-04-12 08:55:17,intraday,XLI,LONG,12,171.51,entry (LONG),+0.0000
2026-04-12 08:55:18,intraday,XLU,LONG,82,46.95,entry (LONG),+0.0000
2026-04-12 08:56:21,swing,CIBR,SHORT,70,60.74,entry (SHORT),+0.0000
2026-04-12 08:56:23,swing,USMV,SHORT,152,92.75,entry (SHORT),+0.0000
2026-04-12 08:56:24,intraday,GLD,LONG,10,437.17,entry (LONG),+0.0000
2026-04-12 08:56:25,swing,EWY,SHORT,20,138.73,entry (SHORT),+0.0000
2026-04-12 08:56:25,intraday,IBIT,LONG,22,41.57,entry (LONG),+0.0000
2026-04-12 08:56:26,intraday,EWC,LONG,27,56.77,entry (LONG),+0.0000
2026-04-12 08:56:27,intraday,USO,LONG,17,124.83,entry (LONG),+0.0000
2026-04-12 08:56:28,intraday,XLI,LONG,12,171.51,entry (LONG),+0.0000
2026-04-12 08:56:29,intraday,XLU,LONG,82,46.95,entry (LONG),+0.0000
2026-04-12 08:56:29,swing,IBIT,SHORT,94,41.56,entry (SHORT),+0.0000
2026-04-12 08:57:34,intraday,GLD,LONG,10,437.17,entry (LONG),+0.0000
2026-04-12 08:57:35,intraday,IBIT,LONG,22,41.57,entry (LONG),+0.0000
2026-04-12 08:57:35,intraday,EWC,LONG,27,56.77,entry (LONG),+0.0000
2026-04-12 08:57:36,intraday,USO,LONG,17,124.83,entry (LONG),+0.0000
2026-04-12 08:57:37,intraday,XLI,LONG,12,171.51,entry (LONG),+0.0000
2026-04-12 08:57:38,intraday,XLU,LONG,82,46.95,entry (LONG),+0.0000
2026-04-12 08:58:43,intraday,GLD,LONG,10,437.17,entry (LONG),+0.0000
2026-04-12 08:58:44,intraday,IBIT,LONG,22,41.57,entry (LONG),+0.0000
2026-04-12 08:58:45,intraday,EWC,LONG,27,56.77,entry (LONG),+0.0000
2026-04-12 08:58:45,intraday,USO,LONG,17,124.83,entry (LONG),+0.0000
2026-04-12 08:58:46,intraday,XLI,LONG,12,171.51,entry (LONG),+0.0000
2026-04-12 08:58:47,intraday,XLU,LONG,82,46.95,entry (LONG),+0.0000
2026-04-12 08:59:52,intraday,GLD,LONG,10,437.17,entry (LONG),+0.0000
2026-04-12 08:59:53,intraday,IBIT,LONG,22,41.57,entry (LONG),+0.0000
2026-04-12 08:59:54,intraday,EWC,LONG,27,56.77,entry (LONG),+0.0000
2026-04-12 08:59:55,intraday,USO,LONG,17,124.83,entry (LONG),+0.0000
2026-04-12 08:59:56,intraday,XLI,LONG,12,171.51,entry (LONG),+0.0000
2026-04-12 08:59:57,intraday,XLU,LONG,82,46.95,entry (LONG),+0.0000
2026-04-12 09:01:46,swing,CIBR,SHORT,70,60.74,entry (SHORT),+0.0000
2026-04-12 09:01:48,swing,USMV,SHORT,152,92.75,entry (SHORT),+0.0000
2026-04-12 09:01:50,swing,EWY,SHORT,20,138.73,entry (SHORT),+0.0000
2026-04-12 09:01:54,swing,IBIT,SHORT,94,41.56,entry (SHORT),+0.0000
2026-04-12 09:07:13,swing,CIBR,SHORT,70,60.74,entry (SHORT),+0.0000
2026-04-12 09:07:15,swing,USMV,SHORT,152,92.75,entry (SHORT),+0.0000
2026-04-12 09:07:17,swing,EWY,SHORT,20,138.73,entry (SHORT),+0.0000
2026-04-12 09:07:21,swing,IBIT,SHORT,94,41.56,entry (SHORT),+0.0000
2026-04-12 09:12:38,swing,CIBR,SHORT,70,60.74,entry (SHORT),+0.0000
2026-04-12 09:12:43,swing,USMV,SHORT,152,92.75,entry (SHORT),+0.0000
2026-04-12 09:12:45,swing,EWY,SHORT,20,138.73,entry (SHORT),+0.0000
2026-04-12 09:12:49,swing,IBIT,SHORT,94,41.56,entry (SHORT),+0.0000
2026-04-12 09:18:09,swing,CIBR,SHORT,70,60.74,entry (SHORT),+0.0000
2026-04-12 09:18:11,swing,USMV,SHORT,152,92.75,entry (SHORT),+0.0000
2026-04-12 09:18:13,swing,EWY,SHORT,20,138.73,entry (SHORT),+0.0000
2026-04-12 09:18:18,swing,IBIT,SHORT,94,41.56,entry (SHORT),+0.0000
2026-04-12 09:23:35,swing,CIBR,SHORT,70,60.74,entry (SHORT),+0.0000
2026-04-12 09:23:37,swing,USMV,SHORT,152,92.75,entry (SHORT),+0.0000
2026-04-12 09:23:39,swing,EWY,SHORT,20,138.73,entry (SHORT),+0.0000
2026-04-12 09:23:43,swing,IBIT,SHORT,94,41.56,entry (SHORT),+0.0000
2026-04-12 09:28:59,swing,CIBR,SHORT,70,60.74,entry (SHORT),+0.0000
2026-04-12 09:29:01,swing,USMV,SHORT,152,92.75,entry (SHORT),+0.0000
2026-04-12 09:29:03,swing,EWY,SHORT,20,138.73,entry (SHORT),+0.0000
2026-04-12 09:29:08,swing,IBIT,SHORT,94,41.56,entry (SHORT),+0.0000
2026-04-12 09:34:27,swing,CIBR,SHORT,70,60.74,entry (SHORT),+0.0000
2026-04-12 09:34:28,swing,USMV,SHORT,152,92.75,entry (SHORT),+0.0000
2026-04-12 09:34:30,swing,EWY,SHORT,20,138.73,entry (SHORT),+0.0000
2026-04-12 09:34:35,swing,IBIT,SHORT,94,41.56,entry (SHORT),+0.0000
2026-04-12 09:39:52,swing,CIBR,SHORT,70,60.74,entry (SHORT),+0.0000
2026-04-12 09:39:54,swing,USMV,SHORT,152,92.75,entry (SHORT),+0.0000
2026-04-12 09:39:56,swing,EWY,SHORT,20,138.73,entry (SHORT),+0.0000
2026-04-12 09:40:03,swing,IBIT,SHORT,94,41.56,entry (SHORT),+0.0000
2026-04-12 09:45:21,swing,CIBR,SHORT,70,60.74,entry (SHORT),+0.0000
2026-04-12 09:45:23,swing,USMV,SHORT,152,92.75,entry (SHORT),+0.0000
2026-04-12 09:45:25,swing,EWY,SHORT,20,138.73,entry (SHORT),+0.0000
2026-04-12 09:45:30,swing,IBIT,SHORT,94,41.56,entry (SHORT),+0.0000
2026-04-12 09:50:48,swing,CIBR,SHORT,70,60.74,entry (SHORT),+0.0000
2026-04-12 09:50:50,swing,USMV,SHORT,152,92.75,entry (SHORT),+0.0000
2026-04-12 09:50:52,swing,EWY,SHORT,20,138.73,entry (SHORT),+0.0000
2026-04-12 09:50:57,swing,IBIT,SHORT,94,41.56,entry (SHORT),+0.0000
2026-04-12 09:56:14,swing,CIBR,SHORT,70,60.74,entry (SHORT),+0.0000
2026-04-12 09:56:15,swing,USMV,SHORT,152,92.75,entry (SHORT),+0.0000
2026-04-12 09:56:17,swing,EWY,SHORT,20,138.73,entry (SHORT),+0.0000
2026-04-12 09:56:23,swing,IBIT,SHORT,94,41.56,entry (SHORT),+0.0000
2026-04-12 10:00:25,intraday,GLD,LONG,10,437.17,entry (LONG),+0.0000
2026-04-12 10:00:25,intraday,IBIT,LONG,22,41.57,entry (LONG),+0.0000
2026-04-12 10:00:26,intraday,EWC,LONG,27,56.77,entry (LONG),+0.0000
2026-04-12 10:00:28,intraday,USO,LONG,17,124.83,entry (LONG),+0.0000
2026-04-12 10:00:29,intraday,XLI,LONG,12,171.51,entry (LONG),+0.0000
2026-04-12 10:00:30,intraday,XLU,LONG,82,46.95,entry (LONG),+0.0000
2026-04-12 10:01:35,intraday,GLD,LONG,10,437.17,entry (LONG),+0.0000
2026-04-12 10:01:36,intraday,IBIT,LONG,22,41.57,entry (LONG),+0.0000
2026-04-12 10:01:37,intraday,EWC,LONG,27,56.77,entry (LONG),+0.0000
2026-04-12 10:01:37,intraday,USO,LONG,17,124.83,entry (LONG),+0.0000
2026-04-12 10:01:38,intraday,XLI,LONG,12,171.51,entry (LONG),+0.0000
2026-04-12 10:01:39,intraday,XLU,LONG,82,46.95,entry (LONG),+0.0000
2026-04-12 10:01:39,swing,CIBR,SHORT,70,60.74,entry (SHORT),+0.0000
2026-04-12 10:01:41,swing,USMV,SHORT,152,92.75,entry (SHORT),+0.0000
2026-04-12 10:01:43,swing,EWY,SHORT,20,138.73,entry (SHORT),+0.0000
2026-04-12 10:01:48,swing,IBIT,SHORT,94,41.56,entry (SHORT),+0.0000
2026-04-12 10:02:44,intraday,GLD,LONG,10,437.17,entry (LONG),+0.0000
2026-04-12 10:02:45,intraday,IBIT,LONG,22,41.57,entry (LONG),+0.0000
2026-04-12 10:02:46,intraday,EWC,LONG,27,56.77,entry (LONG),+0.0000
2026-04-12 10:02:46,intraday,USO,LONG,17,124.83,entry (LONG),+0.0000
2026-04-12 10:02:47,intraday,XLI,LONG,12,171.51,entry (LONG),+0.0000
2026-04-12 10:02:48,intraday,XLU,LONG,82,46.95,entry (LONG),+0.0000
2026-04-12 10:03:53,intraday,GLD,LONG,10,437.17,entry (LONG),+0.0000
2026-04-12 10:03:54,intraday,IBIT,LONG,22,41.57,entry (LONG),+0.0000
2026-04-12 10:03:55,intraday,EWC,LONG,27,56.77,entry (LONG),+0.0000
2026-04-12 10:03:56,intraday,USO,LONG,17,124.83,entry (LONG),+0.0000
2026-04-12 10:03:57,intraday,XLI,LONG,12,171.51,entry (LONG),+0.0000
2026-04-12 10:03:58,intraday,XLU,LONG,82,46.95,entry (LONG),+0.0000
2026-04-12 10:05:02,intraday,GLD,LONG,10,437.17,entry (LONG),+0.0000
2026-04-12 10:05:03,intraday,IBIT,LONG,22,41.57,entry (LONG),+0.0000
2026-04-12 10:05:04,intraday,EWC,LONG,27,56.77,entry (LONG),+0.0000
2026-04-12 10:05:05,intraday,USO,LONG,17,124.83,entry (LONG),+0.0000
2026-04-12 10:05:06,intraday,XLI,LONG,12,171.51,entry (LONG),+0.0000
2026-04-12 10:05:07,intraday,XLU,LONG,82,46.95,entry (LONG),+0.0000
2026-04-12 10:06:12,intraday,GLD,LONG,10,437.17,entry (LONG),+0.0000
2026-04-12 10:06:12,intraday,IBIT,LONG,22,41.57,entry (LONG),+0.0000
2026-04-12 10:06:13,intraday,EWC,LONG,27,56.77,entry (LONG),+0.0000
2026-04-12 10:06:14,intraday,USO,LONG,17,124.83,entry (LONG),+0.0000
2026-04-12 10:06:15,intraday,XLI,LONG,12,171.51,entry (LONG),+0.0000
2026-04-12 10:06:16,intraday,XLU,LONG,82,46.95,entry (LONG),+0.0000
2026-04-12 10:07:04,swing,CIBR,SHORT,70,60.74,entry (SHORT),+0.0000
2026-04-12 10:07:06,swing,USMV,SHORT,152,92.75,entry (SHORT),+0.0000
2026-04-12 10:07:08,swing,EWY,SHORT,20,138.73,entry (SHORT),+0.0000
2026-04-12 10:07:13,swing,IBIT,SHORT,94,41.56,entry (SHORT),+0.0000
2026-04-12 10:07:22,intraday,GLD,LONG,10,437.17,entry (LONG),+0.0000
2026-04-12 10:07:23,intraday,IBIT,LONG,22,41.57,entry (LONG),+0.0000
2026-04-12 10:07:23,intraday,EWC,LONG,27,56.77,entry (LONG),+0.0000
2026-04-12 10:07:24,intraday,USO,LONG,17,124.83,entry (LONG),+0.0000
2026-04-12 10:07:25,intraday,XLI,LONG,12,171.51,entry (LONG),+0.0000
2026-04-12 10:07:26,intraday,XLU,LONG,82,46.95,entry (LONG),+0.0000
2026-04-12 10:08:31,intraday,GLD,LONG,10,437.17,entry (LONG),+0.0000
2026-04-12 10:08:32,intraday,IBIT,LONG,22,41.57,entry (LONG),+0.0000
2026-04-12 10:08:32,intraday,EWC,LONG,27,56.77,entry (LONG),+0.0000
2026-04-12 10:08:33,intraday,USO,LONG,17,124.83,entry (LONG),+0.0000
2026-04-12 10:08:34,intraday,XLI,LONG,12,171.51,entry (LONG),+0.0000
2026-04-12 10:08:35,intraday,XLU,LONG,82,46.95,entry (LONG),+0.0000
2026-04-12 10:09:45,intraday,GLD,LONG,10,437.17,entry (LONG),+0.0000
2026-04-12 10:09:46,intraday,IBIT,LONG,22,41.57,entry (LONG),+0.0000
2026-04-12 10:09:47,intraday,EWC,LONG,27,56.77,entry (LONG),+0.0000
2026-04-12 10:09:48,intraday,USO,LONG,17,124.83,entry (LONG),+0.0000
2026-04-12 10:09:49,intraday,XLI,LONG,12,171.51,entry (LONG),+0.0000
2026-04-12 10:09:50,intraday,XLU,LONG,82,46.95,entry (LONG),+0.0000
2026-04-12 10:10:55,intraday,GLD,LONG,10,437.17,entry (LONG),+0.0000
2026-04-12 10:10:55,intraday,IBIT,LONG,22,41.57,entry (LONG),+0.0000
2026-04-12 10:10:56,intraday,EWC,LONG,27,56.77,entry (LONG),+0.0000
2026-04-12 10:10:57,intraday,USO,LONG,17,124.83,entry (LONG),+0.0000
2026-04-12 10:10:58,intraday,XLI,LONG,12,171.51,entry (LONG),+0.0000
2026-04-12 10:10:59,intraday,XLU,LONG,82,46.95,entry (LONG),+0.0000
2026-04-12 10:12:04,intraday,GLD,LONG,10,437.17,entry (LONG),+0.0000
2026-04-12 10:12:05,intraday,IBIT,LONG,22,41.57,entry (LONG),+0.0000
2026-04-12 10:12:05,intraday,EWC,LONG,27,56.77,entry (LONG),+0.0000
2026-04-12 10:12:06,intraday,USO,LONG,17,124.83,entry (LONG),+0.0000
2026-04-12 10:12:07,intraday,XLI,LONG,12,171.51,entry (LONG),+0.0000
2026-04-12 10:12:08,intraday,XLU,LONG,82,46.95,entry (LONG),+0.0000
2026-04-12 10:12:33,swing,CIBR,SHORT,70,60.74,entry (SHORT),+0.0000
2026-04-12 10:12:35,swing,USMV,SHORT,152,92.75,entry (SHORT),+0.0000
2026-04-12 10:12:37,swing,EWY,SHORT,20,138.73,entry (SHORT),+0.0000
2026-04-12 10:12:41,swing,IBIT,SHORT,94,41.56,entry (SHORT),+0.0000
2026-04-12 10:13:13,intraday,GLD,LONG,10,437.17,entry (LONG),+0.0000
2026-04-12 10:13:14,intraday,IBIT,LONG,22,41.57,entry (LONG),+0.0000
2026-04-12 10:13:15,intraday,EWC,LONG,27,56.77,entry (LONG),+0.0000
2026-04-12 10:13:15,intraday,USO,LONG,17,124.83,entry (LONG),+0.0000
2026-04-12 10:13:16,intraday,XLI,LONG,12,171.51,entry (LONG),+0.0000
2026-04-12 10:13:17,intraday,XLU,LONG,82,46.95,entry (LONG),+0.0000
2026-04-12 10:14:22,intraday,GLD,LONG,10,437.17,entry (LONG),+0.0000
2026-04-12 10:14:23,intraday,IBIT,LONG,22,41.57,entry (LONG),+0.0000
2026-04-12 10:14:24,intraday,EWC,LONG,27,56.77,entry (LONG),+0.0000
2026-04-12 10:14:25,intraday,USO,LONG,17,124.83,entry (LONG),+0.0000
2026-04-12 10:14:26,intraday,XLI,LONG,12,171.51,entry (LONG),+0.0000
2026-04-12 10:14:26,intraday,XLU,LONG,82,46.95,entry (LONG),+0.0000
2026-04-12 10:15:31,intraday,GLD,LONG,10,437.17,entry (LONG),+0.0000
2026-04-12 10:15:32,intraday,IBIT,LONG,22,41.57,entry (LONG),+0.0000
2026-04-12 10:15:33,intraday,EWC,LONG,27,56.77,entry (LONG),+0.0000
2026-04-12 10:15:34,intraday,USO,LONG,17,124.83,entry (LONG),+0.0000
2026-04-12 10:15:35,intraday,XLI,LONG,12,171.51,entry (LONG),+0.0000
2026-04-12 10:15:36,intraday,XLU,LONG,82,46.95,entry (LONG),+0.0000
2026-04-12 10:16:42,intraday,GLD,LONG,10,437.17,entry (LONG),+0.0000
2026-04-12 10:16:43,intraday,IBIT,LONG,22,41.57,entry (LONG),+0.0000
2026-04-12 10:16:44,intraday,EWC,LONG,27,56.77,entry (LONG),+0.0000
2026-04-12 10:16:45,intraday,USO,LONG,17,124.83,entry (LONG),+0.0000
2026-04-12 10:16:46,intraday,XLI,LONG,12,171.51,entry (LONG),+0.0000
2026-04-12 10:16:47,intraday,XLU,LONG,82,46.95,entry (LONG),+0.0000
2026-04-12 10:17:52,intraday,GLD,LONG,10,437.17,entry (LONG),+0.0000
2026-04-12 10:17:52,intraday,IBIT,LONG,22,41.57,entry (LONG),+0.0000
2026-04-12 10:17:53,intraday,EWC,LONG,27,56.77,entry (LONG),+0.0000
2026-04-12 10:17:54,intraday,USO,LONG,17,124.83,entry (LONG),+0.0000
2026-04-12 10:17:55,intraday,XLI,LONG,12,171.51,entry (LONG),+0.0000
2026-04-12 10:17:56,intraday,XLU,LONG,82,46.95,entry (LONG),+0.0000
2026-04-12 10:17:59,swing,CIBR,SHORT,70,60.74,entry (SHORT),+0.0000
2026-04-12 10:18:01,swing,USMV,SHORT,152,92.75,entry (SHORT),+0.0000
2026-04-12 10:18:03,swing,EWY,SHORT,20,138.73,entry (SHORT),+0.0000
2026-04-12 10:18:08,swing,IBIT,SHORT,94,41.56,entry (SHORT),+0.0000
2026-04-12 10:19:17,intraday,GLD,LONG,10,437.17,entry (LONG),+0.0000
2026-04-12 10:19:17,intraday,IBIT,LONG,22,41.57,entry (LONG),+0.0000
2026-04-12 10:19:18,intraday,EWC,LONG,27,56.77,entry (LONG),+0.0000
2026-04-12 10:19:19,intraday,USO,LONG,17,124.83,entry (LONG),+0.0000
2026-04-12 10:19:20,intraday,XLI,LONG,12,171.51,entry (LONG),+0.0000
2026-04-12 10:19:21,intraday,XLU,LONG,82,46.95,entry (LONG),+0.0000
2026-04-12 10:20:26,intraday,GLD,LONG,10,437.17,entry (LONG),+0.0000
2026-04-12 10:20:27,intraday,IBIT,LONG,22,41.57,entry (LONG),+0.0000
2026-04-12 10:20:28,intraday,EWC,LONG,27,56.77,entry (LONG),+0.0000
2026-04-12 10:20:28,intraday,USO,LONG,17,124.83,entry (LONG),+0.0000
2026-04-12 10:20:29,intraday,XLI,LONG,12,171.51,entry (LONG),+0.0000
2026-04-12 10:20:30,intraday,XLU,LONG,82,46.95,entry (LONG),+0.0000
2026-04-12 10:21:36,intraday,GLD,LONG,10,437.17,entry (LONG),+0.0000
2026-04-12 10:21:37,intraday,IBIT,LONG,22,41.57,entry (LONG),+0.0000
2026-04-12 10:21:38,intraday,EWC,LONG,27,56.77,entry (LONG),+0.0000
2026-04-12 10:21:39,intraday,USO,LONG,17,124.83,entry (LONG),+0.0000
2026-04-12 10:21:40,intraday,XLI,LONG,12,171.51,entry (LONG),+0.0000
2026-04-12 10:21:41,intraday,XLU,LONG,82,46.95,entry (LONG),+0.0000
2026-04-12 10:22:46,intraday,GLD,LONG,10,437.17,entry (LONG),+0.0000
2026-04-12 10:22:47,intraday,IBIT,LONG,22,41.57,entry (LONG),+0.0000
2026-04-12 10:22:47,intraday,EWC,LONG,27,56.77,entry (LONG),+0.0000
2026-04-12 10:22:49,intraday,USO,LONG,17,124.83,entry (LONG),+0.0000
2026-04-12 10:22:50,intraday,XLI,LONG,12,171.51,entry (LONG),+0.0000
2026-04-12 10:22:51,intraday,XLU,LONG,82,46.95,entry (LONG),+0.0000
2026-04-12 10:23:28,swing,CIBR,SHORT,70,60.74,entry (SHORT),+0.0000
2026-04-12 10:23:29,swing,USMV,SHORT,152,92.75,entry (SHORT),+0.0000
2026-04-12 10:23:31,swing,EWY,SHORT,20,138.73,entry (SHORT),+0.0000
2026-04-12 10:23:36,swing,IBIT,SHORT,94,41.56,entry (SHORT),+0.0000
2026-04-12 10:23:56,intraday,GLD,LONG,10,437.17,entry (LONG),+0.0000
2026-04-12 10:23:57,intraday,IBIT,LONG,22,41.57,entry (LONG),+0.0000
2026-04-12 10:23:58,intraday,EWC,LONG,27,56.77,entry (LONG),+0.0000
2026-04-12 10:23:59,intraday,USO,LONG,17,124.83,entry (LONG),+0.0000
2026-04-12 10:24:00,intraday,XLI,LONG,12,171.51,entry (LONG),+0.0000
2026-04-12 10:24:01,intraday,XLU,LONG,82,46.95,entry (LONG),+0.0000
2026-04-12 10:25:07,intraday,GLD,LONG,10,437.17,entry (LONG),+0.0000
2026-04-12 10:25:07,intraday,IBIT,LONG,22,41.57,entry (LONG),+0.0000
2026-04-12 10:25:08,intraday,EWC,LONG,27,56.77,entry (LONG),+0.0000
2026-04-12 10:25:09,intraday,USO,LONG,17,124.83,entry (LONG),+0.0000
2026-04-12 10:25:10,intraday,XLI,LONG,12,171.51,entry (LONG),+0.0000
2026-04-12 10:25:11,intraday,XLU,LONG,82,46.95,entry (LONG),+0.0000
2026-04-12 10:26:16,intraday,GLD,LONG,10,437.17,entry (LONG),+0.0000
2026-04-12 10:26:17,intraday,IBIT,LONG,22,41.57,entry (LONG),+0.0000
2026-04-12 10:26:18,intraday,EWC,LONG,27,56.77,entry (LONG),+0.0000
2026-04-12 10:26:19,intraday,USO,LONG,17,124.83,entry (LONG),+0.0000
2026-04-12 10:26:20,intraday,XLI,LONG,12,171.51,entry (LONG),+0.0000
2026-04-12 10:26:21,intraday,XLU,LONG,82,46.95,entry (LONG),+0.0000
2026-04-12 10:27:25,intraday,GLD,LONG,10,437.17,entry (LONG),+0.0000
2026-04-12 10:27:26,intraday,IBIT,LONG,22,41.57,entry (LONG),+0.0000
2026-04-12 10:27:27,intraday,EWC,LONG,27,56.77,entry (LONG),+0.0000
2026-04-12 10:27:30,intraday,USO,LONG,17,124.83,entry (LONG),+0.0000
2026-04-12 10:27:31,intraday,XLI,LONG,12,171.51,entry (LONG),+0.0000
2026-04-12 10:27:32,intraday,XLU,LONG,82,46.95,entry (LONG),+0.0000
2026-04-12 10:28:37,intraday,GLD,LONG,10,437.17,entry (LONG),+0.0000
2026-04-12 10:28:38,intraday,IBIT,LONG,22,41.57,entry (LONG),+0.0000
2026-04-12 10:28:38,intraday,EWC,LONG,27,56.77,entry (LONG),+0.0000
2026-04-12 10:28:39,intraday,USO,LONG,17,124.83,entry (LONG),+0.0000
2026-04-12 10:28:40,intraday,XLI,LONG,12,171.51,entry (LONG),+0.0000
2026-04-12 10:28:41,intraday,XLU,LONG,82,46.95,entry (LONG),+0.0000
2026-04-12 10:28:52,swing,CIBR,SHORT,70,60.74,entry (SHORT),+0.0000
2026-04-12 10:28:54,swing,USMV,SHORT,152,92.75,entry (SHORT),+0.0000
2026-04-12 10:28:56,swing,EWY,SHORT,20,138.73,entry (SHORT),+0.0000
2026-04-12 10:29:01,swing,IBIT,SHORT,94,41.56,entry (SHORT),+0.0000
2026-04-12 10:29:47,intraday,GLD,LONG,10,437.17,entry (LONG),+0.0000
2026-04-12 10:29:48,intraday,IBIT,LONG,22,41.57,entry (LONG),+0.0000
2026-04-12 10:29:49,intraday,EWC,LONG,27,56.77,entry (LONG),+0.0000
2026-04-12 10:29:50,intraday,USO,LONG,17,124.83,entry (LONG),+0.0000
2026-04-12 10:29:51,intraday,XLI,LONG,12,171.51,entry (LONG),+0.0000
2026-04-12 10:29:52,intraday,XLU,LONG,82,46.95,entry (LONG),+0.0000
2026-04-12 10:30:57,intraday,GLD,LONG,10,437.17,entry (LONG),+0.0000
2026-04-12 10:30:58,intraday,IBIT,LONG,22,41.57,entry (LONG),+0.0000
2026-04-12 10:30:58,intraday,EWC,LONG,27,56.77,entry (LONG),+0.0000
2026-04-12 10:30:59,intraday,USO,LONG,17,124.83,entry (LONG),+0.0000
2026-04-12 10:31:00,intraday,XLI,LONG,12,171.51,entry (LONG),+0.0000
2026-04-12 10:31:01,intraday,XLU,LONG,82,46.95,entry (LONG),+0.0000
2026-04-12 10:32:06,intraday,GLD,LONG,10,437.17,entry (LONG),+0.0000
2026-04-12 10:32:07,intraday,IBIT,LONG,22,41.57,entry (LONG),+0.0000
2026-04-12 10:32:08,intraday,EWC,LONG,27,56.77,entry (LONG),+0.0000
2026-04-12 10:32:09,intraday,USO,LONG,17,124.83,entry (LONG),+0.0000
2026-04-12 10:32:10,intraday,XLI,LONG,12,171.51,entry (LONG),+0.0000
2026-04-12 10:32:10,intraday,XLU,LONG,82,46.95,entry (LONG),+0.0000
2026-04-12 10:33:16,intraday,GLD,LONG,10,437.17,entry (LONG),+0.0000
2026-04-12 10:33:16,intraday,IBIT,LONG,22,41.57,entry (LONG),+0.0000
2026-04-12 10:33:17,intraday,EWC,LONG,27,56.77,entry (LONG),+0.0000
2026-04-12 10:33:18,intraday,USO,LONG,17,124.83,entry (LONG),+0.0000
2026-04-12 10:33:19,intraday,XLI,LONG,12,171.51,entry (LONG),+0.0000
2026-04-12 10:33:20,intraday,XLU,LONG,82,46.95,entry (LONG),+0.0000
2026-04-12 10:34:20,swing,CIBR,SHORT,70,60.74,entry (SHORT),+0.0000
2026-04-12 10:34:22,swing,USMV,SHORT,152,92.75,entry (SHORT),+0.0000
2026-04-12 10:34:24,swing,EWY,SHORT,20,138.73,entry (SHORT),+0.0000
2026-04-12 10:34:25,intraday,GLD,LONG,10,437.17,entry (LONG),+0.0000
2026-04-12 10:34:25,intraday,IBIT,LONG,22,41.57,entry (LONG),+0.0000
2026-04-12 10:34:26,intraday,EWC,LONG,27,56.77,entry (LONG),+0.0000
2026-04-12 10:34:27,intraday,USO,LONG,17,124.83,entry (LONG),+0.0000
2026-04-12 10:34:28,intraday,XLI,LONG,12,171.51,entry (LONG),+0.0000
2026-04-12 10:34:29,intraday,XLU,LONG,82,46.95,entry (LONG),+0.0000
2026-04-12 10:34:30,swing,IBIT,SHORT,94,41.56,entry (SHORT),+0.0000
2026-04-12 10:35:34,intraday,GLD,LONG,10,437.17,entry (LONG),+0.0000
2026-04-12 10:35:35,intraday,IBIT,LONG,22,41.57,entry (LONG),+0.0000
2026-04-12 10:35:36,intraday,EWC,LONG,27,56.77,entry (LONG),+0.0000
2026-04-12 10:35:37,intraday,USO,LONG,17,124.83,entry (LONG),+0.0000
2026-04-12 10:35:39,intraday,XLI,LONG,12,171.51,entry (LONG),+0.0000
2026-04-12 10:35:40,intraday,XLU,LONG,82,46.95,entry (LONG),+0.0000
2026-04-12 10:36:45,intraday,GLD,LONG,10,437.17,entry (LONG),+0.0000
2026-04-12 10:36:46,intraday,IBIT,LONG,22,41.57,entry (LONG),+0.0000
2026-04-12 10:36:47,intraday,EWC,LONG,27,56.77,entry (LONG),+0.0000
2026-04-12 10:36:48,intraday,USO,LONG,17,124.83,entry (LONG),+0.0000
2026-04-12 10:36:49,intraday,XLI,LONG,12,171.51,entry (LONG),+0.0000
2026-04-12 10:36:50,intraday,XLU,LONG,82,46.95,entry (LONG),+0.0000
2026-04-12 10:37:55,intraday,GLD,LONG,10,437.17,entry (LONG),+0.0000
2026-04-12 10:37:56,intraday,IBIT,LONG,22,41.57,entry (LONG),+0.0000
2026-04-12 10:37:56,intraday,EWC,LONG,27,56.77,entry (LONG),+0.0000
2026-04-12 10:37:57,intraday,USO,LONG,17,124.83,entry (LONG),+0.0000
2026-04-12 10:37:58,intraday,XLI,LONG,12,171.51,entry (LONG),+0.0000
2026-04-12 10:37:59,intraday,XLU,LONG,82,46.95,entry (LONG),+0.0000
2026-04-12 10:39:04,intraday,GLD,LONG,10,437.17,entry (LONG),+0.0000
2026-04-12 10:39:05,intraday,IBIT,LONG,22,41.57,entry (LONG),+0.0000
2026-04-12 10:39:06,intraday,EWC,LONG,27,56.77,entry (LONG),+0.0000
2026-04-12 10:39:06,intraday,USO,LONG,17,124.83,entry (LONG),+0.0000
2026-04-12 10:39:07,intraday,XLI,LONG,12,171.51,entry (LONG),+0.0000
2026-04-12 10:39:08,intraday,XLU,LONG,82,46.95,entry (LONG),+0.0000
2026-04-12 10:39:54,swing,CIBR,SHORT,70,60.74,entry (SHORT),+0.0000
2026-04-12 10:39:56,swing,USMV,SHORT,152,92.75,entry (SHORT),+0.0000
2026-04-12 10:39:57,swing,EWY,SHORT,20,138.73,entry (SHORT),+0.0000
2026-04-12 10:40:02,swing,IBIT,SHORT,94,41.56,entry (SHORT),+0.0000
2026-04-12 10:40:13,intraday,GLD,LONG,10,437.17,entry (LONG),+0.0000
2026-04-12 10:40:14,intraday,IBIT,LONG,22,41.57,entry (LONG),+0.0000
2026-04-12 10:40:15,intraday,EWC,LONG,27,56.77,entry (LONG),+0.0000
2026-04-12 10:40:15,intraday,USO,LONG,17,124.83,entry (LONG),+0.0000
2026-04-12 10:40:16,intraday,XLI,LONG,12,171.51,entry (LONG),+0.0000
2026-04-12 10:40:17,intraday,XLU,LONG,82,46.95,entry (LONG),+0.0000
2026-04-12 10:41:22,intraday,GLD,LONG,10,437.17,entry (LONG),+0.0000
2026-04-12 10:41:23,intraday,IBIT,LONG,22,41.57,entry (LONG),+0.0000
2026-04-12 10:41:24,intraday,EWC,LONG,27,56.77,entry (LONG),+0.0000
2026-04-12 10:41:24,intraday,USO,LONG,17,124.83,entry (LONG),+0.0000
2026-04-12 10:41:25,intraday,XLI,LONG,12,171.51,entry (LONG),+0.0000
2026-04-12 10:41:26,intraday,XLU,LONG,82,46.95,entry (LONG),+0.0000
2026-04-12 10:42:31,intraday,GLD,LONG,10,437.17,entry (LONG),+0.0000
2026-04-12 10:42:32,intraday,IBIT,LONG,22,41.57,entry (LONG),+0.0000
2026-04-12 10:42:33,intraday,EWC,LONG,27,56.77,entry (LONG),+0.0000
2026-04-12 10:42:34,intraday,USO,LONG,17,124.83,entry (LONG),+0.0000
2026-04-12 10:42:35,intraday,XLI,LONG,12,171.51,entry (LONG),+0.0000
2026-04-12 10:42:35,intraday,XLU,LONG,82,46.95,entry (LONG),+0.0000
2026-04-12 10:43:41,intraday,GLD,LONG,10,437.17,entry (LONG),+0.0000
2026-04-12 10:43:41,intraday,IBIT,LONG,22,41.57,entry (LONG),+0.0000
2026-04-12 10:43:42,intraday,EWC,LONG,27,56.77,entry (LONG),+0.0000
2026-04-12 10:43:43,intraday,USO,LONG,17,124.83,entry (LONG),+0.0000
2026-04-12 10:43:44,intraday,XLI,LONG,12,171.51,entry (LONG),+0.0000
2026-04-12 10:43:45,intraday,XLU,LONG,82,46.95,entry (LONG),+0.0000
2026-04-12 10:44:50,intraday,GLD,LONG,10,437.17,entry (LONG),+0.0000
2026-04-12 10:44:53,intraday,IBIT,LONG,22,41.57,entry (LONG),+0.0000
2026-04-12 10:44:54,intraday,EWC,LONG,27,56.77,entry (LONG),+0.0000
2026-04-12 10:44:54,intraday,USO,LONG,17,124.83,entry (LONG),+0.0000
2026-04-12 10:44:56,intraday,XLI,LONG,12,171.51,entry (LONG),+0.0000
2026-04-12 10:44:56,intraday,XLU,LONG,82,46.95,entry (LONG),+0.0000
2026-04-12 10:45:20,swing,CIBR,SHORT,70,60.74,entry (SHORT),+0.0000
2026-04-12 10:45:22,swing,USMV,SHORT,152,92.75,entry (SHORT),+0.0000
2026-04-12 10:45:25,swing,EWY,SHORT,20,138.73,entry (SHORT),+0.0000
2026-04-12 10:45:31,swing,IBIT,SHORT,94,41.56,entry (SHORT),+0.0000
2026-04-12 10:46:03,intraday,GLD,LONG,10,437.17,entry (LONG),+0.0000
2026-04-12 10:46:04,intraday,IBIT,LONG,22,41.57,entry (LONG),+0.0000
2026-04-12 10:46:05,intraday,EWC,LONG,27,56.77,entry (LONG),+0.0000
2026-04-12 10:46:05,intraday,USO,LONG,17,124.83,entry (LONG),+0.0000
2026-04-12 10:46:06,intraday,XLI,LONG,12,171.51,entry (LONG),+0.0000
2026-04-12 10:46:07,intraday,XLU,LONG,82,46.95,entry (LONG),+0.0000
2026-04-12 10:47:12,intraday,GLD,LONG,10,437.17,entry (LONG),+0.0000
2026-04-12 10:47:13,intraday,IBIT,LONG,22,41.57,entry (LONG),+0.0000
2026-04-12 10:47:14,intraday,EWC,LONG,27,56.77,entry (LONG),+0.0000
2026-04-12 10:47:15,intraday,USO,LONG,17,124.83,entry (LONG),+0.0000
2026-04-12 10:47:16,intraday,XLI,LONG,12,171.51,entry (LONG),+0.0000
2026-04-12 10:47:17,intraday,XLU,LONG,82,46.95,entry (LONG),+0.0000
2026-04-12 10:48:22,intraday,GLD,LONG,10,437.17,entry (LONG),+0.0000
2026-04-12 10:48:23,intraday,IBIT,LONG,22,41.57,entry (LONG),+0.0000
2026-04-12 10:48:23,intraday,EWC,LONG,27,56.77,entry (LONG),+0.0000
2026-04-12 10:48:24,intraday,USO,LONG,17,124.83,entry (LONG),+0.0000
2026-04-12 10:48:25,intraday,XLI,LONG,12,171.51,entry (LONG),+0.0000
2026-04-12 10:48:26,intraday,XLU,LONG,82,46.95,entry (LONG),+0.0000
2026-04-12 10:49:35,intraday,GLD,LONG,10,437.17,entry (LONG),+0.0000
2026-04-12 10:49:36,intraday,IBIT,LONG,22,41.57,entry (LONG),+0.0000
2026-04-12 10:49:38,intraday,EWC,LONG,27,56.77,entry (LONG),+0.0000
2026-04-12 10:49:39,intraday,USO,LONG,17,124.83,entry (LONG),+0.0000
2026-04-12 10:49:40,intraday,XLI,LONG,12,171.51,entry (LONG),+0.0000
2026-04-12 10:49:41,intraday,XLU,LONG,82,46.95,entry (LONG),+0.0000
2026-04-12 10:50:46,intraday,GLD,LONG,10,437.17,entry (LONG),+0.0000
2026-04-12 10:50:47,intraday,IBIT,LONG,22,41.57,entry (LONG),+0.0000
2026-04-12 10:50:48,intraday,EWC,LONG,27,56.77,entry (LONG),+0.0000
2026-04-12 10:50:49,intraday,USO,LONG,17,124.83,entry (LONG),+0.0000
2026-04-12 10:50:49,swing,CIBR,SHORT,70,60.74,entry (SHORT),+0.0000
2026-04-12 10:50:50,intraday,XLI,LONG,12,171.51,entry (LONG),+0.0000
2026-04-12 10:50:50,intraday,XLU,LONG,82,46.95,entry (LONG),+0.0000
2026-04-12 10:50:50,swing,USMV,SHORT,152,92.75,entry (SHORT),+0.0000
2026-04-12 10:50:52,swing,EWY,SHORT,20,138.73,entry (SHORT),+0.0000
2026-04-12 10:50:57,swing,IBIT,SHORT,94,41.56,entry (SHORT),+0.0000
2026-04-12 10:51:56,intraday,GLD,LONG,10,437.17,entry (LONG),+0.0000
2026-04-12 10:51:56,intraday,IBIT,LONG,22,41.57,entry (LONG),+0.0000
2026-04-12 10:51:57,intraday,EWC,LONG,27,56.77,entry (LONG),+0.0000
2026-04-12 10:51:58,intraday,USO,LONG,17,124.83,entry (LONG),+0.0000
2026-04-12 10:51:59,intraday,XLI,LONG,12,171.51,entry (LONG),+0.0000
2026-04-12 10:52:00,intraday,XLU,LONG,82,46.95,entry (LONG),+0.0000
2026-04-12 10:53:05,intraday,GLD,LONG,10,437.17,entry (LONG),+0.0000
2026-04-12 10:53:06,intraday,IBIT,LONG,22,41.57,entry (LONG),+0.0000
2026-04-12 10:53:06,intraday,EWC,LONG,27,56.77,entry (LONG),+0.0000
2026-04-12 10:53:07,intraday,USO,LONG,17,124.83,entry (LONG),+0.0000
2026-04-12 10:53:08,intraday,XLI,LONG,12,171.51,entry (LONG),+0.0000
2026-04-12 10:53:09,intraday,XLU,LONG,82,46.95,entry (LONG),+0.0000
2026-04-12 10:54:14,intraday,GLD,LONG,10,437.17,entry (LONG),+0.0000
2026-04-12 10:54:15,intraday,IBIT,LONG,22,41.57,entry (LONG),+0.0000
2026-04-12 10:54:16,intraday,EWC,LONG,27,56.77,entry (LONG),+0.0000
2026-04-12 10:54:16,intraday,USO,LONG,17,124.83,entry (LONG),+0.0000
2026-04-12 10:54:18,intraday,XLI,LONG,12,171.51,entry (LONG),+0.0000
2026-04-12 10:54:18,intraday,XLU,LONG,82,46.95,entry (LONG),+0.0000
2026-04-12 10:55:23,intraday,GLD,LONG,10,437.17,entry (LONG),+0.0000
2026-04-12 10:55:24,intraday,IBIT,LONG,22,41.57,entry (LONG),+0.0000
2026-04-12 10:55:25,intraday,EWC,LONG,27,56.77,entry (LONG),+0.0000
2026-04-12 10:55:26,intraday,USO,LONG,17,124.83,entry (LONG),+0.0000
2026-04-12 10:55:27,intraday,XLI,LONG,12,171.51,entry (LONG),+0.0000
2026-04-12 10:55:28,intraday,XLU,LONG,82,46.95,entry (LONG),+0.0000
2026-04-12 10:56:17,swing,CIBR,SHORT,70,60.74,entry (SHORT),+0.0000
2026-04-12 10:56:19,swing,USMV,SHORT,152,92.75,entry (SHORT),+0.0000
2026-04-12 10:56:21,swing,EWY,SHORT,20,138.73,entry (SHORT),+0.0000
2026-04-12 10:56:26,swing,IBIT,SHORT,94,41.56,entry (SHORT),+0.0000
2026-04-12 10:56:33,intraday,GLD,LONG,10,437.17,entry (LONG),+0.0000
2026-04-12 10:56:33,intraday,IBIT,LONG,22,41.57,entry (LONG),+0.0000
2026-04-12 10:56:34,intraday,EWC,LONG,27,56.77,entry (LONG),+0.0000
2026-04-12 10:56:35,intraday,USO,LONG,17,124.83,entry (LONG),+0.0000
2026-04-12 10:56:36,intraday,XLI,LONG,12,171.51,entry (LONG),+0.0000
2026-04-12 10:56:37,intraday,XLU,LONG,82,46.95,entry (LONG),+0.0000
2026-04-12 10:57:43,intraday,GLD,LONG,10,437.17,entry (LONG),+0.0000
2026-04-12 10:57:44,intraday,IBIT,LONG,22,41.57,entry (LONG),+0.0000
2026-04-12 10:57:44,intraday,EWC,LONG,27,56.77,entry (LONG),+0.0000
2026-04-12 10:57:45,intraday,USO,LONG,17,124.83,entry (LONG),+0.0000
2026-04-12 10:57:47,intraday,XLI,LONG,12,171.51,entry (LONG),+0.0000
2026-04-12 10:57:47,intraday,XLU,LONG,82,46.95,entry (LONG),+0.0000
2026-04-12 10:58:52,intraday,GLD,LONG,10,437.17,entry (LONG),+0.0000
2026-04-12 10:58:53,intraday,IBIT,LONG,22,41.57,entry (LONG),+0.0000
2026-04-12 10:58:54,intraday,EWC,LONG,27,56.77,entry (LONG),+0.0000
2026-04-12 10:58:55,intraday,USO,LONG,17,124.83,entry (LONG),+0.0000
2026-04-12 10:58:56,intraday,XLI,LONG,12,171.51,entry (LONG),+0.0000
2026-04-12 10:58:57,intraday,XLU,LONG,82,46.95,entry (LONG),+0.0000
2026-04-12 11:00:02,intraday,GLD,LONG,10,437.17,entry (LONG),+0.0000
2026-04-12 11:00:03,intraday,IBIT,LONG,22,41.57,entry (LONG),+0.0000
2026-04-12 11:00:04,intraday,EWC,LONG,27,56.77,entry (LONG),+0.0000
2026-04-12 11:00:05,intraday,USO,LONG,17,124.83,entry (LONG),+0.0000
2026-04-12 11:00:06,intraday,XLI,LONG,12,171.51,entry (LONG),+0.0000
2026-04-12 11:00:06,intraday,XLU,LONG,82,46.95,entry (LONG),+0.0000
2026-04-12 11:01:12,intraday,GLD,LONG,10,437.17,entry (LONG),+0.0000
2026-04-12 11:01:12,intraday,IBIT,LONG,22,41.57,entry (LONG),+0.0000
2026-04-12 11:01:13,intraday,EWC,LONG,27,56.77,entry (LONG),+0.0000
2026-04-12 11:01:14,intraday,USO,LONG,17,124.83,entry (LONG),+0.0000
2026-04-12 11:01:15,intraday,XLI,LONG,12,171.51,entry (LONG),+0.0000
2026-04-12 11:01:16,intraday,XLU,LONG,82,46.95,entry (LONG),+0.0000
2026-04-12 11:01:42,swing,CIBR,SHORT,70,60.74,entry (SHORT),+0.0000
2026-04-12 11:01:44,swing,USMV,SHORT,152,92.75,entry (SHORT),+0.0000
2026-04-12 11:01:46,swing,EWY,SHORT,20,138.73,entry (SHORT),+0.0000
2026-04-12 11:01:51,swing,IBIT,SHORT,94,41.56,entry (SHORT),+0.0000
2026-04-12 11:02:26,intraday,GLD,LONG,10,437.17,entry (LONG),+0.0000
2026-04-12 11:02:27,intraday,IBIT,LONG,22,41.57,entry (LONG),+0.0000
2026-04-12 11:02:27,intraday,EWC,LONG,27,56.77,entry (LONG),+0.0000
2026-04-12 11:02:28,intraday,USO,LONG,17,124.83,entry (LONG),+0.0000
2026-04-12 11:02:29,intraday,XLI,LONG,12,171.51,entry (LONG),+0.0000
2026-04-12 11:02:30,intraday,XLU,LONG,82,46.95,entry (LONG),+0.0000
2026-04-12 11:03:35,intraday,GLD,LONG,10,437.17,entry (LONG),+0.0000
2026-04-12 11:03:36,intraday,IBIT,LONG,22,41.57,entry (LONG),+0.0000
2026-04-12 11:03:37,intraday,EWC,LONG,27,56.77,entry (LONG),+0.0000
2026-04-12 11:03:37,intraday,USO,LONG,17,124.83,entry (LONG),+0.0000
2026-04-12 11:03:39,intraday,XLI,LONG,12,171.51,entry (LONG),+0.0000
2026-04-12 11:03:40,intraday,XLU,LONG,82,46.95,entry (LONG),+0.0000
2026-04-12 11:04:45,intraday,GLD,LONG,10,437.17,entry (LONG),+0.0000
2026-04-12 11:04:46,intraday,IBIT,LONG,22,41.57,entry (LONG),+0.0000
2026-04-12 11:04:47,intraday,EWC,LONG,27,56.77,entry (LONG),+0.0000
2026-04-12 11:04:48,intraday,USO,LONG,17,124.83,entry (LONG),+0.0000
2026-04-12 11:04:50,intraday,XLI,LONG,12,171.51,entry (LONG),+0.0000
2026-04-12 11:04:51,intraday,XLU,LONG,82,46.95,entry (LONG),+0.0000
2026-04-12 11:05:56,intraday,GLD,LONG,10,437.17,entry (LONG),+0.0000
2026-04-12 11:05:56,intraday,IBIT,LONG,22,41.57,entry (LONG),+0.0000
2026-04-12 11:05:57,intraday,EWC,LONG,27,56.77,entry (LONG),+0.0000
2026-04-12 11:05:58,intraday,USO,LONG,17,124.83,entry (LONG),+0.0000
2026-04-12 11:05:59,intraday,XLI,LONG,12,171.51,entry (LONG),+0.0000
2026-04-12 11:06:00,intraday,XLU,LONG,82,46.95,entry (LONG),+0.0000
2026-04-12 11:07:05,intraday,GLD,LONG,10,437.17,entry (LONG),+0.0000
2026-04-12 11:07:05,intraday,IBIT,LONG,22,41.57,entry (LONG),+0.0000
2026-04-12 11:07:06,intraday,EWC,LONG,27,56.77,entry (LONG),+0.0000
2026-04-12 11:07:07,intraday,USO,LONG,17,124.83,entry (LONG),+0.0000
2026-04-12 11:07:08,intraday,XLI,LONG,12,171.51,entry (LONG),+0.0000
2026-04-12 11:07:09,intraday,XLU,LONG,82,46.95,entry (LONG),+0.0000
2026-04-12 11:07:10,swing,CIBR,SHORT,70,60.74,entry (SHORT),+0.0000
2026-04-12 11:07:12,swing,USMV,SHORT,152,92.75,entry (SHORT),+0.0000
2026-04-12 11:07:14,swing,EWY,SHORT,20,138.73,entry (SHORT),+0.0000
2026-04-12 11:07:19,swing,IBIT,SHORT,94,41.56,entry (SHORT),+0.0000
2026-04-12 11:08:14,intraday,GLD,LONG,10,437.17,entry (LONG),+0.0000
2026-04-12 11:08:15,intraday,IBIT,LONG,22,41.57,entry (LONG),+0.0000
2026-04-12 11:08:15,intraday,EWC,LONG,27,56.77,entry (LONG),+0.0000
2026-04-12 11:08:16,intraday,USO,LONG,17,124.83,entry (LONG),+0.0000
2026-04-12 11:08:17,intraday,XLI,LONG,12,171.51,entry (LONG),+0.0000
2026-04-12 11:08:18,intraday,XLU,LONG,82,46.95,entry (LONG),+0.0000
2026-04-12 11:09:23,intraday,GLD,LONG,10,437.17,entry (LONG),+0.0000
2026-04-12 11:09:24,intraday,IBIT,LONG,22,41.57,entry (LONG),+0.0000
2026-04-12 11:09:25,intraday,EWC,LONG,27,56.77,entry (LONG),+0.0000
2026-04-12 11:09:25,intraday,USO,LONG,17,124.83,entry (LONG),+0.0000
2026-04-12 11:09:27,intraday,XLI,LONG,12,171.51,entry (LONG),+0.0000
2026-04-12 11:09:27,intraday,XLU,LONG,82,46.95,entry (LONG),+0.0000
2026-04-12 11:10:33,intraday,GLD,LONG,10,437.17,entry (LONG),+0.0000
2026-04-12 11:10:33,intraday,IBIT,LONG,22,41.57,entry (LONG),+0.0000
2026-04-12 11:10:34,intraday,EWC,LONG,27,56.77,entry (LONG),+0.0000
2026-04-12 11:10:35,intraday,USO,LONG,17,124.83,entry (LONG),+0.0000
2026-04-12 11:10:36,intraday,XLI,LONG,12,171.51,entry (LONG),+0.0000
2026-04-12 11:10:37,intraday,XLU,LONG,82,46.95,entry (LONG),+0.0000
2026-04-12 11:11:42,intraday,GLD,LONG,10,437.17,entry (LONG),+0.0000
2026-04-12 11:11:42,intraday,IBIT,LONG,22,41.57,entry (LONG),+0.0000
2026-04-12 11:11:43,intraday,EWC,LONG,27,56.77,entry (LONG),+0.0000
2026-04-12 11:11:44,intraday,USO,LONG,17,124.83,entry (LONG),+0.0000
2026-04-12 11:11:45,intraday,XLI,LONG,12,171.51,entry (LONG),+0.0000
2026-04-12 11:11:46,intraday,XLU,LONG,82,46.95,entry (LONG),+0.0000
2026-04-12 11:12:48,swing,CIBR,SHORT,70,60.74,entry (SHORT),+0.0000
2026-04-12 11:12:50,swing,USMV,SHORT,152,92.75,entry (SHORT),+0.0000
2026-04-12 11:12:51,intraday,GLD,LONG,10,437.17,entry (LONG),+0.0000
2026-04-12 11:12:52,intraday,IBIT,LONG,22,41.57,entry (LONG),+0.0000
2026-04-12 11:12:52,swing,EWY,SHORT,20,138.73,entry (SHORT),+0.0000
2026-04-12 11:12:53,intraday,EWC,LONG,27,56.77,entry (LONG),+0.0000
2026-04-12 11:12:53,intraday,USO,LONG,17,124.83,entry (LONG),+0.0000
2026-04-12 11:12:54,intraday,XLI,LONG,12,171.51,entry (LONG),+0.0000
2026-04-12 11:12:55,intraday,XLU,LONG,82,46.95,entry (LONG),+0.0000
2026-04-12 11:12:57,swing,IBIT,SHORT,94,41.56,entry (SHORT),+0.0000
2026-04-12 11:14:00,intraday,GLD,LONG,10,437.17,entry (LONG),+0.0000
2026-04-12 11:14:01,intraday,IBIT,LONG,22,41.57,entry (LONG),+0.0000
2026-04-12 11:14:02,intraday,EWC,LONG,27,56.77,entry (LONG),+0.0000
2026-04-12 11:14:03,intraday,USO,LONG,17,124.83,entry (LONG),+0.0000
2026-04-12 11:14:04,intraday,XLI,LONG,12,171.51,entry (LONG),+0.0000
2026-04-12 11:14:05,intraday,XLU,LONG,82,46.95,entry (LONG),+0.0000
2026-04-12 11:15:10,intraday,GLD,LONG,10,437.17,entry (LONG),+0.0000
2026-04-12 11:15:10,intraday,IBIT,LONG,22,41.57,entry (LONG),+0.0000
2026-04-12 11:15:11,intraday,EWC,LONG,27,56.77,entry (LONG),+0.0000
2026-04-12 11:15:12,intraday,USO,LONG,17,124.83,entry (LONG),+0.0000
2026-04-12 11:15:13,intraday,XLI,LONG,12,171.51,entry (LONG),+0.0000
2026-04-12 11:15:14,intraday,XLU,LONG,82,46.95,entry (LONG),+0.0000
2026-04-12 11:16:19,intraday,GLD,LONG,10,437.17,entry (LONG),+0.0000
2026-04-12 11:16:20,intraday,IBIT,LONG,22,41.57,entry (LONG),+0.0000
2026-04-12 11:16:20,intraday,EWC,LONG,27,56.77,entry (LONG),+0.0000
2026-04-12 11:16:21,intraday,USO,LONG,17,124.83,entry (LONG),+0.0000
2026-04-12 11:16:22,intraday,XLI,LONG,12,171.51,entry (LONG),+0.0000
2026-04-12 11:16:23,intraday,XLU,LONG,82,46.95,entry (LONG),+0.0000
2026-04-12 11:17:28,intraday,GLD,LONG,10,437.17,entry (LONG),+0.0000
2026-04-12 11:17:28,intraday,IBIT,LONG,22,41.57,entry (LONG),+0.0000
2026-04-12 11:17:29,intraday,EWC,LONG,27,56.77,entry (LONG),+0.0000
2026-04-12 11:17:30,intraday,USO,LONG,17,124.83,entry (LONG),+0.0000
2026-04-12 11:17:31,intraday,XLI,LONG,12,171.51,entry (LONG),+0.0000
2026-04-12 11:17:32,intraday,XLU,LONG,82,46.95,entry (LONG),+0.0000
2026-04-12 11:18:14,swing,CIBR,SHORT,70,60.74,entry (SHORT),+0.0000
2026-04-12 11:18:16,swing,USMV,SHORT,152,92.75,entry (SHORT),+0.0000
2026-04-12 11:18:18,swing,EWY,SHORT,20,138.73,entry (SHORT),+0.0000
2026-04-12 11:18:22,swing,IBIT,SHORT,94,41.56,entry (SHORT),+0.0000
2026-04-12 11:18:37,intraday,GLD,LONG,10,437.17,entry (LONG),+0.0000
2026-04-12 11:18:38,intraday,IBIT,LONG,22,41.57,entry (LONG),+0.0000
2026-04-12 11:18:39,intraday,EWC,LONG,27,56.77,entry (LONG),+0.0000
2026-04-12 11:18:40,intraday,USO,LONG,17,124.83,entry (LONG),+0.0000
2026-04-12 11:18:41,intraday,XLI,LONG,12,171.51,entry (LONG),+0.0000
2026-04-12 11:18:42,intraday,XLU,LONG,82,46.95,entry (LONG),+0.0000
2026-04-12 11:20:02,intraday,GLD,LONG,10,437.17,entry (LONG),+0.0000
2026-04-12 11:20:02,intraday,IBIT,LONG,22,41.57,entry (LONG),+0.0000
2026-04-12 11:20:03,intraday,EWC,LONG,27,56.77,entry (LONG),+0.0000
2026-04-12 11:20:04,intraday,USO,LONG,17,124.83,entry (LONG),+0.0000
2026-04-12 11:20:05,intraday,XLI,LONG,12,171.51,entry (LONG),+0.0000
2026-04-12 11:20:06,intraday,XLU,LONG,82,46.95,entry (LONG),+0.0000
2026-04-12 11:21:11,intraday,GLD,LONG,10,437.17,entry (LONG),+0.0000
2026-04-12 11:21:11,intraday,IBIT,LONG,22,41.57,entry (LONG),+0.0000
2026-04-12 11:21:12,intraday,EWC,LONG,27,56.77,entry (LONG),+0.0000
2026-04-12 11:21:13,intraday,USO,LONG,17,124.83,entry (LONG),+0.0000
2026-04-12 11:21:14,intraday,XLI,LONG,12,171.51,entry (LONG),+0.0000
2026-04-12 11:21:16,intraday,XLU,LONG,82,46.95,entry (LONG),+0.0000
2026-04-12 11:22:21,intraday,GLD,LONG,10,437.17,entry (LONG),+0.0000
2026-04-12 11:22:21,intraday,IBIT,LONG,22,41.57,entry (LONG),+0.0000
2026-04-12 11:22:22,intraday,EWC,LONG,27,56.77,entry (LONG),+0.0000
2026-04-12 11:22:23,intraday,USO,LONG,17,124.83,entry (LONG),+0.0000
2026-04-12 11:22:24,intraday,XLI,LONG,12,171.51,entry (LONG),+0.0000
2026-04-12 11:22:25,intraday,XLU,LONG,82,46.95,entry (LONG),+0.0000
2026-04-12 11:23:32,intraday,GLD,LONG,10,437.17,entry (LONG),+0.0000
2026-04-12 11:23:33,intraday,IBIT,LONG,22,41.57,entry (LONG),+0.0000
2026-04-12 11:23:34,intraday,EWC,LONG,27,56.77,entry (LONG),+0.0000
2026-04-12 11:23:34,intraday,USO,LONG,17,124.83,entry (LONG),+0.0000
2026-04-12 11:23:36,intraday,XLI,LONG,12,171.51,entry (LONG),+0.0000
2026-04-12 11:23:36,intraday,XLU,LONG,82,46.95,entry (LONG),+0.0000
2026-04-12 11:23:40,swing,CIBR,SHORT,70,60.74,entry (SHORT),+0.0000
2026-04-12 11:23:43,swing,USMV,SHORT,152,92.75,entry (SHORT),+0.0000
2026-04-12 11:23:45,swing,EWY,SHORT,20,138.73,entry (SHORT),+0.0000
2026-04-12 11:23:50,swing,IBIT,SHORT,94,41.56,entry (SHORT),+0.0000
2026-04-12 11:24:42,intraday,GLD,LONG,10,437.17,entry (LONG),+0.0000
2026-04-12 11:24:42,intraday,IBIT,LONG,22,41.57,entry (LONG),+0.0000
2026-04-12 11:24:43,intraday,EWC,LONG,27,56.77,entry (LONG),+0.0000
2026-04-12 11:24:44,intraday,USO,LONG,17,124.83,entry (LONG),+0.0000
2026-04-12 11:24:45,intraday,XLI,LONG,12,171.51,entry (LONG),+0.0000
2026-04-12 11:24:46,intraday,XLU,LONG,82,46.95,entry (LONG),+0.0000
2026-04-12 11:25:51,intraday,GLD,LONG,10,437.17,entry (LONG),+0.0000
2026-04-12 11:25:52,intraday,IBIT,LONG,22,41.57,entry (LONG),+0.0000
2026-04-12 11:25:53,intraday,EWC,LONG,27,56.77,entry (LONG),+0.0000
2026-04-12 11:25:53,intraday,USO,LONG,17,124.83,entry (LONG),+0.0000
2026-04-12 11:25:55,intraday,XLI,LONG,12,171.51,entry (LONG),+0.0000
2026-04-12 11:25:55,intraday,XLU,LONG,82,46.95,entry (LONG),+0.0000
2026-04-12 11:27:01,intraday,GLD,LONG,10,437.17,entry (LONG),+0.0000
2026-04-12 11:27:01,intraday,IBIT,LONG,22,41.57,entry (LONG),+0.0000
2026-04-12 11:27:02,intraday,EWC,LONG,27,56.77,entry (LONG),+0.0000
2026-04-12 11:27:03,intraday,USO,LONG,17,124.83,entry (LONG),+0.0000
2026-04-12 11:27:04,intraday,XLI,LONG,12,171.51,entry (LONG),+0.0000
2026-04-12 11:27:05,intraday,XLU,LONG,82,46.95,entry (LONG),+0.0000
2026-04-12 11:28:10,intraday,GLD,LONG,10,437.17,entry (LONG),+0.0000
2026-04-12 11:28:10,intraday,IBIT,LONG,22,41.57,entry (LONG),+0.0000
2026-04-12 11:28:11,intraday,EWC,LONG,27,56.77,entry (LONG),+0.0000
2026-04-12 11:28:12,intraday,USO,LONG,17,124.83,entry (LONG),+0.0000
2026-04-12 11:28:13,intraday,XLI,LONG,12,171.51,entry (LONG),+0.0000
2026-04-12 11:28:14,intraday,XLU,LONG,82,46.95,entry (LONG),+0.0000
2026-04-12 11:29:06,swing,CIBR,SHORT,70,60.74,entry (SHORT),+0.0000
2026-04-12 11:29:08,swing,USMV,SHORT,152,92.75,entry (SHORT),+0.0000
2026-04-12 11:29:10,swing,EWY,SHORT,20,138.73,entry (SHORT),+0.0000
2026-04-12 11:29:14,swing,IBIT,SHORT,94,41.56,entry (SHORT),+0.0000
2026-04-12 11:29:19,intraday,GLD,LONG,10,437.17,entry (LONG),+0.0000
2026-04-12 11:29:20,intraday,IBIT,LONG,22,41.57,entry (LONG),+0.0000
2026-04-12 11:29:20,intraday,EWC,LONG,27,56.77,entry (LONG),+0.0000
2026-04-12 11:29:21,intraday,USO,LONG,17,124.83,entry (LONG),+0.0000
2026-04-12 11:29:22,intraday,XLI,LONG,12,171.51,entry (LONG),+0.0000
2026-04-12 11:29:23,intraday,XLU,LONG,82,46.95,entry (LONG),+0.0000
2026-04-12 11:30:28,intraday,GLD,LONG,10,437.17,entry (LONG),+0.0000
2026-04-12 11:30:29,intraday,IBIT,LONG,22,41.57,entry (LONG),+0.0000
2026-04-12 11:30:29,intraday,EWC,LONG,27,56.77,entry (LONG),+0.0000
2026-04-12 11:30:30,intraday,USO,LONG,17,124.83,entry (LONG),+0.0000
2026-04-12 11:30:31,intraday,XLI,LONG,12,171.51,entry (LONG),+0.0000
2026-04-12 11:30:32,intraday,XLU,LONG,82,46.95,entry (LONG),+0.0000
2026-04-12 11:32:02,intraday,GLD,LONG,10,437.17,entry (LONG),+0.0000
2026-04-12 11:32:03,intraday,IBIT,LONG,22,41.57,entry (LONG),+0.0000
2026-04-12 11:32:03,intraday,EWC,LONG,27,56.77,entry (LONG),+0.0000
2026-04-12 11:32:04,intraday,USO,LONG,17,124.83,entry (LONG),+0.0000
2026-04-12 11:32:06,intraday,XLI,LONG,12,171.51,entry (LONG),+0.0000
2026-04-12 11:32:06,intraday,XLU,LONG,82,46.95,entry (LONG),+0.0000
2026-04-12 11:33:13,intraday,GLD,LONG,10,437.17,entry (LONG),+0.0000
2026-04-12 11:33:14,intraday,IBIT,LONG,22,41.57,entry (LONG),+0.0000
2026-04-12 11:33:15,intraday,EWC,LONG,27,56.77,entry (LONG),+0.0000
2026-04-12 11:33:16,intraday,USO,LONG,17,124.83,entry (LONG),+0.0000
2026-04-12 11:33:17,intraday,XLI,LONG,12,171.51,entry (LONG),+0.0000
2026-04-12 11:33:18,intraday,XLU,LONG,82,46.95,entry (LONG),+0.0000
2026-04-12 11:34:23,intraday,GLD,LONG,10,437.17,entry (LONG),+0.0000
2026-04-12 11:34:24,intraday,IBIT,LONG,22,41.57,entry (LONG),+0.0000
2026-04-12 11:34:25,intraday,EWC,LONG,27,56.77,entry (LONG),+0.0000
2026-04-12 11:34:26,intraday,USO,LONG,17,124.83,entry (LONG),+0.0000
2026-04-12 11:34:27,intraday,XLI,LONG,12,171.51,entry (LONG),+0.0000
2026-04-12 11:34:28,intraday,XLU,LONG,82,46.95,entry (LONG),+0.0000
2026-04-12 11:34:33,swing,CIBR,SHORT,70,60.74,entry (SHORT),+0.0000
2026-04-12 11:34:35,swing,USMV,SHORT,152,92.75,entry (SHORT),+0.0000
2026-04-12 11:34:37,swing,EWY,SHORT,20,138.73,entry (SHORT),+0.0000
2026-04-12 11:34:41,swing,IBIT,SHORT,94,41.56,entry (SHORT),+0.0000
2026-04-12 11:35:33,intraday,GLD,LONG,10,437.17,entry (LONG),+0.0000
2026-04-12 11:35:34,intraday,IBIT,LONG,22,41.57,entry (LONG),+0.0000
2026-04-12 11:35:34,intraday,EWC,LONG,27,56.77,entry (LONG),+0.0000
2026-04-12 11:35:35,intraday,USO,LONG,17,124.83,entry (LONG),+0.0000
2026-04-12 11:35:36,intraday,XLI,LONG,12,171.51,entry (LONG),+0.0000
2026-04-12 11:35:37,intraday,XLU,LONG,82,46.95,entry (LONG),+0.0000
2026-04-12 11:36:42,intraday,GLD,LONG,10,437.17,entry (LONG),+0.0000
2026-04-12 11:36:43,intraday,IBIT,LONG,22,41.57,entry (LONG),+0.0000
2026-04-12 11:36:44,intraday,EWC,LONG,27,56.77,entry (LONG),+0.0000
2026-04-12 11:36:44,intraday,USO,LONG,17,124.83,entry (LONG),+0.0000
2026-04-12 11:36:46,intraday,XLI,LONG,12,171.51,entry (LONG),+0.0000
2026-04-12 11:36:46,intraday,XLU,LONG,82,46.95,entry (LONG),+0.0000
2026-04-12 11:37:51,intraday,GLD,LONG,10,437.17,entry (LONG),+0.0000
2026-04-12 11:37:52,intraday,IBIT,LONG,22,41.57,entry (LONG),+0.0000
2026-04-12 11:37:53,intraday,EWC,LONG,27,56.77,entry (LONG),+0.0000
2026-04-12 11:37:54,intraday,USO,LONG,17,124.83,entry (LONG),+0.0000
2026-04-12 11:37:55,intraday,XLI,LONG,12,171.51,entry (LONG),+0.0000
2026-04-12 11:37:55,intraday,XLU,LONG,82,46.95,entry (LONG),+0.0000
2026-04-12 11:39:01,intraday,GLD,LONG,10,437.17,entry (LONG),+0.0000
2026-04-12 11:39:01,intraday,IBIT,LONG,22,41.57,entry (LONG),+0.0000
2026-04-12 11:39:02,intraday,EWC,LONG,27,56.77,entry (LONG),+0.0000
2026-04-12 11:39:03,intraday,USO,LONG,17,124.83,entry (LONG),+0.0000
2026-04-12 11:39:04,intraday,XLI,LONG,12,171.51,entry (LONG),+0.0000
2026-04-12 11:39:05,intraday,XLU,LONG,82,46.95,entry (LONG),+0.0000
2026-04-12 11:40:05,swing,CIBR,SHORT,70,60.74,entry (SHORT),+0.0000
2026-04-12 11:40:07,swing,USMV,SHORT,152,92.75,entry (SHORT),+0.0000
2026-04-12 11:40:09,swing,EWY,SHORT,20,138.73,entry (SHORT),+0.0000
2026-04-12 11:40:10,intraday,GLD,LONG,10,437.17,entry (LONG),+0.0000
2026-04-12 11:40:11,intraday,IBIT,LONG,22,41.57,entry (LONG),+0.0000
2026-04-12 11:40:11,intraday,EWC,LONG,27,56.77,entry (LONG),+0.0000
2026-04-12 11:40:12,intraday,USO,LONG,17,124.83,entry (LONG),+0.0000
2026-04-12 11:40:14,swing,IBIT,SHORT,94,41.56,entry (SHORT),+0.0000
2026-04-12 11:40:14,intraday,XLI,LONG,12,171.51,entry (LONG),+0.0000
2026-04-12 11:40:15,intraday,XLU,LONG,82,46.95,entry (LONG),+0.0000
2026-04-12 11:41:21,intraday,GLD,LONG,10,437.17,entry (LONG),+0.0000
2026-04-12 11:41:23,intraday,IBIT,LONG,22,41.57,entry (LONG),+0.0000
2026-04-12 11:41:23,intraday,EWC,LONG,27,56.77,entry (LONG),+0.0000
2026-04-12 11:41:24,intraday,USO,LONG,17,124.83,entry (LONG),+0.0000
2026-04-12 11:41:25,intraday,XLI,LONG,12,171.51,entry (LONG),+0.0000
2026-04-12 11:41:26,intraday,XLU,LONG,82,46.95,entry (LONG),+0.0000
2026-04-12 11:42:31,intraday,GLD,LONG,10,437.17,entry (LONG),+0.0000
2026-04-12 11:42:32,intraday,IBIT,LONG,22,41.57,entry (LONG),+0.0000
2026-04-12 11:42:32,intraday,EWC,LONG,27,56.77,entry (LONG),+0.0000
2026-04-12 11:42:33,intraday,USO,LONG,17,124.83,entry (LONG),+0.0000
2026-04-12 11:42:34,intraday,XLI,LONG,12,171.51,entry (LONG),+0.0000
2026-04-12 11:42:35,intraday,XLU,LONG,82,46.95,entry (LONG),+0.0000
2026-04-12 11:43:40,intraday,GLD,LONG,10,437.17,entry (LONG),+0.0000
2026-04-12 11:43:41,intraday,IBIT,LONG,22,41.57,entry (LONG),+0.0000
2026-04-12 11:43:42,intraday,EWC,LONG,27,56.77,entry (LONG),+0.0000
2026-04-12 11:43:42,intraday,USO,LONG,17,124.83,entry (LONG),+0.0000
2026-04-12 11:43:43,intraday,XLI,LONG,12,171.51,entry (LONG),+0.0000
2026-04-12 11:43:44,intraday,XLU,LONG,82,46.95,entry (LONG),+0.0000
2026-04-12 11:44:49,intraday,GLD,LONG,10,437.17,entry (LONG),+0.0000
2026-04-12 11:44:50,intraday,IBIT,LONG,22,41.57,entry (LONG),+0.0000
2026-04-12 11:44:51,intraday,EWC,LONG,27,56.77,entry (LONG),+0.0000
2026-04-12 11:44:51,intraday,USO,LONG,17,124.83,entry (LONG),+0.0000
2026-04-12 11:44:52,intraday,XLI,LONG,12,171.51,entry (LONG),+0.0000
2026-04-12 11:44:53,intraday,XLU,LONG,82,46.95,entry (LONG),+0.0000
2026-04-12 11:45:30,swing,CIBR,SHORT,70,60.74,entry (SHORT),+0.0000
2026-04-12 11:45:32,swing,USMV,SHORT,152,92.75,entry (SHORT),+0.0000
2026-04-12 11:45:34,swing,EWY,SHORT,20,138.73,entry (SHORT),+0.0000
2026-04-12 11:45:39,swing,IBIT,SHORT,94,41.56,entry (SHORT),+0.0000
2026-04-12 11:45:58,intraday,GLD,LONG,10,437.17,entry (LONG),+0.0000
2026-04-12 11:45:59,intraday,IBIT,LONG,22,41.57,entry (LONG),+0.0000
2026-04-12 11:46:00,intraday,EWC,LONG,27,56.77,entry (LONG),+0.0000
2026-04-12 11:46:01,intraday,USO,LONG,17,124.83,entry (LONG),+0.0000
2026-04-12 11:46:02,intraday,XLI,LONG,12,171.51,entry (LONG),+0.0000
2026-04-12 11:46:02,intraday,XLU,LONG,82,46.95,entry (LONG),+0.0000
2026-04-12 11:47:08,intraday,GLD,LONG,10,437.17,entry (LONG),+0.0000
2026-04-12 11:47:08,intraday,IBIT,LONG,22,41.57,entry (LONG),+0.0000
2026-04-12 11:47:09,intraday,EWC,LONG,27,56.77,entry (LONG),+0.0000
2026-04-12 11:47:10,intraday,USO,LONG,17,124.83,entry (LONG),+0.0000
2026-04-12 11:47:11,intraday,XLI,LONG,12,171.51,entry (LONG),+0.0000
2026-04-12 11:47:11,intraday,XLU,LONG,82,46.95,entry (LONG),+0.0000
2026-04-12 11:48:17,intraday,GLD,LONG,10,437.17,entry (LONG),+0.0000
2026-04-12 11:48:17,intraday,IBIT,LONG,22,41.57,entry (LONG),+0.0000
2026-04-12 11:48:18,intraday,EWC,LONG,27,56.77,entry (LONG),+0.0000
2026-04-12 11:48:19,intraday,USO,LONG,17,124.83,entry (LONG),+0.0000
2026-04-12 11:48:20,intraday,XLI,LONG,12,171.51,entry (LONG),+0.0000
2026-04-12 11:48:21,intraday,XLU,LONG,82,46.95,entry (LONG),+0.0000
2026-04-12 11:49:26,intraday,GLD,LONG,10,437.17,entry (LONG),+0.0000
2026-04-12 11:49:26,intraday,IBIT,LONG,22,41.57,entry (LONG),+0.0000
2026-04-12 11:49:27,intraday,EWC,LONG,27,56.77,entry (LONG),+0.0000
2026-04-12 11:49:28,intraday,USO,LONG,17,124.83,entry (LONG),+0.0000
2026-04-12 11:49:29,intraday,XLI,LONG,12,171.51,entry (LONG),+0.0000
2026-04-12 11:49:30,intraday,XLU,LONG,82,46.95,entry (LONG),+0.0000
2026-04-12 11:50:35,intraday,GLD,LONG,10,437.17,entry (LONG),+0.0000
2026-04-12 11:50:35,intraday,IBIT,LONG,22,41.57,entry (LONG),+0.0000
2026-04-12 11:50:36,intraday,EWC,LONG,27,56.77,entry (LONG),+0.0000
2026-04-12 11:50:37,intraday,USO,LONG,17,124.83,entry (LONG),+0.0000
2026-04-12 11:50:38,intraday,XLI,LONG,12,171.51,entry (LONG),+0.0000
2026-04-12 11:50:39,intraday,XLU,LONG,82,46.95,entry (LONG),+0.0000
2026-04-12 11:50:55,swing,CIBR,SHORT,70,60.74,entry (SHORT),+0.0000
2026-04-12 11:50:57,swing,USMV,SHORT,152,92.75,entry (SHORT),+0.0000
2026-04-12 11:50:59,swing,EWY,SHORT,20,138.73,entry (SHORT),+0.0000
2026-04-12 11:51:03,swing,IBIT,SHORT,94,41.56,entry (SHORT),+0.0000
2026-04-12 11:51:45,intraday,GLD,LONG,10,437.17,entry (LONG),+0.0000
2026-04-12 11:51:46,intraday,IBIT,LONG,22,41.57,entry (LONG),+0.0000
2026-04-12 11:51:46,intraday,EWC,LONG,27,56.77,entry (LONG),+0.0000
2026-04-12 11:51:47,intraday,USO,LONG,17,124.83,entry (LONG),+0.0000
2026-04-12 11:51:48,intraday,XLI,LONG,12,171.51,entry (LONG),+0.0000
2026-04-12 11:51:49,intraday,XLU,LONG,82,46.95,entry (LONG),+0.0000
2026-04-12 11:52:55,intraday,GLD,LONG,10,437.17,entry (LONG),+0.0000
2026-04-12 11:52:56,intraday,IBIT,LONG,22,41.57,entry (LONG),+0.0000
2026-04-12 11:52:56,intraday,EWC,LONG,27,56.77,entry (LONG),+0.0000
2026-04-12 11:52:57,intraday,USO,LONG,17,124.83,entry (LONG),+0.0000
2026-04-12 11:52:59,intraday,XLI,LONG,12,171.51,entry (LONG),+0.0000
2026-04-12 11:53:00,intraday,XLU,LONG,82,46.95,entry (LONG),+0.0000
2026-04-12 11:54:05,intraday,GLD,LONG,10,437.17,entry (LONG),+0.0000
2026-04-12 11:54:06,intraday,IBIT,LONG,22,41.57,entry (LONG),+0.0000
2026-04-12 11:54:06,intraday,EWC,LONG,27,56.77,entry (LONG),+0.0000
2026-04-12 11:54:07,intraday,USO,LONG,17,124.83,entry (LONG),+0.0000
2026-04-12 11:54:08,intraday,XLI,LONG,12,171.51,entry (LONG),+0.0000
2026-04-12 11:54:09,intraday,XLU,LONG,82,46.95,entry (LONG),+0.0000
2026-04-12 11:55:15,intraday,GLD,LONG,10,437.17,entry (LONG),+0.0000
2026-04-12 11:55:15,intraday,IBIT,LONG,22,41.57,entry (LONG),+0.0000
2026-04-12 11:55:16,intraday,EWC,LONG,27,56.77,entry (LONG),+0.0000
2026-04-12 11:55:17,intraday,USO,LONG,17,124.83,entry (LONG),+0.0000
2026-04-12 11:55:18,intraday,XLI,LONG,12,171.51,entry (LONG),+0.0000
2026-04-12 11:55:19,intraday,XLU,LONG,82,46.95,entry (LONG),+0.0000
2026-04-12 11:56:21,swing,CIBR,SHORT,70,60.74,entry (SHORT),+0.0000
2026-04-12 11:56:23,swing,USMV,SHORT,152,92.75,entry (SHORT),+0.0000
2026-04-12 11:56:24,intraday,GLD,LONG,10,437.17,entry (LONG),+0.0000
2026-04-12 11:56:25,intraday,IBIT,LONG,22,41.57,entry (LONG),+0.0000
2026-04-12 11:56:25,swing,EWY,SHORT,20,138.73,entry (SHORT),+0.0000
2026-04-12 11:56:25,intraday,EWC,LONG,27,56.77,entry (LONG),+0.0000
2026-04-12 11:56:26,intraday,USO,LONG,17,124.83,entry (LONG),+0.0000
2026-04-12 11:56:27,intraday,XLI,LONG,12,171.51,entry (LONG),+0.0000
2026-04-12 11:56:28,intraday,XLU,LONG,82,46.95,entry (LONG),+0.0000
2026-04-12 11:56:30,swing,IBIT,SHORT,94,41.56,entry (SHORT),+0.0000
2026-04-12 11:57:33,intraday,GLD,LONG,10,437.17,entry (LONG),+0.0000
2026-04-12 11:57:34,intraday,IBIT,LONG,22,41.57,entry (LONG),+0.0000
2026-04-12 11:57:35,intraday,EWC,LONG,27,56.77,entry (LONG),+0.0000
2026-04-12 11:57:36,intraday,USO,LONG,17,124.83,entry (LONG),+0.0000
2026-04-12 11:57:37,intraday,XLI,LONG,12,171.51,entry (LONG),+0.0000
2026-04-12 11:57:38,intraday,XLU,LONG,82,46.95,entry (LONG),+0.0000
2026-04-12 11:58:45,intraday,GLD,LONG,10,437.17,entry (LONG),+0.0000
2026-04-12 11:58:46,intraday,IBIT,LONG,22,41.57,entry (LONG),+0.0000
2026-04-12 11:58:47,intraday,EWC,LONG,27,56.77,entry (LONG),+0.0000
2026-04-12 11:58:47,intraday,USO,LONG,17,124.83,entry (LONG),+0.0000
2026-04-12 11:58:48,intraday,XLI,LONG,12,171.51,entry (LONG),+0.0000
2026-04-12 11:58:49,intraday,XLU,LONG,82,46.95,entry (LONG),+0.0000
2026-04-12 11:59:54,intraday,GLD,LONG,10,437.17,entry (LONG),+0.0000
2026-04-12 11:59:55,intraday,IBIT,LONG,22,41.57,entry (LONG),+0.0000
2026-04-12 11:59:56,intraday,EWC,LONG,27,56.77,entry (LONG),+0.0000
2026-04-12 11:59:57,intraday,USO,LONG,17,124.83,entry (LONG),+0.0000
2026-04-12 11:59:58,intraday,XLI,LONG,12,171.51,entry (LONG),+0.0000
2026-04-12 11:59:59,intraday,XLU,LONG,82,46.95,entry (LONG),+0.0000
2026-04-12 12:01:04,intraday,GLD,LONG,10,437.17,entry (LONG),+0.0000
2026-04-12 12:01:05,intraday,IBIT,LONG,22,41.57,entry (LONG),+0.0000
2026-04-12 12:01:06,intraday,EWC,LONG,27,56.77,entry (LONG),+0.0000
2026-04-12 12:01:06,intraday,USO,LONG,17,124.83,entry (LONG),+0.0000
2026-04-12 12:01:07,intraday,XLI,LONG,12,171.51,entry (LONG),+0.0000
2026-04-12 12:01:08,intraday,XLU,LONG,82,46.95,entry (LONG),+0.0000
2026-04-12 12:01:56,swing,CIBR,SHORT,70,60.74,entry (SHORT),+0.0000
2026-04-12 12:01:58,swing,USMV,SHORT,152,92.75,entry (SHORT),+0.0000
2026-04-12 12:02:00,swing,EWY,SHORT,20,138.73,entry (SHORT),+0.0000
2026-04-12 12:02:04,swing,IBIT,SHORT,94,41.56,entry (SHORT),+0.0000
2026-04-12 12:02:13,intraday,GLD,LONG,10,437.17,entry (LONG),+0.0000
2026-04-12 12:02:14,intraday,IBIT,LONG,22,41.57,entry (LONG),+0.0000
2026-04-12 12:02:15,intraday,EWC,LONG,27,56.77,entry (LONG),+0.0000
2026-04-12 12:02:16,intraday,USO,LONG,17,124.83,entry (LONG),+0.0000
2026-04-12 12:02:17,intraday,XLI,LONG,12,171.51,entry (LONG),+0.0000
2026-04-12 12:02:18,intraday,XLU,LONG,82,46.95,entry (LONG),+0.0000
2026-04-12 12:03:24,intraday,GLD,LONG,10,437.17,entry (LONG),+0.0000
2026-04-12 12:03:25,intraday,IBIT,LONG,22,41.57,entry (LONG),+0.0000
2026-04-12 12:03:25,intraday,EWC,LONG,27,56.77,entry (LONG),+0.0000
2026-04-12 12:03:26,intraday,USO,LONG,17,124.83,entry (LONG),+0.0000
2026-04-12 12:03:27,intraday,XLI,LONG,12,171.51,entry (LONG),+0.0000
2026-04-12 12:03:28,intraday,XLU,LONG,82,46.95,entry (LONG),+0.0000
2026-04-12 12:04:33,intraday,GLD,LONG,10,437.17,entry (LONG),+0.0000
2026-04-12 12:04:34,intraday,IBIT,LONG,22,41.57,entry (LONG),+0.0000
2026-04-12 12:04:35,intraday,EWC,LONG,27,56.77,entry (LONG),+0.0000
2026-04-12 12:04:35,intraday,USO,LONG,17,124.83,entry (LONG),+0.0000
2026-04-12 12:04:36,intraday,XLI,LONG,12,171.51,entry (LONG),+0.0000
2026-04-12 12:04:37,intraday,XLU,LONG,82,46.95,entry (LONG),+0.0000
2026-04-12 12:05:42,intraday,GLD,LONG,10,437.17,entry (LONG),+0.0000
2026-04-12 12:05:43,intraday,IBIT,LONG,22,41.57,entry (LONG),+0.0000
2026-04-12 12:05:44,intraday,EWC,LONG,27,56.77,entry (LONG),+0.0000
2026-04-12 12:05:44,intraday,USO,LONG,17,124.83,entry (LONG),+0.0000
2026-04-12 12:05:45,intraday,XLI,LONG,12,171.51,entry (LONG),+0.0000
2026-04-12 12:05:46,intraday,XLU,LONG,82,46.95,entry (LONG),+0.0000
2026-04-12 12:06:51,intraday,GLD,LONG,10,437.17,entry (LONG),+0.0000
2026-04-12 12:06:52,intraday,IBIT,LONG,22,41.57,entry (LONG),+0.0000
2026-04-12 12:06:53,intraday,EWC,LONG,27,56.77,entry (LONG),+0.0000
2026-04-12 12:06:54,intraday,USO,LONG,17,124.83,entry (LONG),+0.0000
2026-04-12 12:06:55,intraday,XLI,LONG,12,171.51,entry (LONG),+0.0000
2026-04-12 12:06:57,intraday,XLU,LONG,82,46.95,entry (LONG),+0.0000
2026-04-12 12:07:21,swing,CIBR,SHORT,70,60.74,entry (SHORT),+0.0000
2026-04-12 12:07:23,swing,USMV,SHORT,152,92.75,entry (SHORT),+0.0000
2026-04-12 12:07:24,swing,EWY,SHORT,20,138.73,entry (SHORT),+0.0000
2026-04-12 12:07:29,swing,IBIT,SHORT,94,41.56,entry (SHORT),+0.0000
2026-04-12 12:08:03,intraday,GLD,LONG,10,437.17,entry (LONG),+0.0000
2026-04-12 12:08:04,intraday,IBIT,LONG,22,41.57,entry (LONG),+0.0000
2026-04-12 12:08:05,intraday,EWC,LONG,27,56.77,entry (LONG),+0.0000
2026-04-12 12:08:05,intraday,USO,LONG,17,124.83,entry (LONG),+0.0000
2026-04-12 12:08:07,intraday,XLI,LONG,12,171.51,entry (LONG),+0.0000
2026-04-12 12:08:08,intraday,XLU,LONG,82,46.95,entry (LONG),+0.0000
2026-04-12 12:09:13,intraday,GLD,LONG,10,437.17,entry (LONG),+0.0000
2026-04-12 12:09:14,intraday,IBIT,LONG,22,41.57,entry (LONG),+0.0000
2026-04-12 12:09:14,intraday,EWC,LONG,27,56.77,entry (LONG),+0.0000
2026-04-12 12:09:15,intraday,USO,LONG,17,124.83,entry (LONG),+0.0000
2026-04-12 12:09:16,intraday,XLI,LONG,12,171.51,entry (LONG),+0.0000
2026-04-12 12:09:17,intraday,XLU,LONG,82,46.95,entry (LONG),+0.0000
2026-04-12 12:10:23,intraday,GLD,LONG,10,437.17,entry (LONG),+0.0000
2026-04-12 12:10:23,intraday,IBIT,LONG,22,41.57,entry (LONG),+0.0000
2026-04-12 12:10:24,intraday,EWC,LONG,27,56.77,entry (LONG),+0.0000
2026-04-12 12:10:25,intraday,USO,LONG,17,124.83,entry (LONG),+0.0000
2026-04-12 12:10:26,intraday,XLI,LONG,12,171.51,entry (LONG),+0.0000
2026-04-12 12:10:27,intraday,XLU,LONG,82,46.95,entry (LONG),+0.0000
2026-04-12 12:11:32,intraday,GLD,LONG,10,437.17,entry (LONG),+0.0000
2026-04-12 12:11:33,intraday,IBIT,LONG,22,41.57,entry (LONG),+0.0000
2026-04-12 12:11:33,intraday,EWC,LONG,27,56.77,entry (LONG),+0.0000
2026-04-12 12:11:34,intraday,USO,LONG,17,124.83,entry (LONG),+0.0000
2026-04-12 12:11:35,intraday,XLI,LONG,12,171.51,entry (LONG),+0.0000
2026-04-12 12:11:36,intraday,XLU,LONG,82,46.95,entry (LONG),+0.0000
2026-04-12 12:12:41,intraday,GLD,LONG,10,437.17,entry (LONG),+0.0000
2026-04-12 12:12:42,intraday,IBIT,LONG,22,41.57,entry (LONG),+0.0000
2026-04-12 12:12:42,intraday,EWC,LONG,27,56.77,entry (LONG),+0.0000
2026-04-12 12:12:43,intraday,USO,LONG,17,124.83,entry (LONG),+0.0000
2026-04-12 12:12:44,intraday,XLI,LONG,12,171.51,entry (LONG),+0.0000
2026-04-12 12:12:45,intraday,XLU,LONG,82,46.95,entry (LONG),+0.0000
2026-04-12 12:12:46,swing,CIBR,SHORT,70,60.74,entry (SHORT),+0.0000
2026-04-12 12:12:48,swing,USMV,SHORT,152,92.75,entry (SHORT),+0.0000
2026-04-12 12:12:50,swing,EWY,SHORT,20,138.73,entry (SHORT),+0.0000
2026-04-12 12:12:55,swing,IBIT,SHORT,94,41.56,entry (SHORT),+0.0000
2026-04-12 12:13:50,intraday,GLD,LONG,10,437.17,entry (LONG),+0.0000
2026-04-12 12:13:51,intraday,IBIT,LONG,22,41.57,entry (LONG),+0.0000
2026-04-12 12:13:52,intraday,EWC,LONG,27,56.77,entry (LONG),+0.0000
2026-04-12 12:13:52,intraday,USO,LONG,17,124.83,entry (LONG),+0.0000
2026-04-12 12:13:54,intraday,XLI,LONG,12,171.51,entry (LONG),+0.0000
2026-04-12 12:13:54,intraday,XLU,LONG,82,46.95,entry (LONG),+0.0000
2026-04-12 12:15:00,intraday,GLD,LONG,10,437.17,entry (LONG),+0.0000
2026-04-12 12:15:01,intraday,IBIT,LONG,22,41.57,entry (LONG),+0.0000
2026-04-12 12:15:02,intraday,EWC,LONG,27,56.77,entry (LONG),+0.0000
2026-04-12 12:15:02,intraday,USO,LONG,17,124.83,entry (LONG),+0.0000
2026-04-12 12:15:03,intraday,XLI,LONG,12,171.51,entry (LONG),+0.0000
2026-04-12 12:15:04,intraday,XLU,LONG,82,46.95,entry (LONG),+0.0000
2026-04-12 12:16:10,intraday,GLD,LONG,10,437.17,entry (LONG),+0.0000
2026-04-12 12:16:10,intraday,IBIT,LONG,22,41.57,entry (LONG),+0.0000
2026-04-12 12:16:11,intraday,EWC,LONG,27,56.77,entry (LONG),+0.0000
2026-04-12 12:16:12,intraday,USO,LONG,17,124.83,entry (LONG),+0.0000
2026-04-12 12:16:13,intraday,XLI,LONG,12,171.51,entry (LONG),+0.0000
2026-04-12 12:16:14,intraday,XLU,LONG,82,46.95,entry (LONG),+0.0000
2026-04-12 12:17:21,intraday,GLD,LONG,10,437.17,entry (LONG),+0.0000
2026-04-12 12:17:21,intraday,IBIT,LONG,22,41.57,entry (LONG),+0.0000
2026-04-12 12:17:22,intraday,EWC,LONG,27,56.77,entry (LONG),+0.0000
2026-04-12 12:17:23,intraday,USO,LONG,17,124.83,entry (LONG),+0.0000
2026-04-12 12:17:24,intraday,XLI,LONG,12,171.51,entry (LONG),+0.0000
2026-04-12 12:17:25,intraday,XLU,LONG,82,46.95,entry (LONG),+0.0000
2026-04-12 12:18:13,swing,CIBR,SHORT,70,60.74,entry (SHORT),+0.0000
2026-04-12 12:18:15,swing,USMV,SHORT,152,92.75,entry (SHORT),+0.0000
2026-04-12 12:18:17,swing,EWY,SHORT,20,138.73,entry (SHORT),+0.0000
2026-04-12 12:18:21,swing,IBIT,SHORT,94,41.56,entry (SHORT),+0.0000
2026-04-12 12:18:30,intraday,GLD,LONG,10,437.17,entry (LONG),+0.0000
2026-04-12 12:18:30,intraday,IBIT,LONG,22,41.57,entry (LONG),+0.0000
2026-04-12 12:18:31,intraday,EWC,LONG,27,56.77,entry (LONG),+0.0000
2026-04-12 12:18:32,intraday,USO,LONG,17,124.83,entry (LONG),+0.0000
2026-04-12 12:18:33,intraday,XLI,LONG,12,171.51,entry (LONG),+0.0000
2026-04-12 12:18:34,intraday,XLU,LONG,82,46.95,entry (LONG),+0.0000
2026-04-12 12:19:39,intraday,GLD,LONG,10,437.17,entry (LONG),+0.0000
2026-04-12 12:19:39,intraday,IBIT,LONG,22,41.57,entry (LONG),+0.0000
2026-04-12 12:19:40,intraday,EWC,LONG,27,56.77,entry (LONG),+0.0000
2026-04-12 12:19:41,intraday,USO,LONG,17,124.83,entry (LONG),+0.0000
2026-04-12 12:19:42,intraday,XLI,LONG,12,171.51,entry (LONG),+0.0000
2026-04-12 12:19:43,intraday,XLU,LONG,82,46.95,entry (LONG),+0.0000
2026-04-12 12:21:03,intraday,GLD,LONG,10,437.17,entry (LONG),+0.0000
2026-04-12 12:21:03,intraday,IBIT,LONG,22,41.57,entry (LONG),+0.0000
2026-04-12 12:21:04,intraday,EWC,LONG,27,56.77,entry (LONG),+0.0000
2026-04-12 12:21:05,intraday,USO,LONG,17,124.83,entry (LONG),+0.0000
2026-04-12 12:21:06,intraday,XLI,LONG,12,171.51,entry (LONG),+0.0000
2026-04-12 12:21:07,intraday,XLU,LONG,82,46.95,entry (LONG),+0.0000
2026-04-12 12:22:12,intraday,GLD,LONG,10,437.17,entry (LONG),+0.0000
2026-04-12 12:22:13,intraday,IBIT,LONG,22,41.57,entry (LONG),+0.0000
2026-04-12 12:22:13,intraday,EWC,LONG,27,56.77,entry (LONG),+0.0000
2026-04-12 12:22:14,intraday,USO,LONG,17,124.83,entry (LONG),+0.0000
2026-04-12 12:22:15,intraday,XLI,LONG,12,171.51,entry (LONG),+0.0000
2026-04-12 12:22:16,intraday,XLU,LONG,82,46.95,entry (LONG),+0.0000
2026-04-12 12:23:21,intraday,GLD,LONG,10,437.17,entry (LONG),+0.0000
2026-04-12 12:23:22,intraday,IBIT,LONG,22,41.57,entry (LONG),+0.0000
2026-04-12 12:23:23,intraday,EWC,LONG,27,56.77,entry (LONG),+0.0000
2026-04-12 12:23:24,intraday,USO,LONG,17,124.83,entry (LONG),+0.0000
2026-04-12 12:23:25,intraday,XLI,LONG,12,171.51,entry (LONG),+0.0000
2026-04-12 12:23:25,intraday,XLU,LONG,82,46.95,entry (LONG),+0.0000
2026-04-12 12:23:39,swing,CIBR,SHORT,70,60.74,entry (SHORT),+0.0000
2026-04-12 12:23:40,swing,USMV,SHORT,152,92.75,entry (SHORT),+0.0000
2026-04-12 12:23:42,swing,EWY,SHORT,20,138.73,entry (SHORT),+0.0000
2026-04-12 12:23:47,swing,IBIT,SHORT,94,41.56,entry (SHORT),+0.0000
2026-04-12 12:24:30,intraday,GLD,LONG,10,437.17,entry (LONG),+0.0000
2026-04-12 12:24:31,intraday,IBIT,LONG,22,41.57,entry (LONG),+0.0000
2026-04-12 12:24:32,intraday,EWC,LONG,27,56.77,entry (LONG),+0.0000
2026-04-12 12:24:33,intraday,USO,LONG,17,124.83,entry (LONG),+0.0000
2026-04-12 12:24:34,intraday,XLI,LONG,12,171.51,entry (LONG),+0.0000
2026-04-12 12:24:35,intraday,XLU,LONG,82,46.95,entry (LONG),+0.0000
2026-04-12 12:25:40,intraday,GLD,LONG,10,437.17,entry (LONG),+0.0000
2026-04-12 12:25:40,intraday,IBIT,LONG,22,41.57,entry (LONG),+0.0000
2026-04-12 12:25:41,intraday,EWC,LONG,27,56.77,entry (LONG),+0.0000
2026-04-12 12:25:42,intraday,USO,LONG,17,124.83,entry (LONG),+0.0000
2026-04-12 12:25:43,intraday,XLI,LONG,12,171.51,entry (LONG),+0.0000
2026-04-12 12:25:44,intraday,XLU,LONG,82,46.95,entry (LONG),+0.0000
2026-04-12 12:26:50,intraday,GLD,LONG,10,437.17,entry (LONG),+0.0000
2026-04-12 12:26:51,intraday,IBIT,LONG,22,41.57,entry (LONG),+0.0000
2026-04-12 12:26:51,intraday,EWC,LONG,27,56.77,entry (LONG),+0.0000
2026-04-12 12:26:52,intraday,USO,LONG,17,124.83,entry (LONG),+0.0000
2026-04-12 12:26:54,intraday,XLI,LONG,12,171.51,entry (LONG),+0.0000
2026-04-12 12:26:54,intraday,XLU,LONG,82,46.95,entry (LONG),+0.0000
2026-04-12 12:28:00,intraday,GLD,LONG,10,437.17,entry (LONG),+0.0000
2026-04-12 12:28:01,intraday,IBIT,LONG,22,41.57,entry (LONG),+0.0000
2026-04-12 12:28:02,intraday,EWC,LONG,27,56.77,entry (LONG),+0.0000
2026-04-12 12:28:02,intraday,USO,LONG,17,124.83,entry (LONG),+0.0000
2026-04-12 12:28:04,intraday,XLI,LONG,12,171.51,entry (LONG),+0.0000
2026-04-12 12:28:04,intraday,XLU,LONG,82,46.95,entry (LONG),+0.0000
2026-04-12 12:29:04,swing,CIBR,SHORT,70,60.74,entry (SHORT),+0.0000
2026-04-12 12:29:05,swing,USMV,SHORT,152,92.75,entry (SHORT),+0.0000
2026-04-12 12:29:07,swing,EWY,SHORT,20,138.73,entry (SHORT),+0.0000
2026-04-12 12:29:09,intraday,GLD,LONG,10,437.17,entry (LONG),+0.0000
2026-04-12 12:29:10,intraday,IBIT,LONG,22,41.57,entry (LONG),+0.0000
2026-04-12 12:29:11,intraday,EWC,LONG,27,56.77,entry (LONG),+0.0000
2026-04-12 12:29:12,intraday,USO,LONG,17,124.83,entry (LONG),+0.0000
2026-04-12 12:29:12,swing,IBIT,SHORT,94,41.56,entry (SHORT),+0.0000
2026-04-12 12:29:13,intraday,XLI,LONG,12,171.51,entry (LONG),+0.0000
2026-04-12 12:29:14,intraday,XLU,LONG,82,46.95,entry (LONG),+0.0000
2026-04-12 12:30:23,intraday,GLD,LONG,10,437.17,entry (LONG),+0.0000
2026-04-12 12:30:23,intraday,IBIT,LONG,22,41.57,entry (LONG),+0.0000
2026-04-12 12:30:24,intraday,EWC,LONG,27,56.77,entry (LONG),+0.0000
2026-04-12 12:30:25,intraday,USO,LONG,17,124.83,entry (LONG),+0.0000
2026-04-12 12:30:26,intraday,XLI,LONG,12,171.51,entry (LONG),+0.0000
2026-04-12 12:30:27,intraday,XLU,LONG,82,46.95,entry (LONG),+0.0000
2026-04-12 12:31:32,intraday,GLD,LONG,10,437.17,entry (LONG),+0.0000
2026-04-12 12:31:32,intraday,IBIT,LONG,22,41.57,entry (LONG),+0.0000
2026-04-12 12:31:33,intraday,EWC,LONG,27,56.77,entry (LONG),+0.0000
2026-04-12 12:31:34,intraday,USO,LONG,17,124.83,entry (LONG),+0.0000
2026-04-12 12:31:35,intraday,XLI,LONG,12,171.51,entry (LONG),+0.0000
2026-04-12 12:31:36,intraday,XLU,LONG,82,46.95,entry (LONG),+0.0000
2026-04-12 12:32:41,intraday,GLD,LONG,10,437.17,entry (LONG),+0.0000
2026-04-12 12:32:42,intraday,IBIT,LONG,22,41.57,entry (LONG),+0.0000
2026-04-12 12:32:43,intraday,EWC,LONG,27,56.77,entry (LONG),+0.0000
2026-04-12 12:32:44,intraday,USO,LONG,17,124.83,entry (LONG),+0.0000
2026-04-12 12:32:45,intraday,XLI,LONG,12,171.51,entry (LONG),+0.0000
2026-04-12 12:32:45,intraday,XLU,LONG,82,46.95,entry (LONG),+0.0000
2026-04-12 12:33:51,intraday,GLD,LONG,10,437.17,entry (LONG),+0.0000
2026-04-12 12:33:51,intraday,IBIT,LONG,22,41.57,entry (LONG),+0.0000
2026-04-12 12:33:53,intraday,EWC,LONG,27,56.77,entry (LONG),+0.0000
2026-04-12 12:33:54,intraday,USO,LONG,17,124.83,entry (LONG),+0.0000
2026-04-12 12:33:56,intraday,XLI,LONG,12,171.51,entry (LONG),+0.0000
2026-04-12 12:33:57,intraday,XLU,LONG,82,46.95,entry (LONG),+0.0000
2026-04-12 12:34:32,swing,CIBR,SHORT,70,60.74,entry (SHORT),+0.0000
2026-04-12 12:34:34,swing,USMV,SHORT,152,92.75,entry (SHORT),+0.0000
2026-04-12 12:34:36,swing,EWY,SHORT,20,138.73,entry (SHORT),+0.0000
2026-04-12 12:34:41,swing,IBIT,SHORT,94,41.56,entry (SHORT),+0.0000
2026-04-12 12:35:03,intraday,GLD,LONG,10,437.17,entry (LONG),+0.0000
2026-04-12 12:35:03,intraday,IBIT,LONG,22,41.57,entry (LONG),+0.0000
2026-04-12 12:35:04,intraday,EWC,LONG,27,56.77,entry (LONG),+0.0000
2026-04-12 12:35:05,intraday,USO,LONG,17,124.83,entry (LONG),+0.0000
2026-04-12 12:35:06,intraday,XLI,LONG,12,171.51,entry (LONG),+0.0000
2026-04-12 12:35:11,intraday,XLU,LONG,82,46.95,entry (LONG),+0.0000
2026-04-12 12:36:17,intraday,GLD,LONG,10,437.17,entry (LONG),+0.0000
2026-04-12 12:36:18,intraday,IBIT,LONG,22,41.57,entry (LONG),+0.0000
2026-04-12 12:36:19,intraday,EWC,LONG,27,56.77,entry (LONG),+0.0000
2026-04-12 12:36:20,intraday,USO,LONG,17,124.83,entry (LONG),+0.0000
2026-04-12 12:36:21,intraday,XLI,LONG,12,171.51,entry (LONG),+0.0000
2026-04-12 12:36:22,intraday,XLU,LONG,82,46.95,entry (LONG),+0.0000
2026-04-12 12:37:27,intraday,GLD,LONG,10,437.17,entry (LONG),+0.0000
2026-04-12 12:37:27,intraday,IBIT,LONG,22,41.57,entry (LONG),+0.0000
2026-04-12 12:37:28,intraday,EWC,LONG,27,56.77,entry (LONG),+0.0000
2026-04-12 12:37:29,intraday,USO,LONG,17,124.83,entry (LONG),+0.0000
2026-04-12 12:37:30,intraday,XLI,LONG,12,171.51,entry (LONG),+0.0000
2026-04-12 12:37:31,intraday,XLU,LONG,82,46.95,entry (LONG),+0.0000
2026-04-12 12:38:36,intraday,GLD,LONG,10,437.17,entry (LONG),+0.0000
2026-04-12 12:38:36,intraday,IBIT,LONG,22,41.57,entry (LONG),+0.0000
2026-04-12 12:38:37,intraday,EWC,LONG,27,56.77,entry (LONG),+0.0000
2026-04-12 12:38:38,intraday,USO,LONG,17,124.83,entry (LONG),+0.0000
2026-04-12 12:38:39,intraday,XLI,LONG,12,171.51,entry (LONG),+0.0000
2026-04-12 12:38:40,intraday,XLU,LONG,82,46.95,entry (LONG),+0.0000
2026-04-12 12:39:57,intraday,GLD,LONG,10,437.17,entry (LONG),+0.0000
2026-04-12 12:39:59,intraday,IBIT,LONG,22,41.57,entry (LONG),+0.0000
2026-04-12 12:40:00,intraday,EWC,LONG,27,56.77,entry (LONG),+0.0000
2026-04-12 12:40:01,intraday,USO,LONG,17,124.83,entry (LONG),+0.0000
2026-04-12 12:40:02,intraday,XLI,LONG,12,171.51,entry (LONG),+0.0000
2026-04-12 12:40:03,intraday,XLU,LONG,82,46.95,entry (LONG),+0.0000
2026-04-12 12:40:10,swing,CIBR,SHORT,70,60.74,entry (SHORT),+0.0000
2026-04-12 12:40:12,swing,USMV,SHORT,152,92.75,entry (SHORT),+0.0000
2026-04-12 12:40:14,swing,EWY,SHORT,20,138.73,entry (SHORT),+0.0000
2026-04-12 12:40:19,swing,IBIT,SHORT,94,41.56,entry (SHORT),+0.0000
2026-04-12 12:41:08,intraday,GLD,LONG,10,437.17,entry (LONG),+0.0000
2026-04-12 12:41:09,intraday,IBIT,LONG,22,41.57,entry (LONG),+0.0000
2026-04-12 12:41:10,intraday,EWC,LONG,27,56.77,entry (LONG),+0.0000
2026-04-12 12:41:11,intraday,USO,LONG,17,124.83,entry (LONG),+0.0000
2026-04-12 12:41:12,intraday,XLI,LONG,12,171.51,entry (LONG),+0.0000
2026-04-12 12:41:13,intraday,XLU,LONG,82,46.95,entry (LONG),+0.0000
2026-04-12 12:42:18,intraday,GLD,LONG,10,437.17,entry (LONG),+0.0000
2026-04-12 12:42:19,intraday,IBIT,LONG,22,41.57,entry (LONG),+0.0000
2026-04-12 12:42:20,intraday,EWC,LONG,27,56.77,entry (LONG),+0.0000
2026-04-12 12:42:20,intraday,USO,LONG,17,124.83,entry (LONG),+0.0000
2026-04-12 12:42:21,intraday,XLI,LONG,12,171.51,entry (LONG),+0.0000
2026-04-12 12:42:22,intraday,XLU,LONG,82,46.95,entry (LONG),+0.0000
2026-04-12 12:43:28,intraday,GLD,LONG,10,437.17,entry (LONG),+0.0000
2026-04-12 12:43:28,intraday,IBIT,LONG,22,41.57,entry (LONG),+0.0000
2026-04-12 12:43:29,intraday,EWC,LONG,27,56.77,entry (LONG),+0.0000
2026-04-12 12:43:30,intraday,USO,LONG,17,124.83,entry (LONG),+0.0000
2026-04-12 12:43:31,intraday,XLI,LONG,12,171.51,entry (LONG),+0.0000
2026-04-12 12:43:32,intraday,XLU,LONG,82,46.95,entry (LONG),+0.0000
2026-04-12 12:44:37,intraday,GLD,LONG,10,437.17,entry (LONG),+0.0000
2026-04-12 12:44:38,intraday,IBIT,LONG,22,41.57,entry (LONG),+0.0000
2026-04-12 12:44:39,intraday,EWC,LONG,27,56.77,entry (LONG),+0.0000
2026-04-12 12:44:39,intraday,USO,LONG,17,124.83,entry (LONG),+0.0000
2026-04-12 12:44:41,intraday,XLI,LONG,12,171.51,entry (LONG),+0.0000
2026-04-12 12:44:41,intraday,XLU,LONG,82,46.95,entry (LONG),+0.0000
2026-04-12 12:45:42,swing,CIBR,SHORT,70,60.74,entry (SHORT),+0.0000
2026-04-12 12:45:43,swing,USMV,SHORT,152,92.75,entry (SHORT),+0.0000
2026-04-12 12:45:46,swing,EWY,SHORT,20,138.73,entry (SHORT),+0.0000
2026-04-12 12:45:46,intraday,GLD,LONG,10,437.17,entry (LONG),+0.0000
2026-04-12 12:45:47,intraday,IBIT,LONG,22,41.57,entry (LONG),+0.0000
2026-04-12 12:45:48,intraday,EWC,LONG,27,56.77,entry (LONG),+0.0000
2026-04-12 12:45:49,intraday,USO,LONG,17,124.83,entry (LONG),+0.0000
2026-04-12 12:45:50,intraday,XLI,LONG,12,171.51,entry (LONG),+0.0000
2026-04-12 12:45:50,swing,IBIT,SHORT,94,41.56,entry (SHORT),+0.0000
2026-04-12 12:45:50,intraday,XLU,LONG,82,46.95,entry (LONG),+0.0000
2026-04-12 12:46:56,intraday,GLD,LONG,10,437.17,entry (LONG),+0.0000
2026-04-12 12:46:56,intraday,IBIT,LONG,22,41.57,entry (LONG),+0.0000
2026-04-12 12:46:57,intraday,EWC,LONG,27,56.77,entry (LONG),+0.0000
2026-04-12 12:46:58,intraday,USO,LONG,17,124.83,entry (LONG),+0.0000
2026-04-12 12:46:59,intraday,XLI,LONG,12,171.51,entry (LONG),+0.0000
2026-04-12 12:47:00,intraday,XLU,LONG,82,46.95,entry (LONG),+0.0000
2026-04-12 12:48:05,intraday,GLD,LONG,10,437.17,entry (LONG),+0.0000
2026-04-12 12:48:06,intraday,IBIT,LONG,22,41.57,entry (LONG),+0.0000
2026-04-12 12:48:06,intraday,EWC,LONG,27,56.77,entry (LONG),+0.0000
2026-04-12 12:48:07,intraday,USO,LONG,17,124.83,entry (LONG),+0.0000
2026-04-12 12:48:08,intraday,XLI,LONG,12,171.51,entry (LONG),+0.0000
2026-04-12 12:48:09,intraday,XLU,LONG,82,46.95,entry (LONG),+0.0000
2026-04-12 12:49:14,intraday,GLD,LONG,10,437.17,entry (LONG),+0.0000
2026-04-12 12:49:15,intraday,IBIT,LONG,22,41.57,entry (LONG),+0.0000
2026-04-12 12:49:16,intraday,EWC,LONG,27,56.77,entry (LONG),+0.0000
2026-04-12 12:49:16,intraday,USO,LONG,17,124.83,entry (LONG),+0.0000
2026-04-12 12:49:17,intraday,XLI,LONG,12,171.51,entry (LONG),+0.0000
2026-04-12 12:49:18,intraday,XLU,LONG,82,46.95,entry (LONG),+0.0000
2026-04-12 12:50:23,intraday,GLD,LONG,10,437.17,entry (LONG),+0.0000
2026-04-12 12:50:24,intraday,IBIT,LONG,22,41.57,entry (LONG),+0.0000
2026-04-12 12:50:25,intraday,EWC,LONG,27,56.77,entry (LONG),+0.0000
2026-04-12 12:50:25,intraday,USO,LONG,17,124.83,entry (LONG),+0.0000
2026-04-12 12:50:27,intraday,XLI,LONG,12,171.51,entry (LONG),+0.0000
2026-04-12 12:50:27,intraday,XLU,LONG,82,46.95,entry (LONG),+0.0000
2026-04-12 12:51:07,swing,CIBR,SHORT,70,60.74,entry (SHORT),+0.0000
2026-04-12 12:51:09,swing,USMV,SHORT,152,92.75,entry (SHORT),+0.0000
2026-04-12 12:51:11,swing,EWY,SHORT,20,138.73,entry (SHORT),+0.0000
2026-04-12 12:51:16,swing,IBIT,SHORT,94,41.56,entry (SHORT),+0.0000
2026-04-12 12:51:32,intraday,GLD,LONG,10,437.17,entry (LONG),+0.0000
2026-04-12 12:51:33,intraday,IBIT,LONG,22,41.57,entry (LONG),+0.0000
2026-04-12 12:51:34,intraday,EWC,LONG,27,56.77,entry (LONG),+0.0000
2026-04-12 12:51:35,intraday,USO,LONG,17,124.83,entry (LONG),+0.0000
2026-04-12 12:51:36,intraday,XLI,LONG,12,171.51,entry (LONG),+0.0000
2026-04-12 12:51:36,intraday,XLU,LONG,82,46.95,entry (LONG),+0.0000
2026-04-12 12:52:42,intraday,GLD,LONG,10,437.17,entry (LONG),+0.0000
2026-04-12 12:52:42,intraday,IBIT,LONG,22,41.57,entry (LONG),+0.0000
2026-04-12 12:52:43,intraday,EWC,LONG,27,56.77,entry (LONG),+0.0000
2026-04-12 12:52:44,intraday,USO,LONG,17,124.83,entry (LONG),+0.0000
2026-04-12 12:52:45,intraday,XLI,LONG,12,171.51,entry (LONG),+0.0000
2026-04-12 12:52:46,intraday,XLU,LONG,82,46.95,entry (LONG),+0.0000
2026-04-12 12:53:53,intraday,GLD,LONG,10,437.17,entry (LONG),+0.0000
2026-04-12 12:53:54,intraday,IBIT,LONG,22,41.57,entry (LONG),+0.0000
2026-04-12 12:53:54,intraday,EWC,LONG,27,56.77,entry (LONG),+0.0000
2026-04-12 12:53:55,intraday,USO,LONG,17,124.83,entry (LONG),+0.0000
2026-04-12 12:53:56,intraday,XLI,LONG,12,171.51,entry (LONG),+0.0000
2026-04-12 12:53:57,intraday,XLU,LONG,82,46.95,entry (LONG),+0.0000
2026-04-12 12:55:02,intraday,GLD,LONG,10,437.17,entry (LONG),+0.0000
2026-04-12 12:55:03,intraday,IBIT,LONG,22,41.57,entry (LONG),+0.0000
2026-04-12 12:55:04,intraday,EWC,LONG,27,56.77,entry (LONG),+0.0000
2026-04-12 12:55:05,intraday,USO,LONG,17,124.83,entry (LONG),+0.0000
2026-04-12 12:55:06,intraday,XLI,LONG,12,171.51,entry (LONG),+0.0000
2026-04-12 12:55:06,intraday,XLU,LONG,82,46.95,entry (LONG),+0.0000
2026-04-12 12:56:12,intraday,GLD,LONG,10,437.17,entry (LONG),+0.0000
2026-04-12 12:56:12,intraday,IBIT,LONG,22,41.57,entry (LONG),+0.0000
2026-04-12 12:56:13,intraday,EWC,LONG,27,56.77,entry (LONG),+0.0000
2026-04-12 12:56:14,intraday,USO,LONG,17,124.83,entry (LONG),+0.0000
2026-04-12 12:56:15,intraday,XLI,LONG,12,171.51,entry (LONG),+0.0000
2026-04-12 12:56:16,intraday,XLU,LONG,82,46.95,entry (LONG),+0.0000
2026-04-12 12:56:33,swing,CIBR,SHORT,70,60.74,entry (SHORT),+0.0000
2026-04-12 12:56:35,swing,USMV,SHORT,152,92.75,entry (SHORT),+0.0000
2026-04-12 12:56:37,swing,EWY,SHORT,20,138.73,entry (SHORT),+0.0000
2026-04-12 12:56:42,swing,IBIT,SHORT,94,41.56,entry (SHORT),+0.0000
2026-04-12 12:57:21,intraday,GLD,LONG,10,437.17,entry (LONG),+0.0000
2026-04-12 12:57:22,intraday,IBIT,LONG,22,41.57,entry (LONG),+0.0000
2026-04-12 12:57:23,intraday,EWC,LONG,27,56.77,entry (LONG),+0.0000
2026-04-12 12:57:23,intraday,USO,LONG,17,124.83,entry (LONG),+0.0000
2026-04-12 12:57:24,intraday,XLI,LONG,12,171.51,entry (LONG),+0.0000
2026-04-12 12:57:25,intraday,XLU,LONG,82,46.95,entry (LONG),+0.0000
2026-04-12 12:58:31,intraday,GLD,LONG,10,437.17,entry (LONG),+0.0000
2026-04-12 12:58:31,intraday,IBIT,LONG,22,41.57,entry (LONG),+0.0000
2026-04-12 12:58:32,intraday,EWC,LONG,27,56.77,entry (LONG),+0.0000
2026-04-12 12:58:33,intraday,USO,LONG,17,124.83,entry (LONG),+0.0000
2026-04-12 12:58:34,intraday,XLI,LONG,12,171.51,entry (LONG),+0.0000
2026-04-12 12:58:35,intraday,XLU,LONG,82,46.95,entry (LONG),+0.0000
2026-04-12 12:59:40,intraday,GLD,LONG,10,437.17,entry (LONG),+0.0000
2026-04-12 12:59:41,intraday,IBIT,LONG,22,41.57,entry (LONG),+0.0000
2026-04-12 12:59:42,intraday,EWC,LONG,27,56.77,entry (LONG),+0.0000
2026-04-12 12:59:43,intraday,USO,LONG,17,124.83,entry (LONG),+0.0000
2026-04-12 12:59:44,intraday,XLI,LONG,12,171.51,entry (LONG),+0.0000
2026-04-12 12:59:44,intraday,XLU,LONG,82,46.95,entry (LONG),+0.0000
2026-04-12 13:00:51,intraday,GLD,LONG,10,437.17,entry (LONG),+0.0000
2026-04-12 13:00:52,intraday,IBIT,LONG,22,41.57,entry (LONG),+0.0000
2026-04-12 13:00:53,intraday,EWC,LONG,27,56.77,entry (LONG),+0.0000
2026-04-12 13:00:54,intraday,USO,LONG,17,124.83,entry (LONG),+0.0000
2026-04-12 13:00:55,intraday,XLI,LONG,12,171.51,entry (LONG),+0.0000
2026-04-12 13:00:56,intraday,XLU,LONG,82,46.95,entry (LONG),+0.0000
2026-04-12 13:01:59,swing,CIBR,SHORT,70,60.74,entry (SHORT),+0.0000
2026-04-12 13:02:01,intraday,GLD,LONG,10,437.17,entry (LONG),+0.0000
2026-04-12 13:02:01,swing,USMV,SHORT,152,92.75,entry (SHORT),+0.0000
2026-04-12 13:02:02,intraday,IBIT,LONG,22,41.57,entry (LONG),+0.0000
2026-04-12 13:02:02,intraday,EWC,LONG,27,56.77,entry (LONG),+0.0000
2026-04-12 13:02:03,swing,EWY,SHORT,20,138.73,entry (SHORT),+0.0000
2026-04-12 13:02:03,intraday,USO,LONG,17,124.83,entry (LONG),+0.0000
2026-04-12 13:02:04,intraday,XLI,LONG,12,171.51,entry (LONG),+0.0000
2026-04-12 13:02:05,intraday,XLU,LONG,82,46.95,entry (LONG),+0.0000
2026-04-12 13:02:08,swing,IBIT,SHORT,94,41.56,entry (SHORT),+0.0000
2026-04-12 13:03:10,intraday,GLD,LONG,10,437.17,entry (LONG),+0.0000
2026-04-12 13:03:11,intraday,IBIT,LONG,22,41.57,entry (LONG),+0.0000
2026-04-12 13:03:12,intraday,EWC,LONG,27,56.77,entry (LONG),+0.0000
2026-04-12 13:03:12,intraday,USO,LONG,17,124.83,entry (LONG),+0.0000
2026-04-12 13:03:13,intraday,XLI,LONG,12,171.51,entry (LONG),+0.0000
2026-04-12 13:03:14,intraday,XLU,LONG,82,46.95,entry (LONG),+0.0000
2026-04-12 13:04:19,intraday,GLD,LONG,10,437.17,entry (LONG),+0.0000
2026-04-12 13:04:20,intraday,IBIT,LONG,22,41.57,entry (LONG),+0.0000
2026-04-12 13:04:21,intraday,EWC,LONG,27,56.77,entry (LONG),+0.0000
2026-04-12 13:04:21,intraday,USO,LONG,17,124.83,entry (LONG),+0.0000
2026-04-12 13:04:22,intraday,XLI,LONG,12,171.51,entry (LONG),+0.0000
2026-04-12 13:04:23,intraday,XLU,LONG,82,46.95,entry (LONG),+0.0000
2026-04-12 13:05:28,intraday,GLD,LONG,10,437.17,entry (LONG),+0.0000
2026-04-12 13:05:29,intraday,IBIT,LONG,22,41.57,entry (LONG),+0.0000
2026-04-12 13:05:30,intraday,EWC,LONG,27,56.77,entry (LONG),+0.0000
2026-04-12 13:05:30,intraday,USO,LONG,17,124.83,entry (LONG),+0.0000
2026-04-12 13:05:32,intraday,XLI,LONG,12,171.51,entry (LONG),+0.0000
2026-04-12 13:05:32,intraday,XLU,LONG,82,46.95,entry (LONG),+0.0000
2026-04-12 13:06:37,intraday,GLD,LONG,10,437.17,entry (LONG),+0.0000
2026-04-12 13:06:38,intraday,IBIT,LONG,22,41.57,entry (LONG),+0.0000
2026-04-12 13:06:39,intraday,EWC,LONG,27,56.77,entry (LONG),+0.0000
2026-04-12 13:06:39,intraday,USO,LONG,17,124.83,entry (LONG),+0.0000
2026-04-12 13:06:41,intraday,XLI,LONG,12,171.51,entry (LONG),+0.0000
2026-04-12 13:06:41,intraday,XLU,LONG,82,46.95,entry (LONG),+0.0000
2026-04-12 13:07:28,swing,CIBR,SHORT,70,60.74,entry (SHORT),+0.0000
2026-04-12 13:07:30,swing,USMV,SHORT,152,92.75,entry (SHORT),+0.0000
2026-04-12 13:07:32,swing,EWY,SHORT,20,138.73,entry (SHORT),+0.0000
2026-04-12 13:07:36,swing,IBIT,SHORT,94,41.56,entry (SHORT),+0.0000
2026-04-12 13:07:46,intraday,GLD,LONG,10,437.17,entry (LONG),+0.0000
2026-04-12 13:07:47,intraday,IBIT,LONG,22,41.57,entry (LONG),+0.0000
2026-04-12 13:07:48,intraday,EWC,LONG,27,56.77,entry (LONG),+0.0000
2026-04-12 13:07:49,intraday,USO,LONG,17,124.83,entry (LONG),+0.0000
2026-04-12 13:07:50,intraday,XLI,LONG,12,171.51,entry (LONG),+0.0000
2026-04-12 13:07:51,intraday,XLU,LONG,82,46.95,entry (LONG),+0.0000
2026-04-12 13:08:56,intraday,GLD,LONG,10,437.17,entry (LONG),+0.0000
2026-04-12 13:08:57,intraday,IBIT,LONG,22,41.57,entry (LONG),+0.0000
2026-04-12 13:08:57,intraday,EWC,LONG,27,56.77,entry (LONG),+0.0000
2026-04-12 13:08:58,intraday,USO,LONG,17,124.83,entry (LONG),+0.0000
2026-04-12 13:08:59,intraday,XLI,LONG,12,171.51,entry (LONG),+0.0000
2026-04-12 13:09:00,intraday,XLU,LONG,82,46.95,entry (LONG),+0.0000
2026-04-12 13:10:05,intraday,GLD,LONG,10,437.17,entry (LONG),+0.0000
2026-04-12 13:10:06,intraday,IBIT,LONG,22,41.57,entry (LONG),+0.0000
2026-04-12 13:10:07,intraday,EWC,LONG,27,56.77,entry (LONG),+0.0000
2026-04-12 13:10:08,intraday,USO,LONG,17,124.83,entry (LONG),+0.0000
2026-04-12 13:10:09,intraday,XLI,LONG,12,171.51,entry (LONG),+0.0000
2026-04-12 13:10:09,intraday,XLU,LONG,82,46.95,entry (LONG),+0.0000
2026-04-12 13:11:15,intraday,GLD,LONG,10,437.17,entry (LONG),+0.0000
2026-04-12 13:11:16,intraday,IBIT,LONG,22,41.57,entry (LONG),+0.0000
2026-04-12 13:11:16,intraday,EWC,LONG,27,56.77,entry (LONG),+0.0000
2026-04-12 13:11:17,intraday,USO,LONG,17,124.83,entry (LONG),+0.0000
2026-04-12 13:11:18,intraday,XLI,LONG,12,171.51,entry (LONG),+0.0000
2026-04-12 13:11:19,intraday,XLU,LONG,82,46.95,entry (LONG),+0.0000
2026-04-12 13:12:26,intraday,GLD,LONG,10,437.17,entry (LONG),+0.0000
2026-04-12 13:12:27,intraday,IBIT,LONG,22,41.57,entry (LONG),+0.0000
2026-04-12 13:12:28,intraday,EWC,LONG,27,56.77,entry (LONG),+0.0000
2026-04-12 13:12:28,intraday,USO,LONG,17,124.83,entry (LONG),+0.0000
2026-04-12 13:12:30,intraday,XLI,LONG,12,171.51,entry (LONG),+0.0000
2026-04-12 13:12:30,intraday,XLU,LONG,82,46.95,entry (LONG),+0.0000
2026-04-12 13:12:53,swing,CIBR,SHORT,70,60.74,entry (SHORT),+0.0000
2026-04-12 13:12:55,swing,USMV,SHORT,152,92.75,entry (SHORT),+0.0000
2026-04-12 13:12:57,swing,EWY,SHORT,20,138.73,entry (SHORT),+0.0000
2026-04-12 13:13:03,swing,IBIT,SHORT,94,41.56,entry (SHORT),+0.0000
2026-04-12 13:13:39,intraday,GLD,LONG,10,437.17,entry (LONG),+0.0000
2026-04-12 13:13:40,intraday,IBIT,LONG,22,41.57,entry (LONG),+0.0000
2026-04-12 13:13:41,intraday,EWC,LONG,27,56.77,entry (LONG),+0.0000
2026-04-12 13:13:42,intraday,USO,LONG,17,124.83,entry (LONG),+0.0000
2026-04-12 13:13:43,intraday,XLI,LONG,12,171.51,entry (LONG),+0.0000
2026-04-12 13:13:44,intraday,XLU,LONG,82,46.95,entry (LONG),+0.0000
2026-04-12 13:14:49,intraday,GLD,LONG,10,437.17,entry (LONG),+0.0000
2026-04-12 13:14:50,intraday,IBIT,LONG,22,41.57,entry (LONG),+0.0000
2026-04-12 13:14:51,intraday,EWC,LONG,27,56.77,entry (LONG),+0.0000
2026-04-12 13:14:51,intraday,USO,LONG,17,124.83,entry (LONG),+0.0000
2026-04-12 13:14:53,intraday,XLI,LONG,12,171.51,entry (LONG),+0.0000
2026-04-12 13:14:54,intraday,XLU,LONG,82,46.95,entry (LONG),+0.0000
2026-04-12 13:15:59,intraday,GLD,LONG,10,437.17,entry (LONG),+0.0000
2026-04-12 13:15:59,intraday,IBIT,LONG,22,41.57,entry (LONG),+0.0000
2026-04-12 13:16:00,intraday,EWC,LONG,27,56.77,entry (LONG),+0.0000
2026-04-12 13:16:01,intraday,USO,LONG,17,124.83,entry (LONG),+0.0000
2026-04-12 13:16:02,intraday,XLI,LONG,12,171.51,entry (LONG),+0.0000
2026-04-12 13:16:03,intraday,XLU,LONG,82,46.95,entry (LONG),+0.0000
2026-04-12 13:17:08,intraday,GLD,LONG,10,437.17,entry (LONG),+0.0000
2026-04-12 13:17:09,intraday,IBIT,LONG,22,41.57,entry (LONG),+0.0000
2026-04-12 13:17:10,intraday,EWC,LONG,27,56.77,entry (LONG),+0.0000
2026-04-12 13:17:10,intraday,USO,LONG,17,124.83,entry (LONG),+0.0000
2026-04-12 13:17:12,intraday,XLI,LONG,12,171.51,entry (LONG),+0.0000
2026-04-12 13:17:12,intraday,XLU,LONG,82,46.95,entry (LONG),+0.0000
2026-04-12 13:18:18,intraday,GLD,LONG,10,437.17,entry (LONG),+0.0000
2026-04-12 13:18:18,intraday,IBIT,LONG,22,41.57,entry (LONG),+0.0000
2026-04-12 13:18:19,intraday,EWC,LONG,27,56.77,entry (LONG),+0.0000
2026-04-12 13:18:20,intraday,USO,LONG,17,124.83,entry (LONG),+0.0000
2026-04-12 13:18:21,intraday,XLI,LONG,12,171.51,entry (LONG),+0.0000
2026-04-12 13:18:22,intraday,XLU,LONG,82,46.95,entry (LONG),+0.0000
2026-04-12 13:18:23,swing,CIBR,SHORT,70,60.74,entry (SHORT),+0.0000
2026-04-12 13:18:24,swing,USMV,SHORT,152,92.75,entry (SHORT),+0.0000
2026-04-12 13:18:26,swing,EWY,SHORT,20,138.73,entry (SHORT),+0.0000
2026-04-12 13:18:31,swing,IBIT,SHORT,94,41.56,entry (SHORT),+0.0000
2026-04-12 13:19:27,intraday,GLD,LONG,10,437.17,entry (LONG),+0.0000
2026-04-12 13:19:27,intraday,IBIT,LONG,22,41.57,entry (LONG),+0.0000
2026-04-12 13:19:28,intraday,EWC,LONG,27,56.77,entry (LONG),+0.0000
2026-04-12 13:19:29,intraday,USO,LONG,17,124.83,entry (LONG),+0.0000
2026-04-12 13:19:30,intraday,XLI,LONG,12,171.51,entry (LONG),+0.0000
2026-04-12 13:19:31,intraday,XLU,LONG,82,46.95,entry (LONG),+0.0000
2026-04-12 13:20:36,intraday,GLD,LONG,10,437.17,entry (LONG),+0.0000
2026-04-12 13:20:36,intraday,IBIT,LONG,22,41.57,entry (LONG),+0.0000
2026-04-12 13:20:37,intraday,EWC,LONG,27,56.77,entry (LONG),+0.0000
2026-04-12 13:20:38,intraday,USO,LONG,17,124.83,entry (LONG),+0.0000
2026-04-12 13:20:40,intraday,XLI,LONG,12,171.51,entry (LONG),+0.0000
2026-04-12 13:20:40,intraday,XLU,LONG,82,46.95,entry (LONG),+0.0000
2026-04-12 13:22:00,intraday,GLD,LONG,10,437.17,entry (LONG),+0.0000
2026-04-12 13:22:01,intraday,IBIT,LONG,22,41.57,entry (LONG),+0.0000
2026-04-12 13:22:01,intraday,EWC,LONG,27,56.77,entry (LONG),+0.0000
2026-04-12 13:22:02,intraday,USO,LONG,17,124.83,entry (LONG),+0.0000
2026-04-12 13:22:03,intraday,XLI,LONG,12,171.51,entry (LONG),+0.0000
2026-04-12 13:22:04,intraday,XLU,LONG,82,46.95,entry (LONG),+0.0000
2026-04-12 13:23:09,intraday,GLD,LONG,10,437.17,entry (LONG),+0.0000
2026-04-12 13:23:10,intraday,IBIT,LONG,22,41.57,entry (LONG),+0.0000
2026-04-12 13:23:11,intraday,EWC,LONG,27,56.77,entry (LONG),+0.0000
2026-04-12 13:23:12,intraday,USO,LONG,17,124.83,entry (LONG),+0.0000
2026-04-12 13:23:13,intraday,XLI,LONG,12,171.51,entry (LONG),+0.0000
2026-04-12 13:23:14,intraday,XLU,LONG,82,46.95,entry (LONG),+0.0000
2026-04-12 13:23:51,swing,CIBR,SHORT,70,60.74,entry (SHORT),+0.0000
2026-04-12 13:23:53,swing,USMV,SHORT,152,92.75,entry (SHORT),+0.0000
2026-04-12 13:23:54,swing,EWY,SHORT,20,138.73,entry (SHORT),+0.0000
2026-04-12 13:24:00,swing,IBIT,SHORT,94,41.56,entry (SHORT),+0.0000
2026-04-12 13:24:19,intraday,GLD,LONG,10,437.17,entry (LONG),+0.0000
2026-04-12 13:24:19,intraday,IBIT,LONG,22,41.57,entry (LONG),+0.0000
2026-04-12 13:24:20,intraday,EWC,LONG,27,56.77,entry (LONG),+0.0000
2026-04-12 13:24:21,intraday,USO,LONG,17,124.83,entry (LONG),+0.0000
2026-04-12 13:24:22,intraday,XLI,LONG,12,171.51,entry (LONG),+0.0000
2026-04-12 13:24:23,intraday,XLU,LONG,82,46.95,entry (LONG),+0.0000
2026-04-12 13:25:29,intraday,GLD,LONG,10,437.17,entry (LONG),+0.0000
2026-04-12 13:25:30,intraday,IBIT,LONG,22,41.57,entry (LONG),+0.0000
2026-04-12 13:25:30,intraday,EWC,LONG,27,56.77,entry (LONG),+0.0000
2026-04-12 13:25:31,intraday,USO,LONG,17,124.83,entry (LONG),+0.0000
2026-04-12 13:25:32,intraday,XLI,LONG,12,171.51,entry (LONG),+0.0000
2026-04-12 13:25:33,intraday,XLU,LONG,82,46.95,entry (LONG),+0.0000
2026-04-12 13:26:38,intraday,GLD,LONG,10,437.17,entry (LONG),+0.0000
2026-04-12 13:26:39,intraday,IBIT,LONG,22,41.57,entry (LONG),+0.0000
2026-04-12 13:26:40,intraday,EWC,LONG,27,56.77,entry (LONG),+0.0000
2026-04-12 13:26:40,intraday,USO,LONG,17,124.83,entry (LONG),+0.0000
2026-04-12 13:26:41,intraday,XLI,LONG,12,171.51,entry (LONG),+0.0000
2026-04-12 13:26:42,intraday,XLU,LONG,82,46.95,entry (LONG),+0.0000
2026-04-12 13:27:48,intraday,GLD,LONG,10,437.17,entry (LONG),+0.0000
2026-04-12 13:27:49,intraday,IBIT,LONG,22,41.57,entry (LONG),+0.0000
2026-04-12 13:27:50,intraday,EWC,LONG,27,56.77,entry (LONG),+0.0000
2026-04-12 13:27:50,intraday,USO,LONG,17,124.83,entry (LONG),+0.0000
2026-04-12 13:27:51,intraday,XLI,LONG,12,171.51,entry (LONG),+0.0000
2026-04-12 13:27:52,intraday,XLU,LONG,82,46.95,entry (LONG),+0.0000
2026-04-12 13:28:57,intraday,GLD,LONG,10,437.17,entry (LONG),+0.0000
2026-04-12 13:28:58,intraday,IBIT,LONG,22,41.57,entry (LONG),+0.0000
2026-04-12 13:28:59,intraday,EWC,LONG,27,56.77,entry (LONG),+0.0000
2026-04-12 13:29:00,intraday,USO,LONG,17,124.83,entry (LONG),+0.0000
2026-04-12 13:29:01,intraday,XLI,LONG,12,171.51,entry (LONG),+0.0000
2026-04-12 13:29:02,intraday,XLU,LONG,82,46.95,entry (LONG),+0.0000
2026-04-12 13:29:15,swing,CIBR,SHORT,70,60.74,entry (SHORT),+0.0000
2026-04-12 13:29:17,swing,USMV,SHORT,152,92.75,entry (SHORT),+0.0000
2026-04-12 13:29:19,swing,EWY,SHORT,20,138.73,entry (SHORT),+0.0000
2026-04-12 13:29:25,swing,IBIT,SHORT,94,41.56,entry (SHORT),+0.0000
2026-04-12 13:30:07,intraday,GLD,LONG,10,437.17,entry (LONG),+0.0000
2026-04-12 13:30:08,intraday,IBIT,LONG,22,41.57,entry (LONG),+0.0000
2026-04-12 13:30:09,intraday,EWC,LONG,27,56.77,entry (LONG),+0.0000
2026-04-12 13:30:09,intraday,USO,LONG,17,124.83,entry (LONG),+0.0000
2026-04-12 13:30:10,intraday,XLI,LONG,12,171.51,entry (LONG),+0.0000
2026-04-12 13:30:11,intraday,XLU,LONG,82,46.95,entry (LONG),+0.0000
2026-04-12 13:31:16,intraday,GLD,LONG,10,437.17,entry (LONG),+0.0000
2026-04-12 13:31:17,intraday,IBIT,LONG,22,41.57,entry (LONG),+0.0000
2026-04-12 13:31:18,intraday,EWC,LONG,27,56.77,entry (LONG),+0.0000
2026-04-12 13:31:19,intraday,USO,LONG,17,124.83,entry (LONG),+0.0000
2026-04-12 13:31:20,intraday,XLI,LONG,12,171.51,entry (LONG),+0.0000
2026-04-12 13:31:20,intraday,XLU,LONG,82,46.95,entry (LONG),+0.0000
2026-04-12 13:32:25,intraday,GLD,LONG,10,437.17,entry (LONG),+0.0000
2026-04-12 13:32:26,intraday,IBIT,LONG,22,41.57,entry (LONG),+0.0000
2026-04-12 13:32:27,intraday,EWC,LONG,27,56.77,entry (LONG),+0.0000
2026-04-12 13:32:28,intraday,USO,LONG,17,124.83,entry (LONG),+0.0000
2026-04-12 13:32:29,intraday,XLI,LONG,12,171.51,entry (LONG),+0.0000
2026-04-12 13:32:29,intraday,XLU,LONG,82,46.95,entry (LONG),+0.0000
2026-04-12 13:33:37,intraday,GLD,LONG,10,437.17,entry (LONG),+0.0000
2026-04-12 13:33:37,intraday,IBIT,LONG,22,41.57,entry (LONG),+0.0000
2026-04-12 13:33:40,intraday,EWC,LONG,27,56.77,entry (LONG),+0.0000
2026-04-12 13:33:40,intraday,USO,LONG,17,124.83,entry (LONG),+0.0000
2026-04-12 13:33:42,intraday,XLI,LONG,12,171.51,entry (LONG),+0.0000
2026-04-12 13:33:42,intraday,XLU,LONG,82,46.95,entry (LONG),+0.0000
2026-04-12 13:34:42,swing,CIBR,SHORT,70,60.74,entry (SHORT),+0.0000
2026-04-12 13:34:45,swing,USMV,SHORT,152,92.75,entry (SHORT),+0.0000
2026-04-12 13:34:46,swing,EWY,SHORT,20,138.73,entry (SHORT),+0.0000
2026-04-12 13:34:47,intraday,GLD,LONG,10,437.17,entry (LONG),+0.0000
2026-04-12 13:34:48,intraday,IBIT,LONG,22,41.57,entry (LONG),+0.0000
2026-04-12 13:34:49,intraday,EWC,LONG,27,56.77,entry (LONG),+0.0000
2026-04-12 13:34:50,intraday,USO,LONG,17,124.83,entry (LONG),+0.0000
2026-04-12 13:34:51,intraday,XLI,LONG,12,171.51,entry (LONG),+0.0000
2026-04-12 13:34:51,swing,IBIT,SHORT,94,41.56,entry (SHORT),+0.0000
2026-04-12 13:34:52,intraday,XLU,LONG,82,46.95,entry (LONG),+0.0000
2026-04-12 13:35:57,intraday,GLD,LONG,10,437.17,entry (LONG),+0.0000
2026-04-12 13:35:57,intraday,IBIT,LONG,22,41.57,entry (LONG),+0.0000
2026-04-12 13:35:58,intraday,EWC,LONG,27,56.77,entry (LONG),+0.0000
2026-04-12 13:35:59,intraday,USO,LONG,17,124.83,entry (LONG),+0.0000
2026-04-12 13:36:00,intraday,XLI,LONG,12,171.51,entry (LONG),+0.0000
2026-04-12 13:36:01,intraday,XLU,LONG,82,46.95,entry (LONG),+0.0000
2026-04-12 13:37:06,intraday,GLD,LONG,10,437.17,entry (LONG),+0.0000
2026-04-12 13:37:07,intraday,IBIT,LONG,22,41.57,entry (LONG),+0.0000
2026-04-12 13:37:08,intraday,EWC,LONG,27,56.77,entry (LONG),+0.0000
2026-04-12 13:37:09,intraday,USO,LONG,17,124.83,entry (LONG),+0.0000
2026-04-12 13:37:10,intraday,XLI,LONG,12,171.51,entry (LONG),+0.0000
2026-04-12 13:37:11,intraday,XLU,LONG,82,46.95,entry (LONG),+0.0000
2026-04-12 13:38:16,intraday,GLD,LONG,10,437.17,entry (LONG),+0.0000
2026-04-12 13:38:16,intraday,IBIT,LONG,22,41.57,entry (LONG),+0.0000
2026-04-12 13:38:17,intraday,EWC,LONG,27,56.77,entry (LONG),+0.0000
2026-04-12 13:38:18,intraday,USO,LONG,17,124.83,entry (LONG),+0.0000
2026-04-12 13:38:19,intraday,XLI,LONG,12,171.51,entry (LONG),+0.0000
2026-04-12 13:38:20,intraday,XLU,LONG,82,46.95,entry (LONG),+0.0000
2026-04-12 13:39:25,intraday,GLD,LONG,10,437.17,entry (LONG),+0.0000
2026-04-12 13:39:26,intraday,IBIT,LONG,22,41.57,entry (LONG),+0.0000
2026-04-12 13:39:27,intraday,EWC,LONG,27,56.77,entry (LONG),+0.0000
2026-04-12 13:39:27,intraday,USO,LONG,17,124.83,entry (LONG),+0.0000
2026-04-12 13:39:29,intraday,XLI,LONG,12,171.51,entry (LONG),+0.0000
2026-04-12 13:39:29,intraday,XLU,LONG,82,46.95,entry (LONG),+0.0000
2026-04-12 13:40:10,swing,CIBR,SHORT,70,60.74,entry (SHORT),+0.0000
2026-04-12 13:40:11,swing,USMV,SHORT,152,92.75,entry (SHORT),+0.0000
2026-04-12 13:40:13,swing,EWY,SHORT,20,138.73,entry (SHORT),+0.0000
2026-04-12 13:40:18,swing,IBIT,SHORT,94,41.56,entry (SHORT),+0.0000
2026-04-12 13:40:34,intraday,GLD,LONG,10,437.17,entry (LONG),+0.0000
2026-04-12 13:40:35,intraday,IBIT,LONG,22,41.57,entry (LONG),+0.0000
2026-04-12 13:40:36,intraday,EWC,LONG,27,56.77,entry (LONG),+0.0000
2026-04-12 13:40:37,intraday,USO,LONG,17,124.83,entry (LONG),+0.0000
2026-04-12 13:40:38,intraday,XLI,LONG,12,171.51,entry (LONG),+0.0000
2026-04-12 13:40:39,intraday,XLU,LONG,82,46.95,entry (LONG),+0.0000
2026-04-12 13:41:44,intraday,GLD,LONG,10,437.17,entry (LONG),+0.0000
2026-04-12 13:41:44,intraday,IBIT,LONG,22,41.57,entry (LONG),+0.0000
2026-04-12 13:41:45,intraday,EWC,LONG,27,56.77,entry (LONG),+0.0000
2026-04-12 13:41:46,intraday,USO,LONG,17,124.83,entry (LONG),+0.0000
2026-04-12 13:41:47,intraday,XLI,LONG,12,171.51,entry (LONG),+0.0000
2026-04-12 13:41:48,intraday,XLU,LONG,82,46.95,entry (LONG),+0.0000
2026-04-12 13:42:54,intraday,GLD,LONG,10,437.17,entry (LONG),+0.0000
2026-04-12 13:42:54,intraday,IBIT,LONG,22,41.57,entry (LONG),+0.0000
2026-04-12 13:42:55,intraday,EWC,LONG,27,56.77,entry (LONG),+0.0000
2026-04-12 13:42:56,intraday,USO,LONG,17,124.83,entry (LONG),+0.0000
2026-04-12 13:42:57,intraday,XLI,LONG,12,171.51,entry (LONG),+0.0000
2026-04-12 13:42:58,intraday,XLU,LONG,82,46.95,entry (LONG),+0.0000
2026-04-12 13:44:03,intraday,GLD,LONG,10,437.17,entry (LONG),+0.0000
2026-04-12 13:44:03,intraday,IBIT,LONG,22,41.57,entry (LONG),+0.0000
2026-04-12 13:44:04,intraday,EWC,LONG,27,56.77,entry (LONG),+0.0000
2026-04-12 13:44:05,intraday,USO,LONG,17,124.83,entry (LONG),+0.0000
2026-04-12 13:44:06,intraday,XLI,LONG,12,171.51,entry (LONG),+0.0000
2026-04-12 13:44:07,intraday,XLU,LONG,82,46.95,entry (LONG),+0.0000
2026-04-12 13:45:14,intraday,GLD,LONG,10,437.17,entry (LONG),+0.0000
2026-04-12 13:45:15,intraday,IBIT,LONG,22,41.57,entry (LONG),+0.0000
2026-04-12 13:45:16,intraday,EWC,LONG,27,56.77,entry (LONG),+0.0000
2026-04-12 13:45:17,intraday,USO,LONG,17,124.83,entry (LONG),+0.0000
2026-04-12 13:45:18,intraday,XLI,LONG,12,171.51,entry (LONG),+0.0000
2026-04-12 13:45:19,intraday,XLU,LONG,82,46.95,entry (LONG),+0.0000
2026-04-12 13:45:35,swing,CIBR,SHORT,70,60.74,entry (SHORT),+0.0000
2026-04-12 13:45:37,swing,USMV,SHORT,152,92.75,entry (SHORT),+0.0000
2026-04-12 13:45:39,swing,EWY,SHORT,20,138.73,entry (SHORT),+0.0000
2026-04-12 13:45:44,swing,IBIT,SHORT,94,41.56,entry (SHORT),+0.0000
2026-04-12 13:46:24,intraday,GLD,LONG,10,437.17,entry (LONG),+0.0000
2026-04-12 13:46:25,intraday,IBIT,LONG,22,41.57,entry (LONG),+0.0000
2026-04-12 13:46:26,intraday,EWC,LONG,27,56.77,entry (LONG),+0.0000
2026-04-12 13:46:26,intraday,USO,LONG,17,124.83,entry (LONG),+0.0000
2026-04-12 13:46:27,intraday,XLI,LONG,12,171.51,entry (LONG),+0.0000
2026-04-12 13:46:28,intraday,XLU,LONG,82,46.95,entry (LONG),+0.0000
2026-04-12 13:47:33,intraday,GLD,LONG,10,437.17,entry (LONG),+0.0000
2026-04-12 13:47:34,intraday,IBIT,LONG,22,41.57,entry (LONG),+0.0000
2026-04-12 13:47:35,intraday,EWC,LONG,27,56.77,entry (LONG),+0.0000
2026-04-12 13:47:36,intraday,USO,LONG,17,124.83,entry (LONG),+0.0000
2026-04-12 13:47:38,intraday,XLI,LONG,12,171.51,entry (LONG),+0.0000
2026-04-12 13:47:38,intraday,XLU,LONG,82,46.95,entry (LONG),+0.0000
2026-04-12 13:48:44,intraday,GLD,LONG,10,437.17,entry (LONG),+0.0000
2026-04-12 13:48:45,intraday,IBIT,LONG,22,41.57,entry (LONG),+0.0000
2026-04-12 13:48:46,intraday,EWC,LONG,27,56.77,entry (LONG),+0.0000
2026-04-12 13:48:47,intraday,USO,LONG,17,124.83,entry (LONG),+0.0000
2026-04-12 13:48:48,intraday,XLI,LONG,12,171.51,entry (LONG),+0.0000
2026-04-12 13:48:49,intraday,XLU,LONG,82,46.95,entry (LONG),+0.0000
2026-04-12 13:49:54,intraday,GLD,LONG,10,437.17,entry (LONG),+0.0000
2026-04-12 13:49:55,intraday,IBIT,LONG,22,41.57,entry (LONG),+0.0000
2026-04-12 13:49:55,intraday,EWC,LONG,27,56.77,entry (LONG),+0.0000
2026-04-12 13:49:56,intraday,USO,LONG,17,124.83,entry (LONG),+0.0000
2026-04-12 13:49:57,intraday,XLI,LONG,12,171.51,entry (LONG),+0.0000
2026-04-12 13:49:58,intraday,XLU,LONG,82,46.95,entry (LONG),+0.0000
2026-04-12 13:51:03,intraday,GLD,LONG,10,437.17,entry (LONG),+0.0000
2026-04-12 13:51:04,intraday,IBIT,LONG,22,41.57,entry (LONG),+0.0000
2026-04-12 13:51:05,intraday,EWC,LONG,27,56.77,entry (LONG),+0.0000
2026-04-12 13:51:06,intraday,USO,LONG,17,124.83,entry (LONG),+0.0000
2026-04-12 13:51:07,intraday,XLI,LONG,12,171.51,entry (LONG),+0.0000
2026-04-12 13:51:07,swing,CIBR,SHORT,70,60.74,entry (SHORT),+0.0000
2026-04-12 13:51:08,intraday,XLU,LONG,82,46.95,entry (LONG),+0.0000
2026-04-12 13:51:09,swing,USMV,SHORT,152,92.75,entry (SHORT),+0.0000
2026-04-12 13:51:11,swing,EWY,SHORT,20,138.73,entry (SHORT),+0.0000
2026-04-12 13:51:16,swing,IBIT,SHORT,94,41.56,entry (SHORT),+0.0000
2026-04-12 13:52:13,intraday,GLD,LONG,10,437.17,entry (LONG),+0.0000
2026-04-12 13:52:19,intraday,IBIT,LONG,22,41.57,entry (LONG),+0.0000
2026-04-12 13:52:20,intraday,EWC,LONG,27,56.77,entry (LONG),+0.0000
2026-04-12 13:52:21,intraday,USO,LONG,17,124.83,entry (LONG),+0.0000
2026-04-12 13:52:22,intraday,XLI,LONG,12,171.51,entry (LONG),+0.0000
2026-04-12 13:52:23,intraday,XLU,LONG,82,46.95,entry (LONG),+0.0000
2026-04-12 13:53:28,intraday,GLD,LONG,10,437.17,entry (LONG),+0.0000
2026-04-12 13:53:29,intraday,IBIT,LONG,22,41.57,entry (LONG),+0.0000
2026-04-12 13:53:30,intraday,EWC,LONG,27,56.77,entry (LONG),+0.0000
2026-04-12 13:53:31,intraday,USO,LONG,17,124.83,entry (LONG),+0.0000
2026-04-12 13:53:32,intraday,XLI,LONG,12,171.51,entry (LONG),+0.0000
2026-04-12 13:53:33,intraday,XLU,LONG,82,46.95,entry (LONG),+0.0000
2026-04-12 13:54:38,intraday,GLD,LONG,10,437.17,entry (LONG),+0.0000
2026-04-12 13:54:39,intraday,IBIT,LONG,22,41.57,entry (LONG),+0.0000
2026-04-12 13:54:39,intraday,EWC,LONG,27,56.77,entry (LONG),+0.0000
2026-04-12 13:54:40,intraday,USO,LONG,17,124.83,entry (LONG),+0.0000
2026-04-12 13:54:41,intraday,XLI,LONG,12,171.51,entry (LONG),+0.0000
2026-04-12 13:54:42,intraday,XLU,LONG,82,46.95,entry (LONG),+0.0000
2026-04-12 13:55:48,intraday,GLD,LONG,10,437.17,entry (LONG),+0.0000
2026-04-12 13:55:48,intraday,IBIT,LONG,22,41.57,entry (LONG),+0.0000
2026-04-12 13:55:49,intraday,EWC,LONG,27,56.77,entry (LONG),+0.0000
2026-04-12 13:55:50,intraday,USO,LONG,17,124.83,entry (LONG),+0.0000
2026-04-12 13:55:51,intraday,XLI,LONG,12,171.51,entry (LONG),+0.0000
2026-04-12 13:55:52,intraday,XLU,LONG,82,46.95,entry (LONG),+0.0000
2026-04-12 13:56:37,swing,CIBR,SHORT,70,60.74,entry (SHORT),+0.0000
2026-04-12 13:56:39,swing,USMV,SHORT,152,92.75,entry (SHORT),+0.0000
2026-04-12 13:56:41,swing,EWY,SHORT,20,138.73,entry (SHORT),+0.0000
2026-04-12 13:56:46,swing,IBIT,SHORT,94,41.56,entry (SHORT),+0.0000
2026-04-12 13:56:57,intraday,GLD,LONG,10,437.17,entry (LONG),+0.0000
2026-04-12 13:56:58,intraday,IBIT,LONG,22,41.57,entry (LONG),+0.0000
2026-04-12 13:56:58,intraday,EWC,LONG,27,56.77,entry (LONG),+0.0000
2026-04-12 13:56:59,intraday,USO,LONG,17,124.83,entry (LONG),+0.0000
2026-04-12 13:57:00,intraday,XLI,LONG,12,171.51,entry (LONG),+0.0000
2026-04-12 13:57:01,intraday,XLU,LONG,82,46.95,entry (LONG),+0.0000
2026-04-12 13:58:07,intraday,GLD,LONG,10,437.17,entry (LONG),+0.0000
2026-04-12 13:58:07,intraday,IBIT,LONG,22,41.57,entry (LONG),+0.0000
2026-04-12 13:58:08,intraday,EWC,LONG,27,56.77,entry (LONG),+0.0000
2026-04-12 13:58:09,intraday,USO,LONG,17,124.83,entry (LONG),+0.0000
2026-04-12 13:58:10,intraday,XLI,LONG,12,171.51,entry (LONG),+0.0000
2026-04-12 13:58:11,intraday,XLU,LONG,82,46.95,entry (LONG),+0.0000
2026-04-12 13:59:16,intraday,GLD,LONG,10,437.17,entry (LONG),+0.0000
2026-04-12 13:59:17,intraday,IBIT,LONG,22,41.57,entry (LONG),+0.0000
2026-04-12 13:59:17,intraday,EWC,LONG,27,56.77,entry (LONG),+0.0000
2026-04-12 13:59:18,intraday,USO,LONG,17,124.83,entry (LONG),+0.0000
2026-04-12 13:59:19,intraday,XLI,LONG,12,171.51,entry (LONG),+0.0000
2026-04-12 13:59:20,intraday,XLU,LONG,82,46.95,entry (LONG),+0.0000
2026-04-12 14:00:25,intraday,GLD,LONG,10,437.17,entry (LONG),+0.0000
2026-04-12 14:00:26,intraday,IBIT,LONG,22,41.57,entry (LONG),+0.0000
2026-04-12 14:00:27,intraday,EWC,LONG,27,56.77,entry (LONG),+0.0000
2026-04-12 14:00:28,intraday,USO,LONG,17,124.83,entry (LONG),+0.0000
2026-04-12 14:00:29,intraday,XLI,LONG,12,171.51,entry (LONG),+0.0000
2026-04-12 14:00:30,intraday,XLU,LONG,82,46.95,entry (LONG),+0.0000
2026-04-12 14:01:34,intraday,GLD,LONG,10,437.17,entry (LONG),+0.0000
2026-04-12 14:01:35,intraday,IBIT,LONG,22,41.57,entry (LONG),+0.0000
2026-04-12 14:01:36,intraday,EWC,LONG,27,56.77,entry (LONG),+0.0000
2026-04-12 14:01:37,intraday,USO,LONG,17,124.83,entry (LONG),+0.0000
2026-04-12 14:01:38,intraday,XLI,LONG,12,171.51,entry (LONG),+0.0000
2026-04-12 14:01:39,intraday,XLU,LONG,82,46.95,entry (LONG),+0.0000
2026-04-12 14:02:02,swing,CIBR,SHORT,70,60.74,entry (SHORT),+0.0000
2026-04-12 14:02:04,swing,USMV,SHORT,152,92.75,entry (SHORT),+0.0000
2026-04-12 14:02:06,swing,EWY,SHORT,20,138.73,entry (SHORT),+0.0000
2026-04-12 14:02:10,swing,IBIT,SHORT,94,41.56,entry (SHORT),+0.0000
2026-04-12 14:02:44,intraday,GLD,LONG,10,437.17,entry (LONG),+0.0000
2026-04-12 14:02:45,intraday,IBIT,LONG,22,41.57,entry (LONG),+0.0000
2026-04-12 14:02:45,intraday,EWC,LONG,27,56.77,entry (LONG),+0.0000
2026-04-12 14:02:46,intraday,USO,LONG,17,124.83,entry (LONG),+0.0000
2026-04-12 14:02:47,intraday,XLI,LONG,12,171.51,entry (LONG),+0.0000
2026-04-12 14:02:48,intraday,XLU,LONG,82,46.95,entry (LONG),+0.0000
2026-04-12 14:03:54,intraday,GLD,LONG,10,437.17,entry (LONG),+0.0000
2026-04-12 14:03:55,intraday,IBIT,LONG,22,41.57,entry (LONG),+0.0000
2026-04-12 14:03:55,intraday,EWC,LONG,27,56.77,entry (LONG),+0.0000
2026-04-12 14:03:56,intraday,USO,LONG,17,124.83,entry (LONG),+0.0000
2026-04-12 14:03:57,intraday,XLI,LONG,12,171.51,entry (LONG),+0.0000
2026-04-12 14:03:58,intraday,XLU,LONG,82,46.95,entry (LONG),+0.0000
2026-04-12 14:05:04,intraday,GLD,LONG,10,437.17,entry (LONG),+0.0000
2026-04-12 14:05:04,intraday,IBIT,LONG,22,41.57,entry (LONG),+0.0000
2026-04-12 14:05:05,intraday,EWC,LONG,27,56.77,entry (LONG),+0.0000
2026-04-12 14:05:06,intraday,USO,LONG,17,124.83,entry (LONG),+0.0000
2026-04-12 14:05:07,intraday,XLI,LONG,12,171.51,entry (LONG),+0.0000
2026-04-12 14:05:08,intraday,XLU,LONG,82,46.95,entry (LONG),+0.0000
2026-04-12 14:06:13,intraday,GLD,LONG,10,437.17,entry (LONG),+0.0000
2026-04-12 14:06:14,intraday,IBIT,LONG,22,41.57,entry (LONG),+0.0000
2026-04-12 14:06:14,intraday,EWC,LONG,27,56.77,entry (LONG),+0.0000
2026-04-12 14:06:15,intraday,USO,LONG,17,124.83,entry (LONG),+0.0000
2026-04-12 14:06:16,intraday,XLI,LONG,12,171.51,entry (LONG),+0.0000
2026-04-12 14:06:17,intraday,XLU,LONG,82,46.95,entry (LONG),+0.0000
2026-04-12 14:07:22,intraday,GLD,LONG,10,437.17,entry (LONG),+0.0000
2026-04-12 14:07:23,intraday,IBIT,LONG,22,41.57,entry (LONG),+0.0000
2026-04-12 14:07:24,intraday,EWC,LONG,27,56.77,entry (LONG),+0.0000
2026-04-12 14:07:25,intraday,USO,LONG,17,124.83,entry (LONG),+0.0000
2026-04-12 14:07:26,intraday,XLI,LONG,12,171.51,entry (LONG),+0.0000
2026-04-12 14:07:26,intraday,XLU,LONG,82,46.95,entry (LONG),+0.0000
2026-04-12 14:07:28,swing,CIBR,SHORT,70,60.74,entry (SHORT),+0.0000
2026-04-12 14:07:30,swing,USMV,SHORT,152,92.75,entry (SHORT),+0.0000
2026-04-12 14:07:31,swing,EWY,SHORT,20,138.73,entry (SHORT),+0.0000
2026-04-12 14:07:36,swing,IBIT,SHORT,94,41.56,entry (SHORT),+0.0000
2026-04-12 14:08:32,intraday,GLD,LONG,10,437.17,entry (LONG),+0.0000
2026-04-12 14:08:32,intraday,IBIT,LONG,22,41.57,entry (LONG),+0.0000
2026-04-12 14:08:33,intraday,EWC,LONG,27,56.77,entry (LONG),+0.0000
2026-04-12 14:08:34,intraday,USO,LONG,17,124.83,entry (LONG),+0.0000
2026-04-12 14:08:35,intraday,XLI,LONG,12,171.51,entry (LONG),+0.0000
2026-04-12 14:08:36,intraday,XLU,LONG,82,46.95,entry (LONG),+0.0000
2026-04-12 14:09:43,intraday,GLD,LONG,10,437.17,entry (LONG),+0.0000
2026-04-12 14:09:44,intraday,IBIT,LONG,22,41.57,entry (LONG),+0.0000
2026-04-12 14:09:44,intraday,EWC,LONG,27,56.77,entry (LONG),+0.0000
2026-04-12 14:09:45,intraday,USO,LONG,17,124.83,entry (LONG),+0.0000
2026-04-12 14:09:46,intraday,XLI,LONG,12,171.51,entry (LONG),+0.0000
2026-04-12 14:09:47,intraday,XLU,LONG,82,46.95,entry (LONG),+0.0000
2026-04-12 14:10:54,intraday,GLD,LONG,10,437.17,entry (LONG),+0.0000
2026-04-12 14:10:55,intraday,IBIT,LONG,22,41.57,entry (LONG),+0.0000
2026-04-12 14:10:55,intraday,EWC,LONG,27,56.77,entry (LONG),+0.0000
2026-04-12 14:10:56,intraday,USO,LONG,17,124.83,entry (LONG),+0.0000
2026-04-12 14:10:57,intraday,XLI,LONG,12,171.51,entry (LONG),+0.0000
2026-04-12 14:10:58,intraday,XLU,LONG,82,46.95,entry (LONG),+0.0000
2026-04-12 14:12:15,intraday,GLD,LONG,10,437.17,entry (LONG),+0.0000
2026-04-12 14:12:16,intraday,IBIT,LONG,22,41.57,entry (LONG),+0.0000
2026-04-12 14:12:16,intraday,EWC,LONG,27,56.77,entry (LONG),+0.0000
2026-04-12 14:12:17,intraday,USO,LONG,17,124.83,entry (LONG),+0.0000
2026-04-12 14:12:18,intraday,XLI,LONG,12,171.51,entry (LONG),+0.0000
2026-04-12 14:12:19,intraday,XLU,LONG,82,46.95,entry (LONG),+0.0000
2026-04-12 14:12:54,swing,CIBR,SHORT,70,60.74,entry (SHORT),+0.0000
2026-04-12 14:12:56,swing,USMV,SHORT,152,92.75,entry (SHORT),+0.0000
2026-04-12 14:12:58,swing,EWY,SHORT,20,138.73,entry (SHORT),+0.0000
2026-04-12 14:13:03,swing,IBIT,SHORT,94,41.56,entry (SHORT),+0.0000
2026-04-12 14:13:26,intraday,GLD,LONG,10,437.17,entry (LONG),+0.0000
2026-04-12 14:13:27,intraday,IBIT,LONG,22,41.57,entry (LONG),+0.0000
2026-04-12 14:13:28,intraday,EWC,LONG,27,56.77,entry (LONG),+0.0000
2026-04-12 14:13:28,intraday,USO,LONG,17,124.83,entry (LONG),+0.0000
2026-04-12 14:13:30,intraday,XLI,LONG,12,171.51,entry (LONG),+0.0000
2026-04-12 14:13:30,intraday,XLU,LONG,82,46.95,entry (LONG),+0.0000
2026-04-12 14:14:36,intraday,GLD,LONG,10,437.17,entry (LONG),+0.0000
2026-04-12 14:14:36,intraday,IBIT,LONG,22,41.57,entry (LONG),+0.0000
2026-04-12 14:14:37,intraday,EWC,LONG,27,56.77,entry (LONG),+0.0000
2026-04-12 14:14:38,intraday,USO,LONG,17,124.83,entry (LONG),+0.0000
2026-04-12 14:14:39,intraday,XLI,LONG,12,171.51,entry (LONG),+0.0000
2026-04-12 14:14:40,intraday,XLU,LONG,82,46.95,entry (LONG),+0.0000
2026-04-12 14:15:45,intraday,GLD,LONG,10,437.17,entry (LONG),+0.0000
2026-04-12 14:15:46,intraday,IBIT,LONG,22,41.57,entry (LONG),+0.0000
2026-04-12 14:15:46,intraday,EWC,LONG,27,56.77,entry (LONG),+0.0000
2026-04-12 14:15:47,intraday,USO,LONG,17,124.83,entry (LONG),+0.0000
2026-04-12 14:15:48,intraday,XLI,LONG,12,171.51,entry (LONG),+0.0000
2026-04-12 14:15:49,intraday,XLU,LONG,82,46.95,entry (LONG),+0.0000
2026-04-12 14:16:54,intraday,GLD,LONG,10,437.17,entry (LONG),+0.0000
2026-04-12 14:16:55,intraday,IBIT,LONG,22,41.57,entry (LONG),+0.0000
2026-04-12 14:16:56,intraday,EWC,LONG,27,56.77,entry (LONG),+0.0000
2026-04-12 14:16:57,intraday,USO,LONG,17,124.83,entry (LONG),+0.0000
2026-04-12 14:16:58,intraday,XLI,LONG,12,171.51,entry (LONG),+0.0000
2026-04-12 14:16:58,intraday,XLU,LONG,82,46.95,entry (LONG),+0.0000
2026-04-12 14:18:04,intraday,GLD,LONG,10,437.17,entry (LONG),+0.0000
2026-04-12 14:18:04,intraday,IBIT,LONG,22,41.57,entry (LONG),+0.0000
2026-04-12 14:18:05,intraday,EWC,LONG,27,56.77,entry (LONG),+0.0000
2026-04-12 14:18:06,intraday,USO,LONG,17,124.83,entry (LONG),+0.0000
2026-04-12 14:18:07,intraday,XLI,LONG,12,171.51,entry (LONG),+0.0000
2026-04-12 14:18:08,intraday,XLU,LONG,82,46.95,entry (LONG),+0.0000
2026-04-12 14:18:21,swing,CIBR,SHORT,70,60.74,entry (SHORT),+0.0000
2026-04-12 14:18:23,swing,USMV,SHORT,152,92.75,entry (SHORT),+0.0000
2026-04-12 14:18:25,swing,EWY,SHORT,20,138.73,entry (SHORT),+0.0000
2026-04-12 14:18:30,swing,IBIT,SHORT,94,41.56,entry (SHORT),+0.0000
2026-04-12 14:19:13,intraday,GLD,LONG,10,437.17,entry (LONG),+0.0000
2026-04-12 14:19:14,intraday,IBIT,LONG,22,41.57,entry (LONG),+0.0000
2026-04-12 14:19:14,intraday,EWC,LONG,27,56.77,entry (LONG),+0.0000
2026-04-12 14:19:15,intraday,USO,LONG,17,124.83,entry (LONG),+0.0000
2026-04-12 14:19:16,intraday,XLI,LONG,12,171.51,entry (LONG),+0.0000
2026-04-12 14:19:17,intraday,XLU,LONG,82,46.95,entry (LONG),+0.0000
2026-04-12 14:20:22,intraday,GLD,LONG,10,437.17,entry (LONG),+0.0000
2026-04-12 14:20:23,intraday,IBIT,LONG,22,41.57,entry (LONG),+0.0000
2026-04-12 14:20:24,intraday,EWC,LONG,27,56.77,entry (LONG),+0.0000
2026-04-12 14:20:25,intraday,USO,LONG,17,124.83,entry (LONG),+0.0000
2026-04-12 14:20:26,intraday,XLI,LONG,12,171.51,entry (LONG),+0.0000
2026-04-12 14:20:27,intraday,XLU,LONG,82,46.95,entry (LONG),+0.0000
2026-04-12 14:21:32,intraday,GLD,LONG,10,437.17,entry (LONG),+0.0000
2026-04-12 14:21:33,intraday,IBIT,LONG,22,41.57,entry (LONG),+0.0000
2026-04-12 14:21:34,intraday,EWC,LONG,27,56.77,entry (LONG),+0.0000
2026-04-12 14:21:34,intraday,USO,LONG,17,124.83,entry (LONG),+0.0000
2026-04-12 14:21:36,intraday,XLI,LONG,12,171.51,entry (LONG),+0.0000
2026-04-12 14:21:37,intraday,XLU,LONG,82,46.95,entry (LONG),+0.0000
2026-04-12 14:23:02,intraday,GLD,LONG,10,437.17,entry (LONG),+0.0000
2026-04-12 14:23:02,intraday,IBIT,LONG,22,41.57,entry (LONG),+0.0000
2026-04-12 14:23:03,intraday,EWC,LONG,27,56.77,entry (LONG),+0.0000
2026-04-12 14:23:04,intraday,USO,LONG,17,124.83,entry (LONG),+0.0000
2026-04-12 14:23:06,intraday,XLI,LONG,12,171.51,entry (LONG),+0.0000
2026-04-12 14:23:06,intraday,XLU,LONG,82,46.95,entry (LONG),+0.0000
2026-04-12 14:23:55,swing,CIBR,SHORT,70,60.74,entry (SHORT),+0.0000
2026-04-12 14:23:57,swing,USMV,SHORT,152,92.75,entry (SHORT),+0.0000
2026-04-12 14:23:59,swing,EWY,SHORT,20,138.73,entry (SHORT),+0.0000
2026-04-12 14:24:03,swing,IBIT,SHORT,94,41.56,entry (SHORT),+0.0000
2026-04-12 14:24:12,intraday,GLD,LONG,10,437.17,entry (LONG),+0.0000
2026-04-12 14:24:13,intraday,IBIT,LONG,22,41.57,entry (LONG),+0.0000
2026-04-12 14:24:14,intraday,EWC,LONG,27,56.77,entry (LONG),+0.0000
2026-04-12 14:24:14,intraday,USO,LONG,17,124.83,entry (LONG),+0.0000
2026-04-12 14:24:15,intraday,XLI,LONG,12,171.51,entry (LONG),+0.0000
2026-04-12 14:24:16,intraday,XLU,LONG,82,46.95,entry (LONG),+0.0000
2026-04-12 14:25:22,intraday,GLD,LONG,10,437.17,entry (LONG),+0.0000
2026-04-12 14:25:23,intraday,IBIT,LONG,22,41.57,entry (LONG),+0.0000
2026-04-12 14:25:24,intraday,EWC,LONG,27,56.77,entry (LONG),+0.0000
2026-04-12 14:25:24,intraday,USO,LONG,17,124.83,entry (LONG),+0.0000
2026-04-12 14:25:26,intraday,XLI,LONG,12,171.51,entry (LONG),+0.0000
2026-04-12 14:25:26,intraday,XLU,LONG,82,46.95,entry (LONG),+0.0000
2026-04-12 14:26:32,intraday,GLD,LONG,10,437.17,entry (LONG),+0.0000
2026-04-12 14:26:33,intraday,IBIT,LONG,22,41.57,entry (LONG),+0.0000
2026-04-12 14:26:34,intraday,EWC,LONG,27,56.77,entry (LONG),+0.0000
2026-04-12 14:26:35,intraday,USO,LONG,17,124.83,entry (LONG),+0.0000
2026-04-12 14:26:36,intraday,XLI,LONG,12,171.51,entry (LONG),+0.0000
2026-04-12 14:26:37,intraday,XLU,LONG,82,46.95,entry (LONG),+0.0000
2026-04-12 14:27:43,intraday,GLD,LONG,10,437.17,entry (LONG),+0.0000
2026-04-12 14:27:44,intraday,IBIT,LONG,22,41.57,entry (LONG),+0.0000
2026-04-12 14:27:45,intraday,EWC,LONG,27,56.77,entry (LONG),+0.0000
2026-04-12 14:27:45,intraday,USO,LONG,17,124.83,entry (LONG),+0.0000
2026-04-12 14:27:46,intraday,XLI,LONG,12,171.51,entry (LONG),+0.0000
2026-04-12 14:27:47,intraday,XLU,LONG,82,46.95,entry (LONG),+0.0000
2026-04-12 14:28:52,intraday,GLD,LONG,10,437.17,entry (LONG),+0.0000
2026-04-12 14:28:53,intraday,IBIT,LONG,22,41.57,entry (LONG),+0.0000
2026-04-12 14:28:54,intraday,EWC,LONG,27,56.77,entry (LONG),+0.0000
2026-04-12 14:28:55,intraday,USO,LONG,17,124.83,entry (LONG),+0.0000
2026-04-12 14:28:56,intraday,XLI,LONG,12,171.51,entry (LONG),+0.0000
2026-04-12 14:28:57,intraday,XLU,LONG,82,46.95,entry (LONG),+0.0000
2026-04-12 14:29:21,swing,CIBR,SHORT,70,60.74,entry (SHORT),+0.0000
2026-04-12 14:29:23,swing,USMV,SHORT,152,92.75,entry (SHORT),+0.0000
2026-04-12 14:29:25,swing,EWY,SHORT,20,138.73,entry (SHORT),+0.0000
2026-04-12 14:29:30,swing,IBIT,SHORT,94,41.56,entry (SHORT),+0.0000
2026-04-12 14:30:02,intraday,GLD,LONG,10,437.17,entry (LONG),+0.0000
2026-04-12 14:30:02,intraday,IBIT,LONG,22,41.57,entry (LONG),+0.0000
2026-04-12 14:30:03,intraday,EWC,LONG,27,56.77,entry (LONG),+0.0000
2026-04-12 14:30:04,intraday,USO,LONG,17,124.83,entry (LONG),+0.0000
2026-04-12 14:30:05,intraday,XLI,LONG,12,171.51,entry (LONG),+0.0000
2026-04-12 14:30:06,intraday,XLU,LONG,82,46.95,entry (LONG),+0.0000
2026-04-12 14:31:11,intraday,GLD,LONG,10,437.17,entry (LONG),+0.0000
2026-04-12 14:31:12,intraday,IBIT,LONG,22,41.57,entry (LONG),+0.0000
2026-04-12 14:31:12,intraday,EWC,LONG,27,56.77,entry (LONG),+0.0000
2026-04-12 14:31:17,intraday,USO,LONG,17,124.83,entry (LONG),+0.0000
2026-04-12 14:31:18,intraday,XLI,LONG,12,171.51,entry (LONG),+0.0000
2026-04-12 14:31:18,intraday,XLU,LONG,82,46.95,entry (LONG),+0.0000
2026-04-12 14:32:24,intraday,GLD,LONG,10,437.17,entry (LONG),+0.0000
2026-04-12 14:32:24,intraday,IBIT,LONG,22,41.57,entry (LONG),+0.0000
2026-04-12 14:32:25,intraday,EWC,LONG,27,56.77,entry (LONG),+0.0000
2026-04-12 14:32:26,intraday,USO,LONG,17,124.83,entry (LONG),+0.0000
2026-04-12 14:32:27,intraday,XLI,LONG,12,171.51,entry (LONG),+0.0000
2026-04-12 14:32:28,intraday,XLU,LONG,82,46.95,entry (LONG),+0.0000
2026-04-12 14:33:33,intraday,GLD,LONG,10,437.17,entry (LONG),+0.0000
2026-04-12 14:33:34,intraday,IBIT,LONG,22,41.57,entry (LONG),+0.0000
2026-04-12 14:33:35,intraday,EWC,LONG,27,56.77,entry (LONG),+0.0000
2026-04-12 14:33:36,intraday,USO,LONG,17,124.83,entry (LONG),+0.0000
2026-04-12 14:33:37,intraday,XLI,LONG,12,171.51,entry (LONG),+0.0000
2026-04-12 14:33:38,intraday,XLU,LONG,82,46.95,entry (LONG),+0.0000
2026-04-12 14:34:43,intraday,GLD,LONG,10,437.17,entry (LONG),+0.0000
2026-04-12 14:34:43,intraday,IBIT,LONG,22,41.57,entry (LONG),+0.0000
2026-04-12 14:34:44,intraday,EWC,LONG,27,56.77,entry (LONG),+0.0000
2026-04-12 14:34:45,intraday,USO,LONG,17,124.83,entry (LONG),+0.0000
2026-04-12 14:34:46,intraday,XLI,LONG,12,171.51,entry (LONG),+0.0000
2026-04-12 14:34:47,swing,CIBR,SHORT,70,60.74,entry (SHORT),+0.0000
2026-04-12 14:34:47,intraday,XLU,LONG,82,46.95,entry (LONG),+0.0000
2026-04-12 14:34:49,swing,USMV,SHORT,152,92.75,entry (SHORT),+0.0000
2026-04-12 14:34:51,swing,EWY,SHORT,20,138.73,entry (SHORT),+0.0000
2026-04-12 14:34:55,swing,IBIT,SHORT,94,41.56,entry (SHORT),+0.0000
2026-04-12 14:35:53,intraday,GLD,LONG,10,437.17,entry (LONG),+0.0000
2026-04-12 14:35:54,intraday,IBIT,LONG,22,41.57,entry (LONG),+0.0000
2026-04-12 14:35:54,intraday,EWC,LONG,27,56.77,entry (LONG),+0.0000
2026-04-12 14:35:55,intraday,USO,LONG,17,124.83,entry (LONG),+0.0000
2026-04-12 14:35:56,intraday,XLI,LONG,12,171.51,entry (LONG),+0.0000
2026-04-12 14:35:57,intraday,XLU,LONG,82,46.95,entry (LONG),+0.0000
2026-04-12 14:37:02,intraday,GLD,LONG,10,437.17,entry (LONG),+0.0000
2026-04-12 14:37:03,intraday,IBIT,LONG,22,41.57,entry (LONG),+0.0000
2026-04-12 14:37:04,intraday,EWC,LONG,27,56.77,entry (LONG),+0.0000
2026-04-12 14:37:05,intraday,USO,LONG,17,124.83,entry (LONG),+0.0000
2026-04-12 14:37:06,intraday,XLI,LONG,12,171.51,entry (LONG),+0.0000
2026-04-12 14:37:06,intraday,XLU,LONG,82,46.95,entry (LONG),+0.0000
2026-04-12 14:38:12,intraday,GLD,LONG,10,437.17,entry (LONG),+0.0000
2026-04-12 14:38:12,intraday,IBIT,LONG,22,41.57,entry (LONG),+0.0000
2026-04-12 14:38:13,intraday,EWC,LONG,27,56.77,entry (LONG),+0.0000
2026-04-12 14:38:14,intraday,USO,LONG,17,124.83,entry (LONG),+0.0000
2026-04-12 14:38:15,intraday,XLI,LONG,12,171.51,entry (LONG),+0.0000
2026-04-12 14:38:16,intraday,XLU,LONG,82,46.95,entry (LONG),+0.0000
2026-04-12 14:39:21,intraday,GLD,LONG,10,437.17,entry (LONG),+0.0000
2026-04-12 14:39:22,intraday,IBIT,LONG,22,41.57,entry (LONG),+0.0000
2026-04-12 14:39:23,intraday,EWC,LONG,27,56.77,entry (LONG),+0.0000
2026-04-12 14:39:23,intraday,USO,LONG,17,124.83,entry (LONG),+0.0000
2026-04-12 14:39:25,intraday,XLI,LONG,12,171.51,entry (LONG),+0.0000
2026-04-12 14:39:25,intraday,XLU,LONG,82,46.95,entry (LONG),+0.0000
2026-04-12 14:40:15,swing,CIBR,SHORT,70,60.74,entry (SHORT),+0.0000
2026-04-12 14:40:16,swing,USMV,SHORT,152,92.75,entry (SHORT),+0.0000
2026-04-12 14:40:18,swing,EWY,SHORT,20,138.73,entry (SHORT),+0.0000
2026-04-12 14:40:23,swing,IBIT,SHORT,94,41.56,entry (SHORT),+0.0000
2026-04-12 14:40:31,intraday,GLD,LONG,10,437.17,entry (LONG),+0.0000
2026-04-12 14:40:31,intraday,IBIT,LONG,22,41.57,entry (LONG),+0.0000
2026-04-12 14:40:32,intraday,EWC,LONG,27,56.77,entry (LONG),+0.0000
2026-04-12 14:40:33,intraday,USO,LONG,17,124.83,entry (LONG),+0.0000
2026-04-12 14:40:34,intraday,XLI,LONG,12,171.51,entry (LONG),+0.0000
2026-04-12 14:40:35,intraday,XLU,LONG,82,46.95,entry (LONG),+0.0000
2026-04-12 14:41:40,intraday,GLD,LONG,10,437.17,entry (LONG),+0.0000
2026-04-12 14:41:41,intraday,IBIT,LONG,22,41.57,entry (LONG),+0.0000
2026-04-12 14:41:42,intraday,EWC,LONG,27,56.77,entry (LONG),+0.0000
2026-04-12 14:41:42,intraday,USO,LONG,17,124.83,entry (LONG),+0.0000
2026-04-12 14:41:43,intraday,XLI,LONG,12,171.51,entry (LONG),+0.0000
2026-04-12 14:41:44,intraday,XLU,LONG,82,46.95,entry (LONG),+0.0000
2026-04-12 14:42:49,intraday,GLD,LONG,10,437.17,entry (LONG),+0.0000
2026-04-12 14:42:50,intraday,IBIT,LONG,22,41.57,entry (LONG),+0.0000
2026-04-12 14:42:51,intraday,EWC,LONG,27,56.77,entry (LONG),+0.0000
2026-04-12 14:42:52,intraday,USO,LONG,17,124.83,entry (LONG),+0.0000
2026-04-12 14:42:53,intraday,XLI,LONG,12,171.51,entry (LONG),+0.0000
2026-04-12 14:42:54,intraday,XLU,LONG,82,46.95,entry (LONG),+0.0000
2026-04-12 14:43:59,intraday,GLD,LONG,10,437.17,entry (LONG),+0.0000
2026-04-12 14:43:59,intraday,IBIT,LONG,22,41.57,entry (LONG),+0.0000
2026-04-12 14:44:00,intraday,EWC,LONG,27,56.77,entry (LONG),+0.0000
2026-04-12 14:44:01,intraday,USO,LONG,17,124.83,entry (LONG),+0.0000
2026-04-12 14:44:02,intraday,XLI,LONG,12,171.51,entry (LONG),+0.0000
2026-04-12 14:44:03,intraday,XLU,LONG,82,46.95,entry (LONG),+0.0000
2026-04-12 14:45:08,intraday,GLD,LONG,10,437.17,entry (LONG),+0.0000
2026-04-12 14:45:08,intraday,IBIT,LONG,22,41.57,entry (LONG),+0.0000
2026-04-12 14:45:09,intraday,EWC,LONG,27,56.77,entry (LONG),+0.0000
2026-04-12 14:45:10,intraday,USO,LONG,17,124.83,entry (LONG),+0.0000
2026-04-12 14:45:11,intraday,XLI,LONG,12,171.51,entry (LONG),+0.0000
2026-04-12 14:45:12,intraday,XLU,LONG,82,46.95,entry (LONG),+0.0000
2026-04-12 14:45:39,swing,CIBR,SHORT,70,60.74,entry (SHORT),+0.0000
2026-04-12 14:45:41,swing,USMV,SHORT,152,92.75,entry (SHORT),+0.0000
2026-04-12 14:45:43,swing,EWY,SHORT,20,138.73,entry (SHORT),+0.0000
2026-04-12 14:45:49,swing,IBIT,SHORT,94,41.56,entry (SHORT),+0.0000
2026-04-12 14:46:17,intraday,GLD,LONG,10,437.17,entry (LONG),+0.0000
2026-04-12 14:46:18,intraday,IBIT,LONG,22,41.57,entry (LONG),+0.0000
2026-04-12 14:46:19,intraday,EWC,LONG,27,56.77,entry (LONG),+0.0000
2026-04-12 14:46:19,intraday,USO,LONG,17,124.83,entry (LONG),+0.0000
2026-04-12 14:46:21,intraday,XLI,LONG,12,171.51,entry (LONG),+0.0000
2026-04-12 14:46:21,intraday,XLU,LONG,82,46.95,entry (LONG),+0.0000
2026-04-12 14:47:27,intraday,GLD,LONG,10,437.17,entry (LONG),+0.0000
2026-04-12 14:47:27,intraday,IBIT,LONG,22,41.57,entry (LONG),+0.0000
2026-04-12 14:47:28,intraday,EWC,LONG,27,56.77,entry (LONG),+0.0000
2026-04-12 14:47:29,intraday,USO,LONG,17,124.83,entry (LONG),+0.0000
2026-04-12 14:47:30,intraday,XLI,LONG,12,171.51,entry (LONG),+0.0000
2026-04-12 14:47:31,intraday,XLU,LONG,82,46.95,entry (LONG),+0.0000
2026-04-12 14:48:36,intraday,GLD,LONG,10,437.17,entry (LONG),+0.0000
2026-04-12 14:48:36,intraday,IBIT,LONG,22,41.57,entry (LONG),+0.0000
2026-04-12 14:48:37,intraday,EWC,LONG,27,56.77,entry (LONG),+0.0000
2026-04-12 14:48:38,intraday,USO,LONG,17,124.83,entry (LONG),+0.0000
2026-04-12 14:48:39,intraday,XLI,LONG,12,171.51,entry (LONG),+0.0000
2026-04-12 14:48:40,intraday,XLU,LONG,82,46.95,entry (LONG),+0.0000
2026-04-12 14:49:45,intraday,GLD,LONG,10,437.17,entry (LONG),+0.0000
2026-04-12 14:49:46,intraday,IBIT,LONG,22,41.57,entry (LONG),+0.0000
2026-04-12 14:49:47,intraday,EWC,LONG,27,56.77,entry (LONG),+0.0000
2026-04-12 14:49:49,intraday,USO,LONG,17,124.83,entry (LONG),+0.0000
2026-04-12 14:49:50,intraday,XLI,LONG,12,171.51,entry (LONG),+0.0000
2026-04-12 14:49:51,intraday,XLU,LONG,82,46.95,entry (LONG),+0.0000
2026-04-12 14:50:56,intraday,GLD,LONG,10,437.17,entry (LONG),+0.0000
2026-04-12 14:50:57,intraday,IBIT,LONG,22,41.57,entry (LONG),+0.0000
2026-04-12 14:50:57,intraday,EWC,LONG,27,56.77,entry (LONG),+0.0000
2026-04-12 14:50:58,intraday,USO,LONG,17,124.83,entry (LONG),+0.0000
2026-04-12 14:50:59,intraday,XLI,LONG,12,171.51,entry (LONG),+0.0000
2026-04-12 14:51:00,intraday,XLU,LONG,82,46.95,entry (LONG),+0.0000
2026-04-12 14:51:10,swing,CIBR,SHORT,70,60.74,entry (SHORT),+0.0000
2026-04-12 14:51:11,swing,USMV,SHORT,152,92.75,entry (SHORT),+0.0000
2026-04-12 14:51:13,swing,EWY,SHORT,20,138.73,entry (SHORT),+0.0000
2026-04-12 14:51:19,swing,IBIT,SHORT,94,41.56,entry (SHORT),+0.0000
2026-04-12 14:52:05,intraday,GLD,LONG,10,437.17,entry (LONG),+0.0000
2026-04-12 14:52:06,intraday,IBIT,LONG,22,41.57,entry (LONG),+0.0000
2026-04-12 14:52:07,intraday,EWC,LONG,27,56.77,entry (LONG),+0.0000
2026-04-12 14:52:08,intraday,USO,LONG,17,124.83,entry (LONG),+0.0000
2026-04-12 14:52:09,intraday,XLI,LONG,12,171.51,entry (LONG),+0.0000
2026-04-12 14:52:10,intraday,XLU,LONG,82,46.95,entry (LONG),+0.0000
2026-04-12 14:53:14,intraday,GLD,LONG,10,437.17,entry (LONG),+0.0000
2026-04-12 14:53:15,intraday,IBIT,LONG,22,41.57,entry (LONG),+0.0000
2026-04-12 14:53:16,intraday,EWC,LONG,27,56.77,entry (LONG),+0.0000
2026-04-12 14:53:17,intraday,USO,LONG,17,124.83,entry (LONG),+0.0000
2026-04-12 14:53:18,intraday,XLI,LONG,12,171.51,entry (LONG),+0.0000
2026-04-12 14:53:18,intraday,XLU,LONG,82,46.95,entry (LONG),+0.0000
2026-04-12 14:54:28,intraday,GLD,LONG,10,437.17,entry (LONG),+0.0000
2026-04-12 14:54:28,intraday,IBIT,LONG,22,41.57,entry (LONG),+0.0000
2026-04-12 14:54:29,intraday,EWC,LONG,27,56.77,entry (LONG),+0.0000
2026-04-12 14:54:30,intraday,USO,LONG,17,124.83,entry (LONG),+0.0000
2026-04-12 14:54:31,intraday,XLI,LONG,12,171.51,entry (LONG),+0.0000
2026-04-12 14:54:32,intraday,XLU,LONG,82,46.95,entry (LONG),+0.0000
2026-04-12 14:55:37,intraday,GLD,LONG,10,437.17,entry (LONG),+0.0000
2026-04-12 14:55:38,intraday,IBIT,LONG,22,41.57,entry (LONG),+0.0000
2026-04-12 14:55:39,intraday,EWC,LONG,27,56.77,entry (LONG),+0.0000
2026-04-12 14:55:40,intraday,USO,LONG,17,124.83,entry (LONG),+0.0000
2026-04-12 14:55:41,intraday,XLI,LONG,12,171.51,entry (LONG),+0.0000
2026-04-12 14:55:42,intraday,XLU,LONG,82,46.95,entry (LONG),+0.0000
2026-04-12 14:56:38,swing,CIBR,SHORT,70,60.74,entry (SHORT),+0.0000
2026-04-12 14:56:40,swing,USMV,SHORT,152,92.75,entry (SHORT),+0.0000
2026-04-12 14:56:42,swing,EWY,SHORT,20,138.73,entry (SHORT),+0.0000
2026-04-12 14:56:47,intraday,GLD,LONG,10,437.17,entry (LONG),+0.0000
2026-04-12 14:56:47,swing,IBIT,SHORT,94,41.56,entry (SHORT),+0.0000
2026-04-12 14:56:48,intraday,IBIT,LONG,22,41.57,entry (LONG),+0.0000
2026-04-12 14:56:49,intraday,EWC,LONG,27,56.77,entry (LONG),+0.0000
2026-04-12 14:56:49,intraday,USO,LONG,17,124.83,entry (LONG),+0.0000
2026-04-12 14:56:50,intraday,XLI,LONG,12,171.51,entry (LONG),+0.0000
2026-04-12 14:56:51,intraday,XLU,LONG,82,46.95,entry (LONG),+0.0000
2026-04-12 14:57:57,intraday,GLD,LONG,10,437.17,entry (LONG),+0.0000
2026-04-12 14:57:57,intraday,IBIT,LONG,22,41.57,entry (LONG),+0.0000
2026-04-12 14:57:58,intraday,EWC,LONG,27,56.77,entry (LONG),+0.0000
2026-04-12 14:57:59,intraday,USO,LONG,17,124.83,entry (LONG),+0.0000
2026-04-12 14:58:00,intraday,XLI,LONG,12,171.51,entry (LONG),+0.0000
2026-04-12 14:58:01,intraday,XLU,LONG,82,46.95,entry (LONG),+0.0000
2026-04-12 14:59:06,intraday,GLD,LONG,10,437.17,entry (LONG),+0.0000
2026-04-12 14:59:07,intraday,IBIT,LONG,22,41.57,entry (LONG),+0.0000
2026-04-12 14:59:07,intraday,EWC,LONG,27,56.77,entry (LONG),+0.0000
2026-04-12 14:59:08,intraday,USO,LONG,17,124.83,entry (LONG),+0.0000
2026-04-12 14:59:09,intraday,XLI,LONG,12,171.51,entry (LONG),+0.0000
2026-04-12 14:59:10,intraday,XLU,LONG,82,46.95,entry (LONG),+0.0000
2026-04-12 15:00:17,intraday,GLD,LONG,10,437.17,entry (LONG),+0.0000
2026-04-12 15:00:17,intraday,IBIT,LONG,22,41.57,entry (LONG),+0.0000
2026-04-12 15:00:18,intraday,EWC,LONG,27,56.77,entry (LONG),+0.0000
2026-04-12 15:00:19,intraday,USO,LONG,17,124.83,entry (LONG),+0.0000
2026-04-12 15:00:20,intraday,XLI,LONG,12,171.51,entry (LONG),+0.0000
2026-04-12 15:00:21,intraday,XLU,LONG,82,46.95,entry (LONG),+0.0000
2026-04-12 15:01:26,intraday,GLD,LONG,10,437.17,entry (LONG),+0.0000
2026-04-12 15:01:27,intraday,IBIT,LONG,22,41.57,entry (LONG),+0.0000
2026-04-12 15:01:28,intraday,EWC,LONG,27,56.77,entry (LONG),+0.0000
2026-04-12 15:01:28,intraday,USO,LONG,17,124.83,entry (LONG),+0.0000
2026-04-12 15:01:29,intraday,XLI,LONG,12,171.51,entry (LONG),+0.0000
2026-04-12 15:01:30,intraday,XLU,LONG,82,46.95,entry (LONG),+0.0000
2026-04-12 15:02:11,swing,CIBR,SHORT,70,60.74,entry (SHORT),+0.0000
2026-04-12 15:02:13,swing,USMV,SHORT,152,92.75,entry (SHORT),+0.0000
2026-04-12 15:02:15,swing,EWY,SHORT,20,138.73,entry (SHORT),+0.0000
2026-04-12 15:02:20,swing,IBIT,SHORT,94,41.56,entry (SHORT),+0.0000
2026-04-12 15:02:35,intraday,GLD,LONG,10,437.17,entry (LONG),+0.0000
2026-04-12 15:02:36,intraday,IBIT,LONG,22,41.57,entry (LONG),+0.0000
2026-04-12 15:02:37,intraday,EWC,LONG,27,56.77,entry (LONG),+0.0000
2026-04-12 15:02:38,intraday,USO,LONG,17,124.83,entry (LONG),+0.0000
2026-04-12 15:02:39,intraday,XLI,LONG,12,171.51,entry (LONG),+0.0000
2026-04-12 15:02:39,intraday,XLU,LONG,82,46.95,entry (LONG),+0.0000
2026-04-12 15:03:44,intraday,GLD,LONG,10,437.17,entry (LONG),+0.0000
2026-04-12 15:03:45,intraday,IBIT,LONG,22,41.57,entry (LONG),+0.0000
2026-04-12 15:03:46,intraday,EWC,LONG,27,56.77,entry (LONG),+0.0000
2026-04-12 15:03:47,intraday,USO,LONG,17,124.83,entry (LONG),+0.0000
2026-04-12 15:03:48,intraday,XLI,LONG,12,171.51,entry (LONG),+0.0000
2026-04-12 15:03:49,intraday,XLU,LONG,82,46.95,entry (LONG),+0.0000
2026-04-12 15:04:54,intraday,GLD,LONG,10,437.17,entry (LONG),+0.0000
2026-04-12 15:04:54,intraday,IBIT,LONG,22,41.57,entry (LONG),+0.0000
2026-04-12 15:04:55,intraday,EWC,LONG,27,56.77,entry (LONG),+0.0000
2026-04-12 15:04:56,intraday,USO,LONG,17,124.83,entry (LONG),+0.0000
2026-04-12 15:04:57,intraday,XLI,LONG,12,171.51,entry (LONG),+0.0000
2026-04-12 15:04:58,intraday,XLU,LONG,82,46.95,entry (LONG),+0.0000
2026-04-12 15:06:14,intraday,GLD,LONG,10,437.17,entry (LONG),+0.0000
2026-04-12 15:06:15,intraday,IBIT,LONG,22,41.57,entry (LONG),+0.0000
2026-04-12 15:06:16,intraday,EWC,LONG,27,56.77,entry (LONG),+0.0000
2026-04-12 15:06:17,intraday,USO,LONG,17,124.83,entry (LONG),+0.0000
2026-04-12 15:06:18,intraday,XLI,LONG,12,171.51,entry (LONG),+0.0000
2026-04-12 15:06:18,intraday,XLU,LONG,82,46.95,entry (LONG),+0.0000
2026-04-12 15:07:24,intraday,GLD,LONG,10,437.17,entry (LONG),+0.0000
2026-04-12 15:07:24,intraday,IBIT,LONG,22,41.57,entry (LONG),+0.0000
2026-04-12 15:07:25,intraday,EWC,LONG,27,56.77,entry (LONG),+0.0000
2026-04-12 15:07:26,intraday,USO,LONG,17,124.83,entry (LONG),+0.0000
2026-04-12 15:07:27,intraday,XLI,LONG,12,171.51,entry (LONG),+0.0000
2026-04-12 15:07:28,intraday,XLU,LONG,82,46.95,entry (LONG),+0.0000
2026-04-12 15:07:37,swing,CIBR,SHORT,70,60.74,entry (SHORT),+0.0000
2026-04-12 15:07:39,swing,USMV,SHORT,152,92.75,entry (SHORT),+0.0000
2026-04-12 15:07:41,swing,EWY,SHORT,20,138.73,entry (SHORT),+0.0000
2026-04-12 15:07:45,swing,IBIT,SHORT,94,41.56,entry (SHORT),+0.0000
2026-04-12 15:08:33,intraday,GLD,LONG,10,437.17,entry (LONG),+0.0000
2026-04-12 15:08:34,intraday,IBIT,LONG,22,41.57,entry (LONG),+0.0000
2026-04-12 15:08:34,intraday,EWC,LONG,27,56.77,entry (LONG),+0.0000
2026-04-12 15:08:37,intraday,USO,LONG,17,124.83,entry (LONG),+0.0000
2026-04-12 15:08:38,intraday,XLI,LONG,12,171.51,entry (LONG),+0.0000
2026-04-12 15:08:39,intraday,XLU,LONG,82,46.95,entry (LONG),+0.0000
2026-04-12 15:09:44,intraday,GLD,LONG,10,437.17,entry (LONG),+0.0000
2026-04-12 15:09:45,intraday,IBIT,LONG,22,41.57,entry (LONG),+0.0000
2026-04-12 15:09:46,intraday,EWC,LONG,27,56.77,entry (LONG),+0.0000
2026-04-12 15:09:47,intraday,USO,LONG,17,124.83,entry (LONG),+0.0000
2026-04-12 15:09:48,intraday,XLI,LONG,12,171.51,entry (LONG),+0.0000
2026-04-12 15:09:49,intraday,XLU,LONG,82,46.95,entry (LONG),+0.0000
2026-04-12 15:10:53,intraday,GLD,LONG,10,437.17,entry (LONG),+0.0000
2026-04-12 15:10:54,intraday,IBIT,LONG,22,41.57,entry (LONG),+0.0000
2026-04-12 15:10:55,intraday,EWC,LONG,27,56.77,entry (LONG),+0.0000
2026-04-12 15:10:56,intraday,USO,LONG,17,124.83,entry (LONG),+0.0000
2026-04-12 15:10:57,intraday,XLI,LONG,12,171.51,entry (LONG),+0.0000
2026-04-12 15:10:58,intraday,XLU,LONG,82,46.95,entry (LONG),+0.0000
2026-04-12 15:12:03,intraday,GLD,LONG,10,437.17,entry (LONG),+0.0000
2026-04-12 15:12:04,intraday,IBIT,LONG,22,41.57,entry (LONG),+0.0000
2026-04-12 15:12:04,intraday,EWC,LONG,27,56.77,entry (LONG),+0.0000
2026-04-12 15:12:05,intraday,USO,LONG,17,124.83,entry (LONG),+0.0000
2026-04-12 15:12:06,intraday,XLI,LONG,12,171.51,entry (LONG),+0.0000
2026-04-12 15:12:07,intraday,XLU,LONG,82,46.95,entry (LONG),+0.0000
2026-04-12 15:13:03,swing,CIBR,SHORT,70,60.74,entry (SHORT),+0.0000
2026-04-12 15:13:05,swing,USMV,SHORT,152,92.75,entry (SHORT),+0.0000
2026-04-12 15:13:07,swing,EWY,SHORT,20,138.73,entry (SHORT),+0.0000
2026-04-12 15:13:11,swing,IBIT,SHORT,94,41.56,entry (SHORT),+0.0000
2026-04-12 15:13:12,intraday,GLD,LONG,10,437.17,entry (LONG),+0.0000
2026-04-12 15:13:13,intraday,IBIT,LONG,22,41.57,entry (LONG),+0.0000
2026-04-12 15:13:14,intraday,EWC,LONG,27,56.77,entry (LONG),+0.0000
2026-04-12 15:13:14,intraday,USO,LONG,17,124.83,entry (LONG),+0.0000
2026-04-12 15:13:15,intraday,XLI,LONG,12,171.51,entry (LONG),+0.0000
2026-04-12 15:13:16,intraday,XLU,LONG,82,46.95,entry (LONG),+0.0000
2026-04-12 15:14:22,intraday,GLD,LONG,10,437.17,entry (LONG),+0.0000
2026-04-12 15:14:23,intraday,IBIT,LONG,22,41.57,entry (LONG),+0.0000
2026-04-12 15:14:23,intraday,EWC,LONG,27,56.77,entry (LONG),+0.0000
2026-04-12 15:14:24,intraday,USO,LONG,17,124.83,entry (LONG),+0.0000
2026-04-12 15:14:25,intraday,XLI,LONG,12,171.51,entry (LONG),+0.0000
2026-04-12 15:14:26,intraday,XLU,LONG,82,46.95,entry (LONG),+0.0000
2026-04-12 15:15:31,intraday,GLD,LONG,10,437.17,entry (LONG),+0.0000
2026-04-12 15:15:32,intraday,IBIT,LONG,22,41.57,entry (LONG),+0.0000
2026-04-12 15:15:33,intraday,EWC,LONG,27,56.77,entry (LONG),+0.0000
2026-04-12 15:15:34,intraday,USO,LONG,17,124.83,entry (LONG),+0.0000
2026-04-12 15:15:35,intraday,XLI,LONG,12,171.51,entry (LONG),+0.0000
2026-04-12 15:15:36,intraday,XLU,LONG,82,46.95,entry (LONG),+0.0000
2026-04-12 15:16:40,intraday,GLD,LONG,10,437.17,entry (LONG),+0.0000
2026-04-12 15:16:41,intraday,IBIT,LONG,22,41.57,entry (LONG),+0.0000
2026-04-12 15:16:42,intraday,EWC,LONG,27,56.77,entry (LONG),+0.0000
2026-04-12 15:16:43,intraday,USO,LONG,17,124.83,entry (LONG),+0.0000
2026-04-12 15:16:44,intraday,XLI,LONG,12,171.51,entry (LONG),+0.0000
2026-04-12 15:16:45,intraday,XLU,LONG,82,46.95,entry (LONG),+0.0000
2026-04-12 15:17:50,intraday,GLD,LONG,10,437.17,entry (LONG),+0.0000
2026-04-12 15:17:50,intraday,IBIT,LONG,22,41.57,entry (LONG),+0.0000
2026-04-12 15:17:51,intraday,EWC,LONG,27,56.77,entry (LONG),+0.0000
2026-04-12 15:17:52,intraday,USO,LONG,17,124.83,entry (LONG),+0.0000
2026-04-12 15:17:53,intraday,XLI,LONG,12,171.51,entry (LONG),+0.0000
2026-04-12 15:17:54,intraday,XLU,LONG,82,46.95,entry (LONG),+0.0000
2026-04-12 15:18:38,swing,CIBR,SHORT,70,60.74,entry (SHORT),+0.0000
2026-04-12 15:18:40,swing,USMV,SHORT,152,92.75,entry (SHORT),+0.0000
2026-04-12 15:18:42,swing,EWY,SHORT,20,138.73,entry (SHORT),+0.0000
2026-04-12 15:18:50,swing,IBIT,SHORT,94,41.56,entry (SHORT),+0.0000
2026-04-12 15:18:59,intraday,GLD,LONG,10,437.17,entry (LONG),+0.0000
2026-04-12 15:18:59,intraday,IBIT,LONG,22,41.57,entry (LONG),+0.0000
2026-04-12 15:19:00,intraday,EWC,LONG,27,56.77,entry (LONG),+0.0000
2026-04-12 15:19:01,intraday,USO,LONG,17,124.83,entry (LONG),+0.0000
2026-04-12 15:19:02,intraday,XLI,LONG,12,171.51,entry (LONG),+0.0000
2026-04-12 15:19:03,intraday,XLU,LONG,82,46.95,entry (LONG),+0.0000
2026-04-12 15:20:08,intraday,GLD,LONG,10,437.17,entry (LONG),+0.0000
2026-04-12 15:20:09,intraday,IBIT,LONG,22,41.57,entry (LONG),+0.0000
2026-04-12 15:20:10,intraday,EWC,LONG,27,56.77,entry (LONG),+0.0000
2026-04-12 15:20:11,intraday,USO,LONG,17,124.83,entry (LONG),+0.0000
2026-04-12 15:20:12,intraday,XLI,LONG,12,171.51,entry (LONG),+0.0000
2026-04-12 15:20:13,intraday,XLU,LONG,82,46.95,entry (LONG),+0.0000
2026-04-12 15:21:18,intraday,GLD,LONG,10,437.17,entry (LONG),+0.0000
2026-04-12 15:21:19,intraday,IBIT,LONG,22,41.57,entry (LONG),+0.0000
2026-04-12 15:21:20,intraday,EWC,LONG,27,56.77,entry (LONG),+0.0000
2026-04-12 15:21:21,intraday,USO,LONG,17,124.83,entry (LONG),+0.0000
2026-04-12 15:21:22,intraday,XLI,LONG,12,171.51,entry (LONG),+0.0000
2026-04-12 15:21:22,intraday,XLU,LONG,82,46.95,entry (LONG),+0.0000
2026-04-12 15:22:27,intraday,GLD,LONG,10,437.17,entry (LONG),+0.0000
2026-04-12 15:22:28,intraday,IBIT,LONG,22,41.57,entry (LONG),+0.0000
2026-04-12 15:22:29,intraday,EWC,LONG,27,56.77,entry (LONG),+0.0000
2026-04-12 15:22:30,intraday,USO,LONG,17,124.83,entry (LONG),+0.0000
2026-04-12 15:22:31,intraday,XLI,LONG,12,171.51,entry (LONG),+0.0000
2026-04-12 15:22:32,intraday,XLU,LONG,82,46.95,entry (LONG),+0.0000
2026-04-12 15:23:50,intraday,GLD,LONG,10,437.17,entry (LONG),+0.0000
2026-04-12 15:23:51,intraday,IBIT,LONG,22,41.57,entry (LONG),+0.0000
2026-04-12 15:23:52,intraday,EWC,LONG,27,56.77,entry (LONG),+0.0000
2026-04-12 15:23:53,intraday,USO,LONG,17,124.83,entry (LONG),+0.0000
2026-04-12 15:23:54,intraday,XLI,LONG,12,171.51,entry (LONG),+0.0000
2026-04-12 15:23:54,intraday,XLU,LONG,82,46.95,entry (LONG),+0.0000
2026-04-12 15:24:10,swing,CIBR,SHORT,70,60.74,entry (SHORT),+0.0000
2026-04-12 15:24:12,swing,USMV,SHORT,152,92.75,entry (SHORT),+0.0000
2026-04-12 15:24:13,swing,EWY,SHORT,20,138.73,entry (SHORT),+0.0000
2026-04-12 15:24:22,swing,IBIT,SHORT,94,41.56,entry (SHORT),+0.0000
2026-04-12 15:25:00,intraday,GLD,LONG,10,437.17,entry (LONG),+0.0000
2026-04-12 15:25:00,intraday,IBIT,LONG,22,41.57,entry (LONG),+0.0000
2026-04-12 15:25:01,intraday,EWC,LONG,27,56.77,entry (LONG),+0.0000
2026-04-12 15:25:02,intraday,USO,LONG,17,124.83,entry (LONG),+0.0000
2026-04-12 15:25:03,intraday,XLI,LONG,12,171.51,entry (LONG),+0.0000
2026-04-12 15:25:04,intraday,XLU,LONG,82,46.95,entry (LONG),+0.0000
2026-04-12 15:26:09,intraday,GLD,LONG,10,437.17,entry (LONG),+0.0000
2026-04-12 15:26:09,intraday,IBIT,LONG,22,41.57,entry (LONG),+0.0000
2026-04-12 15:26:10,intraday,EWC,LONG,27,56.77,entry (LONG),+0.0000
2026-04-12 15:26:11,intraday,USO,LONG,17,124.83,entry (LONG),+0.0000
2026-04-12 15:26:12,intraday,XLI,LONG,12,171.51,entry (LONG),+0.0000
2026-04-12 15:26:13,intraday,XLU,LONG,82,46.95,entry (LONG),+0.0000
2026-04-12 15:27:18,intraday,GLD,LONG,10,437.17,entry (LONG),+0.0000
2026-04-12 15:27:19,intraday,IBIT,LONG,22,41.57,entry (LONG),+0.0000
2026-04-12 15:27:19,intraday,EWC,LONG,27,56.77,entry (LONG),+0.0000
2026-04-12 15:27:20,intraday,USO,LONG,17,124.83,entry (LONG),+0.0000
2026-04-12 15:27:21,intraday,XLI,LONG,12,171.51,entry (LONG),+0.0000
2026-04-12 15:27:22,intraday,XLU,LONG,82,46.95,entry (LONG),+0.0000
2026-04-12 15:28:27,intraday,GLD,LONG,10,437.17,entry (LONG),+0.0000
2026-04-12 15:28:28,intraday,IBIT,LONG,22,41.57,entry (LONG),+0.0000
2026-04-12 15:28:29,intraday,EWC,LONG,27,56.77,entry (LONG),+0.0000
2026-04-12 15:28:30,intraday,USO,LONG,17,124.83,entry (LONG),+0.0000
2026-04-12 15:28:31,intraday,XLI,LONG,12,171.51,entry (LONG),+0.0000
2026-04-12 15:28:31,intraday,XLU,LONG,82,46.95,entry (LONG),+0.0000
2026-04-12 15:29:37,intraday,GLD,LONG,10,437.17,entry (LONG),+0.0000
2026-04-12 15:29:38,intraday,IBIT,LONG,22,41.57,entry (LONG),+0.0000
2026-04-12 15:29:38,swing,CIBR,SHORT,70,60.74,entry (SHORT),+0.0000
2026-04-12 15:29:39,intraday,EWC,LONG,27,56.77,entry (LONG),+0.0000
2026-04-12 15:29:39,intraday,USO,LONG,17,124.83,entry (LONG),+0.0000
2026-04-12 15:29:40,intraday,XLI,LONG,12,171.51,entry (LONG),+0.0000
2026-04-12 15:29:41,swing,USMV,SHORT,152,92.75,entry (SHORT),+0.0000
2026-04-12 15:29:41,intraday,XLU,LONG,82,46.95,entry (LONG),+0.0000
2026-04-12 15:29:43,swing,EWY,SHORT,20,138.73,entry (SHORT),+0.0000
2026-04-12 15:29:47,swing,IBIT,SHORT,94,41.56,entry (SHORT),+0.0000
2026-04-12 15:30:46,intraday,GLD,LONG,10,437.17,entry (LONG),+0.0000
2026-04-12 15:30:47,intraday,IBIT,LONG,22,41.57,entry (LONG),+0.0000
2026-04-12 15:30:48,intraday,EWC,LONG,27,56.77,entry (LONG),+0.0000
2026-04-12 15:30:49,intraday,USO,LONG,17,124.83,entry (LONG),+0.0000
2026-04-12 15:30:50,intraday,XLI,LONG,12,171.51,entry (LONG),+0.0000
2026-04-12 15:30:51,intraday,XLU,LONG,82,46.95,entry (LONG),+0.0000
2026-04-12 15:31:55,intraday,GLD,LONG,10,437.17,entry (LONG),+0.0000
2026-04-12 15:31:56,intraday,IBIT,LONG,22,41.57,entry (LONG),+0.0000
2026-04-12 15:31:57,intraday,EWC,LONG,27,56.77,entry (LONG),+0.0000
2026-04-12 15:31:58,intraday,USO,LONG,17,124.83,entry (LONG),+0.0000
2026-04-12 15:31:59,intraday,XLI,LONG,12,171.51,entry (LONG),+0.0000
2026-04-12 15:32:00,intraday,XLU,LONG,82,46.95,entry (LONG),+0.0000
2026-04-12 15:33:05,intraday,GLD,LONG,10,437.17,entry (LONG),+0.0000
2026-04-12 15:33:06,intraday,IBIT,LONG,22,41.57,entry (LONG),+0.0000
2026-04-12 15:33:06,intraday,EWC,LONG,27,56.77,entry (LONG),+0.0000
2026-04-12 15:33:07,intraday,USO,LONG,17,124.83,entry (LONG),+0.0000
2026-04-12 15:33:08,intraday,XLI,LONG,12,171.51,entry (LONG),+0.0000
2026-04-12 15:33:09,intraday,XLU,LONG,82,46.95,entry (LONG),+0.0000
2026-04-12 15:34:14,intraday,GLD,LONG,10,437.17,entry (LONG),+0.0000
2026-04-12 15:34:15,intraday,IBIT,LONG,22,41.57,entry (LONG),+0.0000
2026-04-12 15:34:16,intraday,EWC,LONG,27,56.77,entry (LONG),+0.0000
2026-04-12 15:34:17,intraday,USO,LONG,17,124.83,entry (LONG),+0.0000
2026-04-12 15:34:18,intraday,XLI,LONG,12,171.51,entry (LONG),+0.0000
2026-04-12 15:34:19,intraday,XLU,LONG,82,46.95,entry (LONG),+0.0000
2026-04-12 15:35:04,swing,CIBR,SHORT,70,60.74,entry (SHORT),+0.0000
2026-04-12 15:35:06,swing,USMV,SHORT,152,92.75,entry (SHORT),+0.0000
2026-04-12 15:35:09,swing,EWY,SHORT,20,138.73,entry (SHORT),+0.0000
2026-04-12 15:35:15,swing,IBIT,SHORT,94,41.56,entry (SHORT),+0.0000
2026-04-12 15:35:24,intraday,GLD,LONG,10,437.17,entry (LONG),+0.0000
2026-04-12 15:35:24,intraday,IBIT,LONG,22,41.57,entry (LONG),+0.0000
2026-04-12 15:35:25,intraday,EWC,LONG,27,56.77,entry (LONG),+0.0000
2026-04-12 15:35:26,intraday,USO,LONG,17,124.83,entry (LONG),+0.0000
2026-04-12 15:35:27,intraday,XLI,LONG,12,171.51,entry (LONG),+0.0000
2026-04-12 15:35:28,intraday,XLU,LONG,82,46.95,entry (LONG),+0.0000
2026-04-12 15:36:33,intraday,GLD,LONG,10,437.17,entry (LONG),+0.0000
2026-04-12 15:36:34,intraday,IBIT,LONG,22,41.57,entry (LONG),+0.0000
2026-04-12 15:36:35,intraday,EWC,LONG,27,56.77,entry (LONG),+0.0000
2026-04-12 15:36:36,intraday,USO,LONG,17,124.83,entry (LONG),+0.0000
2026-04-12 15:36:37,intraday,XLI,LONG,12,171.51,entry (LONG),+0.0000
2026-04-12 15:36:38,intraday,XLU,LONG,82,46.95,entry (LONG),+0.0000
2026-04-12 15:37:43,intraday,GLD,LONG,10,437.17,entry (LONG),+0.0000
2026-04-12 15:37:44,intraday,IBIT,LONG,22,41.57,entry (LONG),+0.0000
2026-04-12 15:37:45,intraday,EWC,LONG,27,56.77,entry (LONG),+0.0000
2026-04-12 15:37:46,intraday,USO,LONG,17,124.83,entry (LONG),+0.0000
2026-04-12 15:37:47,intraday,XLI,LONG,12,171.51,entry (LONG),+0.0000
2026-04-12 15:37:48,intraday,XLU,LONG,82,46.95,entry (LONG),+0.0000
2026-04-12 15:38:53,intraday,GLD,LONG,10,437.17,entry (LONG),+0.0000
2026-04-12 15:38:54,intraday,IBIT,LONG,22,41.57,entry (LONG),+0.0000
2026-04-12 15:38:54,intraday,EWC,LONG,27,56.77,entry (LONG),+0.0000
2026-04-12 15:38:55,intraday,USO,LONG,17,124.83,entry (LONG),+0.0000
2026-04-12 15:38:56,intraday,XLI,LONG,12,171.51,entry (LONG),+0.0000
2026-04-12 15:38:57,intraday,XLU,LONG,82,46.95,entry (LONG),+0.0000
2026-04-12 15:40:02,intraday,GLD,LONG,10,437.17,entry (LONG),+0.0000
2026-04-12 15:40:03,intraday,IBIT,LONG,22,41.57,entry (LONG),+0.0000
2026-04-12 15:40:03,intraday,EWC,LONG,27,56.77,entry (LONG),+0.0000
2026-04-12 15:40:04,intraday,USO,LONG,17,124.83,entry (LONG),+0.0000
2026-04-12 15:40:05,intraday,XLI,LONG,12,171.51,entry (LONG),+0.0000
2026-04-12 15:40:06,intraday,XLU,LONG,82,46.95,entry (LONG),+0.0000
2026-04-12 15:40:34,swing,CIBR,SHORT,70,60.74,entry (SHORT),+0.0000
2026-04-12 15:40:36,swing,USMV,SHORT,152,92.75,entry (SHORT),+0.0000
2026-04-12 15:40:37,swing,EWY,SHORT,20,138.73,entry (SHORT),+0.0000
2026-04-12 15:40:42,swing,IBIT,SHORT,94,41.56,entry (SHORT),+0.0000
2026-04-12 15:41:11,intraday,GLD,LONG,10,437.17,entry (LONG),+0.0000
2026-04-12 15:41:12,intraday,IBIT,LONG,22,41.57,entry (LONG),+0.0000
2026-04-12 15:41:13,intraday,EWC,LONG,27,56.77,entry (LONG),+0.0000
2026-04-12 15:41:13,intraday,USO,LONG,17,124.83,entry (LONG),+0.0000
2026-04-12 15:41:14,intraday,XLI,LONG,12,171.51,entry (LONG),+0.0000
2026-04-12 15:41:15,intraday,XLU,LONG,82,46.95,entry (LONG),+0.0000
2026-04-12 15:42:20,intraday,GLD,LONG,10,437.17,entry (LONG),+0.0000
2026-04-12 15:42:21,intraday,IBIT,LONG,22,41.57,entry (LONG),+0.0000
2026-04-12 15:42:22,intraday,EWC,LONG,27,56.77,entry (LONG),+0.0000
2026-04-12 15:42:22,intraday,USO,LONG,17,124.83,entry (LONG),+0.0000
2026-04-12 15:42:24,intraday,XLI,LONG,12,171.51,entry (LONG),+0.0000
2026-04-12 15:42:24,intraday,XLU,LONG,82,46.95,entry (LONG),+0.0000
2026-04-12 15:43:29,intraday,GLD,LONG,10,437.17,entry (LONG),+0.0000
2026-04-12 15:43:30,intraday,IBIT,LONG,22,41.57,entry (LONG),+0.0000
2026-04-12 15:43:31,intraday,EWC,LONG,27,56.77,entry (LONG),+0.0000
2026-04-12 15:43:31,intraday,USO,LONG,17,124.83,entry (LONG),+0.0000
2026-04-12 15:43:32,intraday,XLI,LONG,12,171.51,entry (LONG),+0.0000
2026-04-12 15:43:33,intraday,XLU,LONG,82,46.95,entry (LONG),+0.0000
2026-04-12 15:44:39,intraday,GLD,LONG,10,437.17,entry (LONG),+0.0000
2026-04-12 15:44:40,intraday,IBIT,LONG,22,41.57,entry (LONG),+0.0000
2026-04-12 15:44:41,intraday,EWC,LONG,27,56.77,entry (LONG),+0.0000
2026-04-12 15:44:41,intraday,USO,LONG,17,124.83,entry (LONG),+0.0000
2026-04-12 15:44:42,intraday,XLI,LONG,12,171.51,entry (LONG),+0.0000
2026-04-12 15:44:43,intraday,XLU,LONG,82,46.95,entry (LONG),+0.0000
2026-04-12 15:45:49,intraday,GLD,LONG,10,437.17,entry (LONG),+0.0000
2026-04-12 15:45:50,intraday,IBIT,LONG,22,41.57,entry (LONG),+0.0000
2026-04-12 15:45:51,intraday,EWC,LONG,27,56.77,entry (LONG),+0.0000
2026-04-12 15:45:51,intraday,USO,LONG,17,124.83,entry (LONG),+0.0000
2026-04-12 15:45:52,intraday,XLI,LONG,12,171.51,entry (LONG),+0.0000
2026-04-12 15:45:53,intraday,XLU,LONG,82,46.95,entry (LONG),+0.0000
2026-04-12 15:45:58,swing,CIBR,SHORT,70,60.74,entry (SHORT),+0.0000
2026-04-12 15:46:00,swing,USMV,SHORT,152,92.75,entry (SHORT),+0.0000
2026-04-12 15:46:02,swing,EWY,SHORT,20,138.73,entry (SHORT),+0.0000
2026-04-12 15:46:06,swing,IBIT,SHORT,94,41.56,entry (SHORT),+0.0000
2026-04-12 15:46:58,intraday,GLD,LONG,10,437.17,entry (LONG),+0.0000
2026-04-12 15:46:59,intraday,IBIT,LONG,22,41.57,entry (LONG),+0.0000
2026-04-12 15:47:00,intraday,EWC,LONG,27,56.77,entry (LONG),+0.0000
2026-04-12 15:47:01,intraday,USO,LONG,17,124.83,entry (LONG),+0.0000
2026-04-12 15:47:02,intraday,XLI,LONG,12,171.51,entry (LONG),+0.0000
2026-04-12 15:47:02,intraday,XLU,LONG,82,46.95,entry (LONG),+0.0000
2026-04-12 15:48:09,intraday,GLD,LONG,10,437.17,entry (LONG),+0.0000
2026-04-12 15:48:09,intraday,IBIT,LONG,22,41.57,entry (LONG),+0.0000
2026-04-12 15:48:10,intraday,EWC,LONG,27,56.77,entry (LONG),+0.0000
2026-04-12 15:48:13,intraday,USO,LONG,17,124.83,entry (LONG),+0.0000
2026-04-12 15:48:14,intraday,XLI,LONG,12,171.51,entry (LONG),+0.0000
2026-04-12 15:48:15,intraday,XLU,LONG,82,46.95,entry (LONG),+0.0000
2026-04-12 15:49:20,intraday,GLD,LONG,10,437.17,entry (LONG),+0.0000
2026-04-12 15:49:21,intraday,IBIT,LONG,22,41.57,entry (LONG),+0.0000
2026-04-12 15:49:22,intraday,EWC,LONG,27,56.77,entry (LONG),+0.0000
2026-04-12 15:49:22,intraday,USO,LONG,17,124.83,entry (LONG),+0.0000
2026-04-12 15:49:24,intraday,XLI,LONG,12,171.51,entry (LONG),+0.0000
2026-04-12 15:49:24,intraday,XLU,LONG,82,46.95,entry (LONG),+0.0000
2026-04-12 15:50:33,intraday,GLD,LONG,10,437.17,entry (LONG),+0.0000
2026-04-12 15:50:33,intraday,IBIT,LONG,22,41.57,entry (LONG),+0.0000
2026-04-12 15:50:34,intraday,EWC,LONG,27,56.77,entry (LONG),+0.0000
2026-04-12 15:50:35,intraday,USO,LONG,17,124.83,entry (LONG),+0.0000
2026-04-12 15:50:36,intraday,XLI,LONG,12,171.51,entry (LONG),+0.0000
2026-04-12 15:50:37,intraday,XLU,LONG,82,46.95,entry (LONG),+0.0000
2026-04-12 15:51:23,swing,CIBR,SHORT,70,60.74,entry (SHORT),+0.0000
2026-04-12 15:51:25,swing,USMV,SHORT,152,92.75,entry (SHORT),+0.0000
2026-04-12 15:51:27,swing,EWY,SHORT,20,138.73,entry (SHORT),+0.0000
2026-04-12 15:51:31,swing,IBIT,SHORT,94,41.56,entry (SHORT),+0.0000
2026-04-12 15:51:42,intraday,GLD,LONG,10,437.17,entry (LONG),+0.0000
2026-04-12 15:51:42,intraday,IBIT,LONG,22,41.57,entry (LONG),+0.0000
2026-04-12 15:51:43,intraday,EWC,LONG,27,56.77,entry (LONG),+0.0000
2026-04-12 15:51:44,intraday,USO,LONG,17,124.83,entry (LONG),+0.0000
2026-04-12 15:51:45,intraday,XLI,LONG,12,171.51,entry (LONG),+0.0000
2026-04-12 15:51:46,intraday,XLU,LONG,82,46.95,entry (LONG),+0.0000
2026-04-12 15:52:51,intraday,GLD,LONG,10,437.17,entry (LONG),+0.0000
2026-04-12 15:52:52,intraday,IBIT,LONG,22,41.57,entry (LONG),+0.0000
2026-04-12 15:52:52,intraday,EWC,LONG,27,56.77,entry (LONG),+0.0000
2026-04-12 15:52:53,intraday,USO,LONG,17,124.83,entry (LONG),+0.0000
2026-04-12 15:52:54,intraday,XLI,LONG,12,171.51,entry (LONG),+0.0000
2026-04-12 15:52:55,intraday,XLU,LONG,82,46.95,entry (LONG),+0.0000
2026-04-12 15:54:01,intraday,GLD,LONG,10,437.17,entry (LONG),+0.0000
2026-04-12 15:54:01,intraday,IBIT,LONG,22,41.57,entry (LONG),+0.0000
2026-04-12 15:54:02,intraday,EWC,LONG,27,56.77,entry (LONG),+0.0000
2026-04-12 15:54:03,intraday,USO,LONG,17,124.83,entry (LONG),+0.0000
2026-04-12 15:54:04,intraday,XLI,LONG,12,171.51,entry (LONG),+0.0000
2026-04-12 15:54:05,intraday,XLU,LONG,82,46.95,entry (LONG),+0.0000
2026-04-12 15:55:28,intraday,GLD,LONG,10,437.17,entry (LONG),+0.0000
2026-04-12 15:55:29,intraday,IBIT,LONG,22,41.57,entry (LONG),+0.0000
2026-04-12 15:55:31,intraday,EWC,LONG,27,56.77,entry (LONG),+0.0000
2026-04-12 15:55:31,intraday,USO,LONG,17,124.83,entry (LONG),+0.0000
2026-04-12 15:55:33,intraday,XLI,LONG,12,171.51,entry (LONG),+0.0000
2026-04-12 15:55:34,intraday,XLU,LONG,82,46.95,entry (LONG),+0.0000
2026-04-12 15:56:39,intraday,GLD,LONG,10,437.17,entry (LONG),+0.0000
2026-04-12 15:56:40,intraday,IBIT,LONG,22,41.57,entry (LONG),+0.0000
2026-04-12 15:56:41,intraday,EWC,LONG,27,56.77,entry (LONG),+0.0000
2026-04-12 15:56:42,intraday,USO,LONG,17,124.83,entry (LONG),+0.0000
2026-04-12 15:56:43,intraday,XLI,LONG,12,171.51,entry (LONG),+0.0000
2026-04-12 15:56:44,intraday,XLU,LONG,82,46.95,entry (LONG),+0.0000
2026-04-12 15:56:50,swing,CIBR,SHORT,70,60.74,entry (SHORT),+0.0000
2026-04-12 15:56:51,swing,USMV,SHORT,152,92.75,entry (SHORT),+0.0000
2026-04-12 15:56:53,swing,EWY,SHORT,20,138.73,entry (SHORT),+0.0000
2026-04-12 15:56:58,swing,IBIT,SHORT,94,41.56,entry (SHORT),+0.0000
2026-04-12 15:57:49,intraday,GLD,LONG,10,437.17,entry (LONG),+0.0000
2026-04-12 15:57:50,intraday,IBIT,LONG,22,41.57,entry (LONG),+0.0000
2026-04-12 15:57:51,intraday,EWC,LONG,27,56.77,entry (LONG),+0.0000
2026-04-12 15:57:52,intraday,USO,LONG,17,124.83,entry (LONG),+0.0000
2026-04-12 15:57:53,intraday,XLI,LONG,12,171.51,entry (LONG),+0.0000
2026-04-12 15:57:54,intraday,XLU,LONG,82,46.95,entry (LONG),+0.0000
2026-04-12 15:58:59,intraday,GLD,LONG,10,437.17,entry (LONG),+0.0000
2026-04-12 15:59:00,intraday,IBIT,LONG,22,41.57,entry (LONG),+0.0000
2026-04-12 15:59:01,intraday,EWC,LONG,27,56.77,entry (LONG),+0.0000
2026-04-12 15:59:01,intraday,USO,LONG,17,124.83,entry (LONG),+0.0000
2026-04-12 15:59:02,intraday,XLI,LONG,12,171.51,entry (LONG),+0.0000
2026-04-12 15:59:03,intraday,XLU,LONG,82,46.95,entry (LONG),+0.0000
2026-04-12 16:00:10,intraday,GLD,LONG,10,437.17,entry (LONG),+0.0000
2026-04-12 16:00:10,intraday,IBIT,LONG,22,41.57,entry (LONG),+0.0000
2026-04-12 16:00:11,intraday,EWC,LONG,27,56.77,entry (LONG),+0.0000
2026-04-12 16:00:12,intraday,USO,LONG,17,124.83,entry (LONG),+0.0000
2026-04-12 16:00:13,intraday,XLI,LONG,12,171.51,entry (LONG),+0.0000
2026-04-12 16:00:14,intraday,XLU,LONG,82,46.95,entry (LONG),+0.0000
2026-04-12 16:01:19,intraday,GLD,LONG,10,437.17,entry (LONG),+0.0000
2026-04-12 16:01:20,intraday,IBIT,LONG,22,41.57,entry (LONG),+0.0000
2026-04-12 16:01:20,intraday,EWC,LONG,27,56.77,entry (LONG),+0.0000
2026-04-12 16:01:21,intraday,USO,LONG,17,124.83,entry (LONG),+0.0000
2026-04-12 16:01:22,intraday,XLI,LONG,12,171.51,entry (LONG),+0.0000
2026-04-12 16:01:23,intraday,XLU,LONG,82,46.95,entry (LONG),+0.0000
2026-04-12 16:02:27,swing,CIBR,SHORT,70,60.74,entry (SHORT),+0.0000
2026-04-12 16:02:28,intraday,GLD,LONG,10,437.17,entry (LONG),+0.0000
2026-04-12 16:02:29,intraday,IBIT,LONG,22,41.57,entry (LONG),+0.0000
2026-04-12 16:02:29,swing,USMV,SHORT,152,92.75,entry (SHORT),+0.0000
2026-04-12 16:02:30,intraday,EWC,LONG,27,56.77,entry (LONG),+0.0000
2026-04-12 16:02:30,intraday,USO,LONG,17,124.83,entry (LONG),+0.0000
2026-04-12 16:02:31,swing,EWY,SHORT,20,138.73,entry (SHORT),+0.0000
2026-04-12 16:02:31,intraday,XLI,LONG,12,171.51,entry (LONG),+0.0000
2026-04-12 16:02:32,intraday,XLU,LONG,82,46.95,entry (LONG),+0.0000
2026-04-12 16:02:35,swing,IBIT,SHORT,94,41.56,entry (SHORT),+0.0000
2026-04-12 16:03:37,intraday,GLD,LONG,10,437.17,entry (LONG),+0.0000
2026-04-12 16:03:38,intraday,IBIT,LONG,22,41.57,entry (LONG),+0.0000
2026-04-12 16:03:39,intraday,EWC,LONG,27,56.77,entry (LONG),+0.0000
2026-04-12 16:03:39,intraday,USO,LONG,17,124.83,entry (LONG),+0.0000
2026-04-12 16:03:41,intraday,XLI,LONG,12,171.51,entry (LONG),+0.0000
2026-04-12 16:03:41,intraday,XLU,LONG,82,46.95,entry (LONG),+0.0000
2026-04-12 16:04:46,intraday,GLD,LONG,10,437.17,entry (LONG),+0.0000
2026-04-12 16:04:47,intraday,IBIT,LONG,22,41.57,entry (LONG),+0.0000
2026-04-12 16:04:48,intraday,EWC,LONG,27,56.77,entry (LONG),+0.0000
2026-04-12 16:04:48,intraday,USO,LONG,17,124.83,entry (LONG),+0.0000
2026-04-12 16:04:49,intraday,XLI,LONG,12,171.51,entry (LONG),+0.0000
2026-04-12 16:04:50,intraday,XLU,LONG,82,46.95,entry (LONG),+0.0000
2026-04-12 16:05:55,intraday,GLD,LONG,10,437.17,entry (LONG),+0.0000
2026-04-12 16:05:56,intraday,IBIT,LONG,22,41.57,entry (LONG),+0.0000
2026-04-12 16:05:57,intraday,EWC,LONG,27,56.77,entry (LONG),+0.0000
2026-04-12 16:05:58,intraday,USO,LONG,17,124.83,entry (LONG),+0.0000
2026-04-12 16:05:59,intraday,XLI,LONG,12,171.51,entry (LONG),+0.0000
2026-04-12 16:05:59,intraday,XLU,LONG,82,46.95,entry (LONG),+0.0000
2026-04-12 16:07:04,intraday,GLD,LONG,10,437.17,entry (LONG),+0.0000
2026-04-12 16:07:05,intraday,IBIT,LONG,22,41.57,entry (LONG),+0.0000
2026-04-12 16:07:06,intraday,EWC,LONG,27,56.77,entry (LONG),+0.0000
2026-04-12 16:07:07,intraday,USO,LONG,17,124.83,entry (LONG),+0.0000
2026-04-12 16:07:08,intraday,XLI,LONG,12,171.51,entry (LONG),+0.0000
2026-04-12 16:07:09,intraday,XLU,LONG,82,46.95,entry (LONG),+0.0000
2026-04-12 16:07:53,swing,CIBR,SHORT,70,60.74,entry (SHORT),+0.0000
2026-04-12 16:07:55,swing,USMV,SHORT,152,92.75,entry (SHORT),+0.0000
2026-04-12 16:07:57,swing,EWY,SHORT,20,138.73,entry (SHORT),+0.0000
2026-04-12 16:08:02,swing,IBIT,SHORT,94,41.56,entry (SHORT),+0.0000
2026-04-12 16:08:14,intraday,GLD,LONG,10,437.17,entry (LONG),+0.0000
2026-04-12 16:08:15,intraday,IBIT,LONG,22,41.57,entry (LONG),+0.0000
2026-04-12 16:08:16,intraday,EWC,LONG,27,56.77,entry (LONG),+0.0000
2026-04-12 16:08:17,intraday,USO,LONG,17,124.83,entry (LONG),+0.0000
2026-04-12 16:08:18,intraday,XLI,LONG,12,171.51,entry (LONG),+0.0000
2026-04-12 16:08:18,intraday,XLU,LONG,82,46.95,entry (LONG),+0.0000
2026-04-12 16:09:23,intraday,GLD,LONG,10,437.17,entry (LONG),+0.0000
2026-04-12 16:09:24,intraday,IBIT,LONG,22,41.57,entry (LONG),+0.0000
2026-04-12 16:09:25,intraday,EWC,LONG,27,56.77,entry (LONG),+0.0000
2026-04-12 16:09:26,intraday,USO,LONG,17,124.83,entry (LONG),+0.0000
2026-04-12 16:09:27,intraday,XLI,LONG,12,171.51,entry (LONG),+0.0000
2026-04-12 16:09:28,intraday,XLU,LONG,82,46.95,entry (LONG),+0.0000
2026-04-12 16:10:33,intraday,GLD,LONG,10,437.17,entry (LONG),+0.0000
2026-04-12 16:10:34,intraday,IBIT,LONG,22,41.57,entry (LONG),+0.0000
2026-04-12 16:10:34,intraday,EWC,LONG,27,56.77,entry (LONG),+0.0000
2026-04-12 16:10:35,intraday,USO,LONG,17,124.83,entry (LONG),+0.0000
2026-04-12 16:10:36,intraday,XLI,LONG,12,171.51,entry (LONG),+0.0000
2026-04-12 16:10:37,intraday,XLU,LONG,82,46.95,entry (LONG),+0.0000
2026-04-12 16:11:42,intraday,GLD,LONG,10,437.17,entry (LONG),+0.0000
2026-04-12 16:11:43,intraday,IBIT,LONG,22,41.57,entry (LONG),+0.0000
2026-04-12 16:11:43,intraday,EWC,LONG,27,56.77,entry (LONG),+0.0000
2026-04-12 16:11:44,intraday,USO,LONG,17,124.83,entry (LONG),+0.0000
2026-04-12 16:11:45,intraday,XLI,LONG,12,171.51,entry (LONG),+0.0000
2026-04-12 16:11:46,intraday,XLU,LONG,82,46.95,entry (LONG),+0.0000
2026-04-12 16:12:52,intraday,GLD,LONG,10,437.17,entry (LONG),+0.0000
2026-04-12 16:12:53,intraday,IBIT,LONG,22,41.57,entry (LONG),+0.0000
2026-04-12 16:12:53,intraday,EWC,LONG,27,56.77,entry (LONG),+0.0000
2026-04-12 16:12:54,intraday,USO,LONG,17,124.83,entry (LONG),+0.0000
2026-04-12 16:12:55,intraday,XLI,LONG,12,171.51,entry (LONG),+0.0000
2026-04-12 16:12:56,intraday,XLU,LONG,82,46.95,entry (LONG),+0.0000
2026-04-12 16:13:17,swing,CIBR,SHORT,70,60.74,entry (SHORT),+0.0000
2026-04-12 16:13:19,swing,USMV,SHORT,152,92.75,entry (SHORT),+0.0000
2026-04-12 16:13:21,swing,EWY,SHORT,20,138.73,entry (SHORT),+0.0000
2026-04-12 16:13:26,swing,IBIT,SHORT,94,41.56,entry (SHORT),+0.0000
2026-04-12 16:14:01,intraday,GLD,LONG,10,437.17,entry (LONG),+0.0000
2026-04-12 16:14:01,intraday,IBIT,LONG,22,41.57,entry (LONG),+0.0000
2026-04-12 16:14:02,intraday,EWC,LONG,27,56.77,entry (LONG),+0.0000
2026-04-12 16:14:03,intraday,USO,LONG,17,124.83,entry (LONG),+0.0000
2026-04-12 16:14:04,intraday,XLI,LONG,12,171.51,entry (LONG),+0.0000
2026-04-12 16:14:05,intraday,XLU,LONG,82,46.95,entry (LONG),+0.0000
2026-04-12 16:15:10,intraday,GLD,LONG,10,437.17,entry (LONG),+0.0000
2026-04-12 16:15:10,intraday,IBIT,LONG,22,41.57,entry (LONG),+0.0000
2026-04-12 16:15:11,intraday,EWC,LONG,27,56.77,entry (LONG),+0.0000
2026-04-12 16:15:12,intraday,USO,LONG,17,124.83,entry (LONG),+0.0000
2026-04-12 16:15:13,intraday,XLI,LONG,12,171.51,entry (LONG),+0.0000
2026-04-12 16:15:14,intraday,XLU,LONG,82,46.95,entry (LONG),+0.0000
2026-04-12 16:16:19,intraday,GLD,LONG,10,437.17,entry (LONG),+0.0000
2026-04-12 16:16:20,intraday,IBIT,LONG,22,41.57,entry (LONG),+0.0000
2026-04-12 16:16:21,intraday,EWC,LONG,27,56.77,entry (LONG),+0.0000
2026-04-12 16:16:21,intraday,USO,LONG,17,124.83,entry (LONG),+0.0000
2026-04-12 16:16:22,intraday,XLI,LONG,12,171.51,entry (LONG),+0.0000
2026-04-12 16:16:23,intraday,XLU,LONG,82,46.95,entry (LONG),+0.0000
2026-04-12 16:17:28,intraday,GLD,LONG,10,437.17,entry (LONG),+0.0000
2026-04-12 16:17:29,intraday,IBIT,LONG,22,41.57,entry (LONG),+0.0000
2026-04-12 16:17:30,intraday,EWC,LONG,27,56.77,entry (LONG),+0.0000
2026-04-12 16:17:30,intraday,USO,LONG,17,124.83,entry (LONG),+0.0000
2026-04-12 16:17:31,intraday,XLI,LONG,12,171.51,entry (LONG),+0.0000
2026-04-12 16:17:32,intraday,XLU,LONG,82,46.95,entry (LONG),+0.0000
2026-04-12 16:18:37,intraday,GLD,LONG,10,437.17,entry (LONG),+0.0000
2026-04-12 16:18:37,intraday,IBIT,LONG,22,41.57,entry (LONG),+0.0000
2026-04-12 16:18:38,intraday,EWC,LONG,27,56.77,entry (LONG),+0.0000
2026-04-12 16:18:39,intraday,USO,LONG,17,124.83,entry (LONG),+0.0000
2026-04-12 16:18:40,intraday,XLI,LONG,12,171.51,entry (LONG),+0.0000
2026-04-12 16:18:41,intraday,XLU,LONG,82,46.95,entry (LONG),+0.0000
2026-04-12 16:18:41,swing,CIBR,SHORT,70,60.74,entry (SHORT),+0.0000
2026-04-12 16:18:43,swing,USMV,SHORT,152,92.75,entry (SHORT),+0.0000
2026-04-12 16:18:45,swing,EWY,SHORT,20,138.73,entry (SHORT),+0.0000
2026-04-12 16:18:49,swing,IBIT,SHORT,94,41.56,entry (SHORT),+0.0000
2026-04-12 16:19:45,intraday,GLD,LONG,10,437.17,entry (LONG),+0.0000
2026-04-12 16:19:46,intraday,IBIT,LONG,22,41.57,entry (LONG),+0.0000
2026-04-12 16:19:48,intraday,EWC,LONG,27,56.77,entry (LONG),+0.0000
2026-04-12 16:19:49,intraday,USO,LONG,17,124.83,entry (LONG),+0.0000
2026-04-12 16:19:50,intraday,XLI,LONG,12,171.51,entry (LONG),+0.0000
2026-04-12 16:19:51,intraday,XLU,LONG,82,46.95,entry (LONG),+0.0000
2026-04-12 16:20:56,intraday,GLD,LONG,10,437.17,entry (LONG),+0.0000
2026-04-12 16:20:57,intraday,IBIT,LONG,22,41.57,entry (LONG),+0.0000
2026-04-12 16:20:58,intraday,EWC,LONG,27,56.77,entry (LONG),+0.0000
2026-04-12 16:20:59,intraday,USO,LONG,17,124.83,entry (LONG),+0.0000
2026-04-12 16:21:00,intraday,XLI,LONG,12,171.51,entry (LONG),+0.0000
2026-04-12 16:21:00,intraday,XLU,LONG,82,46.95,entry (LONG),+0.0000
2026-04-12 16:22:05,intraday,GLD,LONG,10,437.17,entry (LONG),+0.0000
2026-04-12 16:22:06,intraday,IBIT,LONG,22,41.57,entry (LONG),+0.0000
2026-04-12 16:22:07,intraday,EWC,LONG,27,56.77,entry (LONG),+0.0000
2026-04-12 16:22:07,intraday,USO,LONG,17,124.83,entry (LONG),+0.0000
2026-04-12 16:22:09,intraday,XLI,LONG,12,171.51,entry (LONG),+0.0000
2026-04-12 16:22:09,intraday,XLU,LONG,82,46.95,entry (LONG),+0.0000
2026-04-12 16:23:15,intraday,GLD,LONG,10,437.17,entry (LONG),+0.0000
2026-04-12 16:23:15,intraday,IBIT,LONG,22,41.57,entry (LONG),+0.0000
2026-04-12 16:23:16,intraday,EWC,LONG,27,56.77,entry (LONG),+0.0000
2026-04-12 16:23:17,intraday,USO,LONG,17,124.83,entry (LONG),+0.0000
2026-04-12 16:23:18,intraday,XLI,LONG,12,171.51,entry (LONG),+0.0000
2026-04-12 16:23:19,intraday,XLU,LONG,82,46.95,entry (LONG),+0.0000
2026-04-12 16:24:05,swing,CIBR,SHORT,70,60.74,entry (SHORT),+0.0000
2026-04-12 16:24:07,swing,USMV,SHORT,152,92.75,entry (SHORT),+0.0000
2026-04-12 16:24:09,swing,EWY,SHORT,20,138.73,entry (SHORT),+0.0000
2026-04-12 16:24:13,swing,IBIT,SHORT,94,41.56,entry (SHORT),+0.0000
2026-04-12 16:24:38,intraday,GLD,LONG,10,437.17,entry (LONG),+0.0000
2026-04-12 16:24:39,intraday,IBIT,LONG,22,41.57,entry (LONG),+0.0000
2026-04-12 16:24:40,intraday,EWC,LONG,27,56.77,entry (LONG),+0.0000
2026-04-12 16:24:40,intraday,USO,LONG,17,124.83,entry (LONG),+0.0000
2026-04-12 16:24:41,intraday,XLI,LONG,12,171.51,entry (LONG),+0.0000
2026-04-12 16:24:42,intraday,XLU,LONG,82,46.95,entry (LONG),+0.0000
2026-04-12 16:25:47,intraday,GLD,LONG,10,437.17,entry (LONG),+0.0000
2026-04-12 16:25:48,intraday,IBIT,LONG,22,41.57,entry (LONG),+0.0000
2026-04-12 16:25:49,intraday,EWC,LONG,27,56.77,entry (LONG),+0.0000
2026-04-12 16:25:50,intraday,USO,LONG,17,124.83,entry (LONG),+0.0000
2026-04-12 16:25:51,intraday,XLI,LONG,12,171.51,entry (LONG),+0.0000
2026-04-12 16:25:51,intraday,XLU,LONG,82,46.95,entry (LONG),+0.0000
2026-04-12 16:26:56,intraday,GLD,LONG,10,437.17,entry (LONG),+0.0000
2026-04-12 16:26:57,intraday,IBIT,LONG,22,41.57,entry (LONG),+0.0000
2026-04-12 16:26:58,intraday,EWC,LONG,27,56.77,entry (LONG),+0.0000
2026-04-12 16:26:59,intraday,USO,LONG,17,124.83,entry (LONG),+0.0000
2026-04-12 16:27:00,intraday,XLI,LONG,12,171.51,entry (LONG),+0.0000
2026-04-12 16:27:00,intraday,XLU,LONG,82,46.95,entry (LONG),+0.0000
2026-04-12 16:28:05,intraday,GLD,LONG,10,437.17,entry (LONG),+0.0000
2026-04-12 16:28:06,intraday,IBIT,LONG,22,41.57,entry (LONG),+0.0000
2026-04-12 16:28:07,intraday,EWC,LONG,27,56.77,entry (LONG),+0.0000
2026-04-12 16:28:08,intraday,USO,LONG,17,124.83,entry (LONG),+0.0000
2026-04-12 16:28:09,intraday,XLI,LONG,12,171.51,entry (LONG),+0.0000
2026-04-12 16:28:09,intraday,XLU,LONG,82,46.95,entry (LONG),+0.0000
2026-04-12 16:29:14,intraday,GLD,LONG,10,437.17,entry (LONG),+0.0000
2026-04-12 16:29:15,intraday,IBIT,LONG,22,41.57,entry (LONG),+0.0000
2026-04-12 16:29:16,intraday,EWC,LONG,27,56.77,entry (LONG),+0.0000
2026-04-12 16:29:16,intraday,USO,LONG,17,124.83,entry (LONG),+0.0000
2026-04-12 16:29:17,intraday,XLI,LONG,12,171.51,entry (LONG),+0.0000
2026-04-12 16:29:18,intraday,XLU,LONG,82,46.95,entry (LONG),+0.0000
2026-04-12 16:29:31,swing,CIBR,SHORT,70,60.74,entry (SHORT),+0.0000
2026-04-12 16:29:33,swing,USMV,SHORT,152,92.75,entry (SHORT),+0.0000
2026-04-12 16:29:35,swing,EWY,SHORT,20,138.73,entry (SHORT),+0.0000
2026-04-12 16:29:39,swing,IBIT,SHORT,94,41.56,entry (SHORT),+0.0000
2026-04-12 16:30:25,intraday,GLD,LONG,10,437.17,entry (LONG),+0.0000
2026-04-12 16:30:25,intraday,IBIT,LONG,22,41.57,entry (LONG),+0.0000
2026-04-12 16:30:26,intraday,EWC,LONG,27,56.77,entry (LONG),+0.0000
2026-04-12 16:30:27,intraday,USO,LONG,17,124.83,entry (LONG),+0.0000
2026-04-12 16:30:28,intraday,XLI,LONG,12,171.51,entry (LONG),+0.0000
2026-04-12 16:30:29,intraday,XLU,LONG,82,46.95,entry (LONG),+0.0000
2026-04-12 16:31:34,intraday,GLD,LONG,10,437.17,entry (LONG),+0.0000
2026-04-12 16:31:34,intraday,IBIT,LONG,22,41.57,entry (LONG),+0.0000
2026-04-12 16:31:35,intraday,EWC,LONG,27,56.77,entry (LONG),+0.0000
2026-04-12 16:31:36,intraday,USO,LONG,17,124.83,entry (LONG),+0.0000
2026-04-12 16:31:37,intraday,XLI,LONG,12,171.51,entry (LONG),+0.0000
2026-04-12 16:31:38,intraday,XLU,LONG,82,46.95,entry (LONG),+0.0000
2026-04-12 16:32:43,intraday,GLD,LONG,10,437.17,entry (LONG),+0.0000
2026-04-12 16:32:43,intraday,IBIT,LONG,22,41.57,entry (LONG),+0.0000
2026-04-12 16:32:44,intraday,EWC,LONG,27,56.77,entry (LONG),+0.0000
2026-04-12 16:32:45,intraday,USO,LONG,17,124.83,entry (LONG),+0.0000
2026-04-12 16:32:46,intraday,XLI,LONG,12,171.51,entry (LONG),+0.0000
2026-04-12 16:32:47,intraday,XLU,LONG,82,46.95,entry (LONG),+0.0000
2026-04-12 16:33:52,intraday,GLD,LONG,10,437.17,entry (LONG),+0.0000
2026-04-12 16:33:52,intraday,IBIT,LONG,22,41.57,entry (LONG),+0.0000
2026-04-12 16:33:53,intraday,EWC,LONG,27,56.77,entry (LONG),+0.0000
2026-04-12 16:33:54,intraday,USO,LONG,17,124.83,entry (LONG),+0.0000
2026-04-12 16:33:55,intraday,XLI,LONG,12,171.51,entry (LONG),+0.0000
2026-04-12 16:33:56,intraday,XLU,LONG,82,46.95,entry (LONG),+0.0000
2026-04-12 16:34:55,swing,CIBR,SHORT,70,60.74,entry (SHORT),+0.0000
2026-04-12 16:35:00,swing,USMV,SHORT,152,92.75,entry (SHORT),+0.0000
2026-04-12 16:35:01,intraday,GLD,LONG,10,437.17,entry (LONG),+0.0000
2026-04-12 16:35:01,intraday,IBIT,LONG,22,41.57,entry (LONG),+0.0000
2026-04-12 16:35:02,swing,EWY,SHORT,20,138.73,entry (SHORT),+0.0000
2026-04-12 16:35:02,intraday,EWC,LONG,27,56.77,entry (LONG),+0.0000
2026-04-12 16:35:03,intraday,USO,LONG,17,124.83,entry (LONG),+0.0000
2026-04-12 16:35:04,intraday,XLI,LONG,12,171.51,entry (LONG),+0.0000
2026-04-12 16:35:05,intraday,XLU,LONG,82,46.95,entry (LONG),+0.0000
2026-04-12 16:35:07,swing,IBIT,SHORT,94,41.56,entry (SHORT),+0.0000
2026-04-12 16:36:10,intraday,GLD,LONG,10,437.17,entry (LONG),+0.0000
2026-04-12 16:36:10,intraday,IBIT,LONG,22,41.57,entry (LONG),+0.0000
2026-04-12 16:36:11,intraday,EWC,LONG,27,56.77,entry (LONG),+0.0000
2026-04-12 16:36:12,intraday,USO,LONG,17,124.83,entry (LONG),+0.0000
2026-04-12 16:36:13,intraday,XLI,LONG,12,171.51,entry (LONG),+0.0000
2026-04-12 16:36:14,intraday,XLU,LONG,82,46.95,entry (LONG),+0.0000
2026-04-12 16:37:20,intraday,GLD,LONG,10,437.17,entry (LONG),+0.0000
2026-04-12 16:37:21,intraday,IBIT,LONG,22,41.57,entry (LONG),+0.0000
2026-04-12 16:37:21,intraday,EWC,LONG,27,56.77,entry (LONG),+0.0000
2026-04-12 16:37:22,intraday,USO,LONG,17,124.83,entry (LONG),+0.0000
2026-04-12 16:37:23,intraday,XLI,LONG,12,171.51,entry (LONG),+0.0000
2026-04-12 16:37:24,intraday,XLU,LONG,82,46.95,entry (LONG),+0.0000
2026-04-12 16:38:29,intraday,GLD,LONG,10,437.17,entry (LONG),+0.0000
2026-04-12 16:38:30,intraday,IBIT,LONG,22,41.57,entry (LONG),+0.0000
2026-04-12 16:38:31,intraday,EWC,LONG,27,56.77,entry (LONG),+0.0000
2026-04-12 16:38:31,intraday,USO,LONG,17,124.83,entry (LONG),+0.0000
2026-04-12 16:38:32,intraday,XLI,LONG,12,171.51,entry (LONG),+0.0000
2026-04-12 16:38:33,intraday,XLU,LONG,82,46.95,entry (LONG),+0.0000
2026-04-12 16:39:38,intraday,GLD,LONG,10,437.17,entry (LONG),+0.0000
2026-04-12 16:39:39,intraday,IBIT,LONG,22,41.57,entry (LONG),+0.0000
2026-04-12 16:39:40,intraday,EWC,LONG,27,56.77,entry (LONG),+0.0000
2026-04-12 16:39:41,intraday,USO,LONG,17,124.83,entry (LONG),+0.0000
2026-04-12 16:39:42,intraday,XLI,LONG,12,171.51,entry (LONG),+0.0000
2026-04-12 16:39:42,intraday,XLU,LONG,82,46.95,entry (LONG),+0.0000
2026-04-12 16:40:25,swing,CIBR,SHORT,70,60.74,entry (SHORT),+0.0000
2026-04-12 16:40:27,swing,USMV,SHORT,152,92.75,entry (SHORT),+0.0000
2026-04-12 16:40:29,swing,EWY,SHORT,20,138.73,entry (SHORT),+0.0000
2026-04-12 16:40:33,swing,IBIT,SHORT,94,41.56,entry (SHORT),+0.0000
2026-04-12 16:40:47,intraday,GLD,LONG,10,437.17,entry (LONG),+0.0000
2026-04-12 16:40:48,intraday,IBIT,LONG,22,41.57,entry (LONG),+0.0000
2026-04-12 16:40:49,intraday,EWC,LONG,27,56.77,entry (LONG),+0.0000
2026-04-12 16:40:49,intraday,USO,LONG,17,124.83,entry (LONG),+0.0000
2026-04-12 16:40:50,intraday,XLI,LONG,12,171.51,entry (LONG),+0.0000
2026-04-12 16:40:51,intraday,XLU,LONG,82,46.95,entry (LONG),+0.0000
2026-04-12 16:41:57,intraday,GLD,LONG,10,437.17,entry (LONG),+0.0000
2026-04-12 16:41:57,intraday,IBIT,LONG,22,41.57,entry (LONG),+0.0000
2026-04-12 16:41:58,intraday,EWC,LONG,27,56.77,entry (LONG),+0.0000
2026-04-12 16:41:59,intraday,USO,LONG,17,124.83,entry (LONG),+0.0000
2026-04-12 16:42:00,intraday,XLI,LONG,12,171.51,entry (LONG),+0.0000
2026-04-12 16:42:01,intraday,XLU,LONG,82,46.95,entry (LONG),+0.0000
2026-04-12 16:43:06,intraday,GLD,LONG,10,437.17,entry (LONG),+0.0000
2026-04-12 16:43:06,intraday,IBIT,LONG,22,41.57,entry (LONG),+0.0000
2026-04-12 16:43:07,intraday,EWC,LONG,27,56.77,entry (LONG),+0.0000
2026-04-12 16:43:08,intraday,USO,LONG,17,124.83,entry (LONG),+0.0000
2026-04-12 16:43:09,intraday,XLI,LONG,12,171.51,entry (LONG),+0.0000
2026-04-12 16:43:10,intraday,XLU,LONG,82,46.95,entry (LONG),+0.0000
2026-04-12 16:44:15,intraday,GLD,LONG,10,437.17,entry (LONG),+0.0000
2026-04-12 16:44:15,intraday,IBIT,LONG,22,41.57,entry (LONG),+0.0000
2026-04-12 16:44:16,intraday,EWC,LONG,27,56.77,entry (LONG),+0.0000
2026-04-12 16:44:17,intraday,USO,LONG,17,124.83,entry (LONG),+0.0000
2026-04-12 16:44:18,intraday,XLI,LONG,12,171.51,entry (LONG),+0.0000
2026-04-12 16:44:19,intraday,XLU,LONG,82,46.95,entry (LONG),+0.0000
2026-04-12 16:45:24,intraday,GLD,LONG,10,437.17,entry (LONG),+0.0000
2026-04-12 16:45:24,intraday,IBIT,LONG,22,41.57,entry (LONG),+0.0000
2026-04-12 16:45:25,intraday,EWC,LONG,27,56.77,entry (LONG),+0.0000
2026-04-12 16:45:26,intraday,USO,LONG,17,124.83,entry (LONG),+0.0000
2026-04-12 16:45:27,intraday,XLI,LONG,12,171.51,entry (LONG),+0.0000
2026-04-12 16:45:28,intraday,XLU,LONG,82,46.95,entry (LONG),+0.0000
2026-04-12 16:45:49,swing,CIBR,SHORT,70,60.74,entry (SHORT),+0.0000
2026-04-12 16:45:51,swing,USMV,SHORT,152,92.75,entry (SHORT),+0.0000
2026-04-12 16:45:52,swing,EWY,SHORT,20,138.73,entry (SHORT),+0.0000
2026-04-12 16:45:57,swing,IBIT,SHORT,94,41.56,entry (SHORT),+0.0000
2026-04-12 16:46:34,intraday,GLD,LONG,10,437.17,entry (LONG),+0.0000
2026-04-12 16:46:35,intraday,IBIT,LONG,22,41.57,entry (LONG),+0.0000
2026-04-12 16:46:35,intraday,EWC,LONG,27,56.77,entry (LONG),+0.0000
2026-04-12 16:46:36,intraday,USO,LONG,17,124.83,entry (LONG),+0.0000
2026-04-12 16:46:37,intraday,XLI,LONG,12,171.51,entry (LONG),+0.0000
2026-04-12 16:46:38,intraday,XLU,LONG,82,46.95,entry (LONG),+0.0000
2026-04-12 16:47:43,intraday,GLD,LONG,10,437.17,entry (LONG),+0.0000
2026-04-12 16:47:44,intraday,IBIT,LONG,22,41.57,entry (LONG),+0.0000
2026-04-12 16:47:45,intraday,EWC,LONG,27,56.77,entry (LONG),+0.0000
2026-04-12 16:47:46,intraday,USO,LONG,17,124.83,entry (LONG),+0.0000
2026-04-12 16:47:47,intraday,XLI,LONG,12,171.51,entry (LONG),+0.0000
2026-04-12 16:47:47,intraday,XLU,LONG,82,46.95,entry (LONG),+0.0000
2026-04-12 16:48:53,intraday,GLD,LONG,10,437.17,entry (LONG),+0.0000
2026-04-12 16:48:54,intraday,IBIT,LONG,22,41.57,entry (LONG),+0.0000
2026-04-12 16:48:55,intraday,EWC,LONG,27,56.77,entry (LONG),+0.0000
2026-04-12 16:48:55,intraday,USO,LONG,17,124.83,entry (LONG),+0.0000
2026-04-12 16:48:57,intraday,XLI,LONG,12,171.51,entry (LONG),+0.0000
2026-04-12 16:48:57,intraday,XLU,LONG,82,46.95,entry (LONG),+0.0000
2026-04-12 16:50:06,intraday,GLD,LONG,10,437.17,entry (LONG),+0.0000
2026-04-12 16:50:07,intraday,IBIT,LONG,22,41.57,entry (LONG),+0.0000
2026-04-12 16:50:07,intraday,EWC,LONG,27,56.77,entry (LONG),+0.0000
2026-04-12 16:50:08,intraday,USO,LONG,17,124.83,entry (LONG),+0.0000
2026-04-12 16:50:09,intraday,XLI,LONG,12,171.51,entry (LONG),+0.0000
2026-04-12 16:50:10,intraday,XLU,LONG,82,46.95,entry (LONG),+0.0000
2026-04-12 16:51:15,intraday,GLD,LONG,10,437.17,entry (LONG),+0.0000
2026-04-12 16:51:15,intraday,IBIT,LONG,22,41.57,entry (LONG),+0.0000
2026-04-12 16:51:16,intraday,EWC,LONG,27,56.77,entry (LONG),+0.0000
2026-04-12 16:51:17,intraday,USO,LONG,17,124.83,entry (LONG),+0.0000
2026-04-12 16:51:18,intraday,XLI,LONG,12,171.51,entry (LONG),+0.0000
2026-04-12 16:51:18,swing,CIBR,SHORT,70,60.74,entry (SHORT),+0.0000
2026-04-12 16:51:19,intraday,XLU,LONG,82,46.95,entry (LONG),+0.0000
2026-04-12 16:51:21,swing,USMV,SHORT,152,92.75,entry (SHORT),+0.0000
2026-04-12 16:51:23,swing,EWY,SHORT,20,138.73,entry (SHORT),+0.0000
2026-04-12 16:51:27,swing,IBIT,SHORT,94,41.56,entry (SHORT),+0.0000
2026-04-12 16:52:24,intraday,GLD,LONG,10,437.17,entry (LONG),+0.0000
2026-04-12 16:52:25,intraday,IBIT,LONG,22,41.57,entry (LONG),+0.0000
2026-04-12 16:52:26,intraday,EWC,LONG,27,56.77,entry (LONG),+0.0000
2026-04-12 16:52:26,intraday,USO,LONG,17,124.83,entry (LONG),+0.0000
2026-04-12 16:52:27,intraday,XLI,LONG,12,171.51,entry (LONG),+0.0000
2026-04-12 16:52:28,intraday,XLU,LONG,82,46.95,entry (LONG),+0.0000
2026-04-12 16:53:33,intraday,GLD,LONG,10,437.17,entry (LONG),+0.0000
2026-04-12 16:53:34,intraday,IBIT,LONG,22,41.57,entry (LONG),+0.0000
2026-04-12 16:53:35,intraday,EWC,LONG,27,56.77,entry (LONG),+0.0000
2026-04-12 16:53:35,intraday,USO,LONG,17,124.83,entry (LONG),+0.0000
2026-04-12 16:53:36,intraday,XLI,LONG,12,171.51,entry (LONG),+0.0000
2026-04-12 16:53:37,intraday,XLU,LONG,82,46.95,entry (LONG),+0.0000
2026-04-12 16:54:42,intraday,GLD,LONG,10,437.17,entry (LONG),+0.0000
2026-04-12 16:54:43,intraday,IBIT,LONG,22,41.57,entry (LONG),+0.0000
2026-04-12 16:54:44,intraday,EWC,LONG,27,56.77,entry (LONG),+0.0000
2026-04-12 16:54:45,intraday,USO,LONG,17,124.83,entry (LONG),+0.0000
2026-04-12 16:54:46,intraday,XLI,LONG,12,171.51,entry (LONG),+0.0000
2026-04-12 16:54:47,intraday,XLU,LONG,82,46.95,entry (LONG),+0.0000
2026-04-12 16:55:52,intraday,GLD,LONG,10,437.17,entry (LONG),+0.0000
2026-04-12 16:55:52,intraday,IBIT,LONG,22,41.57,entry (LONG),+0.0000
2026-04-12 16:55:53,intraday,EWC,LONG,27,56.77,entry (LONG),+0.0000
2026-04-12 16:55:54,intraday,USO,LONG,17,124.83,entry (LONG),+0.0000
2026-04-12 16:55:55,intraday,XLI,LONG,12,171.51,entry (LONG),+0.0000
2026-04-12 16:55:57,intraday,XLU,LONG,82,46.95,entry (LONG),+0.0000
2026-04-12 16:56:50,swing,CIBR,SHORT,70,60.74,entry (SHORT),+0.0000
2026-04-12 16:56:54,swing,USMV,SHORT,152,92.75,entry (SHORT),+0.0000
2026-04-12 16:56:56,swing,EWY,SHORT,20,138.73,entry (SHORT),+0.0000
2026-04-12 16:57:00,swing,IBIT,SHORT,94,41.56,entry (SHORT),+0.0000
2026-04-12 16:57:02,intraday,GLD,LONG,10,437.17,entry (LONG),+0.0000
2026-04-12 16:57:02,intraday,IBIT,LONG,22,41.57,entry (LONG),+0.0000
2026-04-12 16:57:03,intraday,EWC,LONG,27,56.77,entry (LONG),+0.0000
2026-04-12 16:57:04,intraday,USO,LONG,17,124.83,entry (LONG),+0.0000
2026-04-12 16:57:05,intraday,XLI,LONG,12,171.51,entry (LONG),+0.0000
2026-04-12 16:57:06,intraday,XLU,LONG,82,46.95,entry (LONG),+0.0000
2026-04-12 16:58:11,intraday,GLD,LONG,10,437.17,entry (LONG),+0.0000
2026-04-12 16:58:11,intraday,IBIT,LONG,22,41.57,entry (LONG),+0.0000
2026-04-12 16:58:12,intraday,EWC,LONG,27,56.77,entry (LONG),+0.0000
2026-04-12 16:58:13,intraday,USO,LONG,17,124.83,entry (LONG),+0.0000
2026-04-12 16:58:14,intraday,XLI,LONG,12,171.51,entry (LONG),+0.0000
2026-04-12 16:58:15,intraday,XLU,LONG,82,46.95,entry (LONG),+0.0000
2026-04-12 16:59:20,intraday,GLD,LONG,10,437.17,entry (LONG),+0.0000
2026-04-12 16:59:21,intraday,IBIT,LONG,22,41.57,entry (LONG),+0.0000
2026-04-12 16:59:21,intraday,EWC,LONG,27,56.77,entry (LONG),+0.0000
2026-04-12 16:59:22,intraday,USO,LONG,17,124.83,entry (LONG),+0.0000
2026-04-12 16:59:23,intraday,XLI,LONG,12,171.51,entry (LONG),+0.0000
2026-04-12 16:59:24,intraday,XLU,LONG,82,46.95,entry (LONG),+0.0000
2026-04-12 17:00:31,intraday,GLD,LONG,10,437.17,entry (LONG),+0.0000
2026-04-12 17:00:31,intraday,IBIT,LONG,22,41.57,entry (LONG),+0.0000
2026-04-12 17:00:32,intraday,EWC,LONG,27,56.77,entry (LONG),+0.0000
2026-04-12 17:00:33,intraday,USO,LONG,17,124.83,entry (LONG),+0.0000
2026-04-12 17:00:34,intraday,XLI,LONG,12,171.51,entry (LONG),+0.0000
2026-04-12 17:00:35,intraday,XLU,LONG,82,46.95,entry (LONG),+0.0000
2026-04-12 17:01:39,intraday,GLD,LONG,10,437.17,entry (LONG),+0.0000
2026-04-12 17:01:40,intraday,IBIT,LONG,22,41.57,entry (LONG),+0.0000
2026-04-12 17:01:41,intraday,EWC,LONG,27,56.77,entry (LONG),+0.0000
2026-04-12 17:01:42,intraday,USO,LONG,17,124.83,entry (LONG),+0.0000
2026-04-12 17:01:43,intraday,XLI,LONG,12,171.51,entry (LONG),+0.0000
2026-04-12 17:01:44,intraday,XLU,LONG,82,46.95,entry (LONG),+0.0000
2026-04-12 17:02:26,swing,CIBR,SHORT,70,60.74,entry (SHORT),+0.0000
2026-04-12 17:02:28,swing,USMV,SHORT,152,92.75,entry (SHORT),+0.0000
2026-04-12 17:02:30,swing,EWY,SHORT,20,138.73,entry (SHORT),+0.0000
2026-04-12 17:02:35,swing,IBIT,SHORT,94,41.56,entry (SHORT),+0.0000
2026-04-12 17:02:49,intraday,GLD,LONG,10,437.17,entry (LONG),+0.0000
2026-04-12 17:02:50,intraday,IBIT,LONG,22,41.57,entry (LONG),+0.0000
2026-04-12 17:02:50,intraday,EWC,LONG,27,56.77,entry (LONG),+0.0000
2026-04-12 17:02:51,intraday,USO,LONG,17,124.83,entry (LONG),+0.0000
2026-04-12 17:02:52,intraday,XLI,LONG,12,171.51,entry (LONG),+0.0000
2026-04-12 17:02:53,intraday,XLU,LONG,82,46.95,entry (LONG),+0.0000
2026-04-12 17:03:58,intraday,GLD,LONG,10,437.17,entry (LONG),+0.0000
2026-04-12 17:03:59,intraday,IBIT,LONG,22,41.57,entry (LONG),+0.0000
2026-04-12 17:03:59,intraday,EWC,LONG,27,56.77,entry (LONG),+0.0000
2026-04-12 17:04:00,intraday,USO,LONG,17,124.83,entry (LONG),+0.0000
2026-04-12 17:04:01,intraday,XLI,LONG,12,171.51,entry (LONG),+0.0000
2026-04-12 17:04:02,intraday,XLU,LONG,82,46.95,entry (LONG),+0.0000
2026-04-12 17:05:08,intraday,GLD,LONG,10,437.17,entry (LONG),+0.0000
2026-04-12 17:05:09,intraday,IBIT,LONG,22,41.57,entry (LONG),+0.0000
2026-04-12 17:05:10,intraday,EWC,LONG,27,56.77,entry (LONG),+0.0000
2026-04-12 17:05:10,intraday,USO,LONG,17,124.83,entry (LONG),+0.0000
2026-04-12 17:05:11,intraday,XLI,LONG,12,171.51,entry (LONG),+0.0000
2026-04-12 17:05:12,intraday,XLU,LONG,82,46.95,entry (LONG),+0.0000
2026-04-12 17:06:17,intraday,GLD,LONG,10,437.17,entry (LONG),+0.0000
2026-04-12 17:06:18,intraday,IBIT,LONG,22,41.57,entry (LONG),+0.0000
2026-04-12 17:06:19,intraday,EWC,LONG,27,56.77,entry (LONG),+0.0000
2026-04-12 17:06:19,intraday,USO,LONG,17,124.83,entry (LONG),+0.0000
2026-04-12 17:06:20,intraday,XLI,LONG,12,171.51,entry (LONG),+0.0000
2026-04-12 17:06:21,intraday,XLU,LONG,82,46.95,entry (LONG),+0.0000
2026-04-12 17:07:27,intraday,GLD,LONG,10,437.17,entry (LONG),+0.0000
2026-04-12 17:07:28,intraday,IBIT,LONG,22,41.57,entry (LONG),+0.0000
2026-04-12 17:07:28,intraday,EWC,LONG,27,56.77,entry (LONG),+0.0000
2026-04-12 17:07:29,intraday,USO,LONG,17,124.83,entry (LONG),+0.0000
2026-04-12 17:07:31,intraday,XLI,LONG,12,171.51,entry (LONG),+0.0000
2026-04-12 17:07:31,intraday,XLU,LONG,82,46.95,entry (LONG),+0.0000
2026-04-12 17:07:53,swing,CIBR,SHORT,70,60.74,entry (SHORT),+0.0000
2026-04-12 17:07:55,swing,USMV,SHORT,152,92.75,entry (SHORT),+0.0000
2026-04-12 17:07:58,swing,EWY,SHORT,20,138.73,entry (SHORT),+0.0000
2026-04-12 17:08:03,swing,IBIT,SHORT,94,41.56,entry (SHORT),+0.0000
2026-04-12 17:08:41,intraday,GLD,LONG,10,437.17,entry (LONG),+0.0000
2026-04-12 17:08:42,intraday,IBIT,LONG,22,41.57,entry (LONG),+0.0000
2026-04-12 17:08:43,intraday,EWC,LONG,27,56.77,entry (LONG),+0.0000
2026-04-12 17:08:44,intraday,USO,LONG,17,124.83,entry (LONG),+0.0000
2026-04-12 17:08:45,intraday,XLI,LONG,12,171.51,entry (LONG),+0.0000
2026-04-12 17:08:46,intraday,XLU,LONG,82,46.95,entry (LONG),+0.0000
2026-04-12 17:09:52,intraday,GLD,LONG,10,437.17,entry (LONG),+0.0000
2026-04-12 17:09:53,intraday,IBIT,LONG,22,41.57,entry (LONG),+0.0000
2026-04-12 17:09:54,intraday,EWC,LONG,27,56.77,entry (LONG),+0.0000
2026-04-12 17:09:54,intraday,USO,LONG,17,124.83,entry (LONG),+0.0000
2026-04-12 17:09:55,intraday,XLI,LONG,12,171.51,entry (LONG),+0.0000
2026-04-12 17:09:56,intraday,XLU,LONG,82,46.95,entry (LONG),+0.0000
2026-04-12 17:11:03,intraday,GLD,LONG,10,437.17,entry (LONG),+0.0000
2026-04-12 17:11:04,intraday,IBIT,LONG,22,41.57,entry (LONG),+0.0000
2026-04-12 17:11:05,intraday,EWC,LONG,27,56.77,entry (LONG),+0.0000
2026-04-12 17:11:05,intraday,USO,LONG,17,124.83,entry (LONG),+0.0000
2026-04-12 17:11:07,intraday,XLI,LONG,12,171.51,entry (LONG),+0.0000
2026-04-12 17:11:07,intraday,XLU,LONG,82,46.95,entry (LONG),+0.0000
2026-04-12 17:12:12,intraday,GLD,LONG,10,437.17,entry (LONG),+0.0000
2026-04-12 17:12:13,intraday,IBIT,LONG,22,41.57,entry (LONG),+0.0000
2026-04-12 17:12:14,intraday,EWC,LONG,27,56.77,entry (LONG),+0.0000
2026-04-12 17:12:14,intraday,USO,LONG,17,124.83,entry (LONG),+0.0000
2026-04-12 17:12:15,intraday,XLI,LONG,12,171.51,entry (LONG),+0.0000
2026-04-12 17:12:16,intraday,XLU,LONG,82,46.95,entry (LONG),+0.0000
2026-04-12 17:13:21,intraday,GLD,LONG,10,437.17,entry (LONG),+0.0000
2026-04-12 17:13:22,intraday,IBIT,LONG,22,41.57,entry (LONG),+0.0000
2026-04-12 17:13:23,intraday,EWC,LONG,27,56.77,entry (LONG),+0.0000
2026-04-12 17:13:23,intraday,USO,LONG,17,124.83,entry (LONG),+0.0000
2026-04-12 17:13:24,intraday,XLI,LONG,12,171.51,entry (LONG),+0.0000
2026-04-12 17:13:25,intraday,XLU,LONG,82,46.95,entry (LONG),+0.0000
2026-04-12 17:13:30,swing,CIBR,SHORT,70,60.74,entry (SHORT),+0.0000
2026-04-12 17:13:32,swing,USMV,SHORT,152,92.75,entry (SHORT),+0.0000
2026-04-12 17:13:34,swing,EWY,SHORT,20,138.73,entry (SHORT),+0.0000
2026-04-12 17:13:39,swing,IBIT,SHORT,94,41.56,entry (SHORT),+0.0000
2026-04-12 17:14:30,intraday,GLD,LONG,10,437.17,entry (LONG),+0.0000
2026-04-12 17:14:31,intraday,IBIT,LONG,22,41.57,entry (LONG),+0.0000
2026-04-12 17:14:31,intraday,EWC,LONG,27,56.77,entry (LONG),+0.0000
2026-04-12 17:14:32,intraday,USO,LONG,17,124.83,entry (LONG),+0.0000
2026-04-12 17:14:33,intraday,XLI,LONG,12,171.51,entry (LONG),+0.0000
2026-04-12 17:14:34,intraday,XLU,LONG,82,46.95,entry (LONG),+0.0000
2026-04-12 17:15:39,intraday,GLD,LONG,10,437.17,entry (LONG),+0.0000
2026-04-12 17:15:39,intraday,IBIT,LONG,22,41.57,entry (LONG),+0.0000
2026-04-12 17:15:40,intraday,EWC,LONG,27,56.77,entry (LONG),+0.0000
2026-04-12 17:15:41,intraday,USO,LONG,17,124.83,entry (LONG),+0.0000
2026-04-12 17:15:42,intraday,XLI,LONG,12,171.51,entry (LONG),+0.0000
2026-04-12 17:15:43,intraday,XLU,LONG,82,46.95,entry (LONG),+0.0000
2026-04-12 17:16:48,intraday,GLD,LONG,10,437.17,entry (LONG),+0.0000
2026-04-12 17:16:49,intraday,IBIT,LONG,22,41.57,entry (LONG),+0.0000
2026-04-12 17:16:50,intraday,EWC,LONG,27,56.77,entry (LONG),+0.0000
2026-04-12 17:16:51,intraday,USO,LONG,17,124.83,entry (LONG),+0.0000
2026-04-12 17:16:52,intraday,XLI,LONG,12,171.51,entry (LONG),+0.0000
2026-04-12 17:16:52,intraday,XLU,LONG,82,46.95,entry (LONG),+0.0000
2026-04-12 17:17:58,intraday,GLD,LONG,10,437.17,entry (LONG),+0.0000
2026-04-12 17:17:59,intraday,IBIT,LONG,22,41.57,entry (LONG),+0.0000
2026-04-12 17:18:00,intraday,EWC,LONG,27,56.77,entry (LONG),+0.0000
2026-04-12 17:18:00,intraday,USO,LONG,17,124.83,entry (LONG),+0.0000
2026-04-12 17:18:02,intraday,XLI,LONG,12,171.51,entry (LONG),+0.0000
2026-04-12 17:18:03,intraday,XLU,LONG,82,46.95,entry (LONG),+0.0000
2026-04-12 17:18:54,swing,CIBR,SHORT,70,60.74,entry (SHORT),+0.0000
2026-04-12 17:18:56,swing,USMV,SHORT,152,92.75,entry (SHORT),+0.0000
2026-04-12 17:18:58,swing,EWY,SHORT,20,138.73,entry (SHORT),+0.0000
2026-04-12 17:19:03,swing,IBIT,SHORT,94,41.56,entry (SHORT),+0.0000
2026-04-12 17:19:08,intraday,GLD,LONG,10,437.17,entry (LONG),+0.0000
2026-04-12 17:19:08,intraday,IBIT,LONG,22,41.57,entry (LONG),+0.0000
2026-04-12 17:19:09,intraday,EWC,LONG,27,56.77,entry (LONG),+0.0000
2026-04-12 17:19:10,intraday,USO,LONG,17,124.83,entry (LONG),+0.0000
2026-04-12 17:19:11,intraday,XLI,LONG,12,171.51,entry (LONG),+0.0000
2026-04-12 17:19:12,intraday,XLU,LONG,82,46.95,entry (LONG),+0.0000
2026-04-12 17:20:17,intraday,GLD,LONG,10,437.17,entry (LONG),+0.0000
2026-04-12 17:20:18,intraday,IBIT,LONG,22,41.57,entry (LONG),+0.0000
2026-04-12 17:20:18,intraday,EWC,LONG,27,56.77,entry (LONG),+0.0000
2026-04-12 17:20:19,intraday,USO,LONG,17,124.83,entry (LONG),+0.0000
2026-04-12 17:20:20,intraday,XLI,LONG,12,171.51,entry (LONG),+0.0000
2026-04-12 17:20:21,intraday,XLU,LONG,82,46.95,entry (LONG),+0.0000
2026-04-12 17:21:27,intraday,GLD,LONG,10,437.17,entry (LONG),+0.0000
2026-04-12 17:21:28,intraday,IBIT,LONG,22,41.57,entry (LONG),+0.0000
2026-04-12 17:21:28,intraday,EWC,LONG,27,56.77,entry (LONG),+0.0000
2026-04-12 17:21:29,intraday,USO,LONG,17,124.83,entry (LONG),+0.0000
2026-04-12 17:21:30,intraday,XLI,LONG,12,171.51,entry (LONG),+0.0000
2026-04-12 17:21:31,intraday,XLU,LONG,82,46.95,entry (LONG),+0.0000
2026-04-12 17:22:37,intraday,GLD,LONG,10,437.17,entry (LONG),+0.0000
2026-04-12 17:22:37,intraday,IBIT,LONG,22,41.57,entry (LONG),+0.0000
2026-04-12 17:22:38,intraday,EWC,LONG,27,56.77,entry (LONG),+0.0000
2026-04-12 17:22:39,intraday,USO,LONG,17,124.83,entry (LONG),+0.0000
2026-04-12 17:22:40,intraday,XLI,LONG,12,171.51,entry (LONG),+0.0000
2026-04-12 17:22:41,intraday,XLU,LONG,82,46.95,entry (LONG),+0.0000
2026-04-12 17:23:46,intraday,GLD,LONG,10,437.17,entry (LONG),+0.0000
2026-04-12 17:23:47,intraday,IBIT,LONG,22,41.57,entry (LONG),+0.0000
2026-04-12 17:23:47,intraday,EWC,LONG,27,56.77,entry (LONG),+0.0000
2026-04-12 17:23:48,intraday,USO,LONG,17,124.83,entry (LONG),+0.0000
2026-04-12 17:23:49,intraday,XLI,LONG,12,171.51,entry (LONG),+0.0000
2026-04-12 17:23:50,intraday,XLU,LONG,82,46.95,entry (LONG),+0.0000
2026-04-12 17:24:19,swing,CIBR,SHORT,70,60.74,entry (SHORT),+0.0000
2026-04-12 17:24:21,swing,USMV,SHORT,152,92.75,entry (SHORT),+0.0000
2026-04-12 17:24:23,swing,EWY,SHORT,20,138.73,entry (SHORT),+0.0000
2026-04-12 17:24:28,swing,IBIT,SHORT,94,41.56,entry (SHORT),+0.0000
2026-04-12 17:24:55,intraday,GLD,LONG,10,437.17,entry (LONG),+0.0000
2026-04-12 17:24:56,intraday,IBIT,LONG,22,41.57,entry (LONG),+0.0000
2026-04-12 17:24:57,intraday,EWC,LONG,27,56.77,entry (LONG),+0.0000
2026-04-12 17:24:57,intraday,USO,LONG,17,124.83,entry (LONG),+0.0000
2026-04-12 17:24:58,intraday,XLI,LONG,12,171.51,entry (LONG),+0.0000
2026-04-12 17:24:59,intraday,XLU,LONG,82,46.95,entry (LONG),+0.0000
2026-04-12 17:26:10,intraday,GLD,LONG,10,437.17,entry (LONG),+0.0000
2026-04-12 17:26:10,intraday,IBIT,LONG,22,41.57,entry (LONG),+0.0000
2026-04-12 17:26:11,intraday,EWC,LONG,27,56.77,entry (LONG),+0.0000
2026-04-12 17:26:12,intraday,USO,LONG,17,124.83,entry (LONG),+0.0000
2026-04-12 17:26:13,intraday,XLI,LONG,12,171.51,entry (LONG),+0.0000
2026-04-12 17:26:14,intraday,XLU,LONG,82,46.95,entry (LONG),+0.0000
2026-04-12 17:27:19,intraday,GLD,LONG,10,437.17,entry (LONG),+0.0000
2026-04-12 17:27:20,intraday,IBIT,LONG,22,41.57,entry (LONG),+0.0000
2026-04-12 17:27:20,intraday,EWC,LONG,27,56.77,entry (LONG),+0.0000
2026-04-12 17:27:27,intraday,USO,LONG,17,124.83,entry (LONG),+0.0000
2026-04-12 17:27:28,intraday,XLI,LONG,12,171.51,entry (LONG),+0.0000
2026-04-12 17:27:29,intraday,XLU,LONG,82,46.95,entry (LONG),+0.0000
2026-04-12 17:28:34,intraday,GLD,LONG,10,437.17,entry (LONG),+0.0000
2026-04-12 17:28:35,intraday,IBIT,LONG,22,41.57,entry (LONG),+0.0000
2026-04-12 17:28:36,intraday,EWC,LONG,27,56.77,entry (LONG),+0.0000
2026-04-12 17:28:36,intraday,USO,LONG,17,124.83,entry (LONG),+0.0000
2026-04-12 17:28:37,intraday,XLI,LONG,12,171.51,entry (LONG),+0.0000
2026-04-12 17:28:38,intraday,XLU,LONG,82,46.95,entry (LONG),+0.0000
2026-04-12 17:29:43,intraday,GLD,LONG,10,437.17,entry (LONG),+0.0000
2026-04-12 17:29:44,swing,CIBR,SHORT,70,60.74,entry (SHORT),+0.0000
2026-04-12 17:29:44,intraday,IBIT,LONG,22,41.57,entry (LONG),+0.0000
2026-04-12 17:29:45,intraday,EWC,LONG,27,56.77,entry (LONG),+0.0000
2026-04-12 17:29:46,swing,USMV,SHORT,152,92.75,entry (SHORT),+0.0000
2026-04-12 17:29:46,intraday,USO,LONG,17,124.83,entry (LONG),+0.0000
2026-04-12 17:29:47,intraday,XLI,LONG,12,171.51,entry (LONG),+0.0000
2026-04-12 17:29:47,intraday,XLU,LONG,82,46.95,entry (LONG),+0.0000
2026-04-12 17:29:48,swing,EWY,SHORT,20,138.73,entry (SHORT),+0.0000
2026-04-12 17:29:52,swing,IBIT,SHORT,94,41.56,entry (SHORT),+0.0000
2026-04-12 17:30:53,intraday,GLD,LONG,10,437.17,entry (LONG),+0.0000
2026-04-12 17:30:53,intraday,IBIT,LONG,22,41.57,entry (LONG),+0.0000
2026-04-12 17:30:54,intraday,EWC,LONG,27,56.77,entry (LONG),+0.0000
2026-04-12 17:30:55,intraday,USO,LONG,17,124.83,entry (LONG),+0.0000
2026-04-12 17:30:56,intraday,XLI,LONG,12,171.51,entry (LONG),+0.0000
2026-04-12 17:30:57,intraday,XLU,LONG,82,46.95,entry (LONG),+0.0000
2026-04-12 17:32:02,intraday,GLD,LONG,10,437.17,entry (LONG),+0.0000
2026-04-12 17:32:03,intraday,IBIT,LONG,22,41.57,entry (LONG),+0.0000
2026-04-12 17:32:04,intraday,EWC,LONG,27,56.77,entry (LONG),+0.0000
2026-04-12 17:32:04,intraday,USO,LONG,17,124.83,entry (LONG),+0.0000
2026-04-12 17:32:06,intraday,XLI,LONG,12,171.51,entry (LONG),+0.0000
2026-04-12 17:32:06,intraday,XLU,LONG,82,46.95,entry (LONG),+0.0000
2026-04-12 17:33:12,intraday,GLD,LONG,10,437.17,entry (LONG),+0.0000
2026-04-12 17:33:13,intraday,IBIT,LONG,22,41.57,entry (LONG),+0.0000
2026-04-12 17:33:13,intraday,EWC,LONG,27,56.77,entry (LONG),+0.0000
2026-04-12 17:33:14,intraday,USO,LONG,17,124.83,entry (LONG),+0.0000
2026-04-12 17:33:15,intraday,XLI,LONG,12,171.51,entry (LONG),+0.0000
2026-04-12 17:33:16,intraday,XLU,LONG,82,46.95,entry (LONG),+0.0000
2026-04-12 17:34:21,intraday,GLD,LONG,10,437.17,entry (LONG),+0.0000
2026-04-12 17:34:22,intraday,IBIT,LONG,22,41.57,entry (LONG),+0.0000
2026-04-12 17:34:22,intraday,EWC,LONG,27,56.77,entry (LONG),+0.0000
2026-04-12 17:34:23,intraday,USO,LONG,17,124.83,entry (LONG),+0.0000
2026-04-12 17:34:24,intraday,XLI,LONG,12,171.51,entry (LONG),+0.0000
2026-04-12 17:34:25,intraday,XLU,LONG,82,46.95,entry (LONG),+0.0000
2026-04-12 17:35:09,swing,CIBR,SHORT,70,60.74,entry (SHORT),+0.0000
2026-04-12 17:35:11,swing,USMV,SHORT,152,92.75,entry (SHORT),+0.0000
2026-04-12 17:35:13,swing,EWY,SHORT,20,138.73,entry (SHORT),+0.0000
2026-04-12 17:35:17,swing,IBIT,SHORT,94,41.56,entry (SHORT),+0.0000
2026-04-12 17:35:30,intraday,GLD,LONG,10,437.17,entry (LONG),+0.0000
2026-04-12 17:35:30,intraday,IBIT,LONG,22,41.57,entry (LONG),+0.0000
2026-04-12 17:35:31,intraday,EWC,LONG,27,56.77,entry (LONG),+0.0000
2026-04-12 17:35:32,intraday,USO,LONG,17,124.83,entry (LONG),+0.0000
2026-04-12 17:35:33,intraday,XLI,LONG,12,171.51,entry (LONG),+0.0000
2026-04-12 17:35:34,intraday,XLU,LONG,82,46.95,entry (LONG),+0.0000
2026-04-12 17:36:38,intraday,GLD,LONG,10,437.17,entry (LONG),+0.0000
2026-04-12 17:36:39,intraday,IBIT,LONG,22,41.57,entry (LONG),+0.0000
2026-04-12 17:36:40,intraday,EWC,LONG,27,56.77,entry (LONG),+0.0000
2026-04-12 17:36:41,intraday,USO,LONG,17,124.83,entry (LONG),+0.0000
2026-04-12 17:36:42,intraday,XLI,LONG,12,171.51,entry (LONG),+0.0000
2026-04-12 17:36:42,intraday,XLU,LONG,82,46.95,entry (LONG),+0.0000
2026-04-12 17:37:47,intraday,GLD,LONG,10,437.17,entry (LONG),+0.0000
2026-04-12 17:37:48,intraday,IBIT,LONG,22,41.57,entry (LONG),+0.0000
2026-04-12 17:37:49,intraday,EWC,LONG,27,56.77,entry (LONG),+0.0000
2026-04-12 17:37:50,intraday,USO,LONG,17,124.83,entry (LONG),+0.0000
2026-04-12 17:37:51,intraday,XLI,LONG,12,171.51,entry (LONG),+0.0000
2026-04-12 17:37:51,intraday,XLU,LONG,82,46.95,entry (LONG),+0.0000
2026-04-12 17:38:56,intraday,GLD,LONG,10,437.17,entry (LONG),+0.0000
2026-04-12 17:38:57,intraday,IBIT,LONG,22,41.57,entry (LONG),+0.0000
2026-04-12 17:38:58,intraday,EWC,LONG,27,56.77,entry (LONG),+0.0000
2026-04-12 17:38:58,intraday,USO,LONG,17,124.83,entry (LONG),+0.0000
2026-04-12 17:38:59,intraday,XLI,LONG,12,171.51,entry (LONG),+0.0000
2026-04-12 17:39:00,intraday,XLU,LONG,82,46.95,entry (LONG),+0.0000
2026-04-12 17:40:05,intraday,GLD,LONG,10,437.17,entry (LONG),+0.0000
2026-04-12 17:40:06,intraday,IBIT,LONG,22,41.57,entry (LONG),+0.0000
2026-04-12 17:40:07,intraday,EWC,LONG,27,56.77,entry (LONG),+0.0000
2026-04-12 17:40:07,intraday,USO,LONG,17,124.83,entry (LONG),+0.0000
2026-04-12 17:40:08,intraday,XLI,LONG,12,171.51,entry (LONG),+0.0000
2026-04-12 17:40:09,intraday,XLU,LONG,82,46.95,entry (LONG),+0.0000
2026-04-12 17:40:35,swing,CIBR,SHORT,70,60.74,entry (SHORT),+0.0000
2026-04-12 17:40:37,swing,USMV,SHORT,152,92.75,entry (SHORT),+0.0000
2026-04-12 17:40:39,swing,EWY,SHORT,20,138.73,entry (SHORT),+0.0000
2026-04-12 17:40:43,swing,IBIT,SHORT,94,41.56,entry (SHORT),+0.0000
2026-04-12 17:41:14,intraday,GLD,LONG,10,437.17,entry (LONG),+0.0000
2026-04-12 17:41:15,intraday,IBIT,LONG,22,41.57,entry (LONG),+0.0000
2026-04-12 17:41:15,intraday,EWC,LONG,27,56.77,entry (LONG),+0.0000
2026-04-12 17:41:16,intraday,USO,LONG,17,124.83,entry (LONG),+0.0000
2026-04-12 17:41:17,intraday,XLI,LONG,12,171.51,entry (LONG),+0.0000
2026-04-12 17:41:18,intraday,XLU,LONG,82,46.95,entry (LONG),+0.0000
2026-04-12 17:42:23,intraday,GLD,LONG,10,437.17,entry (LONG),+0.0000
2026-04-12 17:42:24,intraday,IBIT,LONG,22,41.57,entry (LONG),+0.0000
2026-04-12 17:42:24,intraday,EWC,LONG,27,56.77,entry (LONG),+0.0000
2026-04-12 17:42:25,intraday,USO,LONG,17,124.83,entry (LONG),+0.0000
2026-04-12 17:42:26,intraday,XLI,LONG,12,171.51,entry (LONG),+0.0000
2026-04-12 17:42:27,intraday,XLU,LONG,82,46.95,entry (LONG),+0.0000
2026-04-12 17:43:32,intraday,GLD,LONG,10,437.17,entry (LONG),+0.0000
2026-04-12 17:43:32,intraday,IBIT,LONG,22,41.57,entry (LONG),+0.0000
2026-04-12 17:43:33,intraday,EWC,LONG,27,56.77,entry (LONG),+0.0000
2026-04-12 17:43:34,intraday,USO,LONG,17,124.83,entry (LONG),+0.0000
2026-04-12 17:43:35,intraday,XLI,LONG,12,171.51,entry (LONG),+0.0000
2026-04-12 17:43:36,intraday,XLU,LONG,82,46.95,entry (LONG),+0.0000
2026-04-12 17:44:40,intraday,GLD,LONG,10,437.17,entry (LONG),+0.0000
2026-04-12 17:44:41,intraday,IBIT,LONG,22,41.57,entry (LONG),+0.0000
2026-04-12 17:44:42,intraday,EWC,LONG,27,56.77,entry (LONG),+0.0000
2026-04-12 17:44:43,intraday,USO,LONG,17,124.83,entry (LONG),+0.0000
2026-04-12 17:44:44,intraday,XLI,LONG,12,171.51,entry (LONG),+0.0000
2026-04-12 17:44:44,intraday,XLU,LONG,82,46.95,entry (LONG),+0.0000
2026-04-12 17:45:49,intraday,GLD,LONG,10,437.17,entry (LONG),+0.0000
2026-04-12 17:45:50,intraday,IBIT,LONG,22,41.57,entry (LONG),+0.0000
2026-04-12 17:45:51,intraday,EWC,LONG,27,56.77,entry (LONG),+0.0000
2026-04-12 17:45:52,intraday,USO,LONG,17,124.83,entry (LONG),+0.0000
2026-04-12 17:45:53,intraday,XLI,LONG,12,171.51,entry (LONG),+0.0000
2026-04-12 17:45:54,intraday,XLU,LONG,82,46.95,entry (LONG),+0.0000
2026-04-12 17:45:59,swing,CIBR,SHORT,70,60.74,entry (SHORT),+0.0000
2026-04-12 17:46:01,swing,USMV,SHORT,152,92.75,entry (SHORT),+0.0000
2026-04-12 17:46:03,swing,EWY,SHORT,20,138.73,entry (SHORT),+0.0000
2026-04-12 17:46:15,swing,IBIT,SHORT,94,41.56,entry (SHORT),+0.0000
2026-04-12 17:47:00,intraday,GLD,LONG,10,437.17,entry (LONG),+0.0000
2026-04-12 17:47:01,intraday,IBIT,LONG,22,41.57,entry (LONG),+0.0000
2026-04-12 17:47:01,intraday,EWC,LONG,27,56.77,entry (LONG),+0.0000
2026-04-12 17:47:02,intraday,USO,LONG,17,124.83,entry (LONG),+0.0000
2026-04-12 17:47:03,intraday,XLI,LONG,12,171.51,entry (LONG),+0.0000
2026-04-12 17:47:04,intraday,XLU,LONG,82,46.95,entry (LONG),+0.0000
2026-04-12 17:48:11,intraday,GLD,LONG,10,437.17,entry (LONG),+0.0000
2026-04-12 17:48:11,intraday,IBIT,LONG,22,41.57,entry (LONG),+0.0000
2026-04-12 17:48:12,intraday,EWC,LONG,27,56.77,entry (LONG),+0.0000
2026-04-12 17:48:13,intraday,USO,LONG,17,124.83,entry (LONG),+0.0000
2026-04-12 17:48:14,intraday,XLI,LONG,12,171.51,entry (LONG),+0.0000
2026-04-12 17:48:15,intraday,XLU,LONG,82,46.95,entry (LONG),+0.0000
2026-04-12 17:49:20,intraday,GLD,LONG,10,437.17,entry (LONG),+0.0000
2026-04-12 17:49:20,intraday,IBIT,LONG,22,41.57,entry (LONG),+0.0000
2026-04-12 17:49:21,intraday,EWC,LONG,27,56.77,entry (LONG),+0.0000
2026-04-12 17:49:22,intraday,USO,LONG,17,124.83,entry (LONG),+0.0000
2026-04-12 17:49:23,intraday,XLI,LONG,12,171.51,entry (LONG),+0.0000
2026-04-12 17:49:24,intraday,XLU,LONG,82,46.95,entry (LONG),+0.0000
2026-04-12 17:50:28,intraday,GLD,LONG,10,437.17,entry (LONG),+0.0000
2026-04-12 17:50:29,intraday,IBIT,LONG,22,41.57,entry (LONG),+0.0000
2026-04-12 17:50:30,intraday,EWC,LONG,27,56.77,entry (LONG),+0.0000
2026-04-12 17:50:30,intraday,USO,LONG,17,124.83,entry (LONG),+0.0000
2026-04-12 17:50:32,intraday,XLI,LONG,12,171.51,entry (LONG),+0.0000
2026-04-12 17:50:32,intraday,XLU,LONG,82,46.95,entry (LONG),+0.0000
2026-04-12 17:51:31,swing,CIBR,SHORT,70,60.74,entry (SHORT),+0.0000
2026-04-12 17:51:33,swing,USMV,SHORT,152,92.75,entry (SHORT),+0.0000
2026-04-12 17:51:35,swing,EWY,SHORT,20,138.73,entry (SHORT),+0.0000
2026-04-12 17:51:37,intraday,GLD,LONG,10,437.17,entry (LONG),+0.0000
2026-04-12 17:51:38,intraday,IBIT,LONG,22,41.57,entry (LONG),+0.0000
2026-04-12 17:51:39,intraday,EWC,LONG,27,56.77,entry (LONG),+0.0000
2026-04-12 17:51:39,swing,IBIT,SHORT,94,41.56,entry (SHORT),+0.0000
2026-04-12 17:51:40,intraday,USO,LONG,17,124.83,entry (LONG),+0.0000
2026-04-12 17:51:41,intraday,XLI,LONG,12,171.51,entry (LONG),+0.0000
2026-04-12 17:51:42,intraday,XLU,LONG,82,46.95,entry (LONG),+0.0000
2026-04-12 17:52:50,intraday,GLD,LONG,10,437.17,entry (LONG),+0.0000
2026-04-12 17:52:51,intraday,IBIT,LONG,22,41.57,entry (LONG),+0.0000
2026-04-12 17:52:52,intraday,EWC,LONG,27,56.77,entry (LONG),+0.0000
2026-04-12 17:52:52,intraday,USO,LONG,17,124.83,entry (LONG),+0.0000
2026-04-12 17:52:54,intraday,XLI,LONG,12,171.51,entry (LONG),+0.0000
2026-04-12 17:52:55,intraday,XLU,LONG,82,46.95,entry (LONG),+0.0000
2026-04-12 17:54:01,intraday,GLD,LONG,10,437.17,entry (LONG),+0.0000
2026-04-12 17:54:02,intraday,IBIT,LONG,22,41.57,entry (LONG),+0.0000
2026-04-12 17:54:03,intraday,EWC,LONG,27,56.77,entry (LONG),+0.0000
2026-04-12 17:54:03,intraday,USO,LONG,17,124.83,entry (LONG),+0.0000
2026-04-12 17:54:04,intraday,XLI,LONG,12,171.51,entry (LONG),+0.0000
2026-04-12 17:54:05,intraday,XLU,LONG,82,46.95,entry (LONG),+0.0000
2026-04-12 17:55:10,intraday,GLD,LONG,10,437.17,entry (LONG),+0.0000
2026-04-12 17:55:11,intraday,IBIT,LONG,22,41.57,entry (LONG),+0.0000
2026-04-12 17:55:12,intraday,EWC,LONG,27,56.77,entry (LONG),+0.0000
2026-04-12 17:55:12,intraday,USO,LONG,17,124.83,entry (LONG),+0.0000
2026-04-12 17:55:13,intraday,XLI,LONG,12,171.51,entry (LONG),+0.0000
2026-04-12 17:55:14,intraday,XLU,LONG,82,46.95,entry (LONG),+0.0000
2026-04-12 17:56:19,intraday,GLD,LONG,10,437.17,entry (LONG),+0.0000
2026-04-12 17:56:20,intraday,IBIT,LONG,22,41.57,entry (LONG),+0.0000
2026-04-12 17:56:21,intraday,EWC,LONG,27,56.77,entry (LONG),+0.0000
2026-04-12 17:56:21,intraday,USO,LONG,17,124.83,entry (LONG),+0.0000
2026-04-12 17:56:22,intraday,XLI,LONG,12,171.51,entry (LONG),+0.0000
2026-04-12 17:56:23,intraday,XLU,LONG,82,46.95,entry (LONG),+0.0000
2026-04-12 17:56:57,swing,CIBR,SHORT,70,60.74,entry (SHORT),+0.0000
2026-04-12 17:56:59,swing,USMV,SHORT,152,92.75,entry (SHORT),+0.0000
2026-04-12 17:57:03,swing,EWY,SHORT,20,138.73,entry (SHORT),+0.0000
2026-04-12 17:57:07,swing,IBIT,SHORT,94,41.56,entry (SHORT),+0.0000
2026-04-12 17:57:28,intraday,GLD,LONG,10,437.17,entry (LONG),+0.0000
2026-04-12 17:57:29,intraday,IBIT,LONG,22,41.57,entry (LONG),+0.0000
2026-04-12 17:57:30,intraday,EWC,LONG,27,56.77,entry (LONG),+0.0000
2026-04-12 17:57:30,intraday,USO,LONG,17,124.83,entry (LONG),+0.0000
2026-04-12 17:57:31,intraday,XLI,LONG,12,171.51,entry (LONG),+0.0000
2026-04-12 17:57:32,intraday,XLU,LONG,82,46.95,entry (LONG),+0.0000
2026-04-12 17:58:37,intraday,GLD,LONG,10,437.17,entry (LONG),+0.0000
2026-04-12 17:58:38,intraday,IBIT,LONG,22,41.57,entry (LONG),+0.0000
2026-04-12 17:58:39,intraday,EWC,LONG,27,56.77,entry (LONG),+0.0000
2026-04-12 17:58:39,intraday,USO,LONG,17,124.83,entry (LONG),+0.0000
2026-04-12 17:58:40,intraday,XLI,LONG,12,171.51,entry (LONG),+0.0000
2026-04-12 17:58:41,intraday,XLU,LONG,82,46.95,entry (LONG),+0.0000
2026-04-12 17:59:46,intraday,GLD,LONG,10,437.17,entry (LONG),+0.0000
2026-04-12 17:59:47,intraday,IBIT,LONG,22,41.57,entry (LONG),+0.0000
2026-04-12 17:59:47,intraday,EWC,LONG,27,56.77,entry (LONG),+0.0000
2026-04-12 17:59:48,intraday,USO,LONG,17,124.83,entry (LONG),+0.0000
2026-04-12 17:59:49,intraday,XLI,LONG,12,171.51,entry (LONG),+0.0000
2026-04-12 17:59:50,intraday,XLU,LONG,82,46.95,entry (LONG),+0.0000
2026-04-12 18:00:55,intraday,GLD,LONG,10,437.17,entry (LONG),+0.0000
2026-04-12 18:00:56,intraday,IBIT,LONG,22,41.57,entry (LONG),+0.0000
2026-04-12 18:00:56,intraday,EWC,LONG,27,56.77,entry (LONG),+0.0000
2026-04-12 18:00:57,intraday,USO,LONG,17,124.83,entry (LONG),+0.0000
2026-04-12 18:00:58,intraday,XLI,LONG,12,171.51,entry (LONG),+0.0000
2026-04-12 18:00:59,intraday,XLU,LONG,82,46.95,entry (LONG),+0.0000
2026-04-12 18:02:04,intraday,GLD,LONG,10,437.17,entry (LONG),+0.0000
2026-04-12 18:02:05,intraday,IBIT,LONG,22,41.57,entry (LONG),+0.0000
2026-04-12 18:02:05,intraday,EWC,LONG,27,56.77,entry (LONG),+0.0000
2026-04-12 18:02:06,intraday,USO,LONG,17,124.83,entry (LONG),+0.0000
2026-04-12 18:02:07,intraday,XLI,LONG,12,171.51,entry (LONG),+0.0000
2026-04-12 18:02:08,intraday,XLU,LONG,82,46.95,entry (LONG),+0.0000
2026-04-12 18:02:23,swing,CIBR,SHORT,70,60.74,entry (SHORT),+0.0000
2026-04-12 18:02:25,swing,USMV,SHORT,152,92.75,entry (SHORT),+0.0000
2026-04-12 18:02:27,swing,EWY,SHORT,20,138.73,entry (SHORT),+0.0000
2026-04-12 18:02:32,swing,IBIT,SHORT,94,41.56,entry (SHORT),+0.0000
2026-04-12 18:03:13,intraday,GLD,LONG,10,437.17,entry (LONG),+0.0000
2026-04-12 18:03:13,intraday,IBIT,LONG,22,41.57,entry (LONG),+0.0000
2026-04-12 18:03:14,intraday,EWC,LONG,27,56.77,entry (LONG),+0.0000
2026-04-12 18:03:15,intraday,USO,LONG,17,124.83,entry (LONG),+0.0000
2026-04-12 18:03:16,intraday,XLI,LONG,12,171.51,entry (LONG),+0.0000
2026-04-12 18:03:17,intraday,XLU,LONG,82,46.95,entry (LONG),+0.0000
2026-04-12 18:04:23,intraday,GLD,LONG,10,437.17,entry (LONG),+0.0000
2026-04-12 18:04:23,intraday,IBIT,LONG,22,41.57,entry (LONG),+0.0000
2026-04-12 18:04:24,intraday,EWC,LONG,27,56.77,entry (LONG),+0.0000
2026-04-12 18:04:25,intraday,USO,LONG,17,124.83,entry (LONG),+0.0000
2026-04-12 18:04:26,intraday,XLI,LONG,12,171.51,entry (LONG),+0.0000
2026-04-12 18:04:27,intraday,XLU,LONG,82,46.95,entry (LONG),+0.0000
2026-04-12 18:05:32,intraday,GLD,LONG,10,437.17,entry (LONG),+0.0000
2026-04-12 18:05:33,intraday,IBIT,LONG,22,41.57,entry (LONG),+0.0000
2026-04-12 18:05:33,intraday,EWC,LONG,27,56.77,entry (LONG),+0.0000
2026-04-12 18:05:34,intraday,USO,LONG,17,124.83,entry (LONG),+0.0000
2026-04-12 18:05:35,intraday,XLI,LONG,12,171.51,entry (LONG),+0.0000
2026-04-12 18:05:36,intraday,XLU,LONG,82,46.95,entry (LONG),+0.0000
2026-04-12 18:06:41,intraday,GLD,LONG,10,437.17,entry (LONG),+0.0000
2026-04-12 18:06:45,intraday,IBIT,LONG,22,41.57,entry (LONG),+0.0000
2026-04-12 18:06:46,intraday,EWC,LONG,27,56.77,entry (LONG),+0.0000
2026-04-12 18:06:47,intraday,USO,LONG,17,124.83,entry (LONG),+0.0000
2026-04-12 18:06:48,intraday,XLI,LONG,12,171.51,entry (LONG),+0.0000
2026-04-12 18:06:49,intraday,XLU,LONG,82,46.95,entry (LONG),+0.0000
2026-04-12 18:07:53,intraday,GLD,LONG,10,437.17,entry (LONG),+0.0000
2026-04-12 18:07:53,swing,CIBR,SHORT,70,60.74,entry (SHORT),+0.0000
2026-04-12 18:07:54,intraday,IBIT,LONG,22,41.57,entry (LONG),+0.0000
2026-04-12 18:07:55,intraday,EWC,LONG,27,56.77,entry (LONG),+0.0000
2026-04-12 18:07:55,swing,USMV,SHORT,152,92.75,entry (SHORT),+0.0000
2026-04-12 18:07:56,intraday,USO,LONG,17,124.83,entry (LONG),+0.0000
2026-04-12 18:07:57,intraday,XLI,LONG,12,171.51,entry (LONG),+0.0000
2026-04-12 18:07:57,swing,EWY,SHORT,20,138.73,entry (SHORT),+0.0000
2026-04-12 18:07:57,intraday,XLU,LONG,82,46.95,entry (LONG),+0.0000
2026-04-12 18:08:02,swing,IBIT,SHORT,94,41.56,entry (SHORT),+0.0000
2026-04-12 18:09:03,intraday,GLD,LONG,10,437.17,entry (LONG),+0.0000
2026-04-12 18:09:03,intraday,IBIT,LONG,22,41.57,entry (LONG),+0.0000
2026-04-12 18:09:04,intraday,EWC,LONG,27,56.77,entry (LONG),+0.0000
2026-04-12 18:09:05,intraday,USO,LONG,17,124.83,entry (LONG),+0.0000
2026-04-12 18:09:07,intraday,XLI,LONG,12,171.51,entry (LONG),+0.0000
2026-04-12 18:09:07,intraday,XLU,LONG,82,46.95,entry (LONG),+0.0000
2026-04-12 18:10:13,intraday,GLD,LONG,10,437.17,entry (LONG),+0.0000
2026-04-12 18:10:13,intraday,IBIT,LONG,22,41.57,entry (LONG),+0.0000
2026-04-12 18:10:14,intraday,EWC,LONG,27,56.77,entry (LONG),+0.0000
2026-04-12 18:10:15,intraday,USO,LONG,17,124.83,entry (LONG),+0.0000
2026-04-12 18:10:17,intraday,XLI,LONG,12,171.51,entry (LONG),+0.0000
2026-04-12 18:10:17,intraday,XLU,LONG,82,46.95,entry (LONG),+0.0000
2026-04-12 18:11:23,intraday,GLD,LONG,10,437.17,entry (LONG),+0.0000
2026-04-12 18:11:23,intraday,IBIT,LONG,22,41.57,entry (LONG),+0.0000
2026-04-12 18:11:24,intraday,EWC,LONG,27,56.77,entry (LONG),+0.0000
2026-04-12 18:11:25,intraday,USO,LONG,17,124.83,entry (LONG),+0.0000
2026-04-12 18:11:26,intraday,XLI,LONG,12,171.51,entry (LONG),+0.0000
2026-04-12 18:11:27,intraday,XLU,LONG,82,46.95,entry (LONG),+0.0000
2026-04-12 18:12:31,intraday,GLD,LONG,10,437.17,entry (LONG),+0.0000
2026-04-12 18:12:32,intraday,IBIT,LONG,22,41.57,entry (LONG),+0.0000
2026-04-12 18:12:33,intraday,EWC,LONG,27,56.77,entry (LONG),+0.0000
2026-04-12 18:12:34,intraday,USO,LONG,17,124.83,entry (LONG),+0.0000
2026-04-12 18:12:35,intraday,XLI,LONG,12,171.51,entry (LONG),+0.0000
2026-04-12 18:12:35,intraday,XLU,LONG,82,46.95,entry (LONG),+0.0000
2026-04-12 18:13:20,swing,CIBR,SHORT,70,60.74,entry (SHORT),+0.0000
2026-04-12 18:13:22,swing,USMV,SHORT,152,92.75,entry (SHORT),+0.0000
2026-04-12 18:13:24,swing,EWY,SHORT,20,138.73,entry (SHORT),+0.0000
2026-04-12 18:13:28,swing,IBIT,SHORT,94,41.56,entry (SHORT),+0.0000
2026-04-12 18:13:41,intraday,GLD,LONG,10,437.17,entry (LONG),+0.0000
2026-04-12 18:13:42,intraday,IBIT,LONG,22,41.57,entry (LONG),+0.0000
2026-04-12 18:13:43,intraday,EWC,LONG,27,56.77,entry (LONG),+0.0000
2026-04-12 18:13:43,intraday,USO,LONG,17,124.83,entry (LONG),+0.0000
2026-04-12 18:13:44,intraday,XLI,LONG,12,171.51,entry (LONG),+0.0000
2026-04-12 18:13:45,intraday,XLU,LONG,82,46.95,entry (LONG),+0.0000
2026-04-12 18:14:50,intraday,GLD,LONG,10,437.17,entry (LONG),+0.0000
2026-04-12 18:14:51,intraday,IBIT,LONG,22,41.57,entry (LONG),+0.0000
2026-04-12 18:14:51,intraday,EWC,LONG,27,56.77,entry (LONG),+0.0000
2026-04-12 18:14:52,intraday,USO,LONG,17,124.83,entry (LONG),+0.0000
2026-04-12 18:14:53,intraday,XLI,LONG,12,171.51,entry (LONG),+0.0000
2026-04-12 18:14:54,intraday,XLU,LONG,82,46.95,entry (LONG),+0.0000
2026-04-12 18:15:59,intraday,GLD,LONG,10,437.17,entry (LONG),+0.0000
2026-04-12 18:16:00,intraday,IBIT,LONG,22,41.57,entry (LONG),+0.0000
2026-04-12 18:16:00,intraday,EWC,LONG,27,56.77,entry (LONG),+0.0000
2026-04-12 18:16:02,intraday,USO,LONG,17,124.83,entry (LONG),+0.0000
2026-04-12 18:16:03,intraday,XLI,LONG,12,171.51,entry (LONG),+0.0000
2026-04-12 18:16:04,intraday,XLU,LONG,82,46.95,entry (LONG),+0.0000
2026-04-12 18:17:10,intraday,GLD,LONG,10,437.17,entry (LONG),+0.0000
2026-04-12 18:17:10,intraday,IBIT,LONG,22,41.57,entry (LONG),+0.0000
2026-04-12 18:17:11,intraday,EWC,LONG,27,56.77,entry (LONG),+0.0000
2026-04-12 18:17:12,intraday,USO,LONG,17,124.83,entry (LONG),+0.0000
2026-04-12 18:17:13,intraday,XLI,LONG,12,171.51,entry (LONG),+0.0000
2026-04-12 18:17:14,intraday,XLU,LONG,82,46.95,entry (LONG),+0.0000
2026-04-12 18:18:19,intraday,GLD,LONG,10,437.17,entry (LONG),+0.0000
2026-04-12 18:18:20,intraday,IBIT,LONG,22,41.57,entry (LONG),+0.0000
2026-04-12 18:18:21,intraday,EWC,LONG,27,56.77,entry (LONG),+0.0000
2026-04-12 18:18:22,intraday,USO,LONG,17,124.83,entry (LONG),+0.0000
2026-04-12 18:18:24,intraday,XLI,LONG,12,171.51,entry (LONG),+0.0000
2026-04-12 18:18:27,intraday,XLU,LONG,82,46.95,entry (LONG),+0.0000
2026-04-12 18:18:49,swing,CIBR,SHORT,70,60.74,entry (SHORT),+0.0000
2026-04-12 18:18:51,swing,USMV,SHORT,152,92.75,entry (SHORT),+0.0000
2026-04-12 18:18:52,swing,EWY,SHORT,20,138.73,entry (SHORT),+0.0000
2026-04-12 18:18:58,swing,IBIT,SHORT,94,41.56,entry (SHORT),+0.0000
2026-04-12 18:19:32,intraday,GLD,LONG,10,437.17,entry (LONG),+0.0000
2026-04-12 18:19:33,intraday,IBIT,LONG,22,41.57,entry (LONG),+0.0000
2026-04-12 18:19:33,intraday,EWC,LONG,27,56.77,entry (LONG),+0.0000
2026-04-12 18:19:34,intraday,USO,LONG,17,124.83,entry (LONG),+0.0000
2026-04-12 18:19:35,intraday,XLI,LONG,12,171.51,entry (LONG),+0.0000
2026-04-12 18:19:36,intraday,XLU,LONG,82,46.95,entry (LONG),+0.0000
2026-04-12 18:20:42,intraday,GLD,LONG,10,437.17,entry (LONG),+0.0000
2026-04-12 18:20:42,intraday,IBIT,LONG,22,41.57,entry (LONG),+0.0000
2026-04-12 18:20:43,intraday,EWC,LONG,27,56.77,entry (LONG),+0.0000
2026-04-12 18:20:44,intraday,USO,LONG,17,124.83,entry (LONG),+0.0000
2026-04-12 18:20:45,intraday,XLI,LONG,12,171.51,entry (LONG),+0.0000
2026-04-12 18:20:46,intraday,XLU,LONG,82,46.95,entry (LONG),+0.0000
2026-04-12 18:21:51,intraday,GLD,LONG,10,437.17,entry (LONG),+0.0000
2026-04-12 18:21:52,intraday,IBIT,LONG,22,41.57,entry (LONG),+0.0000
2026-04-12 18:21:53,intraday,EWC,LONG,27,56.77,entry (LONG),+0.0000
2026-04-12 18:21:54,intraday,USO,LONG,17,124.83,entry (LONG),+0.0000
2026-04-12 18:21:56,intraday,XLI,LONG,12,171.51,entry (LONG),+0.0000
2026-04-12 18:21:57,intraday,XLU,LONG,82,46.95,entry (LONG),+0.0000
2026-04-12 18:23:02,intraday,GLD,LONG,10,437.17,entry (LONG),+0.0000
2026-04-12 18:23:02,intraday,IBIT,LONG,22,41.57,entry (LONG),+0.0000
2026-04-12 18:23:03,intraday,EWC,LONG,27,56.77,entry (LONG),+0.0000
2026-04-12 18:23:04,intraday,USO,LONG,17,124.83,entry (LONG),+0.0000
2026-04-12 18:23:05,intraday,XLI,LONG,12,171.51,entry (LONG),+0.0000
2026-04-12 18:23:06,intraday,XLU,LONG,82,46.95,entry (LONG),+0.0000
2026-04-12 18:24:10,intraday,GLD,LONG,10,437.17,entry (LONG),+0.0000
2026-04-12 18:24:11,intraday,IBIT,LONG,22,41.57,entry (LONG),+0.0000
2026-04-12 18:24:12,intraday,EWC,LONG,27,56.77,entry (LONG),+0.0000
2026-04-12 18:24:13,intraday,USO,LONG,17,124.83,entry (LONG),+0.0000
2026-04-12 18:24:15,intraday,XLI,LONG,12,171.51,entry (LONG),+0.0000
2026-04-12 18:24:16,intraday,XLU,LONG,82,46.95,entry (LONG),+0.0000
2026-04-12 18:24:18,swing,CIBR,SHORT,70,60.74,entry (SHORT),+0.0000
2026-04-12 18:24:20,swing,USMV,SHORT,152,92.75,entry (SHORT),+0.0000
2026-04-12 18:24:22,swing,EWY,SHORT,20,138.73,entry (SHORT),+0.0000
2026-04-12 18:24:27,swing,IBIT,SHORT,94,41.56,entry (SHORT),+0.0000
2026-04-12 18:25:21,intraday,GLD,LONG,10,437.17,entry (LONG),+0.0000
2026-04-12 18:25:21,intraday,IBIT,LONG,22,41.57,entry (LONG),+0.0000
2026-04-12 18:25:22,intraday,EWC,LONG,27,56.77,entry (LONG),+0.0000
2026-04-12 18:25:23,intraday,USO,LONG,17,124.83,entry (LONG),+0.0000
2026-04-12 18:25:24,intraday,XLI,LONG,12,171.51,entry (LONG),+0.0000
2026-04-12 18:25:25,intraday,XLU,LONG,82,46.95,entry (LONG),+0.0000
2026-04-12 18:26:30,intraday,GLD,LONG,10,437.17,entry (LONG),+0.0000
2026-04-12 18:26:31,intraday,IBIT,LONG,22,41.57,entry (LONG),+0.0000
2026-04-12 18:26:32,intraday,EWC,LONG,27,56.77,entry (LONG),+0.0000
2026-04-12 18:26:32,intraday,USO,LONG,17,124.83,entry (LONG),+0.0000
2026-04-12 18:26:33,intraday,XLI,LONG,12,171.51,entry (LONG),+0.0000
2026-04-12 18:26:35,intraday,XLU,LONG,82,46.95,entry (LONG),+0.0000
2026-04-12 18:27:40,intraday,GLD,LONG,10,437.17,entry (LONG),+0.0000
2026-04-12 18:27:41,intraday,IBIT,LONG,22,41.57,entry (LONG),+0.0000
2026-04-12 18:27:42,intraday,EWC,LONG,27,56.77,entry (LONG),+0.0000
2026-04-12 18:27:43,intraday,USO,LONG,17,124.83,entry (LONG),+0.0000
2026-04-12 18:27:44,intraday,XLI,LONG,12,171.51,entry (LONG),+0.0000
2026-04-12 18:27:45,intraday,XLU,LONG,82,46.95,entry (LONG),+0.0000
2026-04-12 18:28:49,intraday,GLD,LONG,10,437.17,entry (LONG),+0.0000
2026-04-12 18:28:50,intraday,IBIT,LONG,22,41.57,entry (LONG),+0.0000
2026-04-12 18:28:51,intraday,EWC,LONG,27,56.77,entry (LONG),+0.0000
2026-04-12 18:28:52,intraday,USO,LONG,17,124.83,entry (LONG),+0.0000
2026-04-12 18:28:53,intraday,XLI,LONG,12,171.51,entry (LONG),+0.0000
2026-04-12 18:28:54,intraday,XLU,LONG,82,46.95,entry (LONG),+0.0000
2026-04-12 18:29:43,swing,CIBR,SHORT,70,60.74,entry (SHORT),+0.0000
2026-04-12 18:29:44,swing,USMV,SHORT,152,92.75,entry (SHORT),+0.0000
2026-04-12 18:29:46,swing,EWY,SHORT,20,138.73,entry (SHORT),+0.0000
2026-04-12 18:29:51,swing,IBIT,SHORT,94,41.56,entry (SHORT),+0.0000
2026-04-12 18:29:58,intraday,GLD,LONG,10,437.17,entry (LONG),+0.0000
2026-04-12 18:29:59,intraday,IBIT,LONG,22,41.57,entry (LONG),+0.0000
2026-04-12 18:30:00,intraday,EWC,LONG,27,56.77,entry (LONG),+0.0000
2026-04-12 18:30:00,intraday,USO,LONG,17,124.83,entry (LONG),+0.0000
2026-04-12 18:30:02,intraday,XLI,LONG,12,171.51,entry (LONG),+0.0000
2026-04-12 18:30:02,intraday,XLU,LONG,82,46.95,entry (LONG),+0.0000
2026-04-12 18:31:08,intraday,GLD,LONG,10,437.17,entry (LONG),+0.0000
2026-04-12 18:31:09,intraday,IBIT,LONG,22,41.57,entry (LONG),+0.0000
2026-04-12 18:31:09,intraday,EWC,LONG,27,56.77,entry (LONG),+0.0000
2026-04-12 18:31:10,intraday,USO,LONG,17,124.83,entry (LONG),+0.0000
2026-04-12 18:31:11,intraday,XLI,LONG,12,171.51,entry (LONG),+0.0000
2026-04-12 18:31:12,intraday,XLU,LONG,82,46.95,entry (LONG),+0.0000
2026-04-12 18:32:17,intraday,GLD,LONG,10,437.17,entry (LONG),+0.0000
2026-04-12 18:32:18,intraday,IBIT,LONG,22,41.57,entry (LONG),+0.0000
2026-04-12 18:32:18,intraday,EWC,LONG,27,56.77,entry (LONG),+0.0000
2026-04-12 18:32:19,intraday,USO,LONG,17,124.83,entry (LONG),+0.0000
2026-04-12 18:32:20,intraday,XLI,LONG,12,171.51,entry (LONG),+0.0000
2026-04-12 18:32:21,intraday,XLU,LONG,82,46.95,entry (LONG),+0.0000
2026-04-12 18:33:26,intraday,GLD,LONG,10,437.17,entry (LONG),+0.0000
2026-04-12 18:33:27,intraday,IBIT,LONG,22,41.57,entry (LONG),+0.0000
2026-04-12 18:33:28,intraday,EWC,LONG,27,56.77,entry (LONG),+0.0000
2026-04-12 18:33:28,intraday,USO,LONG,17,124.83,entry (LONG),+0.0000
2026-04-12 18:33:29,intraday,XLI,LONG,12,171.51,entry (LONG),+0.0000
2026-04-12 18:33:30,intraday,XLU,LONG,82,46.95,entry (LONG),+0.0000
2026-04-12 18:34:35,intraday,GLD,LONG,10,437.17,entry (LONG),+0.0000
2026-04-12 18:34:36,intraday,IBIT,LONG,22,41.57,entry (LONG),+0.0000
2026-04-12 18:34:37,intraday,EWC,LONG,27,56.77,entry (LONG),+0.0000
2026-04-12 18:34:37,intraday,USO,LONG,17,124.83,entry (LONG),+0.0000
2026-04-12 18:34:39,intraday,XLI,LONG,12,171.51,entry (LONG),+0.0000
2026-04-12 18:34:39,intraday,XLU,LONG,82,46.95,entry (LONG),+0.0000
2026-04-12 18:35:06,swing,CIBR,SHORT,70,60.74,entry (SHORT),+0.0000
2026-04-12 18:35:07,swing,USMV,SHORT,152,92.75,entry (SHORT),+0.0000
2026-04-12 18:35:10,swing,EWY,SHORT,20,138.73,entry (SHORT),+0.0000
2026-04-12 18:35:14,swing,IBIT,SHORT,94,41.56,entry (SHORT),+0.0000
2026-04-12 18:35:45,intraday,GLD,LONG,10,437.17,entry (LONG),+0.0000
2026-04-12 18:35:46,intraday,IBIT,LONG,22,41.57,entry (LONG),+0.0000
2026-04-12 18:35:46,intraday,EWC,LONG,27,56.77,entry (LONG),+0.0000
2026-04-12 18:35:47,intraday,USO,LONG,17,124.83,entry (LONG),+0.0000
2026-04-12 18:35:48,intraday,XLI,LONG,12,171.51,entry (LONG),+0.0000
2026-04-12 18:35:49,intraday,XLU,LONG,82,46.95,entry (LONG),+0.0000
2026-04-12 18:36:54,intraday,GLD,LONG,10,437.17,entry (LONG),+0.0000
2026-04-12 18:36:54,intraday,IBIT,LONG,22,41.57,entry (LONG),+0.0000
2026-04-12 18:36:55,intraday,EWC,LONG,27,56.77,entry (LONG),+0.0000
2026-04-12 18:36:56,intraday,USO,LONG,17,124.83,entry (LONG),+0.0000
2026-04-12 18:36:57,intraday,XLI,LONG,12,171.51,entry (LONG),+0.0000
2026-04-12 18:36:58,intraday,XLU,LONG,82,46.95,entry (LONG),+0.0000
2026-04-12 18:38:04,intraday,GLD,LONG,10,437.17,entry (LONG),+0.0000
2026-04-12 18:38:05,intraday,IBIT,LONG,22,41.57,entry (LONG),+0.0000
2026-04-12 18:38:06,intraday,EWC,LONG,27,56.77,entry (LONG),+0.0000
2026-04-12 18:38:06,intraday,USO,LONG,17,124.83,entry (LONG),+0.0000
2026-04-12 18:38:08,intraday,XLI,LONG,12,171.51,entry (LONG),+0.0000
2026-04-12 18:38:08,intraday,XLU,LONG,82,46.95,entry (LONG),+0.0000
2026-04-12 18:39:13,intraday,GLD,LONG,10,437.17,entry (LONG),+0.0000
2026-04-12 18:39:14,intraday,IBIT,LONG,22,41.57,entry (LONG),+0.0000
2026-04-12 18:39:15,intraday,EWC,LONG,27,56.77,entry (LONG),+0.0000
2026-04-12 18:39:15,intraday,USO,LONG,17,124.83,entry (LONG),+0.0000
2026-04-12 18:39:17,intraday,XLI,LONG,12,171.51,entry (LONG),+0.0000
2026-04-12 18:39:17,intraday,XLU,LONG,82,46.95,entry (LONG),+0.0000
2026-04-12 18:40:23,intraday,GLD,LONG,10,437.17,entry (LONG),+0.0000
2026-04-12 18:40:23,intraday,IBIT,LONG,22,41.57,entry (LONG),+0.0000
2026-04-12 18:40:24,intraday,EWC,LONG,27,56.77,entry (LONG),+0.0000
2026-04-12 18:40:25,intraday,USO,LONG,17,124.83,entry (LONG),+0.0000
2026-04-12 18:40:26,intraday,XLI,LONG,12,171.51,entry (LONG),+0.0000
2026-04-12 18:40:27,intraday,XLU,LONG,82,46.95,entry (LONG),+0.0000
2026-04-12 18:40:30,swing,CIBR,SHORT,70,60.74,entry (SHORT),+0.0000
2026-04-12 18:40:31,swing,USMV,SHORT,152,92.75,entry (SHORT),+0.0000
2026-04-12 18:40:33,swing,EWY,SHORT,20,138.73,entry (SHORT),+0.0000
2026-04-12 18:40:38,swing,IBIT,SHORT,94,41.56,entry (SHORT),+0.0000
2026-04-12 18:41:32,intraday,GLD,LONG,10,437.17,entry (LONG),+0.0000
2026-04-12 18:41:32,intraday,IBIT,LONG,22,41.57,entry (LONG),+0.0000
2026-04-12 18:41:33,intraday,EWC,LONG,27,56.77,entry (LONG),+0.0000
2026-04-12 18:41:34,intraday,USO,LONG,17,124.83,entry (LONG),+0.0000
2026-04-12 18:41:35,intraday,XLI,LONG,12,171.51,entry (LONG),+0.0000
2026-04-12 18:41:36,intraday,XLU,LONG,82,46.95,entry (LONG),+0.0000
2026-04-12 18:42:40,intraday,GLD,LONG,10,437.17,entry (LONG),+0.0000
2026-04-12 18:42:41,intraday,IBIT,LONG,22,41.57,entry (LONG),+0.0000
2026-04-12 18:42:42,intraday,EWC,LONG,27,56.77,entry (LONG),+0.0000
2026-04-12 18:42:43,intraday,USO,LONG,17,124.83,entry (LONG),+0.0000
2026-04-12 18:42:44,intraday,XLI,LONG,12,171.51,entry (LONG),+0.0000
2026-04-12 18:42:45,intraday,XLU,LONG,82,46.95,entry (LONG),+0.0000
2026-04-12 18:43:50,intraday,GLD,LONG,10,437.17,entry (LONG),+0.0000
2026-04-12 18:43:50,intraday,IBIT,LONG,22,41.57,entry (LONG),+0.0000
2026-04-12 18:43:51,intraday,EWC,LONG,27,56.77,entry (LONG),+0.0000
2026-04-12 18:43:52,intraday,USO,LONG,17,124.83,entry (LONG),+0.0000
2026-04-12 18:43:53,intraday,XLI,LONG,12,171.51,entry (LONG),+0.0000
2026-04-12 18:43:54,intraday,XLU,LONG,82,46.95,entry (LONG),+0.0000
2026-04-12 18:44:59,intraday,GLD,LONG,10,437.17,entry (LONG),+0.0000
2026-04-12 18:45:00,intraday,IBIT,LONG,22,41.57,entry (LONG),+0.0000
2026-04-12 18:45:01,intraday,EWC,LONG,27,56.77,entry (LONG),+0.0000
2026-04-12 18:45:01,intraday,USO,LONG,17,124.83,entry (LONG),+0.0000
2026-04-12 18:45:02,intraday,XLI,LONG,12,171.51,entry (LONG),+0.0000
2026-04-12 18:45:03,intraday,XLU,LONG,82,46.95,entry (LONG),+0.0000
2026-04-12 18:45:54,swing,CIBR,SHORT,70,60.74,entry (SHORT),+0.0000
2026-04-12 18:45:56,swing,USMV,SHORT,152,92.75,entry (SHORT),+0.0000
2026-04-12 18:45:57,swing,EWY,SHORT,20,138.73,entry (SHORT),+0.0000
2026-04-12 18:46:02,swing,IBIT,SHORT,94,41.56,entry (SHORT),+0.0000
2026-04-12 18:46:08,intraday,GLD,LONG,10,437.17,entry (LONG),+0.0000
2026-04-12 18:46:09,intraday,IBIT,LONG,22,41.57,entry (LONG),+0.0000
2026-04-12 18:46:10,intraday,EWC,LONG,27,56.77,entry (LONG),+0.0000
2026-04-12 18:46:13,intraday,USO,LONG,17,124.83,entry (LONG),+0.0000
2026-04-12 18:46:14,intraday,XLI,LONG,12,171.51,entry (LONG),+0.0000
2026-04-12 18:46:15,intraday,XLU,LONG,82,46.95,entry (LONG),+0.0000
2026-04-12 18:47:31,intraday,GLD,LONG,10,437.17,entry (LONG),+0.0000
2026-04-12 18:47:32,intraday,IBIT,LONG,22,41.57,entry (LONG),+0.0000
2026-04-12 18:47:32,intraday,EWC,LONG,27,56.77,entry (LONG),+0.0000
2026-04-12 18:47:33,intraday,USO,LONG,17,124.83,entry (LONG),+0.0000
2026-04-12 18:47:34,intraday,XLI,LONG,12,171.51,entry (LONG),+0.0000
2026-04-12 18:47:35,intraday,XLU,LONG,82,46.95,entry (LONG),+0.0000
2026-04-12 18:48:41,intraday,GLD,LONG,10,437.17,entry (LONG),+0.0000
2026-04-12 18:48:42,intraday,IBIT,LONG,22,41.57,entry (LONG),+0.0000
2026-04-12 18:48:42,intraday,EWC,LONG,27,56.77,entry (LONG),+0.0000
2026-04-12 18:48:43,intraday,USO,LONG,17,124.83,entry (LONG),+0.0000
2026-04-12 18:48:44,intraday,XLI,LONG,12,171.51,entry (LONG),+0.0000
2026-04-12 18:48:45,intraday,XLU,LONG,82,46.95,entry (LONG),+0.0000
2026-04-12 18:49:50,intraday,GLD,LONG,10,437.17,entry (LONG),+0.0000
2026-04-12 18:49:51,intraday,IBIT,LONG,22,41.57,entry (LONG),+0.0000
2026-04-12 18:49:52,intraday,EWC,LONG,27,56.77,entry (LONG),+0.0000
2026-04-12 18:49:52,intraday,USO,LONG,17,124.83,entry (LONG),+0.0000
2026-04-12 18:49:53,intraday,XLI,LONG,12,171.51,entry (LONG),+0.0000
2026-04-12 18:49:54,intraday,XLU,LONG,82,46.95,entry (LONG),+0.0000
2026-04-12 18:50:59,intraday,GLD,LONG,10,437.17,entry (LONG),+0.0000
2026-04-12 18:51:00,intraday,IBIT,LONG,22,41.57,entry (LONG),+0.0000
2026-04-12 18:51:00,intraday,EWC,LONG,27,56.77,entry (LONG),+0.0000
2026-04-12 18:51:01,intraday,USO,LONG,17,124.83,entry (LONG),+0.0000
2026-04-12 18:51:02,intraday,XLI,LONG,12,171.51,entry (LONG),+0.0000
2026-04-12 18:51:03,intraday,XLU,LONG,82,46.95,entry (LONG),+0.0000
2026-04-12 18:51:18,swing,CIBR,SHORT,70,60.74,entry (SHORT),+0.0000
2026-04-12 18:51:19,swing,USMV,SHORT,152,92.75,entry (SHORT),+0.0000
2026-04-12 18:51:21,swing,EWY,SHORT,20,138.73,entry (SHORT),+0.0000
2026-04-12 18:51:26,swing,IBIT,SHORT,94,41.56,entry (SHORT),+0.0000
2026-04-12 18:52:08,intraday,GLD,LONG,10,437.17,entry (LONG),+0.0000
2026-04-12 18:52:09,intraday,IBIT,LONG,22,41.57,entry (LONG),+0.0000
2026-04-12 18:52:10,intraday,EWC,LONG,27,56.77,entry (LONG),+0.0000
2026-04-12 18:52:10,intraday,USO,LONG,17,124.83,entry (LONG),+0.0000
2026-04-12 18:52:12,intraday,XLI,LONG,12,171.51,entry (LONG),+0.0000
2026-04-12 18:52:13,intraday,XLU,LONG,82,46.95,entry (LONG),+0.0000
2026-04-12 18:53:17,intraday,GLD,LONG,10,437.17,entry (LONG),+0.0000
2026-04-12 18:53:18,intraday,IBIT,LONG,22,41.57,entry (LONG),+0.0000
2026-04-12 18:53:19,intraday,EWC,LONG,27,56.77,entry (LONG),+0.0000
2026-04-12 18:53:20,intraday,USO,LONG,17,124.83,entry (LONG),+0.0000
2026-04-12 18:53:21,intraday,XLI,LONG,12,171.51,entry (LONG),+0.0000
2026-04-12 18:53:21,intraday,XLU,LONG,82,46.95,entry (LONG),+0.0000
2026-04-12 18:54:29,intraday,GLD,LONG,10,437.17,entry (LONG),+0.0000
2026-04-12 18:54:30,intraday,IBIT,LONG,22,41.57,entry (LONG),+0.0000
2026-04-12 18:54:32,intraday,EWC,LONG,27,56.77,entry (LONG),+0.0000
2026-04-12 18:54:33,intraday,USO,LONG,17,124.83,entry (LONG),+0.0000
2026-04-12 18:54:34,intraday,XLI,LONG,12,171.51,entry (LONG),+0.0000
2026-04-12 18:54:35,intraday,XLU,LONG,82,46.95,entry (LONG),+0.0000
2026-04-12 18:55:40,intraday,GLD,LONG,10,437.17,entry (LONG),+0.0000
2026-04-12 18:55:40,intraday,IBIT,LONG,22,41.57,entry (LONG),+0.0000
2026-04-12 18:55:41,intraday,EWC,LONG,27,56.77,entry (LONG),+0.0000
2026-04-12 18:55:42,intraday,USO,LONG,17,124.83,entry (LONG),+0.0000
2026-04-12 18:55:43,intraday,XLI,LONG,12,171.51,entry (LONG),+0.0000
2026-04-12 18:55:44,intraday,XLU,LONG,82,46.95,entry (LONG),+0.0000
2026-04-12 18:56:41,swing,CIBR,SHORT,70,60.74,entry (SHORT),+0.0000
2026-04-12 18:56:43,swing,USMV,SHORT,152,92.75,entry (SHORT),+0.0000
2026-04-12 18:56:46,swing,EWY,SHORT,20,138.73,entry (SHORT),+0.0000
2026-04-12 18:56:48,intraday,GLD,LONG,10,437.17,entry (LONG),+0.0000
2026-04-12 18:56:49,intraday,IBIT,LONG,22,41.57,entry (LONG),+0.0000
2026-04-12 18:56:50,intraday,EWC,LONG,27,56.77,entry (LONG),+0.0000
2026-04-12 18:56:51,intraday,USO,LONG,17,124.83,entry (LONG),+0.0000
2026-04-12 18:56:51,swing,IBIT,SHORT,94,41.56,entry (SHORT),+0.0000
2026-04-12 18:56:52,intraday,XLI,LONG,12,171.51,entry (LONG),+0.0000
2026-04-12 18:56:52,intraday,XLU,LONG,82,46.95,entry (LONG),+0.0000
2026-04-12 18:57:57,intraday,GLD,LONG,10,437.17,entry (LONG),+0.0000
2026-04-12 18:57:58,intraday,IBIT,LONG,22,41.57,entry (LONG),+0.0000
2026-04-12 18:57:59,intraday,EWC,LONG,27,56.77,entry (LONG),+0.0000
2026-04-12 18:58:00,intraday,USO,LONG,17,124.83,entry (LONG),+0.0000
2026-04-12 18:58:01,intraday,XLI,LONG,12,171.51,entry (LONG),+0.0000
2026-04-12 18:58:01,intraday,XLU,LONG,82,46.95,entry (LONG),+0.0000
2026-04-12 18:59:06,intraday,GLD,LONG,10,437.17,entry (LONG),+0.0000
2026-04-12 18:59:07,intraday,IBIT,LONG,22,41.57,entry (LONG),+0.0000
2026-04-12 18:59:08,intraday,EWC,LONG,27,56.77,entry (LONG),+0.0000
2026-04-12 18:59:09,intraday,USO,LONG,17,124.83,entry (LONG),+0.0000
2026-04-12 18:59:10,intraday,XLI,LONG,12,171.51,entry (LONG),+0.0000
2026-04-12 18:59:10,intraday,XLU,LONG,82,46.95,entry (LONG),+0.0000
2026-04-12 19:00:19,intraday,GLD,LONG,10,437.17,entry (LONG),+0.0000
2026-04-12 19:00:19,intraday,IBIT,LONG,22,41.57,entry (LONG),+0.0000
2026-04-12 19:00:20,intraday,EWC,LONG,27,56.77,entry (LONG),+0.0000
2026-04-12 19:00:21,intraday,USO,LONG,17,124.83,entry (LONG),+0.0000
2026-04-12 19:00:22,intraday,XLI,LONG,12,171.51,entry (LONG),+0.0000
2026-04-12 19:00:23,intraday,XLU,LONG,82,46.95,entry (LONG),+0.0000
2026-04-12 19:01:28,intraday,GLD,LONG,10,437.17,entry (LONG),+0.0000
2026-04-12 19:01:28,intraday,IBIT,LONG,22,41.57,entry (LONG),+0.0000
2026-04-12 19:01:29,intraday,EWC,LONG,27,56.77,entry (LONG),+0.0000
2026-04-12 19:01:30,intraday,USO,LONG,17,124.83,entry (LONG),+0.0000
2026-04-12 19:01:31,intraday,XLI,LONG,12,171.51,entry (LONG),+0.0000
2026-04-12 19:01:32,intraday,XLU,LONG,82,46.95,entry (LONG),+0.0000
2026-04-12 19:02:11,swing,CIBR,SHORT,70,60.74,entry (SHORT),+0.0000
2026-04-12 19:02:13,swing,USMV,SHORT,152,92.75,entry (SHORT),+0.0000
2026-04-12 19:02:15,swing,EWY,SHORT,20,138.73,entry (SHORT),+0.0000
2026-04-12 19:02:19,swing,IBIT,SHORT,94,41.56,entry (SHORT),+0.0000
2026-04-12 19:02:36,intraday,GLD,LONG,10,437.17,entry (LONG),+0.0000
2026-04-12 19:02:37,intraday,IBIT,LONG,22,41.57,entry (LONG),+0.0000
2026-04-12 19:02:38,intraday,EWC,LONG,27,56.77,entry (LONG),+0.0000
2026-04-12 19:02:39,intraday,USO,LONG,17,124.83,entry (LONG),+0.0000
2026-04-12 19:02:40,intraday,XLI,LONG,12,171.51,entry (LONG),+0.0000
2026-04-12 19:02:41,intraday,XLU,LONG,82,46.95,entry (LONG),+0.0000
2026-04-12 19:03:46,intraday,GLD,LONG,10,437.17,entry (LONG),+0.0000
2026-04-12 19:03:46,intraday,IBIT,LONG,22,41.57,entry (LONG),+0.0000
2026-04-12 19:03:47,intraday,EWC,LONG,27,56.77,entry (LONG),+0.0000
2026-04-12 19:03:48,intraday,USO,LONG,17,124.83,entry (LONG),+0.0000
2026-04-12 19:03:49,intraday,XLI,LONG,12,171.51,entry (LONG),+0.0000
2026-04-12 19:03:50,intraday,XLU,LONG,82,46.95,entry (LONG),+0.0000
2026-04-12 19:04:54,intraday,GLD,LONG,10,437.17,entry (LONG),+0.0000
2026-04-12 19:04:55,intraday,IBIT,LONG,22,41.57,entry (LONG),+0.0000
2026-04-12 19:04:56,intraday,EWC,LONG,27,56.77,entry (LONG),+0.0000
2026-04-12 19:04:57,intraday,USO,LONG,17,124.83,entry (LONG),+0.0000
2026-04-12 19:04:58,intraday,XLI,LONG,12,171.51,entry (LONG),+0.0000
2026-04-12 19:04:58,intraday,XLU,LONG,82,46.95,entry (LONG),+0.0000
2026-04-12 19:06:03,intraday,GLD,LONG,10,437.17,entry (LONG),+0.0000
2026-04-12 19:06:04,intraday,IBIT,LONG,22,41.57,entry (LONG),+0.0000
2026-04-12 19:06:05,intraday,EWC,LONG,27,56.77,entry (LONG),+0.0000
2026-04-12 19:06:06,intraday,USO,LONG,17,124.83,entry (LONG),+0.0000
2026-04-12 19:06:07,intraday,XLI,LONG,12,171.51,entry (LONG),+0.0000
2026-04-12 19:06:08,intraday,XLU,LONG,82,46.95,entry (LONG),+0.0000
2026-04-12 19:07:16,intraday,GLD,LONG,10,437.17,entry (LONG),+0.0000
2026-04-12 19:07:17,intraday,IBIT,LONG,22,41.57,entry (LONG),+0.0000
2026-04-12 19:07:18,intraday,EWC,LONG,27,56.77,entry (LONG),+0.0000
2026-04-12 19:07:19,intraday,USO,LONG,17,124.83,entry (LONG),+0.0000
2026-04-12 19:07:20,intraday,XLI,LONG,12,171.51,entry (LONG),+0.0000
2026-04-12 19:07:20,intraday,XLU,LONG,82,46.95,entry (LONG),+0.0000
2026-04-12 19:07:35,swing,CIBR,SHORT,70,60.74,entry (SHORT),+0.0000
2026-04-12 19:07:37,swing,USMV,SHORT,152,92.75,entry (SHORT),+0.0000
2026-04-12 19:07:38,swing,EWY,SHORT,20,138.73,entry (SHORT),+0.0000
2026-04-12 19:07:44,swing,IBIT,SHORT,94,41.56,entry (SHORT),+0.0000
2026-04-12 19:08:25,intraday,GLD,LONG,10,437.17,entry (LONG),+0.0000
2026-04-12 19:08:26,intraday,IBIT,LONG,22,41.57,entry (LONG),+0.0000
2026-04-12 19:08:27,intraday,EWC,LONG,27,56.77,entry (LONG),+0.0000
2026-04-12 19:08:27,intraday,USO,LONG,17,124.83,entry (LONG),+0.0000
2026-04-12 19:08:28,intraday,XLI,LONG,12,171.51,entry (LONG),+0.0000
2026-04-12 19:08:29,intraday,XLU,LONG,82,46.95,entry (LONG),+0.0000
2026-04-12 19:09:34,intraday,GLD,LONG,10,437.17,entry (LONG),+0.0000
2026-04-12 19:09:35,intraday,IBIT,LONG,22,41.57,entry (LONG),+0.0000
2026-04-12 19:09:35,intraday,EWC,LONG,27,56.77,entry (LONG),+0.0000
2026-04-12 19:09:36,intraday,USO,LONG,17,124.83,entry (LONG),+0.0000
2026-04-12 19:09:37,intraday,XLI,LONG,12,171.51,entry (LONG),+0.0000
2026-04-12 19:09:38,intraday,XLU,LONG,82,46.95,entry (LONG),+0.0000
2026-04-12 19:10:43,intraday,GLD,LONG,10,437.17,entry (LONG),+0.0000
2026-04-12 19:10:44,intraday,IBIT,LONG,22,41.57,entry (LONG),+0.0000
2026-04-12 19:10:44,intraday,EWC,LONG,27,56.77,entry (LONG),+0.0000
2026-04-12 19:10:45,intraday,USO,LONG,17,124.83,entry (LONG),+0.0000
2026-04-12 19:10:46,intraday,XLI,LONG,12,171.51,entry (LONG),+0.0000
2026-04-12 19:10:47,intraday,XLU,LONG,82,46.95,entry (LONG),+0.0000
2026-04-12 19:11:52,intraday,GLD,LONG,10,437.17,entry (LONG),+0.0000
2026-04-12 19:11:53,intraday,IBIT,LONG,22,41.57,entry (LONG),+0.0000
2026-04-12 19:11:54,intraday,EWC,LONG,27,56.77,entry (LONG),+0.0000
2026-04-12 19:11:54,intraday,USO,LONG,17,124.83,entry (LONG),+0.0000
2026-04-12 19:11:56,intraday,XLI,LONG,12,171.51,entry (LONG),+0.0000
2026-04-12 19:11:56,intraday,XLU,LONG,82,46.95,entry (LONG),+0.0000
2026-04-12 19:13:01,intraday,GLD,LONG,10,437.17,entry (LONG),+0.0000
2026-04-12 19:13:02,swing,CIBR,SHORT,70,60.74,entry (SHORT),+0.0000
2026-04-12 19:13:02,intraday,IBIT,LONG,22,41.57,entry (LONG),+0.0000
2026-04-12 19:13:03,intraday,EWC,LONG,27,56.77,entry (LONG),+0.0000
2026-04-12 19:13:04,intraday,USO,LONG,17,124.83,entry (LONG),+0.0000
2026-04-12 19:13:04,swing,USMV,SHORT,152,92.75,entry (SHORT),+0.0000
2026-04-12 19:13:05,intraday,XLI,LONG,12,171.51,entry (LONG),+0.0000
2026-04-12 19:13:06,intraday,XLU,LONG,82,46.95,entry (LONG),+0.0000
2026-04-12 19:13:06,swing,EWY,SHORT,20,138.73,entry (SHORT),+0.0000
2026-04-12 19:13:11,swing,IBIT,SHORT,94,41.56,entry (SHORT),+0.0000
2026-04-12 19:14:11,intraday,GLD,LONG,10,437.17,entry (LONG),+0.0000
2026-04-12 19:14:12,intraday,IBIT,LONG,22,41.57,entry (LONG),+0.0000
2026-04-12 19:14:12,intraday,EWC,LONG,27,56.77,entry (LONG),+0.0000
2026-04-12 19:14:13,intraday,USO,LONG,17,124.83,entry (LONG),+0.0000
2026-04-12 19:14:14,intraday,XLI,LONG,12,171.51,entry (LONG),+0.0000
2026-04-12 19:14:15,intraday,XLU,LONG,82,46.95,entry (LONG),+0.0000
2026-04-12 19:15:20,intraday,GLD,LONG,10,437.17,entry (LONG),+0.0000
2026-04-12 19:15:21,intraday,IBIT,LONG,22,41.57,entry (LONG),+0.0000
2026-04-12 19:15:22,intraday,EWC,LONG,27,56.77,entry (LONG),+0.0000
2026-04-12 19:15:22,intraday,USO,LONG,17,124.83,entry (LONG),+0.0000
2026-04-12 19:15:23,intraday,XLI,LONG,12,171.51,entry (LONG),+0.0000
2026-04-12 19:15:24,intraday,XLU,LONG,82,46.95,entry (LONG),+0.0000
2026-04-12 19:16:30,intraday,GLD,LONG,10,437.17,entry (LONG),+0.0000
2026-04-12 19:16:31,intraday,IBIT,LONG,22,41.57,entry (LONG),+0.0000
2026-04-12 19:16:32,intraday,EWC,LONG,27,56.77,entry (LONG),+0.0000
2026-04-12 19:16:33,intraday,USO,LONG,17,124.83,entry (LONG),+0.0000
2026-04-12 19:16:34,intraday,XLI,LONG,12,171.51,entry (LONG),+0.0000
2026-04-12 19:16:35,intraday,XLU,LONG,82,46.95,entry (LONG),+0.0000
2026-04-12 19:17:40,intraday,GLD,LONG,10,437.17,entry (LONG),+0.0000
2026-04-12 19:17:41,intraday,IBIT,LONG,22,41.57,entry (LONG),+0.0000
2026-04-12 19:17:41,intraday,EWC,LONG,27,56.77,entry (LONG),+0.0000
2026-04-12 19:17:42,intraday,USO,LONG,17,124.83,entry (LONG),+0.0000
2026-04-12 19:17:43,intraday,XLI,LONG,12,171.51,entry (LONG),+0.0000
2026-04-12 19:17:44,intraday,XLU,LONG,82,46.95,entry (LONG),+0.0000
2026-04-12 19:18:30,swing,CIBR,SHORT,70,60.74,entry (SHORT),+0.0000
2026-04-12 19:18:32,swing,USMV,SHORT,152,92.75,entry (SHORT),+0.0000
2026-04-12 19:18:34,swing,EWY,SHORT,20,138.73,entry (SHORT),+0.0000
2026-04-12 19:18:38,swing,IBIT,SHORT,94,41.56,entry (SHORT),+0.0000
2026-04-12 19:18:49,intraday,GLD,LONG,10,437.17,entry (LONG),+0.0000
2026-04-12 19:18:50,intraday,IBIT,LONG,22,41.57,entry (LONG),+0.0000
2026-04-12 19:18:50,intraday,EWC,LONG,27,56.77,entry (LONG),+0.0000
2026-04-12 19:18:51,intraday,USO,LONG,17,124.83,entry (LONG),+0.0000
2026-04-12 19:18:52,intraday,XLI,LONG,12,171.51,entry (LONG),+0.0000
2026-04-12 19:18:53,intraday,XLU,LONG,82,46.95,entry (LONG),+0.0000
2026-04-12 19:19:58,intraday,GLD,LONG,10,437.17,entry (LONG),+0.0000
2026-04-12 19:19:59,intraday,IBIT,LONG,22,41.57,entry (LONG),+0.0000
2026-04-12 19:19:59,intraday,EWC,LONG,27,56.77,entry (LONG),+0.0000
2026-04-12 19:20:00,intraday,USO,LONG,17,124.83,entry (LONG),+0.0000
2026-04-12 19:20:01,intraday,XLI,LONG,12,171.51,entry (LONG),+0.0000
2026-04-12 19:20:02,intraday,XLU,LONG,82,46.95,entry (LONG),+0.0000
2026-04-12 19:21:08,intraday,GLD,LONG,10,437.17,entry (LONG),+0.0000
2026-04-12 19:21:08,intraday,IBIT,LONG,22,41.57,entry (LONG),+0.0000
2026-04-12 19:21:09,intraday,EWC,LONG,27,56.77,entry (LONG),+0.0000
2026-04-12 19:21:10,intraday,USO,LONG,17,124.83,entry (LONG),+0.0000
2026-04-12 19:21:11,intraday,XLI,LONG,12,171.51,entry (LONG),+0.0000
2026-04-12 19:21:12,intraday,XLU,LONG,82,46.95,entry (LONG),+0.0000
2026-04-12 19:22:17,intraday,GLD,LONG,10,437.17,entry (LONG),+0.0000
2026-04-12 19:22:18,intraday,IBIT,LONG,22,41.57,entry (LONG),+0.0000
2026-04-12 19:22:18,intraday,EWC,LONG,27,56.77,entry (LONG),+0.0000
2026-04-12 19:22:19,intraday,USO,LONG,17,124.83,entry (LONG),+0.0000
2026-04-12 19:22:20,intraday,XLI,LONG,12,171.51,entry (LONG),+0.0000
2026-04-12 19:22:21,intraday,XLU,LONG,82,46.95,entry (LONG),+0.0000
2026-04-12 19:23:26,intraday,GLD,LONG,10,437.17,entry (LONG),+0.0000
2026-04-12 19:23:27,intraday,IBIT,LONG,22,41.57,entry (LONG),+0.0000
2026-04-12 19:23:28,intraday,EWC,LONG,27,56.77,entry (LONG),+0.0000
2026-04-12 19:23:29,intraday,USO,LONG,17,124.83,entry (LONG),+0.0000
2026-04-12 19:23:30,intraday,XLI,LONG,12,171.51,entry (LONG),+0.0000
2026-04-12 19:23:30,intraday,XLU,LONG,82,46.95,entry (LONG),+0.0000
2026-04-12 19:23:56,swing,CIBR,SHORT,70,60.74,entry (SHORT),+0.0000
2026-04-12 19:23:58,swing,USMV,SHORT,152,92.75,entry (SHORT),+0.0000
2026-04-12 19:24:00,swing,EWY,SHORT,20,138.73,entry (SHORT),+0.0000
2026-04-12 19:24:04,swing,IBIT,SHORT,94,41.56,entry (SHORT),+0.0000
2026-04-12 19:24:35,intraday,GLD,LONG,10,437.17,entry (LONG),+0.0000
2026-04-12 19:24:36,intraday,IBIT,LONG,22,41.57,entry (LONG),+0.0000
2026-04-12 19:24:37,intraday,EWC,LONG,27,56.77,entry (LONG),+0.0000
2026-04-12 19:24:38,intraday,USO,LONG,17,124.83,entry (LONG),+0.0000
2026-04-12 19:24:39,intraday,XLI,LONG,12,171.51,entry (LONG),+0.0000
2026-04-12 19:24:40,intraday,XLU,LONG,82,46.95,entry (LONG),+0.0000
2026-04-12 19:25:45,intraday,GLD,LONG,10,437.17,entry (LONG),+0.0000
2026-04-12 19:25:46,intraday,IBIT,LONG,22,41.57,entry (LONG),+0.0000
2026-04-12 19:25:47,intraday,EWC,LONG,27,56.77,entry (LONG),+0.0000
2026-04-12 19:25:47,intraday,USO,LONG,17,124.83,entry (LONG),+0.0000
2026-04-12 19:25:49,intraday,XLI,LONG,12,171.51,entry (LONG),+0.0000
2026-04-12 19:25:49,intraday,XLU,LONG,82,46.95,entry (LONG),+0.0000
2026-04-12 19:26:57,intraday,GLD,LONG,10,437.17,entry (LONG),+0.0000
2026-04-12 19:26:58,intraday,IBIT,LONG,22,41.57,entry (LONG),+0.0000
2026-04-12 19:26:59,intraday,EWC,LONG,27,56.77,entry (LONG),+0.0000
2026-04-12 19:27:00,intraday,USO,LONG,17,124.83,entry (LONG),+0.0000
2026-04-12 19:27:01,intraday,XLI,LONG,12,171.51,entry (LONG),+0.0000
2026-04-12 19:27:02,intraday,XLU,LONG,82,46.95,entry (LONG),+0.0000
2026-04-12 19:28:08,intraday,GLD,LONG,10,437.17,entry (LONG),+0.0000
2026-04-12 19:28:09,intraday,IBIT,LONG,22,41.57,entry (LONG),+0.0000
2026-04-12 19:28:09,intraday,EWC,LONG,27,56.77,entry (LONG),+0.0000
2026-04-12 19:28:10,intraday,USO,LONG,17,124.83,entry (LONG),+0.0000
2026-04-12 19:28:11,intraday,XLI,LONG,12,171.51,entry (LONG),+0.0000
2026-04-12 19:28:12,intraday,XLU,LONG,82,46.95,entry (LONG),+0.0000
2026-04-12 19:29:17,intraday,GLD,LONG,10,437.17,entry (LONG),+0.0000
2026-04-12 19:29:18,intraday,IBIT,LONG,22,41.57,entry (LONG),+0.0000
2026-04-12 19:29:19,intraday,EWC,LONG,27,56.77,entry (LONG),+0.0000
2026-04-12 19:29:19,intraday,USO,LONG,17,124.83,entry (LONG),+0.0000
2026-04-12 19:29:21,intraday,XLI,LONG,12,171.51,entry (LONG),+0.0000
2026-04-12 19:29:21,intraday,XLU,LONG,82,46.95,entry (LONG),+0.0000
2026-04-12 19:29:22,swing,CIBR,SHORT,70,60.74,entry (SHORT),+0.0000
2026-04-12 19:29:24,swing,USMV,SHORT,152,92.75,entry (SHORT),+0.0000
2026-04-12 19:29:26,swing,EWY,SHORT,20,138.73,entry (SHORT),+0.0000
2026-04-12 19:29:31,swing,IBIT,SHORT,94,41.56,entry (SHORT),+0.0000
2026-04-12 19:30:27,intraday,GLD,LONG,10,437.17,entry (LONG),+0.0000
2026-04-12 19:30:27,intraday,IBIT,LONG,22,41.57,entry (LONG),+0.0000
2026-04-12 19:30:28,intraday,EWC,LONG,27,56.77,entry (LONG),+0.0000
2026-04-12 19:30:29,intraday,USO,LONG,17,124.83,entry (LONG),+0.0000
2026-04-12 19:30:31,intraday,XLI,LONG,12,171.51,entry (LONG),+0.0000
2026-04-12 19:30:33,intraday,XLU,LONG,82,46.95,entry (LONG),+0.0000
2026-04-12 19:31:38,intraday,GLD,LONG,10,437.17,entry (LONG),+0.0000
2026-04-12 19:31:38,intraday,IBIT,LONG,22,41.57,entry (LONG),+0.0000
2026-04-12 19:31:39,intraday,EWC,LONG,27,56.77,entry (LONG),+0.0000
2026-04-12 19:31:40,intraday,USO,LONG,17,124.83,entry (LONG),+0.0000
2026-04-12 19:31:41,intraday,XLI,LONG,12,171.51,entry (LONG),+0.0000
2026-04-12 19:31:42,intraday,XLU,LONG,82,46.95,entry (LONG),+0.0000
2026-04-12 19:32:47,intraday,GLD,LONG,10,437.17,entry (LONG),+0.0000
2026-04-12 19:32:47,intraday,IBIT,LONG,22,41.57,entry (LONG),+0.0000
2026-04-12 19:32:48,intraday,EWC,LONG,27,56.77,entry (LONG),+0.0000
2026-04-12 19:32:49,intraday,USO,LONG,17,124.83,entry (LONG),+0.0000
2026-04-12 19:32:50,intraday,XLI,LONG,12,171.51,entry (LONG),+0.0000
2026-04-12 19:32:51,intraday,XLU,LONG,82,46.95,entry (LONG),+0.0000
2026-04-12 19:33:56,intraday,GLD,LONG,10,437.17,entry (LONG),+0.0000
2026-04-12 19:33:56,intraday,IBIT,LONG,22,41.57,entry (LONG),+0.0000
2026-04-12 19:33:57,intraday,EWC,LONG,27,56.77,entry (LONG),+0.0000
2026-04-12 19:33:58,intraday,USO,LONG,17,124.83,entry (LONG),+0.0000
2026-04-12 19:33:59,intraday,XLI,LONG,12,171.51,entry (LONG),+0.0000
2026-04-12 19:34:00,intraday,XLU,LONG,82,46.95,entry (LONG),+0.0000
2026-04-12 19:34:51,swing,CIBR,SHORT,70,60.74,entry (SHORT),+0.0000
2026-04-12 19:34:53,swing,USMV,SHORT,152,92.75,entry (SHORT),+0.0000
2026-04-12 19:34:54,swing,EWY,SHORT,20,138.73,entry (SHORT),+0.0000
2026-04-12 19:34:59,swing,IBIT,SHORT,94,41.56,entry (SHORT),+0.0000
2026-04-12 19:35:05,intraday,GLD,LONG,10,437.17,entry (LONG),+0.0000
2026-04-12 19:35:05,intraday,IBIT,LONG,22,41.57,entry (LONG),+0.0000
2026-04-12 19:35:06,intraday,EWC,LONG,27,56.77,entry (LONG),+0.0000
2026-04-12 19:35:07,intraday,USO,LONG,17,124.83,entry (LONG),+0.0000
2026-04-12 19:35:08,intraday,XLI,LONG,12,171.51,entry (LONG),+0.0000
2026-04-12 19:35:09,intraday,XLU,LONG,82,46.95,entry (LONG),+0.0000
2026-04-12 19:36:14,intraday,GLD,LONG,10,437.17,entry (LONG),+0.0000
2026-04-12 19:36:15,intraday,IBIT,LONG,22,41.57,entry (LONG),+0.0000
2026-04-12 19:36:16,intraday,EWC,LONG,27,56.77,entry (LONG),+0.0000
2026-04-12 19:36:16,intraday,USO,LONG,17,124.83,entry (LONG),+0.0000
2026-04-12 19:36:17,intraday,XLI,LONG,12,171.51,entry (LONG),+0.0000
2026-04-12 19:36:18,intraday,XLU,LONG,82,46.95,entry (LONG),+0.0000
2026-04-12 19:37:23,intraday,GLD,LONG,10,437.17,entry (LONG),+0.0000
2026-04-12 19:37:24,intraday,IBIT,LONG,22,41.57,entry (LONG),+0.0000
2026-04-12 19:37:25,intraday,EWC,LONG,27,56.77,entry (LONG),+0.0000
2026-04-12 19:37:26,intraday,USO,LONG,17,124.83,entry (LONG),+0.0000
2026-04-12 19:37:27,intraday,XLI,LONG,12,171.51,entry (LONG),+0.0000
2026-04-12 19:37:28,intraday,XLU,LONG,82,46.95,entry (LONG),+0.0000
2026-04-12 19:38:33,intraday,GLD,LONG,10,437.17,entry (LONG),+0.0000
2026-04-12 19:38:33,intraday,IBIT,LONG,22,41.57,entry (LONG),+0.0000
2026-04-12 19:38:34,intraday,EWC,LONG,27,56.77,entry (LONG),+0.0000
2026-04-12 19:38:35,intraday,USO,LONG,17,124.83,entry (LONG),+0.0000
2026-04-12 19:38:36,intraday,XLI,LONG,12,171.51,entry (LONG),+0.0000
2026-04-12 19:38:37,intraday,XLU,LONG,82,46.95,entry (LONG),+0.0000
2026-04-12 19:39:42,intraday,GLD,LONG,10,437.17,entry (LONG),+0.0000
2026-04-12 19:39:42,intraday,IBIT,LONG,22,41.57,entry (LONG),+0.0000
2026-04-12 19:39:43,intraday,EWC,LONG,27,56.77,entry (LONG),+0.0000
2026-04-12 19:39:44,intraday,USO,LONG,17,124.83,entry (LONG),+0.0000
2026-04-12 19:39:45,intraday,XLI,LONG,12,171.51,entry (LONG),+0.0000
2026-04-12 19:39:46,intraday,XLU,LONG,82,46.95,entry (LONG),+0.0000
2026-04-12 19:40:18,swing,CIBR,SHORT,70,60.74,entry (SHORT),+0.0000
2026-04-12 19:40:19,swing,USMV,SHORT,152,92.75,entry (SHORT),+0.0000
2026-04-12 19:40:21,swing,EWY,SHORT,20,138.73,entry (SHORT),+0.0000
2026-04-12 19:40:26,swing,IBIT,SHORT,94,41.56,entry (SHORT),+0.0000
2026-04-12 19:40:50,intraday,GLD,LONG,10,437.17,entry (LONG),+0.0000
2026-04-12 19:40:51,intraday,IBIT,LONG,22,41.57,entry (LONG),+0.0000
2026-04-12 19:40:52,intraday,EWC,LONG,27,56.77,entry (LONG),+0.0000
2026-04-12 19:40:53,intraday,USO,LONG,17,124.83,entry (LONG),+0.0000
2026-04-12 19:40:54,intraday,XLI,LONG,12,171.51,entry (LONG),+0.0000
2026-04-12 19:40:55,intraday,XLU,LONG,82,46.95,entry (LONG),+0.0000
2026-04-12 19:42:00,intraday,GLD,LONG,10,437.17,entry (LONG),+0.0000
2026-04-12 19:42:01,intraday,IBIT,LONG,22,41.57,entry (LONG),+0.0000
2026-04-12 19:42:02,intraday,EWC,LONG,27,56.77,entry (LONG),+0.0000
2026-04-12 19:42:03,intraday,USO,LONG,17,124.83,entry (LONG),+0.0000
2026-04-12 19:42:04,intraday,XLI,LONG,12,171.51,entry (LONG),+0.0000
2026-04-12 19:42:05,intraday,XLU,LONG,82,46.95,entry (LONG),+0.0000
2026-04-12 19:43:10,intraday,GLD,LONG,10,437.17,entry (LONG),+0.0000
2026-04-12 19:43:10,intraday,IBIT,LONG,22,41.57,entry (LONG),+0.0000
2026-04-12 19:43:11,intraday,EWC,LONG,27,56.77,entry (LONG),+0.0000
2026-04-12 19:43:12,intraday,USO,LONG,17,124.83,entry (LONG),+0.0000
2026-04-12 19:43:13,intraday,XLI,LONG,12,171.51,entry (LONG),+0.0000
2026-04-12 19:43:14,intraday,XLU,LONG,82,46.95,entry (LONG),+0.0000
2026-04-12 19:44:19,intraday,GLD,LONG,10,437.17,entry (LONG),+0.0000
2026-04-12 19:44:19,intraday,IBIT,LONG,22,41.57,entry (LONG),+0.0000
2026-04-12 19:44:20,intraday,EWC,LONG,27,56.77,entry (LONG),+0.0000
2026-04-12 19:44:21,intraday,USO,LONG,17,124.83,entry (LONG),+0.0000
2026-04-12 19:44:22,intraday,XLI,LONG,12,171.51,entry (LONG),+0.0000
2026-04-12 19:44:23,intraday,XLU,LONG,82,46.95,entry (LONG),+0.0000
2026-04-12 19:45:28,intraday,GLD,LONG,10,437.17,entry (LONG),+0.0000
2026-04-12 19:45:29,intraday,IBIT,LONG,22,41.57,entry (LONG),+0.0000
2026-04-12 19:45:30,intraday,EWC,LONG,27,56.77,entry (LONG),+0.0000
2026-04-12 19:45:30,intraday,USO,LONG,17,124.83,entry (LONG),+0.0000
2026-04-12 19:45:32,intraday,XLI,LONG,12,171.51,entry (LONG),+0.0000
2026-04-12 19:45:33,intraday,XLU,LONG,82,46.95,entry (LONG),+0.0000
2026-04-12 19:45:41,swing,CIBR,SHORT,70,60.74,entry (SHORT),+0.0000
2026-04-12 19:45:43,swing,USMV,SHORT,152,92.75,entry (SHORT),+0.0000
2026-04-12 19:45:45,swing,EWY,SHORT,20,138.73,entry (SHORT),+0.0000
2026-04-12 19:45:50,swing,IBIT,SHORT,94,41.56,entry (SHORT),+0.0000
2026-04-12 19:46:38,intraday,GLD,LONG,10,437.17,entry (LONG),+0.0000
2026-04-12 19:46:39,intraday,IBIT,LONG,22,41.57,entry (LONG),+0.0000
2026-04-12 19:46:40,intraday,EWC,LONG,27,56.77,entry (LONG),+0.0000
2026-04-12 19:46:40,intraday,USO,LONG,17,124.83,entry (LONG),+0.0000
2026-04-12 19:46:42,intraday,XLI,LONG,12,171.51,entry (LONG),+0.0000
2026-04-12 19:46:43,intraday,XLU,LONG,82,46.95,entry (LONG),+0.0000
2026-04-12 19:47:48,intraday,GLD,LONG,10,437.17,entry (LONG),+0.0000
2026-04-12 19:47:48,intraday,IBIT,LONG,22,41.57,entry (LONG),+0.0000
2026-04-12 19:47:49,intraday,EWC,LONG,27,56.77,entry (LONG),+0.0000
2026-04-12 19:47:50,intraday,USO,LONG,17,124.83,entry (LONG),+0.0000
2026-04-12 19:47:51,intraday,XLI,LONG,12,171.51,entry (LONG),+0.0000
2026-04-12 19:47:52,intraday,XLU,LONG,82,46.95,entry (LONG),+0.0000
2026-04-12 19:48:57,intraday,GLD,LONG,10,437.17,entry (LONG),+0.0000
2026-04-12 19:48:57,intraday,IBIT,LONG,22,41.57,entry (LONG),+0.0000
2026-04-12 19:48:58,intraday,EWC,LONG,27,56.77,entry (LONG),+0.0000
2026-04-12 19:48:59,intraday,USO,LONG,17,124.83,entry (LONG),+0.0000
2026-04-12 19:49:00,intraday,XLI,LONG,12,171.51,entry (LONG),+0.0000
2026-04-12 19:49:01,intraday,XLU,LONG,82,46.95,entry (LONG),+0.0000
2026-04-12 19:50:07,intraday,GLD,LONG,10,437.17,entry (LONG),+0.0000
2026-04-12 19:50:07,intraday,IBIT,LONG,22,41.57,entry (LONG),+0.0000
2026-04-12 19:50:08,intraday,EWC,LONG,27,56.77,entry (LONG),+0.0000
2026-04-12 19:50:09,intraday,USO,LONG,17,124.83,entry (LONG),+0.0000
2026-04-12 19:50:10,intraday,XLI,LONG,12,171.51,entry (LONG),+0.0000
2026-04-12 19:50:11,intraday,XLU,LONG,82,46.95,entry (LONG),+0.0000
2026-04-12 19:51:06,swing,CIBR,SHORT,70,60.74,entry (SHORT),+0.0000
2026-04-12 19:51:08,swing,USMV,SHORT,152,92.75,entry (SHORT),+0.0000
2026-04-12 19:51:10,swing,EWY,SHORT,20,138.73,entry (SHORT),+0.0000
2026-04-12 19:51:14,swing,IBIT,SHORT,94,41.56,entry (SHORT),+0.0000
2026-04-12 19:51:15,intraday,GLD,LONG,10,437.17,entry (LONG),+0.0000
2026-04-12 19:51:16,intraday,IBIT,LONG,22,41.57,entry (LONG),+0.0000
2026-04-12 19:51:17,intraday,EWC,LONG,27,56.77,entry (LONG),+0.0000
2026-04-12 19:51:18,intraday,USO,LONG,17,124.83,entry (LONG),+0.0000
2026-04-12 19:51:19,intraday,XLI,LONG,12,171.51,entry (LONG),+0.0000
2026-04-12 19:51:19,intraday,XLU,LONG,82,46.95,entry (LONG),+0.0000
2026-04-12 19:52:24,intraday,GLD,LONG,10,437.17,entry (LONG),+0.0000
2026-04-12 19:52:25,intraday,IBIT,LONG,22,41.57,entry (LONG),+0.0000
2026-04-12 19:52:26,intraday,EWC,LONG,27,56.77,entry (LONG),+0.0000
2026-04-12 19:52:27,intraday,USO,LONG,17,124.83,entry (LONG),+0.0000
2026-04-12 19:52:28,intraday,XLI,LONG,12,171.51,entry (LONG),+0.0000
2026-04-12 19:52:29,intraday,XLU,LONG,82,46.95,entry (LONG),+0.0000
2026-04-12 19:53:34,intraday,GLD,LONG,10,437.17,entry (LONG),+0.0000
2026-04-12 19:53:34,intraday,IBIT,LONG,22,41.57,entry (LONG),+0.0000
2026-04-12 19:53:35,intraday,EWC,LONG,27,56.77,entry (LONG),+0.0000
2026-04-12 19:53:36,intraday,USO,LONG,17,124.83,entry (LONG),+0.0000
2026-04-12 19:53:37,intraday,XLI,LONG,12,171.51,entry (LONG),+0.0000
2026-04-12 19:53:39,intraday,XLU,LONG,82,46.95,entry (LONG),+0.0000
2026-04-12 19:54:45,intraday,GLD,LONG,10,437.17,entry (LONG),+0.0000
2026-04-12 19:54:46,intraday,IBIT,LONG,22,41.57,entry (LONG),+0.0000
2026-04-12 19:54:47,intraday,EWC,LONG,27,56.77,entry (LONG),+0.0000
2026-04-12 19:54:49,intraday,USO,LONG,17,124.83,entry (LONG),+0.0000
2026-04-12 19:54:51,intraday,XLI,LONG,12,171.51,entry (LONG),+0.0000
2026-04-12 19:54:52,intraday,XLU,LONG,82,46.95,entry (LONG),+0.0000
2026-04-12 19:55:57,intraday,GLD,LONG,10,437.17,entry (LONG),+0.0000
2026-04-12 19:55:59,intraday,IBIT,LONG,22,41.57,entry (LONG),+0.0000
2026-04-12 19:55:59,intraday,EWC,LONG,27,56.77,entry (LONG),+0.0000
2026-04-12 19:56:00,intraday,USO,LONG,17,124.83,entry (LONG),+0.0000
2026-04-12 19:56:01,intraday,XLI,LONG,12,171.51,entry (LONG),+0.0000
2026-04-12 19:56:02,intraday,XLU,LONG,82,46.95,entry (LONG),+0.0000
2026-04-12 19:56:38,swing,CIBR,SHORT,70,60.74,entry (SHORT),+0.0000
2026-04-12 19:56:40,swing,USMV,SHORT,152,92.75,entry (SHORT),+0.0000
2026-04-12 19:56:42,swing,EWY,SHORT,20,138.73,entry (SHORT),+0.0000
2026-04-12 19:56:47,swing,IBIT,SHORT,94,41.56,entry (SHORT),+0.0000
2026-04-12 19:57:07,intraday,GLD,LONG,10,437.17,entry (LONG),+0.0000
2026-04-12 19:57:08,intraday,IBIT,LONG,22,41.57,entry (LONG),+0.0000
2026-04-12 19:57:09,intraday,EWC,LONG,27,56.77,entry (LONG),+0.0000
2026-04-12 19:57:09,intraday,USO,LONG,17,124.83,entry (LONG),+0.0000
2026-04-12 19:57:11,intraday,XLI,LONG,12,171.51,entry (LONG),+0.0000
2026-04-12 19:57:11,intraday,XLU,LONG,82,46.95,entry (LONG),+0.0000
2026-04-12 19:58:17,intraday,GLD,LONG,10,437.17,entry (LONG),+0.0000
2026-04-12 19:58:17,intraday,IBIT,LONG,22,41.57,entry (LONG),+0.0000
2026-04-12 19:58:18,intraday,EWC,LONG,27,56.77,entry (LONG),+0.0000
2026-04-12 19:58:19,intraday,USO,LONG,17,124.83,entry (LONG),+0.0000
2026-04-12 19:58:20,intraday,XLI,LONG,12,171.51,entry (LONG),+0.0000
2026-04-12 19:58:21,intraday,XLU,LONG,82,46.95,entry (LONG),+0.0000
2026-04-12 19:59:26,intraday,GLD,LONG,10,437.17,entry (LONG),+0.0000
2026-04-12 19:59:27,intraday,IBIT,LONG,22,41.57,entry (LONG),+0.0000
2026-04-12 19:59:27,intraday,EWC,LONG,27,56.77,entry (LONG),+0.0000
2026-04-12 19:59:28,intraday,USO,LONG,17,124.83,entry (LONG),+0.0000
2026-04-12 19:59:29,intraday,XLI,LONG,12,171.51,entry (LONG),+0.0000
2026-04-12 19:59:30,intraday,XLU,LONG,82,46.95,entry (LONG),+0.0000
2026-04-12 20:00:35,intraday,GLD,LONG,10,437.17,entry (LONG),+0.0000
2026-04-12 20:00:36,intraday,IBIT,LONG,22,41.57,entry (LONG),+0.0000
2026-04-12 20:00:36,intraday,EWC,LONG,27,56.77,entry (LONG),+0.0000
2026-04-12 20:00:37,intraday,USO,LONG,17,124.83,entry (LONG),+0.0000
2026-04-12 20:00:38,intraday,XLI,LONG,12,171.51,entry (LONG),+0.0000
2026-04-12 20:00:39,intraday,XLU,LONG,82,46.95,entry (LONG),+0.0000
2026-04-12 20:01:45,intraday,GLD,LONG,10,437.17,entry (LONG),+0.0000
2026-04-12 20:01:45,intraday,IBIT,LONG,22,41.57,entry (LONG),+0.0000
2026-04-12 20:01:46,intraday,EWC,LONG,27,56.77,entry (LONG),+0.0000
2026-04-12 20:01:47,intraday,USO,LONG,17,124.83,entry (LONG),+0.0000
2026-04-12 20:01:48,intraday,XLI,LONG,12,171.51,entry (LONG),+0.0000
2026-04-12 20:01:49,intraday,XLU,LONG,82,46.95,entry (LONG),+0.0000
2026-04-12 20:02:03,swing,CIBR,SHORT,70,60.74,entry (SHORT),+0.0000
2026-04-12 20:02:05,swing,USMV,SHORT,152,92.75,entry (SHORT),+0.0000
2026-04-12 20:02:07,swing,EWY,SHORT,20,138.73,entry (SHORT),+0.0000
2026-04-12 20:02:12,swing,IBIT,SHORT,94,41.56,entry (SHORT),+0.0000
2026-04-12 20:02:54,intraday,GLD,LONG,10,437.17,entry (LONG),+0.0000
2026-04-12 20:02:54,intraday,IBIT,LONG,22,41.57,entry (LONG),+0.0000
2026-04-12 20:02:55,intraday,EWC,LONG,27,56.77,entry (LONG),+0.0000
2026-04-12 20:02:56,intraday,USO,LONG,17,124.83,entry (LONG),+0.0000
2026-04-12 20:02:57,intraday,XLI,LONG,12,171.51,entry (LONG),+0.0000
2026-04-12 20:02:58,intraday,XLU,LONG,82,46.95,entry (LONG),+0.0000
2026-04-12 20:04:03,intraday,GLD,LONG,10,437.17,entry (LONG),+0.0000
2026-04-12 20:04:04,intraday,IBIT,LONG,22,41.57,entry (LONG),+0.0000
2026-04-12 20:04:04,intraday,EWC,LONG,27,56.77,entry (LONG),+0.0000
2026-04-12 20:04:05,intraday,USO,LONG,17,124.83,entry (LONG),+0.0000
2026-04-12 20:04:06,intraday,XLI,LONG,12,171.51,entry (LONG),+0.0000
2026-04-12 20:04:07,intraday,XLU,LONG,82,46.95,entry (LONG),+0.0000
2026-04-12 20:05:13,intraday,GLD,LONG,10,437.17,entry (LONG),+0.0000
2026-04-12 20:05:13,intraday,IBIT,LONG,22,41.57,entry (LONG),+0.0000
2026-04-12 20:05:14,intraday,EWC,LONG,27,56.77,entry (LONG),+0.0000
2026-04-12 20:05:15,intraday,USO,LONG,17,124.83,entry (LONG),+0.0000
2026-04-12 20:05:16,intraday,XLI,LONG,12,171.51,entry (LONG),+0.0000
2026-04-12 20:05:17,intraday,XLU,LONG,82,46.95,entry (LONG),+0.0000
2026-04-12 20:06:24,intraday,GLD,LONG,10,437.17,entry (LONG),+0.0000
2026-04-12 20:06:25,intraday,IBIT,LONG,22,41.57,entry (LONG),+0.0000
2026-04-12 20:06:25,intraday,EWC,LONG,27,56.77,entry (LONG),+0.0000
2026-04-12 20:06:26,intraday,USO,LONG,17,124.83,entry (LONG),+0.0000
2026-04-12 20:06:27,intraday,XLI,LONG,12,171.51,entry (LONG),+0.0000
2026-04-12 20:06:28,intraday,XLU,LONG,82,46.95,entry (LONG),+0.0000
2026-04-12 20:07:28,swing,CIBR,SHORT,70,60.74,entry (SHORT),+0.0000
2026-04-12 20:07:30,swing,USMV,SHORT,152,92.75,entry (SHORT),+0.0000
2026-04-12 20:07:32,swing,EWY,SHORT,20,138.73,entry (SHORT),+0.0000
2026-04-12 20:07:33,intraday,GLD,LONG,10,437.17,entry (LONG),+0.0000
2026-04-12 20:07:34,intraday,IBIT,LONG,22,41.57,entry (LONG),+0.0000
2026-04-12 20:07:34,intraday,EWC,LONG,27,56.77,entry (LONG),+0.0000
2026-04-12 20:07:35,intraday,USO,LONG,17,124.83,entry (LONG),+0.0000
2026-04-12 20:07:36,intraday,XLI,LONG,12,171.51,entry (LONG),+0.0000
2026-04-12 20:07:37,swing,IBIT,SHORT,94,41.56,entry (SHORT),+0.0000
2026-04-12 20:07:37,intraday,XLU,LONG,82,46.95,entry (LONG),+0.0000
2026-04-12 20:08:42,intraday,GLD,LONG,10,437.17,entry (LONG),+0.0000
2026-04-12 20:08:43,intraday,IBIT,LONG,22,41.57,entry (LONG),+0.0000
2026-04-12 20:08:43,intraday,EWC,LONG,27,56.77,entry (LONG),+0.0000
2026-04-12 20:08:44,intraday,USO,LONG,17,124.83,entry (LONG),+0.0000
2026-04-12 20:08:45,intraday,XLI,LONG,12,171.51,entry (LONG),+0.0000
2026-04-12 20:08:46,intraday,XLU,LONG,82,46.95,entry (LONG),+0.0000
2026-04-12 20:09:51,intraday,GLD,LONG,10,437.17,entry (LONG),+0.0000
2026-04-12 20:09:52,intraday,IBIT,LONG,22,41.57,entry (LONG),+0.0000
2026-04-12 20:09:53,intraday,EWC,LONG,27,56.77,entry (LONG),+0.0000
2026-04-12 20:09:53,intraday,USO,LONG,17,124.83,entry (LONG),+0.0000
2026-04-12 20:09:54,intraday,XLI,LONG,12,171.51,entry (LONG),+0.0000
2026-04-12 20:09:55,intraday,XLU,LONG,82,46.95,entry (LONG),+0.0000
2026-04-12 20:11:00,intraday,GLD,LONG,10,437.17,entry (LONG),+0.0000
2026-04-12 20:11:01,intraday,IBIT,LONG,22,41.57,entry (LONG),+0.0000
2026-04-12 20:11:02,intraday,EWC,LONG,27,56.77,entry (LONG),+0.0000
2026-04-12 20:11:03,intraday,USO,LONG,17,124.83,entry (LONG),+0.0000
2026-04-12 20:11:04,intraday,XLI,LONG,12,171.51,entry (LONG),+0.0000
2026-04-12 20:11:05,intraday,XLU,LONG,82,46.95,entry (LONG),+0.0000
2026-04-12 20:12:11,intraday,GLD,LONG,10,437.17,entry (LONG),+0.0000
2026-04-12 20:12:12,intraday,IBIT,LONG,22,41.57,entry (LONG),+0.0000
2026-04-12 20:12:13,intraday,EWC,LONG,27,56.77,entry (LONG),+0.0000
2026-04-12 20:12:14,intraday,USO,LONG,17,124.83,entry (LONG),+0.0000
2026-04-12 20:12:15,intraday,XLI,LONG,12,171.51,entry (LONG),+0.0000
2026-04-12 20:12:15,intraday,XLU,LONG,82,46.95,entry (LONG),+0.0000
2026-04-12 20:12:52,swing,CIBR,SHORT,70,60.74,entry (SHORT),+0.0000
2026-04-12 20:12:54,swing,USMV,SHORT,152,92.75,entry (SHORT),+0.0000
2026-04-12 20:12:56,swing,EWY,SHORT,20,138.73,entry (SHORT),+0.0000
2026-04-12 20:13:02,swing,IBIT,SHORT,94,41.56,entry (SHORT),+0.0000
2026-04-12 20:13:20,intraday,GLD,LONG,10,437.17,entry (LONG),+0.0000
2026-04-12 20:13:21,intraday,IBIT,LONG,22,41.57,entry (LONG),+0.0000
2026-04-12 20:13:22,intraday,EWC,LONG,27,56.77,entry (LONG),+0.0000
2026-04-12 20:13:23,intraday,USO,LONG,17,124.83,entry (LONG),+0.0000
2026-04-12 20:13:24,intraday,XLI,LONG,12,171.51,entry (LONG),+0.0000
2026-04-12 20:13:25,intraday,XLU,LONG,82,46.95,entry (LONG),+0.0000
2026-04-12 20:14:31,intraday,GLD,LONG,10,437.17,entry (LONG),+0.0000
2026-04-12 20:14:32,intraday,IBIT,LONG,22,41.57,entry (LONG),+0.0000
2026-04-12 20:14:33,intraday,EWC,LONG,27,56.77,entry (LONG),+0.0000
2026-04-12 20:14:34,intraday,USO,LONG,17,124.83,entry (LONG),+0.0000
2026-04-12 20:14:35,intraday,XLI,LONG,12,171.51,entry (LONG),+0.0000
2026-04-12 20:14:35,intraday,XLU,LONG,82,46.95,entry (LONG),+0.0000
2026-04-12 20:15:41,intraday,GLD,LONG,10,437.17,entry (LONG),+0.0000
2026-04-12 20:15:41,intraday,IBIT,LONG,22,41.57,entry (LONG),+0.0000
2026-04-12 20:15:42,intraday,EWC,LONG,27,56.77,entry (LONG),+0.0000
2026-04-12 20:15:43,intraday,USO,LONG,17,124.83,entry (LONG),+0.0000
2026-04-12 20:15:44,intraday,XLI,LONG,12,171.51,entry (LONG),+0.0000
2026-04-12 20:15:45,intraday,XLU,LONG,82,46.95,entry (LONG),+0.0000
2026-04-12 20:16:50,intraday,GLD,LONG,10,437.17,entry (LONG),+0.0000
2026-04-12 20:16:51,intraday,IBIT,LONG,22,41.57,entry (LONG),+0.0000
2026-04-12 20:16:51,intraday,EWC,LONG,27,56.77,entry (LONG),+0.0000
2026-04-12 20:16:52,intraday,USO,LONG,17,124.83,entry (LONG),+0.0000
2026-04-12 20:16:53,intraday,XLI,LONG,12,171.51,entry (LONG),+0.0000
2026-04-12 20:16:54,intraday,XLU,LONG,82,46.95,entry (LONG),+0.0000
2026-04-12 20:17:59,intraday,GLD,LONG,10,437.17,entry (LONG),+0.0000
2026-04-12 20:18:00,intraday,IBIT,LONG,22,41.57,entry (LONG),+0.0000
2026-04-12 20:18:01,intraday,EWC,LONG,27,56.77,entry (LONG),+0.0000
2026-04-12 20:18:01,intraday,USO,LONG,17,124.83,entry (LONG),+0.0000
2026-04-12 20:18:02,intraday,XLI,LONG,12,171.51,entry (LONG),+0.0000
2026-04-12 20:18:03,intraday,XLU,LONG,82,46.95,entry (LONG),+0.0000
2026-04-12 20:18:27,swing,CIBR,SHORT,70,60.74,entry (SHORT),+0.0000
2026-04-12 20:18:29,swing,USMV,SHORT,152,92.75,entry (SHORT),+0.0000
2026-04-12 20:18:31,swing,EWY,SHORT,20,138.73,entry (SHORT),+0.0000
2026-04-12 20:18:37,swing,IBIT,SHORT,94,41.56,entry (SHORT),+0.0000
2026-04-12 20:19:09,intraday,GLD,LONG,10,437.17,entry (LONG),+0.0000
2026-04-12 20:19:09,intraday,IBIT,LONG,22,41.57,entry (LONG),+0.0000
2026-04-12 20:19:10,intraday,EWC,LONG,27,56.77,entry (LONG),+0.0000
2026-04-12 20:19:11,intraday,USO,LONG,17,124.83,entry (LONG),+0.0000
2026-04-12 20:19:12,intraday,XLI,LONG,12,171.51,entry (LONG),+0.0000
2026-04-12 20:19:13,intraday,XLU,LONG,82,46.95,entry (LONG),+0.0000
2026-04-12 20:20:18,intraday,GLD,LONG,10,437.17,entry (LONG),+0.0000
2026-04-12 20:20:18,intraday,IBIT,LONG,22,41.57,entry (LONG),+0.0000
2026-04-12 20:20:19,intraday,EWC,LONG,27,56.77,entry (LONG),+0.0000
2026-04-12 20:20:20,intraday,USO,LONG,17,124.83,entry (LONG),+0.0000
2026-04-12 20:20:21,intraday,XLI,LONG,12,171.51,entry (LONG),+0.0000
2026-04-12 20:20:22,intraday,XLU,LONG,82,46.95,entry (LONG),+0.0000
2026-04-12 20:21:27,intraday,GLD,LONG,10,437.17,entry (LONG),+0.0000
2026-04-12 20:21:28,intraday,IBIT,LONG,22,41.57,entry (LONG),+0.0000
2026-04-12 20:21:28,intraday,EWC,LONG,27,56.77,entry (LONG),+0.0000
2026-04-12 20:21:29,intraday,USO,LONG,17,124.83,entry (LONG),+0.0000
2026-04-12 20:21:30,intraday,XLI,LONG,12,171.51,entry (LONG),+0.0000
2026-04-12 20:21:31,intraday,XLU,LONG,82,46.95,entry (LONG),+0.0000
2026-04-12 20:22:36,intraday,GLD,LONG,10,437.17,entry (LONG),+0.0000
2026-04-12 20:22:37,intraday,IBIT,LONG,22,41.57,entry (LONG),+0.0000
2026-04-12 20:22:38,intraday,EWC,LONG,27,56.77,entry (LONG),+0.0000
2026-04-12 20:22:38,intraday,USO,LONG,17,124.83,entry (LONG),+0.0000
2026-04-12 20:22:40,intraday,XLI,LONG,12,171.51,entry (LONG),+0.0000
2026-04-12 20:22:40,intraday,XLU,LONG,82,46.95,entry (LONG),+0.0000
2026-04-12 20:23:45,intraday,GLD,LONG,10,437.17,entry (LONG),+0.0000
2026-04-12 20:23:46,intraday,IBIT,LONG,22,41.57,entry (LONG),+0.0000
2026-04-12 20:23:47,intraday,EWC,LONG,27,56.77,entry (LONG),+0.0000
2026-04-12 20:23:48,intraday,USO,LONG,17,124.83,entry (LONG),+0.0000
2026-04-12 20:23:49,intraday,XLI,LONG,12,171.51,entry (LONG),+0.0000
2026-04-12 20:23:50,intraday,XLU,LONG,82,46.95,entry (LONG),+0.0000
2026-04-12 20:23:53,swing,CIBR,SHORT,70,60.74,entry (SHORT),+0.0000
2026-04-12 20:23:55,swing,USMV,SHORT,152,92.75,entry (SHORT),+0.0000
2026-04-12 20:23:57,swing,EWY,SHORT,20,138.73,entry (SHORT),+0.0000
2026-04-12 20:24:01,swing,IBIT,SHORT,94,41.56,entry (SHORT),+0.0000
2026-04-12 20:24:55,intraday,GLD,LONG,10,437.17,entry (LONG),+0.0000
2026-04-12 20:24:55,intraday,IBIT,LONG,22,41.57,entry (LONG),+0.0000
2026-04-12 20:24:56,intraday,EWC,LONG,27,56.77,entry (LONG),+0.0000
2026-04-12 20:24:57,intraday,USO,LONG,17,124.83,entry (LONG),+0.0000
2026-04-12 20:24:58,intraday,XLI,LONG,12,171.51,entry (LONG),+0.0000
2026-04-12 20:24:59,intraday,XLU,LONG,82,46.95,entry (LONG),+0.0000
2026-04-12 20:26:05,intraday,GLD,LONG,10,437.17,entry (LONG),+0.0000
2026-04-12 20:26:05,intraday,IBIT,LONG,22,41.57,entry (LONG),+0.0000
2026-04-12 20:26:06,intraday,EWC,LONG,27,56.77,entry (LONG),+0.0000
2026-04-12 20:26:09,intraday,USO,LONG,17,124.83,entry (LONG),+0.0000
2026-04-12 20:26:10,intraday,XLI,LONG,12,171.51,entry (LONG),+0.0000
2026-04-12 20:26:11,intraday,XLU,LONG,82,46.95,entry (LONG),+0.0000
2026-04-12 20:27:17,intraday,GLD,LONG,10,437.17,entry (LONG),+0.0000
2026-04-12 20:27:18,intraday,IBIT,LONG,22,41.57,entry (LONG),+0.0000
2026-04-12 20:27:18,intraday,EWC,LONG,27,56.77,entry (LONG),+0.0000
2026-04-12 20:27:19,intraday,USO,LONG,17,124.83,entry (LONG),+0.0000
2026-04-12 20:27:20,intraday,XLI,LONG,12,171.51,entry (LONG),+0.0000
2026-04-12 20:27:21,intraday,XLU,LONG,82,46.95,entry (LONG),+0.0000
2026-04-12 20:28:26,intraday,GLD,LONG,10,437.17,entry (LONG),+0.0000
2026-04-12 20:28:27,intraday,IBIT,LONG,22,41.57,entry (LONG),+0.0000
2026-04-12 20:28:28,intraday,EWC,LONG,27,56.77,entry (LONG),+0.0000
2026-04-12 20:28:29,intraday,USO,LONG,17,124.83,entry (LONG),+0.0000
2026-04-12 20:28:30,intraday,XLI,LONG,12,171.51,entry (LONG),+0.0000
2026-04-12 20:28:30,intraday,XLU,LONG,82,46.95,entry (LONG),+0.0000
2026-04-12 20:29:20,swing,CIBR,SHORT,70,60.74,entry (SHORT),+0.0000
2026-04-12 20:29:22,swing,USMV,SHORT,152,92.75,entry (SHORT),+0.0000
2026-04-12 20:29:24,swing,EWY,SHORT,20,138.73,entry (SHORT),+0.0000
2026-04-12 20:29:30,swing,IBIT,SHORT,94,41.56,entry (SHORT),+0.0000
2026-04-12 20:29:35,intraday,GLD,LONG,10,437.17,entry (LONG),+0.0000
2026-04-12 20:29:36,intraday,IBIT,LONG,22,41.57,entry (LONG),+0.0000
2026-04-12 20:29:37,intraday,EWC,LONG,27,56.77,entry (LONG),+0.0000
2026-04-12 20:29:38,intraday,USO,LONG,17,124.83,entry (LONG),+0.0000
2026-04-12 20:29:39,intraday,XLI,LONG,12,171.51,entry (LONG),+0.0000
2026-04-12 20:29:40,intraday,XLU,LONG,82,46.95,entry (LONG),+0.0000
2026-04-12 20:30:53,intraday,GLD,LONG,10,437.17,entry (LONG),+0.0000
2026-04-12 20:30:53,intraday,IBIT,LONG,22,41.57,entry (LONG),+0.0000
2026-04-12 20:30:54,intraday,EWC,LONG,27,56.77,entry (LONG),+0.0000
2026-04-12 20:30:55,intraday,USO,LONG,17,124.83,entry (LONG),+0.0000
2026-04-12 20:30:56,intraday,XLI,LONG,12,171.51,entry (LONG),+0.0000
2026-04-12 20:30:57,intraday,XLU,LONG,82,46.95,entry (LONG),+0.0000
2026-04-12 20:32:02,intraday,GLD,LONG,10,437.17,entry (LONG),+0.0000
2026-04-12 20:32:03,intraday,IBIT,LONG,22,41.57,entry (LONG),+0.0000
2026-04-12 20:32:04,intraday,EWC,LONG,27,56.77,entry (LONG),+0.0000
2026-04-12 20:32:05,intraday,USO,LONG,17,124.83,entry (LONG),+0.0000
2026-04-12 20:32:06,intraday,XLI,LONG,12,171.51,entry (LONG),+0.0000
2026-04-12 20:32:07,intraday,XLU,LONG,82,46.95,entry (LONG),+0.0000
2026-04-12 20:33:11,intraday,GLD,LONG,10,437.17,entry (LONG),+0.0000
2026-04-12 20:33:12,intraday,IBIT,LONG,22,41.57,entry (LONG),+0.0000
2026-04-12 20:33:13,intraday,EWC,LONG,27,56.77,entry (LONG),+0.0000
2026-04-12 20:33:14,intraday,USO,LONG,17,124.83,entry (LONG),+0.0000
2026-04-12 20:33:15,intraday,XLI,LONG,12,171.51,entry (LONG),+0.0000
2026-04-12 20:33:16,intraday,XLU,LONG,82,46.95,entry (LONG),+0.0000
2026-04-12 20:34:22,intraday,GLD,LONG,10,437.17,entry (LONG),+0.0000
2026-04-12 20:34:23,intraday,IBIT,LONG,22,41.57,entry (LONG),+0.0000
2026-04-12 20:34:24,intraday,EWC,LONG,27,56.77,entry (LONG),+0.0000
2026-04-12 20:34:25,intraday,USO,LONG,17,124.83,entry (LONG),+0.0000
2026-04-12 20:34:26,intraday,XLI,LONG,12,171.51,entry (LONG),+0.0000
2026-04-12 20:34:26,intraday,XLU,LONG,82,46.95,entry (LONG),+0.0000
2026-04-12 20:34:49,swing,CIBR,SHORT,70,60.74,entry (SHORT),+0.0000
2026-04-12 20:34:52,swing,USMV,SHORT,152,92.75,entry (SHORT),+0.0000
2026-04-12 20:34:54,swing,EWY,SHORT,20,138.73,entry (SHORT),+0.0000
2026-04-12 20:34:58,swing,IBIT,SHORT,94,41.56,entry (SHORT),+0.0000
2026-04-12 20:35:31,intraday,GLD,LONG,10,437.17,entry (LONG),+0.0000
2026-04-12 20:35:32,intraday,IBIT,LONG,22,41.57,entry (LONG),+0.0000
2026-04-12 20:35:33,intraday,EWC,LONG,27,56.77,entry (LONG),+0.0000
2026-04-12 20:35:33,intraday,USO,LONG,17,124.83,entry (LONG),+0.0000
2026-04-12 20:35:35,intraday,XLI,LONG,12,171.51,entry (LONG),+0.0000
2026-04-12 20:35:35,intraday,XLU,LONG,82,46.95,entry (LONG),+0.0000
2026-04-12 20:36:40,intraday,GLD,LONG,10,437.17,entry (LONG),+0.0000
2026-04-12 20:36:41,intraday,IBIT,LONG,22,41.57,entry (LONG),+0.0000
2026-04-12 20:36:42,intraday,EWC,LONG,27,56.77,entry (LONG),+0.0000
2026-04-12 20:36:43,intraday,USO,LONG,17,124.83,entry (LONG),+0.0000
2026-04-12 20:36:44,intraday,XLI,LONG,12,171.51,entry (LONG),+0.0000
2026-04-12 20:36:45,intraday,XLU,LONG,82,46.95,entry (LONG),+0.0000
2026-04-12 20:37:50,intraday,GLD,LONG,10,437.17,entry (LONG),+0.0000
2026-04-12 20:37:50,intraday,IBIT,LONG,22,41.57,entry (LONG),+0.0000
2026-04-12 20:37:51,intraday,EWC,LONG,27,56.77,entry (LONG),+0.0000
2026-04-12 20:37:52,intraday,USO,LONG,17,124.83,entry (LONG),+0.0000
2026-04-12 20:37:53,intraday,XLI,LONG,12,171.51,entry (LONG),+0.0000
2026-04-12 20:37:54,intraday,XLU,LONG,82,46.95,entry (LONG),+0.0000
2026-04-12 20:38:59,intraday,GLD,LONG,10,437.17,entry (LONG),+0.0000
2026-04-12 20:39:00,intraday,IBIT,LONG,22,41.57,entry (LONG),+0.0000
2026-04-12 20:39:01,intraday,EWC,LONG,27,56.77,entry (LONG),+0.0000
2026-04-12 20:39:02,intraday,USO,LONG,17,124.83,entry (LONG),+0.0000
2026-04-12 20:39:03,intraday,XLI,LONG,12,171.51,entry (LONG),+0.0000
2026-04-12 20:39:04,intraday,XLU,LONG,82,46.95,entry (LONG),+0.0000
2026-04-12 20:40:10,intraday,GLD,LONG,10,437.17,entry (LONG),+0.0000
2026-04-12 20:40:10,intraday,IBIT,LONG,22,41.57,entry (LONG),+0.0000
2026-04-12 20:40:11,intraday,EWC,LONG,27,56.77,entry (LONG),+0.0000
2026-04-12 20:40:12,intraday,USO,LONG,17,124.83,entry (LONG),+0.0000
2026-04-12 20:40:14,intraday,XLI,LONG,12,171.51,entry (LONG),+0.0000
2026-04-12 20:40:15,intraday,XLU,LONG,82,46.95,entry (LONG),+0.0000
2026-04-12 20:40:16,swing,CIBR,SHORT,70,60.74,entry (SHORT),+0.0000
2026-04-12 20:40:18,swing,USMV,SHORT,152,92.75,entry (SHORT),+0.0000
2026-04-12 20:40:21,swing,EWY,SHORT,20,138.73,entry (SHORT),+0.0000
2026-04-12 20:40:26,swing,IBIT,SHORT,94,41.56,entry (SHORT),+0.0000
2026-04-12 20:41:22,intraday,GLD,LONG,10,437.17,entry (LONG),+0.0000
2026-04-12 20:41:23,intraday,IBIT,LONG,22,41.57,entry (LONG),+0.0000
2026-04-12 20:41:23,intraday,EWC,LONG,27,56.77,entry (LONG),+0.0000
2026-04-12 20:41:24,intraday,USO,LONG,17,124.83,entry (LONG),+0.0000
2026-04-12 20:41:25,intraday,XLI,LONG,12,171.51,entry (LONG),+0.0000
2026-04-12 20:41:26,intraday,XLU,LONG,82,46.95,entry (LONG),+0.0000
2026-04-12 20:42:35,intraday,GLD,LONG,10,437.17,entry (LONG),+0.0000
2026-04-12 20:42:35,intraday,IBIT,LONG,22,41.57,entry (LONG),+0.0000
2026-04-12 20:42:36,intraday,EWC,LONG,27,56.77,entry (LONG),+0.0000
2026-04-12 20:42:37,intraday,USO,LONG,17,124.83,entry (LONG),+0.0000
2026-04-12 20:42:39,intraday,XLI,LONG,12,171.51,entry (LONG),+0.0000
2026-04-12 20:42:40,intraday,XLU,LONG,82,46.95,entry (LONG),+0.0000
2026-04-12 20:43:45,intraday,GLD,LONG,10,437.17,entry (LONG),+0.0000
2026-04-12 20:43:46,intraday,IBIT,LONG,22,41.57,entry (LONG),+0.0000
2026-04-12 20:43:46,intraday,EWC,LONG,27,56.77,entry (LONG),+0.0000
2026-04-12 20:43:47,intraday,USO,LONG,17,124.83,entry (LONG),+0.0000
2026-04-12 20:43:49,intraday,XLI,LONG,12,171.51,entry (LONG),+0.0000
2026-04-12 20:43:50,intraday,XLU,LONG,82,46.95,entry (LONG),+0.0000
2026-04-12 20:44:55,intraday,GLD,LONG,10,437.17,entry (LONG),+0.0000
2026-04-12 20:44:56,intraday,IBIT,LONG,22,41.57,entry (LONG),+0.0000
2026-04-12 20:44:57,intraday,EWC,LONG,27,56.77,entry (LONG),+0.0000
2026-04-12 20:44:57,intraday,USO,LONG,17,124.83,entry (LONG),+0.0000
2026-04-12 20:44:58,intraday,XLI,LONG,12,171.51,entry (LONG),+0.0000
2026-04-12 20:44:59,intraday,XLU,LONG,82,46.95,entry (LONG),+0.0000
2026-04-12 20:45:46,swing,CIBR,SHORT,70,60.74,entry (SHORT),+0.0000
2026-04-12 20:45:48,swing,USMV,SHORT,152,92.75,entry (SHORT),+0.0000
2026-04-12 20:45:50,swing,EWY,SHORT,20,138.73,entry (SHORT),+0.0000
2026-04-12 20:45:54,swing,IBIT,SHORT,94,41.56,entry (SHORT),+0.0000
2026-04-12 20:46:04,intraday,GLD,LONG,10,437.17,entry (LONG),+0.0000
2026-04-12 20:46:05,intraday,IBIT,LONG,22,41.57,entry (LONG),+0.0000
2026-04-12 20:46:06,intraday,EWC,LONG,27,56.77,entry (LONG),+0.0000
2026-04-12 20:46:06,intraday,USO,LONG,17,124.83,entry (LONG),+0.0000
2026-04-12 20:46:07,intraday,XLI,LONG,12,171.51,entry (LONG),+0.0000
2026-04-12 20:46:08,intraday,XLU,LONG,82,46.95,entry (LONG),+0.0000
2026-04-12 20:47:15,intraday,GLD,LONG,10,437.17,entry (LONG),+0.0000
2026-04-12 20:47:16,intraday,IBIT,LONG,22,41.57,entry (LONG),+0.0000
2026-04-12 20:47:17,intraday,EWC,LONG,27,56.77,entry (LONG),+0.0000
2026-04-12 20:47:18,intraday,USO,LONG,17,124.83,entry (LONG),+0.0000
2026-04-12 20:47:19,intraday,XLI,LONG,12,171.51,entry (LONG),+0.0000
2026-04-12 20:47:19,intraday,XLU,LONG,82,46.95,entry (LONG),+0.0000
2026-04-12 20:48:25,intraday,GLD,LONG,10,437.17,entry (LONG),+0.0000
2026-04-12 20:48:25,intraday,IBIT,LONG,22,41.57,entry (LONG),+0.0000
2026-04-12 20:48:26,intraday,EWC,LONG,27,56.77,entry (LONG),+0.0000
2026-04-12 20:48:27,intraday,USO,LONG,17,124.83,entry (LONG),+0.0000
2026-04-12 20:48:28,intraday,XLI,LONG,12,171.51,entry (LONG),+0.0000
2026-04-12 20:48:29,intraday,XLU,LONG,82,46.95,entry (LONG),+0.0000
2026-04-12 20:49:34,intraday,GLD,LONG,10,437.17,entry (LONG),+0.0000
2026-04-12 20:49:35,intraday,IBIT,LONG,22,41.57,entry (LONG),+0.0000
2026-04-12 20:49:36,intraday,EWC,LONG,27,56.77,entry (LONG),+0.0000
2026-04-12 20:49:37,intraday,USO,LONG,17,124.83,entry (LONG),+0.0000
2026-04-12 20:49:38,intraday,XLI,LONG,12,171.51,entry (LONG),+0.0000
2026-04-12 20:49:39,intraday,XLU,LONG,82,46.95,entry (LONG),+0.0000
2026-04-12 20:50:44,intraday,GLD,LONG,10,437.17,entry (LONG),+0.0000
2026-04-12 20:50:45,intraday,IBIT,LONG,22,41.57,entry (LONG),+0.0000
2026-04-12 20:50:46,intraday,EWC,LONG,27,56.77,entry (LONG),+0.0000
2026-04-12 20:50:46,intraday,USO,LONG,17,124.83,entry (LONG),+0.0000
2026-04-12 20:50:47,intraday,XLI,LONG,12,171.51,entry (LONG),+0.0000
2026-04-12 20:50:48,intraday,XLU,LONG,82,46.95,entry (LONG),+0.0000
2026-04-12 20:51:15,swing,CIBR,SHORT,70,60.74,entry (SHORT),+0.0000
2026-04-12 20:51:17,swing,USMV,SHORT,152,92.75,entry (SHORT),+0.0000
2026-04-12 20:51:19,swing,EWY,SHORT,20,138.73,entry (SHORT),+0.0000
2026-04-12 20:51:32,swing,IBIT,SHORT,94,41.56,entry (SHORT),+0.0000
2026-04-12 20:51:54,intraday,GLD,LONG,10,437.17,entry (LONG),+0.0000
2026-04-12 20:51:54,intraday,IBIT,LONG,22,41.57,entry (LONG),+0.0000
2026-04-12 20:51:55,intraday,EWC,LONG,27,56.77,entry (LONG),+0.0000
2026-04-12 20:51:56,intraday,USO,LONG,17,124.83,entry (LONG),+0.0000
2026-04-12 20:51:57,intraday,XLI,LONG,12,171.51,entry (LONG),+0.0000
2026-04-12 20:51:58,intraday,XLU,LONG,82,46.95,entry (LONG),+0.0000
2026-04-12 20:53:05,intraday,GLD,LONG,10,437.17,entry (LONG),+0.0000
2026-04-12 20:53:06,intraday,IBIT,LONG,22,41.57,entry (LONG),+0.0000
2026-04-12 20:53:08,intraday,EWC,LONG,27,56.77,entry (LONG),+0.0000
2026-04-12 20:53:09,intraday,USO,LONG,17,124.83,entry (LONG),+0.0000
2026-04-12 20:53:10,intraday,XLI,LONG,12,171.51,entry (LONG),+0.0000
2026-04-12 20:53:12,intraday,XLU,LONG,82,46.95,entry (LONG),+0.0000
2026-04-12 20:54:17,intraday,GLD,LONG,10,437.17,entry (LONG),+0.0000
2026-04-12 20:54:17,intraday,IBIT,LONG,22,41.57,entry (LONG),+0.0000
2026-04-12 20:54:18,intraday,EWC,LONG,27,56.77,entry (LONG),+0.0000
2026-04-12 20:54:19,intraday,USO,LONG,17,124.83,entry (LONG),+0.0000
2026-04-12 20:54:20,intraday,XLI,LONG,12,171.51,entry (LONG),+0.0000
2026-04-12 20:54:21,intraday,XLU,LONG,82,46.95,entry (LONG),+0.0000
2026-04-12 20:55:26,intraday,GLD,LONG,10,437.17,entry (LONG),+0.0000
2026-04-12 20:55:27,intraday,IBIT,LONG,22,41.57,entry (LONG),+0.0000
2026-04-12 20:55:27,intraday,EWC,LONG,27,56.77,entry (LONG),+0.0000
2026-04-12 20:55:28,intraday,USO,LONG,17,124.83,entry (LONG),+0.0000
2026-04-12 20:55:29,intraday,XLI,LONG,12,171.51,entry (LONG),+0.0000
2026-04-12 20:55:30,intraday,XLU,LONG,82,46.95,entry (LONG),+0.0000
2026-04-12 20:56:39,intraday,GLD,LONG,10,437.17,entry (LONG),+0.0000
2026-04-12 20:56:40,intraday,IBIT,LONG,22,41.57,entry (LONG),+0.0000
2026-04-12 20:56:40,intraday,EWC,LONG,27,56.77,entry (LONG),+0.0000
2026-04-12 20:56:41,intraday,USO,LONG,17,124.83,entry (LONG),+0.0000
2026-04-12 20:56:43,intraday,XLI,LONG,12,171.51,entry (LONG),+0.0000
2026-04-12 20:56:44,intraday,XLU,LONG,82,46.95,entry (LONG),+0.0000
2026-04-12 20:56:57,swing,CIBR,SHORT,70,60.74,entry (SHORT),+0.0000
2026-04-12 20:56:59,swing,USMV,SHORT,152,92.75,entry (SHORT),+0.0000
2026-04-12 20:57:01,swing,EWY,SHORT,20,138.73,entry (SHORT),+0.0000
2026-04-12 20:57:06,swing,IBIT,SHORT,94,41.56,entry (SHORT),+0.0000
2026-04-12 20:57:49,intraday,GLD,LONG,10,437.17,entry (LONG),+0.0000
2026-04-12 20:57:50,intraday,IBIT,LONG,22,41.57,entry (LONG),+0.0000
2026-04-12 20:57:51,intraday,EWC,LONG,27,56.77,entry (LONG),+0.0000
2026-04-12 20:57:51,intraday,USO,LONG,17,124.83,entry (LONG),+0.0000
2026-04-12 20:57:52,intraday,XLI,LONG,12,171.51,entry (LONG),+0.0000
2026-04-12 20:57:53,intraday,XLU,LONG,82,46.95,entry (LONG),+0.0000
2026-04-12 20:58:58,intraday,GLD,LONG,10,437.17,entry (LONG),+0.0000
2026-04-12 20:58:59,intraday,IBIT,LONG,22,41.57,entry (LONG),+0.0000
2026-04-12 20:59:00,intraday,EWC,LONG,27,56.77,entry (LONG),+0.0000
2026-04-12 20:59:01,intraday,USO,LONG,17,124.83,entry (LONG),+0.0000
2026-04-12 20:59:02,intraday,XLI,LONG,12,171.51,entry (LONG),+0.0000
2026-04-12 20:59:03,intraday,XLU,LONG,82,46.95,entry (LONG),+0.0000
2026-04-12 21:00:15,intraday,GLD,LONG,10,437.17,entry (LONG),+0.0000
2026-04-12 21:00:16,intraday,IBIT,LONG,22,41.57,entry (LONG),+0.0000
2026-04-12 21:00:18,intraday,EWC,LONG,27,56.77,entry (LONG),+0.0000
2026-04-12 21:00:19,intraday,USO,LONG,17,124.83,entry (LONG),+0.0000
2026-04-12 21:00:21,intraday,XLI,LONG,12,171.51,entry (LONG),+0.0000
2026-04-12 21:00:23,intraday,XLU,LONG,82,46.95,entry (LONG),+0.0000
2026-04-12 21:01:28,intraday,GLD,LONG,10,437.17,entry (LONG),+0.0000
2026-04-12 21:01:29,intraday,IBIT,LONG,22,41.57,entry (LONG),+0.0000
2026-04-12 21:01:30,intraday,EWC,LONG,27,56.77,entry (LONG),+0.0000
2026-04-12 21:01:30,intraday,USO,LONG,17,124.83,entry (LONG),+0.0000
2026-04-12 21:01:32,intraday,XLI,LONG,12,171.51,entry (LONG),+0.0000
2026-04-12 21:01:32,intraday,XLU,LONG,82,46.95,entry (LONG),+0.0000
2026-04-12 21:02:38,swing,CIBR,SHORT,70,60.74,entry (SHORT),+0.0000
2026-04-12 21:02:39,intraday,GLD,LONG,10,437.17,entry (LONG),+0.0000
2026-04-12 21:02:40,intraday,IBIT,LONG,22,41.57,entry (LONG),+0.0000
2026-04-12 21:02:40,intraday,EWC,LONG,27,56.77,entry (LONG),+0.0000
2026-04-12 21:02:41,swing,USMV,SHORT,152,92.75,entry (SHORT),+0.0000
2026-04-12 21:02:42,intraday,USO,LONG,17,124.83,entry (LONG),+0.0000
2026-04-12 21:02:43,intraday,XLI,LONG,12,171.51,entry (LONG),+0.0000
2026-04-12 21:02:43,swing,EWY,SHORT,20,138.73,entry (SHORT),+0.0000
2026-04-12 21:02:44,intraday,XLU,LONG,82,46.95,entry (LONG),+0.0000
2026-04-12 21:02:49,swing,IBIT,SHORT,94,41.56,entry (SHORT),+0.0000
2026-04-12 21:03:49,intraday,GLD,LONG,10,437.17,entry (LONG),+0.0000
2026-04-12 21:03:50,intraday,IBIT,LONG,22,41.57,entry (LONG),+0.0000
2026-04-12 21:03:51,intraday,EWC,LONG,27,56.77,entry (LONG),+0.0000
2026-04-12 21:03:51,intraday,USO,LONG,17,124.83,entry (LONG),+0.0000
2026-04-12 21:03:53,intraday,XLI,LONG,12,171.51,entry (LONG),+0.0000
2026-04-12 21:03:53,intraday,XLU,LONG,82,46.95,entry (LONG),+0.0000
2026-04-12 21:04:58,intraday,GLD,LONG,10,437.17,entry (LONG),+0.0000
2026-04-12 21:04:59,intraday,IBIT,LONG,22,41.57,entry (LONG),+0.0000
2026-04-12 21:05:00,intraday,EWC,LONG,27,56.77,entry (LONG),+0.0000
2026-04-12 21:05:01,intraday,USO,LONG,17,124.83,entry (LONG),+0.0000
2026-04-12 21:05:02,intraday,XLI,LONG,12,171.51,entry (LONG),+0.0000
2026-04-12 21:05:02,intraday,XLU,LONG,82,46.95,entry (LONG),+0.0000
2026-04-12 21:06:08,intraday,GLD,LONG,10,437.17,entry (LONG),+0.0000
2026-04-12 21:06:09,intraday,IBIT,LONG,22,41.57,entry (LONG),+0.0000
2026-04-12 21:06:10,intraday,EWC,LONG,27,56.77,entry (LONG),+0.0000
2026-04-12 21:06:10,intraday,USO,LONG,17,124.83,entry (LONG),+0.0000
2026-04-12 21:06:12,intraday,XLI,LONG,12,171.51,entry (LONG),+0.0000
2026-04-12 21:06:13,intraday,XLU,LONG,82,46.95,entry (LONG),+0.0000
2026-04-12 21:07:20,intraday,GLD,LONG,10,437.17,entry (LONG),+0.0000
2026-04-12 21:07:21,intraday,IBIT,LONG,22,41.57,entry (LONG),+0.0000
2026-04-12 21:07:22,intraday,EWC,LONG,27,56.77,entry (LONG),+0.0000
2026-04-12 21:07:23,intraday,USO,LONG,17,124.83,entry (LONG),+0.0000
2026-04-12 21:07:24,intraday,XLI,LONG,12,171.51,entry (LONG),+0.0000
2026-04-12 21:07:25,intraday,XLU,LONG,82,46.95,entry (LONG),+0.0000
2026-04-12 21:08:06,swing,CIBR,SHORT,70,60.74,entry (SHORT),+0.0000
2026-04-12 21:08:08,swing,USMV,SHORT,152,92.75,entry (SHORT),+0.0000
2026-04-12 21:08:10,swing,EWY,SHORT,20,138.73,entry (SHORT),+0.0000
2026-04-12 21:08:15,swing,IBIT,SHORT,94,41.56,entry (SHORT),+0.0000
2026-04-12 21:08:30,intraday,GLD,LONG,10,437.17,entry (LONG),+0.0000
2026-04-12 21:08:31,intraday,IBIT,LONG,22,41.57,entry (LONG),+0.0000
2026-04-12 21:08:35,intraday,EWC,LONG,27,56.77,entry (LONG),+0.0000
2026-04-12 21:08:36,intraday,USO,LONG,17,124.83,entry (LONG),+0.0000
2026-04-12 21:08:37,intraday,XLI,LONG,12,171.51,entry (LONG),+0.0000
2026-04-12 21:08:38,intraday,XLU,LONG,82,46.95,entry (LONG),+0.0000
2026-04-12 21:09:44,intraday,GLD,LONG,10,437.17,entry (LONG),+0.0000
2026-04-12 21:09:44,intraday,IBIT,LONG,22,41.57,entry (LONG),+0.0000
2026-04-12 21:09:45,intraday,EWC,LONG,27,56.77,entry (LONG),+0.0000
2026-04-12 21:09:46,intraday,USO,LONG,17,124.83,entry (LONG),+0.0000
2026-04-12 21:09:47,intraday,XLI,LONG,12,171.51,entry (LONG),+0.0000
2026-04-12 21:09:48,intraday,XLU,LONG,82,46.95,entry (LONG),+0.0000
2026-04-12 21:10:55,intraday,GLD,LONG,10,437.17,entry (LONG),+0.0000
2026-04-12 21:10:56,intraday,IBIT,LONG,22,41.57,entry (LONG),+0.0000
2026-04-12 21:10:57,intraday,EWC,LONG,27,56.77,entry (LONG),+0.0000
2026-04-12 21:10:58,intraday,USO,LONG,17,124.83,entry (LONG),+0.0000
2026-04-12 21:10:59,intraday,XLI,LONG,12,171.51,entry (LONG),+0.0000
2026-04-12 21:11:00,intraday,XLU,LONG,82,46.95,entry (LONG),+0.0000
2026-04-12 21:12:05,intraday,GLD,LONG,10,437.17,entry (LONG),+0.0000
2026-04-12 21:12:06,intraday,IBIT,LONG,22,41.57,entry (LONG),+0.0000
2026-04-12 21:12:07,intraday,EWC,LONG,27,56.77,entry (LONG),+0.0000
2026-04-12 21:12:08,intraday,USO,LONG,17,124.83,entry (LONG),+0.0000
2026-04-12 21:12:09,intraday,XLI,LONG,12,171.51,entry (LONG),+0.0000
2026-04-12 21:12:10,intraday,XLU,LONG,82,46.95,entry (LONG),+0.0000
2026-04-12 21:13:15,intraday,GLD,LONG,10,437.17,entry (LONG),+0.0000
2026-04-12 21:13:16,intraday,IBIT,LONG,22,41.57,entry (LONG),+0.0000
2026-04-12 21:13:17,intraday,EWC,LONG,27,56.77,entry (LONG),+0.0000
2026-04-12 21:13:17,intraday,USO,LONG,17,124.83,entry (LONG),+0.0000
2026-04-12 21:13:19,intraday,XLI,LONG,12,171.51,entry (LONG),+0.0000
2026-04-12 21:13:19,intraday,XLU,LONG,82,46.95,entry (LONG),+0.0000
2026-04-12 21:13:33,swing,CIBR,SHORT,70,60.74,entry (SHORT),+0.0000
2026-04-12 21:13:35,swing,USMV,SHORT,152,92.75,entry (SHORT),+0.0000
2026-04-12 21:13:37,swing,EWY,SHORT,20,138.73,entry (SHORT),+0.0000
2026-04-12 21:13:41,swing,IBIT,SHORT,94,41.56,entry (SHORT),+0.0000
2026-04-12 21:14:25,intraday,GLD,LONG,10,437.17,entry (LONG),+0.0000
2026-04-12 21:14:25,intraday,IBIT,LONG,22,41.57,entry (LONG),+0.0000
2026-04-12 21:14:26,intraday,EWC,LONG,27,56.77,entry (LONG),+0.0000
2026-04-12 21:14:27,intraday,USO,LONG,17,124.83,entry (LONG),+0.0000
2026-04-12 21:14:28,intraday,XLI,LONG,12,171.51,entry (LONG),+0.0000
2026-04-12 21:14:29,intraday,XLU,LONG,82,46.95,entry (LONG),+0.0000
2026-04-12 21:15:34,intraday,GLD,LONG,10,437.17,entry (LONG),+0.0000
2026-04-12 21:15:35,intraday,IBIT,LONG,22,41.57,entry (LONG),+0.0000
2026-04-12 21:15:35,intraday,EWC,LONG,27,56.77,entry (LONG),+0.0000
2026-04-12 21:15:36,intraday,USO,LONG,17,124.83,entry (LONG),+0.0000
2026-04-12 21:15:37,intraday,XLI,LONG,12,171.51,entry (LONG),+0.0000
2026-04-12 21:15:38,intraday,XLU,LONG,82,46.95,entry (LONG),+0.0000
2026-04-12 21:16:43,intraday,GLD,LONG,10,437.17,entry (LONG),+0.0000
2026-04-12 21:16:44,intraday,IBIT,LONG,22,41.57,entry (LONG),+0.0000
2026-04-12 21:16:45,intraday,EWC,LONG,27,56.77,entry (LONG),+0.0000
2026-04-12 21:16:45,intraday,USO,LONG,17,124.83,entry (LONG),+0.0000
2026-04-12 21:16:46,intraday,XLI,LONG,12,171.51,entry (LONG),+0.0000
2026-04-12 21:16:47,intraday,XLU,LONG,82,46.95,entry (LONG),+0.0000
2026-04-12 21:17:52,intraday,GLD,LONG,10,437.17,entry (LONG),+0.0000
2026-04-12 21:17:53,intraday,IBIT,LONG,22,41.57,entry (LONG),+0.0000
2026-04-12 21:17:54,intraday,EWC,LONG,27,56.77,entry (LONG),+0.0000
2026-04-12 21:17:54,intraday,USO,LONG,17,124.83,entry (LONG),+0.0000
2026-04-12 21:17:56,intraday,XLI,LONG,12,171.51,entry (LONG),+0.0000
2026-04-12 21:17:56,intraday,XLU,LONG,82,46.95,entry (LONG),+0.0000
2026-04-12 21:18:57,swing,CIBR,SHORT,70,60.74,entry (SHORT),+0.0000
2026-04-12 21:18:59,swing,USMV,SHORT,152,92.75,entry (SHORT),+0.0000
2026-04-12 21:19:01,intraday,GLD,LONG,10,437.17,entry (LONG),+0.0000
2026-04-12 21:19:01,swing,EWY,SHORT,20,138.73,entry (SHORT),+0.0000
2026-04-12 21:19:02,intraday,IBIT,LONG,22,41.57,entry (LONG),+0.0000
2026-04-12 21:19:03,intraday,EWC,LONG,27,56.77,entry (LONG),+0.0000
2026-04-12 21:19:04,intraday,USO,LONG,17,124.83,entry (LONG),+0.0000
2026-04-12 21:19:05,intraday,XLI,LONG,12,171.51,entry (LONG),+0.0000
2026-04-12 21:19:06,intraday,XLU,LONG,82,46.95,entry (LONG),+0.0000
2026-04-12 21:19:07,swing,IBIT,SHORT,94,41.56,entry (SHORT),+0.0000
2026-04-12 21:20:11,intraday,GLD,LONG,10,437.17,entry (LONG),+0.0000
2026-04-12 21:20:11,intraday,IBIT,LONG,22,41.57,entry (LONG),+0.0000
2026-04-12 21:20:12,intraday,EWC,LONG,27,56.77,entry (LONG),+0.0000
2026-04-12 21:20:13,intraday,USO,LONG,17,124.83,entry (LONG),+0.0000
2026-04-12 21:20:14,intraday,XLI,LONG,12,171.51,entry (LONG),+0.0000
2026-04-12 21:20:15,intraday,XLU,LONG,82,46.95,entry (LONG),+0.0000
2026-04-12 21:21:20,intraday,GLD,LONG,10,437.17,entry (LONG),+0.0000
2026-04-12 21:21:21,intraday,IBIT,LONG,22,41.57,entry (LONG),+0.0000
2026-04-12 21:21:21,intraday,EWC,LONG,27,56.77,entry (LONG),+0.0000
2026-04-12 21:21:22,intraday,USO,LONG,17,124.83,entry (LONG),+0.0000
2026-04-12 21:21:23,intraday,XLI,LONG,12,171.51,entry (LONG),+0.0000
2026-04-12 21:21:24,intraday,XLU,LONG,82,46.95,entry (LONG),+0.0000
2026-04-12 21:22:29,intraday,GLD,LONG,10,437.17,entry (LONG),+0.0000
2026-04-12 21:22:29,intraday,IBIT,LONG,22,41.57,entry (LONG),+0.0000
2026-04-12 21:22:30,intraday,EWC,LONG,27,56.77,entry (LONG),+0.0000
2026-04-12 21:22:31,intraday,USO,LONG,17,124.83,entry (LONG),+0.0000
2026-04-12 21:22:32,intraday,XLI,LONG,12,171.51,entry (LONG),+0.0000
2026-04-12 21:22:33,intraday,XLU,LONG,82,46.95,entry (LONG),+0.0000
2026-04-12 21:23:38,intraday,GLD,LONG,10,437.17,entry (LONG),+0.0000
2026-04-12 21:23:38,intraday,IBIT,LONG,22,41.57,entry (LONG),+0.0000
2026-04-12 21:23:39,intraday,EWC,LONG,27,56.77,entry (LONG),+0.0000
2026-04-12 21:23:40,intraday,USO,LONG,17,124.83,entry (LONG),+0.0000
2026-04-12 21:23:41,intraday,XLI,LONG,12,171.51,entry (LONG),+0.0000
2026-04-12 21:23:42,intraday,XLU,LONG,82,46.95,entry (LONG),+0.0000
2026-04-12 21:24:27,swing,CIBR,SHORT,70,60.74,entry (SHORT),+0.0000
2026-04-12 21:24:29,swing,USMV,SHORT,152,92.75,entry (SHORT),+0.0000
2026-04-12 21:24:30,swing,EWY,SHORT,20,138.73,entry (SHORT),+0.0000
2026-04-12 21:24:35,swing,IBIT,SHORT,94,41.56,entry (SHORT),+0.0000
2026-04-12 21:24:47,intraday,GLD,LONG,10,437.17,entry (LONG),+0.0000
2026-04-12 21:24:48,intraday,IBIT,LONG,22,41.57,entry (LONG),+0.0000
2026-04-12 21:24:48,intraday,EWC,LONG,27,56.77,entry (LONG),+0.0000
2026-04-12 21:24:49,intraday,USO,LONG,17,124.83,entry (LONG),+0.0000
2026-04-12 21:24:50,intraday,XLI,LONG,12,171.51,entry (LONG),+0.0000
2026-04-12 21:24:51,intraday,XLU,LONG,82,46.95,entry (LONG),+0.0000
2026-04-12 21:25:56,intraday,GLD,LONG,10,437.17,entry (LONG),+0.0000
2026-04-12 21:25:57,intraday,IBIT,LONG,22,41.57,entry (LONG),+0.0000
2026-04-12 21:25:58,intraday,EWC,LONG,27,56.77,entry (LONG),+0.0000
2026-04-12 21:25:58,intraday,USO,LONG,17,124.83,entry (LONG),+0.0000
2026-04-12 21:25:59,intraday,XLI,LONG,12,171.51,entry (LONG),+0.0000
2026-04-12 21:26:00,intraday,XLU,LONG,82,46.95,entry (LONG),+0.0000
2026-04-12 21:27:06,intraday,GLD,LONG,10,437.17,entry (LONG),+0.0000
2026-04-12 21:27:06,intraday,IBIT,LONG,22,41.57,entry (LONG),+0.0000
2026-04-12 21:27:07,intraday,EWC,LONG,27,56.77,entry (LONG),+0.0000
2026-04-12 21:27:08,intraday,USO,LONG,17,124.83,entry (LONG),+0.0000
2026-04-12 21:27:09,intraday,XLI,LONG,12,171.51,entry (LONG),+0.0000
2026-04-12 21:27:10,intraday,XLU,LONG,82,46.95,entry (LONG),+0.0000
2026-04-12 21:28:15,intraday,GLD,LONG,10,437.17,entry (LONG),+0.0000
2026-04-12 21:28:16,intraday,IBIT,LONG,22,41.57,entry (LONG),+0.0000
2026-04-12 21:28:17,intraday,EWC,LONG,27,56.77,entry (LONG),+0.0000
2026-04-12 21:28:17,intraday,USO,LONG,17,124.83,entry (LONG),+0.0000
2026-04-12 21:28:19,intraday,XLI,LONG,12,171.51,entry (LONG),+0.0000
2026-04-12 21:28:19,intraday,XLU,LONG,82,46.95,entry (LONG),+0.0000
2026-04-12 21:29:25,intraday,GLD,LONG,10,437.17,entry (LONG),+0.0000
2026-04-12 21:29:26,intraday,IBIT,LONG,22,41.57,entry (LONG),+0.0000
2026-04-12 21:29:27,intraday,EWC,LONG,27,56.77,entry (LONG),+0.0000
2026-04-12 21:29:28,intraday,USO,LONG,17,124.83,entry (LONG),+0.0000
2026-04-12 21:29:29,intraday,XLI,LONG,12,171.51,entry (LONG),+0.0000
2026-04-12 21:29:30,intraday,XLU,LONG,82,46.95,entry (LONG),+0.0000
2026-04-12 21:29:50,swing,CIBR,SHORT,70,60.74,entry (SHORT),+0.0000
2026-04-12 21:29:52,swing,USMV,SHORT,152,92.75,entry (SHORT),+0.0000
2026-04-12 21:29:54,swing,EWY,SHORT,20,138.73,entry (SHORT),+0.0000
2026-04-12 21:29:59,swing,IBIT,SHORT,94,41.56,entry (SHORT),+0.0000
2026-04-12 21:30:35,intraday,GLD,LONG,10,437.17,entry (LONG),+0.0000
2026-04-12 21:30:36,intraday,IBIT,LONG,22,41.57,entry (LONG),+0.0000
2026-04-12 21:30:37,intraday,EWC,LONG,27,56.77,entry (LONG),+0.0000
2026-04-12 21:30:38,intraday,USO,LONG,17,124.83,entry (LONG),+0.0000
2026-04-12 21:30:39,intraday,XLI,LONG,12,171.51,entry (LONG),+0.0000
2026-04-12 21:30:40,intraday,XLU,LONG,82,46.95,entry (LONG),+0.0000
2026-04-12 21:31:45,intraday,GLD,LONG,10,437.17,entry (LONG),+0.0000
2026-04-12 21:31:45,intraday,IBIT,LONG,22,41.57,entry (LONG),+0.0000
2026-04-12 21:31:46,intraday,EWC,LONG,27,56.77,entry (LONG),+0.0000
2026-04-12 21:31:47,intraday,USO,LONG,17,124.83,entry (LONG),+0.0000
2026-04-12 21:31:48,intraday,XLI,LONG,12,171.51,entry (LONG),+0.0000
2026-04-12 21:31:49,intraday,XLU,LONG,82,46.95,entry (LONG),+0.0000
2026-04-12 21:32:54,intraday,GLD,LONG,10,437.17,entry (LONG),+0.0000
2026-04-12 21:32:55,intraday,IBIT,LONG,22,41.57,entry (LONG),+0.0000
2026-04-12 21:32:56,intraday,EWC,LONG,27,56.77,entry (LONG),+0.0000
2026-04-12 21:32:57,intraday,USO,LONG,17,124.83,entry (LONG),+0.0000
2026-04-12 21:32:58,intraday,XLI,LONG,12,171.51,entry (LONG),+0.0000
2026-04-12 21:32:59,intraday,XLU,LONG,82,46.95,entry (LONG),+0.0000
2026-04-12 21:34:03,intraday,GLD,LONG,10,437.17,entry (LONG),+0.0000
2026-04-12 21:34:04,intraday,IBIT,LONG,22,41.57,entry (LONG),+0.0000
2026-04-12 21:34:05,intraday,EWC,LONG,27,56.77,entry (LONG),+0.0000
2026-04-12 21:34:06,intraday,USO,LONG,17,124.83,entry (LONG),+0.0000
2026-04-12 21:34:07,intraday,XLI,LONG,12,171.51,entry (LONG),+0.0000
2026-04-12 21:34:08,intraday,XLU,LONG,82,46.95,entry (LONG),+0.0000
2026-04-12 21:35:13,intraday,GLD,LONG,10,437.17,entry (LONG),+0.0000
2026-04-12 21:35:13,intraday,IBIT,LONG,22,41.57,entry (LONG),+0.0000
2026-04-12 21:35:14,intraday,EWC,LONG,27,56.77,entry (LONG),+0.0000
2026-04-12 21:35:15,intraday,USO,LONG,17,124.83,entry (LONG),+0.0000
2026-04-12 21:35:16,intraday,XLI,LONG,12,171.51,entry (LONG),+0.0000
2026-04-12 21:35:17,intraday,XLU,LONG,82,46.95,entry (LONG),+0.0000
2026-04-12 21:35:19,swing,CIBR,SHORT,70,60.74,entry (SHORT),+0.0000
2026-04-12 21:35:21,swing,USMV,SHORT,152,92.75,entry (SHORT),+0.0000
2026-04-12 21:35:23,swing,EWY,SHORT,20,138.73,entry (SHORT),+0.0000
2026-04-12 21:35:28,swing,IBIT,SHORT,94,41.56,entry (SHORT),+0.0000
2026-04-12 21:36:22,intraday,GLD,LONG,10,437.17,entry (LONG),+0.0000
2026-04-12 21:36:23,intraday,IBIT,LONG,22,41.57,entry (LONG),+0.0000
2026-04-12 21:36:23,intraday,EWC,LONG,27,56.77,entry (LONG),+0.0000
2026-04-12 21:36:24,intraday,USO,LONG,17,124.83,entry (LONG),+0.0000
2026-04-12 21:36:25,intraday,XLI,LONG,12,171.51,entry (LONG),+0.0000
2026-04-12 21:36:26,intraday,XLU,LONG,82,46.95,entry (LONG),+0.0000
2026-04-12 21:37:31,intraday,GLD,LONG,10,437.17,entry (LONG),+0.0000
2026-04-12 21:37:32,intraday,IBIT,LONG,22,41.57,entry (LONG),+0.0000
2026-04-12 21:37:33,intraday,EWC,LONG,27,56.77,entry (LONG),+0.0000
2026-04-12 21:37:33,intraday,USO,LONG,17,124.83,entry (LONG),+0.0000
2026-04-12 21:37:34,intraday,XLI,LONG,12,171.51,entry (LONG),+0.0000
2026-04-12 21:37:35,intraday,XLU,LONG,82,46.95,entry (LONG),+0.0000
2026-04-12 21:38:40,intraday,GLD,LONG,10,437.17,entry (LONG),+0.0000
2026-04-12 21:38:41,intraday,IBIT,LONG,22,41.57,entry (LONG),+0.0000
2026-04-12 21:38:42,intraday,EWC,LONG,27,56.77,entry (LONG),+0.0000
2026-04-12 21:38:43,intraday,USO,LONG,17,124.83,entry (LONG),+0.0000
2026-04-12 21:38:44,intraday,XLI,LONG,12,171.51,entry (LONG),+0.0000
2026-04-12 21:38:44,intraday,XLU,LONG,82,46.95,entry (LONG),+0.0000
2026-04-12 21:39:49,intraday,GLD,LONG,10,437.17,entry (LONG),+0.0000
2026-04-12 21:39:50,intraday,IBIT,LONG,22,41.57,entry (LONG),+0.0000
2026-04-12 21:39:51,intraday,EWC,LONG,27,56.77,entry (LONG),+0.0000
2026-04-12 21:39:52,intraday,USO,LONG,17,124.83,entry (LONG),+0.0000
2026-04-12 21:39:53,intraday,XLI,LONG,12,171.51,entry (LONG),+0.0000
2026-04-12 21:39:54,intraday,XLU,LONG,82,46.95,entry (LONG),+0.0000
2026-04-12 21:40:44,swing,CIBR,SHORT,70,60.74,entry (SHORT),+0.0000
2026-04-12 21:40:46,swing,USMV,SHORT,152,92.75,entry (SHORT),+0.0000
2026-04-12 21:40:48,swing,EWY,SHORT,20,138.73,entry (SHORT),+0.0000
2026-04-12 21:40:52,swing,IBIT,SHORT,94,41.56,entry (SHORT),+0.0000
2026-04-12 21:40:58,intraday,GLD,LONG,10,437.17,entry (LONG),+0.0000
2026-04-12 21:40:59,intraday,IBIT,LONG,22,41.57,entry (LONG),+0.0000
2026-04-12 21:41:00,intraday,EWC,LONG,27,56.77,entry (LONG),+0.0000
2026-04-12 21:41:01,intraday,USO,LONG,17,124.83,entry (LONG),+0.0000
2026-04-12 21:41:02,intraday,XLI,LONG,12,171.51,entry (LONG),+0.0000
2026-04-12 21:41:02,intraday,XLU,LONG,82,46.95,entry (LONG),+0.0000
2026-04-12 21:42:08,intraday,GLD,LONG,10,437.17,entry (LONG),+0.0000
2026-04-12 21:42:09,intraday,IBIT,LONG,22,41.57,entry (LONG),+0.0000
2026-04-12 21:42:09,intraday,EWC,LONG,27,56.77,entry (LONG),+0.0000
2026-04-12 21:42:10,intraday,USO,LONG,17,124.83,entry (LONG),+0.0000
2026-04-12 21:42:11,intraday,XLI,LONG,12,171.51,entry (LONG),+0.0000
2026-04-12 21:42:12,intraday,XLU,LONG,82,46.95,entry (LONG),+0.0000
2026-04-12 21:43:18,intraday,GLD,LONG,10,437.17,entry (LONG),+0.0000
2026-04-12 21:43:19,intraday,IBIT,LONG,22,41.57,entry (LONG),+0.0000
2026-04-12 21:43:20,intraday,EWC,LONG,27,56.77,entry (LONG),+0.0000
2026-04-12 21:43:21,intraday,USO,LONG,17,124.83,entry (LONG),+0.0000
2026-04-12 21:43:22,intraday,XLI,LONG,12,171.51,entry (LONG),+0.0000
2026-04-12 21:43:23,intraday,XLU,LONG,82,46.95,entry (LONG),+0.0000
2026-04-12 21:44:28,intraday,GLD,LONG,10,437.17,entry (LONG),+0.0000
2026-04-12 21:44:29,intraday,IBIT,LONG,22,41.57,entry (LONG),+0.0000
2026-04-12 21:44:30,intraday,EWC,LONG,27,56.77,entry (LONG),+0.0000
2026-04-12 21:44:30,intraday,USO,LONG,17,124.83,entry (LONG),+0.0000
2026-04-12 21:44:31,intraday,XLI,LONG,12,171.51,entry (LONG),+0.0000
2026-04-12 21:44:32,intraday,XLU,LONG,82,46.95,entry (LONG),+0.0000
2026-04-12 21:45:37,intraday,GLD,LONG,10,437.17,entry (LONG),+0.0000
2026-04-12 21:45:38,intraday,IBIT,LONG,22,41.57,entry (LONG),+0.0000
2026-04-12 21:45:39,intraday,EWC,LONG,27,56.77,entry (LONG),+0.0000
2026-04-12 21:45:39,intraday,USO,LONG,17,124.83,entry (LONG),+0.0000
2026-04-12 21:45:41,intraday,XLI,LONG,12,171.51,entry (LONG),+0.0000
2026-04-12 21:45:41,intraday,XLU,LONG,82,46.95,entry (LONG),+0.0000
2026-04-12 21:46:08,swing,CIBR,SHORT,70,60.74,entry (SHORT),+0.0000
2026-04-12 21:46:10,swing,USMV,SHORT,152,92.75,entry (SHORT),+0.0000
2026-04-12 21:46:12,swing,EWY,SHORT,20,138.73,entry (SHORT),+0.0000
2026-04-12 21:46:16,swing,IBIT,SHORT,94,41.56,entry (SHORT),+0.0000
2026-04-12 21:46:46,intraday,GLD,LONG,10,437.17,entry (LONG),+0.0000
2026-04-12 21:46:47,intraday,IBIT,LONG,22,41.57,entry (LONG),+0.0000
2026-04-12 21:46:48,intraday,EWC,LONG,27,56.77,entry (LONG),+0.0000
2026-04-12 21:46:49,intraday,USO,LONG,17,124.83,entry (LONG),+0.0000
2026-04-12 21:46:50,intraday,XLI,LONG,12,171.51,entry (LONG),+0.0000
2026-04-12 21:46:51,intraday,XLU,LONG,82,46.95,entry (LONG),+0.0000
2026-04-12 21:47:59,intraday,GLD,LONG,10,437.17,entry (LONG),+0.0000
2026-04-12 21:47:59,intraday,IBIT,LONG,22,41.57,entry (LONG),+0.0000
2026-04-12 21:48:00,intraday,EWC,LONG,27,56.77,entry (LONG),+0.0000
2026-04-12 21:48:01,intraday,USO,LONG,17,124.83,entry (LONG),+0.0000
2026-04-12 21:48:03,intraday,XLI,LONG,12,171.51,entry (LONG),+0.0000
2026-04-12 21:48:03,intraday,XLU,LONG,82,46.95,entry (LONG),+0.0000
2026-04-12 21:49:09,intraday,GLD,LONG,10,437.17,entry (LONG),+0.0000
2026-04-12 21:49:10,intraday,IBIT,LONG,22,41.57,entry (LONG),+0.0000
2026-04-12 21:49:11,intraday,EWC,LONG,27,56.77,entry (LONG),+0.0000
2026-04-12 21:49:12,intraday,USO,LONG,17,124.83,entry (LONG),+0.0000
2026-04-12 21:49:13,intraday,XLI,LONG,12,171.51,entry (LONG),+0.0000
2026-04-12 21:49:13,intraday,XLU,LONG,82,46.95,entry (LONG),+0.0000
2026-04-12 21:50:18,intraday,GLD,LONG,10,437.17,entry (LONG),+0.0000
2026-04-12 21:50:19,intraday,IBIT,LONG,22,41.57,entry (LONG),+0.0000
2026-04-12 21:50:20,intraday,EWC,LONG,27,56.77,entry (LONG),+0.0000
2026-04-12 21:50:21,intraday,USO,LONG,17,124.83,entry (LONG),+0.0000
2026-04-12 21:50:25,intraday,XLI,LONG,12,171.51,entry (LONG),+0.0000
2026-04-12 21:50:25,intraday,XLU,LONG,82,46.95,entry (LONG),+0.0000
2026-04-12 21:51:30,intraday,GLD,LONG,10,437.17,entry (LONG),+0.0000
2026-04-12 21:51:31,intraday,IBIT,LONG,22,41.57,entry (LONG),+0.0000
2026-04-12 21:51:32,intraday,EWC,LONG,27,56.77,entry (LONG),+0.0000
2026-04-12 21:51:32,swing,CIBR,SHORT,70,60.74,entry (SHORT),+0.0000
2026-04-12 21:51:33,intraday,USO,LONG,17,124.83,entry (LONG),+0.0000
2026-04-12 21:51:34,intraday,XLI,LONG,12,171.51,entry (LONG),+0.0000
2026-04-12 21:51:34,swing,USMV,SHORT,152,92.75,entry (SHORT),+0.0000
2026-04-12 21:51:35,intraday,XLU,LONG,82,46.95,entry (LONG),+0.0000
2026-04-12 21:51:36,swing,EWY,SHORT,20,138.73,entry (SHORT),+0.0000
2026-04-12 21:51:41,swing,IBIT,SHORT,94,41.56,entry (SHORT),+0.0000
2026-04-12 21:52:40,intraday,GLD,LONG,10,437.17,entry (LONG),+0.0000
2026-04-12 21:52:41,intraday,IBIT,LONG,22,41.57,entry (LONG),+0.0000
2026-04-12 21:52:42,intraday,EWC,LONG,27,56.77,entry (LONG),+0.0000
2026-04-12 21:52:42,intraday,USO,LONG,17,124.83,entry (LONG),+0.0000
2026-04-12 21:52:44,intraday,XLI,LONG,12,171.51,entry (LONG),+0.0000
2026-04-12 21:52:44,intraday,XLU,LONG,82,46.95,entry (LONG),+0.0000
2026-04-12 21:53:49,intraday,GLD,LONG,10,437.17,entry (LONG),+0.0000
2026-04-12 21:53:50,intraday,IBIT,LONG,22,41.57,entry (LONG),+0.0000
2026-04-12 21:53:51,intraday,EWC,LONG,27,56.77,entry (LONG),+0.0000
2026-04-12 21:53:52,intraday,USO,LONG,17,124.83,entry (LONG),+0.0000
2026-04-12 21:53:53,intraday,XLI,LONG,12,171.51,entry (LONG),+0.0000
2026-04-12 21:53:53,intraday,XLU,LONG,82,46.95,entry (LONG),+0.0000
2026-04-12 21:54:59,intraday,GLD,LONG,10,437.17,entry (LONG),+0.0000
2026-04-12 21:55:00,intraday,IBIT,LONG,22,41.57,entry (LONG),+0.0000
2026-04-12 21:55:00,intraday,EWC,LONG,27,56.77,entry (LONG),+0.0000
2026-04-12 21:55:01,intraday,USO,LONG,17,124.83,entry (LONG),+0.0000
2026-04-12 21:55:02,intraday,XLI,LONG,12,171.51,entry (LONG),+0.0000
2026-04-12 21:55:04,intraday,XLU,LONG,82,46.95,entry (LONG),+0.0000
2026-04-12 21:56:09,intraday,GLD,LONG,10,437.17,entry (LONG),+0.0000
2026-04-12 21:56:10,intraday,IBIT,LONG,22,41.57,entry (LONG),+0.0000
2026-04-12 21:56:10,intraday,EWC,LONG,27,56.77,entry (LONG),+0.0000
2026-04-12 21:56:11,intraday,USO,LONG,17,124.83,entry (LONG),+0.0000
2026-04-12 21:56:12,intraday,XLI,LONG,12,171.51,entry (LONG),+0.0000
2026-04-12 21:56:13,intraday,XLU,LONG,82,46.95,entry (LONG),+0.0000
2026-04-12 21:56:58,swing,CIBR,SHORT,70,60.74,entry (SHORT),+0.0000
2026-04-12 21:57:00,swing,USMV,SHORT,152,92.75,entry (SHORT),+0.0000
2026-04-12 21:57:02,swing,EWY,SHORT,20,138.73,entry (SHORT),+0.0000
2026-04-12 21:57:09,swing,IBIT,SHORT,94,41.56,entry (SHORT),+0.0000
2026-04-12 21:57:18,intraday,GLD,LONG,10,437.17,entry (LONG),+0.0000
2026-04-12 21:57:19,intraday,IBIT,LONG,22,41.57,entry (LONG),+0.0000
2026-04-12 21:57:20,intraday,EWC,LONG,27,56.77,entry (LONG),+0.0000
2026-04-12 21:57:21,intraday,USO,LONG,17,124.83,entry (LONG),+0.0000
2026-04-12 21:57:22,intraday,XLI,LONG,12,171.51,entry (LONG),+0.0000
2026-04-12 21:57:23,intraday,XLU,LONG,82,46.95,entry (LONG),+0.0000
2026-04-12 21:58:28,intraday,GLD,LONG,10,437.17,entry (LONG),+0.0000
2026-04-12 21:58:29,intraday,IBIT,LONG,22,41.57,entry (LONG),+0.0000
2026-04-12 21:58:30,intraday,EWC,LONG,27,56.77,entry (LONG),+0.0000
2026-04-12 21:58:31,intraday,USO,LONG,17,124.83,entry (LONG),+0.0000
2026-04-12 21:58:32,intraday,XLI,LONG,12,171.51,entry (LONG),+0.0000
2026-04-12 21:58:33,intraday,XLU,LONG,82,46.95,entry (LONG),+0.0000
2026-04-12 21:59:42,intraday,GLD,LONG,10,437.17,entry (LONG),+0.0000
2026-04-12 21:59:43,intraday,IBIT,LONG,22,41.57,entry (LONG),+0.0000
2026-04-12 21:59:44,intraday,EWC,LONG,27,56.77,entry (LONG),+0.0000
2026-04-12 21:59:45,intraday,USO,LONG,17,124.83,entry (LONG),+0.0000
2026-04-12 21:59:46,intraday,XLI,LONG,12,171.51,entry (LONG),+0.0000
2026-04-12 21:59:47,intraday,XLU,LONG,82,46.95,entry (LONG),+0.0000
2026-04-12 22:00:55,intraday,GLD,LONG,10,437.17,entry (LONG),+0.0000
2026-04-12 22:00:56,intraday,IBIT,LONG,22,41.57,entry (LONG),+0.0000
2026-04-12 22:00:57,intraday,EWC,LONG,27,56.77,entry (LONG),+0.0000
2026-04-12 22:00:59,intraday,USO,LONG,17,124.83,entry (LONG),+0.0000
2026-04-12 22:01:02,intraday,XLI,LONG,12,171.51,entry (LONG),+0.0000
2026-04-12 22:01:03,intraday,XLU,LONG,82,46.95,entry (LONG),+0.0000
2026-04-12 22:02:14,intraday,GLD,LONG,10,437.17,entry (LONG),+0.0000
2026-04-12 22:02:15,intraday,IBIT,LONG,22,41.57,entry (LONG),+0.0000
2026-04-12 22:02:16,intraday,EWC,LONG,27,56.77,entry (LONG),+0.0000
2026-04-12 22:02:17,intraday,USO,LONG,17,124.83,entry (LONG),+0.0000
2026-04-12 22:02:18,intraday,XLI,LONG,12,171.51,entry (LONG),+0.0000
2026-04-12 22:02:19,intraday,XLU,LONG,82,46.95,entry (LONG),+0.0000
2026-04-12 22:02:27,swing,CIBR,SHORT,70,60.74,entry (SHORT),+0.0000
2026-04-12 22:02:30,swing,USMV,SHORT,152,92.75,entry (SHORT),+0.0000
2026-04-12 22:02:32,swing,EWY,SHORT,20,138.73,entry (SHORT),+0.0000
2026-04-12 22:02:37,swing,IBIT,SHORT,94,41.56,entry (SHORT),+0.0000
2026-04-12 22:03:24,intraday,GLD,LONG,10,437.17,entry (LONG),+0.0000
2026-04-12 22:03:25,intraday,IBIT,LONG,22,41.57,entry (LONG),+0.0000
2026-04-12 22:03:26,intraday,EWC,LONG,27,56.77,entry (LONG),+0.0000
2026-04-12 22:03:26,intraday,USO,LONG,17,124.83,entry (LONG),+0.0000
2026-04-12 22:03:27,intraday,XLI,LONG,12,171.51,entry (LONG),+0.0000
2026-04-12 22:03:28,intraday,XLU,LONG,82,46.95,entry (LONG),+0.0000
2026-04-12 22:04:33,intraday,GLD,LONG,10,437.17,entry (LONG),+0.0000
2026-04-12 22:04:34,intraday,IBIT,LONG,22,41.57,entry (LONG),+0.0000
2026-04-12 22:04:35,intraday,EWC,LONG,27,56.77,entry (LONG),+0.0000
2026-04-12 22:04:36,intraday,USO,LONG,17,124.83,entry (LONG),+0.0000
2026-04-12 22:04:37,intraday,XLI,LONG,12,171.51,entry (LONG),+0.0000
2026-04-12 22:04:37,intraday,XLU,LONG,82,46.95,entry (LONG),+0.0000
2026-04-12 22:05:43,intraday,GLD,LONG,10,437.17,entry (LONG),+0.0000
2026-04-12 22:05:43,intraday,IBIT,LONG,22,41.57,entry (LONG),+0.0000
2026-04-12 22:05:44,intraday,EWC,LONG,27,56.77,entry (LONG),+0.0000
2026-04-12 22:05:45,intraday,USO,LONG,17,124.83,entry (LONG),+0.0000
2026-04-12 22:05:46,intraday,XLI,LONG,12,171.51,entry (LONG),+0.0000
2026-04-12 22:05:47,intraday,XLU,LONG,82,46.95,entry (LONG),+0.0000
2026-04-12 22:06:52,intraday,GLD,LONG,10,437.17,entry (LONG),+0.0000
2026-04-12 22:06:52,intraday,IBIT,LONG,22,41.57,entry (LONG),+0.0000
2026-04-12 22:06:53,intraday,EWC,LONG,27,56.77,entry (LONG),+0.0000
2026-04-12 22:06:54,intraday,USO,LONG,17,124.83,entry (LONG),+0.0000
2026-04-12 22:06:55,intraday,XLI,LONG,12,171.51,entry (LONG),+0.0000
2026-04-12 22:06:56,intraday,XLU,LONG,82,46.95,entry (LONG),+0.0000
2026-04-12 22:07:56,swing,CIBR,SHORT,70,60.74,entry (SHORT),+0.0000
2026-04-12 22:07:57,swing,USMV,SHORT,152,92.75,entry (SHORT),+0.0000
2026-04-12 22:07:59,swing,EWY,SHORT,20,138.73,entry (SHORT),+0.0000
2026-04-12 22:08:01,intraday,GLD,LONG,10,437.17,entry (LONG),+0.0000
2026-04-12 22:08:02,intraday,IBIT,LONG,22,41.57,entry (LONG),+0.0000
2026-04-12 22:08:02,intraday,EWC,LONG,27,56.77,entry (LONG),+0.0000
2026-04-12 22:08:03,intraday,USO,LONG,17,124.83,entry (LONG),+0.0000
2026-04-12 22:08:04,swing,IBIT,SHORT,94,41.56,entry (SHORT),+0.0000
2026-04-12 22:08:04,intraday,XLI,LONG,12,171.51,entry (LONG),+0.0000
2026-04-12 22:08:05,intraday,XLU,LONG,82,46.95,entry (LONG),+0.0000
2026-04-12 22:09:10,intraday,GLD,LONG,10,437.17,entry (LONG),+0.0000
2026-04-12 22:09:11,intraday,IBIT,LONG,22,41.57,entry (LONG),+0.0000
2026-04-12 22:09:12,intraday,EWC,LONG,27,56.77,entry (LONG),+0.0000
2026-04-12 22:09:13,intraday,USO,LONG,17,124.83,entry (LONG),+0.0000
2026-04-12 22:09:14,intraday,XLI,LONG,12,171.51,entry (LONG),+0.0000
2026-04-12 22:09:15,intraday,XLU,LONG,82,46.95,entry (LONG),+0.0000
2026-04-12 22:10:20,intraday,GLD,LONG,10,437.17,entry (LONG),+0.0000
2026-04-12 22:10:21,intraday,IBIT,LONG,22,41.57,entry (LONG),+0.0000
2026-04-12 22:10:22,intraday,EWC,LONG,27,56.77,entry (LONG),+0.0000
2026-04-12 22:10:23,intraday,USO,LONG,17,124.83,entry (LONG),+0.0000
2026-04-12 22:10:24,intraday,XLI,LONG,12,171.51,entry (LONG),+0.0000
2026-04-12 22:10:25,intraday,XLU,LONG,82,46.95,entry (LONG),+0.0000
2026-04-12 22:11:30,intraday,GLD,LONG,10,437.17,entry (LONG),+0.0000
2026-04-12 22:11:31,intraday,IBIT,LONG,22,41.57,entry (LONG),+0.0000
2026-04-12 22:11:33,intraday,EWC,LONG,27,56.77,entry (LONG),+0.0000
2026-04-12 22:11:34,intraday,USO,LONG,17,124.83,entry (LONG),+0.0000
2026-04-12 22:11:35,intraday,XLI,LONG,12,171.51,entry (LONG),+0.0000
2026-04-12 22:11:36,intraday,XLU,LONG,82,46.95,entry (LONG),+0.0000
2026-04-12 22:12:45,intraday,GLD,LONG,10,437.17,entry (LONG),+0.0000
2026-04-12 22:12:46,intraday,IBIT,LONG,22,41.57,entry (LONG),+0.0000
2026-04-12 22:12:47,intraday,EWC,LONG,27,56.77,entry (LONG),+0.0000
2026-04-12 22:12:47,intraday,USO,LONG,17,124.83,entry (LONG),+0.0000
2026-04-12 22:12:49,intraday,XLI,LONG,12,171.51,entry (LONG),+0.0000
2026-04-12 22:12:50,intraday,XLU,LONG,82,46.95,entry (LONG),+0.0000
2026-04-12 22:13:22,swing,CIBR,SHORT,70,60.74,entry (SHORT),+0.0000
2026-04-12 22:13:24,swing,USMV,SHORT,152,92.75,entry (SHORT),+0.0000
2026-04-12 22:13:26,swing,EWY,SHORT,20,138.73,entry (SHORT),+0.0000
2026-04-12 22:13:31,swing,IBIT,SHORT,94,41.56,entry (SHORT),+0.0000
2026-04-12 22:13:56,intraday,GLD,LONG,10,437.17,entry (LONG),+0.0000
2026-04-12 22:13:56,intraday,IBIT,LONG,22,41.57,entry (LONG),+0.0000
2026-04-12 22:13:57,intraday,EWC,LONG,27,56.77,entry (LONG),+0.0000
2026-04-12 22:13:58,intraday,USO,LONG,17,124.83,entry (LONG),+0.0000
2026-04-12 22:13:59,intraday,XLI,LONG,12,171.51,entry (LONG),+0.0000
2026-04-12 22:14:00,intraday,XLU,LONG,82,46.95,entry (LONG),+0.0000
2026-04-12 22:15:06,intraday,GLD,LONG,10,437.17,entry (LONG),+0.0000
2026-04-12 22:15:07,intraday,IBIT,LONG,22,41.57,entry (LONG),+0.0000
2026-04-12 22:15:07,intraday,EWC,LONG,27,56.77,entry (LONG),+0.0000
2026-04-12 22:15:08,intraday,USO,LONG,17,124.83,entry (LONG),+0.0000
2026-04-12 22:15:09,intraday,XLI,LONG,12,171.51,entry (LONG),+0.0000
2026-04-12 22:15:10,intraday,XLU,LONG,82,46.95,entry (LONG),+0.0000
2026-04-12 22:16:16,intraday,GLD,LONG,10,437.17,entry (LONG),+0.0000
2026-04-12 22:16:16,intraday,IBIT,LONG,22,41.57,entry (LONG),+0.0000
2026-04-12 22:16:17,intraday,EWC,LONG,27,56.77,entry (LONG),+0.0000
2026-04-12 22:16:18,intraday,USO,LONG,17,124.83,entry (LONG),+0.0000
2026-04-12 22:16:19,intraday,XLI,LONG,12,171.51,entry (LONG),+0.0000
2026-04-12 22:16:20,intraday,XLU,LONG,82,46.95,entry (LONG),+0.0000
2026-04-12 22:17:26,intraday,GLD,LONG,10,437.17,entry (LONG),+0.0000
2026-04-12 22:17:27,intraday,IBIT,LONG,22,41.57,entry (LONG),+0.0000
2026-04-12 22:17:28,intraday,EWC,LONG,27,56.77,entry (LONG),+0.0000
2026-04-12 22:17:29,intraday,USO,LONG,17,124.83,entry (LONG),+0.0000
2026-04-12 22:17:30,intraday,XLI,LONG,12,171.51,entry (LONG),+0.0000
2026-04-12 22:17:31,intraday,XLU,LONG,82,46.95,entry (LONG),+0.0000
2026-04-12 22:18:37,intraday,GLD,LONG,10,437.17,entry (LONG),+0.0000
2026-04-12 22:18:37,intraday,IBIT,LONG,22,41.57,entry (LONG),+0.0000
2026-04-12 22:18:38,intraday,EWC,LONG,27,56.77,entry (LONG),+0.0000
2026-04-12 22:18:39,intraday,USO,LONG,17,124.83,entry (LONG),+0.0000
2026-04-12 22:18:40,intraday,XLI,LONG,12,171.51,entry (LONG),+0.0000
2026-04-12 22:18:41,intraday,XLU,LONG,82,46.95,entry (LONG),+0.0000
2026-04-12 22:18:49,swing,CIBR,SHORT,70,60.74,entry (SHORT),+0.0000
2026-04-12 22:18:51,swing,USMV,SHORT,152,92.75,entry (SHORT),+0.0000
2026-04-12 22:18:53,swing,EWY,SHORT,20,138.73,entry (SHORT),+0.0000
2026-04-12 22:18:58,swing,IBIT,SHORT,94,41.56,entry (SHORT),+0.0000
2026-04-12 22:19:47,intraday,GLD,LONG,10,437.17,entry (LONG),+0.0000
2026-04-12 22:19:48,intraday,IBIT,LONG,22,41.57,entry (LONG),+0.0000
2026-04-12 22:19:49,intraday,EWC,LONG,27,56.77,entry (LONG),+0.0000
2026-04-12 22:19:50,intraday,USO,LONG,17,124.83,entry (LONG),+0.0000
2026-04-12 22:19:51,intraday,XLI,LONG,12,171.51,entry (LONG),+0.0000
2026-04-12 22:19:52,intraday,XLU,LONG,82,46.95,entry (LONG),+0.0000
2026-04-12 22:20:57,intraday,GLD,LONG,10,437.17,entry (LONG),+0.0000
2026-04-12 22:20:58,intraday,IBIT,LONG,22,41.57,entry (LONG),+0.0000
2026-04-12 22:20:59,intraday,EWC,LONG,27,56.77,entry (LONG),+0.0000
2026-04-12 22:20:59,intraday,USO,LONG,17,124.83,entry (LONG),+0.0000
2026-04-12 22:21:01,intraday,XLI,LONG,12,171.51,entry (LONG),+0.0000
2026-04-12 22:21:01,intraday,XLU,LONG,82,46.95,entry (LONG),+0.0000
2026-04-12 22:22:07,intraday,GLD,LONG,10,437.17,entry (LONG),+0.0000
2026-04-12 22:22:08,intraday,IBIT,LONG,22,41.57,entry (LONG),+0.0000
2026-04-12 22:22:09,intraday,EWC,LONG,27,56.77,entry (LONG),+0.0000
2026-04-12 22:22:10,intraday,USO,LONG,17,124.83,entry (LONG),+0.0000
2026-04-12 22:22:11,intraday,XLI,LONG,12,171.51,entry (LONG),+0.0000
2026-04-12 22:22:12,intraday,XLU,LONG,82,46.95,entry (LONG),+0.0000
2026-04-12 22:23:16,intraday,GLD,LONG,10,437.17,entry (LONG),+0.0000
2026-04-12 22:23:17,intraday,IBIT,LONG,22,41.57,entry (LONG),+0.0000
2026-04-12 22:23:18,intraday,EWC,LONG,27,56.77,entry (LONG),+0.0000
2026-04-12 22:23:19,intraday,USO,LONG,17,124.83,entry (LONG),+0.0000
2026-04-12 22:23:20,intraday,XLI,LONG,12,171.51,entry (LONG),+0.0000
2026-04-12 22:23:21,intraday,XLU,LONG,82,46.95,entry (LONG),+0.0000
2026-04-12 22:24:15,swing,CIBR,SHORT,70,60.74,entry (SHORT),+0.0000
2026-04-12 22:24:17,swing,USMV,SHORT,152,92.75,entry (SHORT),+0.0000
2026-04-12 22:24:19,swing,EWY,SHORT,20,138.73,entry (SHORT),+0.0000
2026-04-12 22:24:23,swing,IBIT,SHORT,94,41.56,entry (SHORT),+0.0000
2026-04-12 22:24:25,intraday,GLD,LONG,10,437.17,entry (LONG),+0.0000
2026-04-12 22:24:26,intraday,IBIT,LONG,22,41.57,entry (LONG),+0.0000
2026-04-12 22:24:27,intraday,EWC,LONG,27,56.77,entry (LONG),+0.0000
2026-04-12 22:24:28,intraday,USO,LONG,17,124.83,entry (LONG),+0.0000
2026-04-12 22:24:29,intraday,XLI,LONG,12,171.51,entry (LONG),+0.0000
2026-04-12 22:24:30,intraday,XLU,LONG,82,46.95,entry (LONG),+0.0000
2026-04-12 22:25:35,intraday,GLD,LONG,10,437.17,entry (LONG),+0.0000
2026-04-12 22:25:36,intraday,IBIT,LONG,22,41.57,entry (LONG),+0.0000
2026-04-12 22:25:37,intraday,EWC,LONG,27,56.77,entry (LONG),+0.0000
2026-04-12 22:25:37,intraday,USO,LONG,17,124.83,entry (LONG),+0.0000
2026-04-12 22:25:38,intraday,XLI,LONG,12,171.51,entry (LONG),+0.0000
2026-04-12 22:25:39,intraday,XLU,LONG,82,46.95,entry (LONG),+0.0000
2026-04-12 22:26:44,intraday,GLD,LONG,10,437.17,entry (LONG),+0.0000
2026-04-12 22:26:45,intraday,IBIT,LONG,22,41.57,entry (LONG),+0.0000
2026-04-12 22:26:46,intraday,EWC,LONG,27,56.77,entry (LONG),+0.0000
2026-04-12 22:26:47,intraday,USO,LONG,17,124.83,entry (LONG),+0.0000
2026-04-12 22:26:48,intraday,XLI,LONG,12,171.51,entry (LONG),+0.0000
2026-04-12 22:26:49,intraday,XLU,LONG,82,46.95,entry (LONG),+0.0000
2026-04-12 22:27:54,intraday,GLD,LONG,10,437.17,entry (LONG),+0.0000
2026-04-12 22:27:55,intraday,IBIT,LONG,22,41.57,entry (LONG),+0.0000
2026-04-12 22:27:56,intraday,EWC,LONG,27,56.77,entry (LONG),+0.0000
2026-04-12 22:27:56,intraday,USO,LONG,17,124.83,entry (LONG),+0.0000
2026-04-12 22:27:57,intraday,XLI,LONG,12,171.51,entry (LONG),+0.0000
2026-04-12 22:27:58,intraday,XLU,LONG,82,46.95,entry (LONG),+0.0000
2026-04-12 22:29:03,intraday,GLD,LONG,10,437.17,entry (LONG),+0.0000
2026-04-12 22:29:04,intraday,IBIT,LONG,22,41.57,entry (LONG),+0.0000
2026-04-12 22:29:05,intraday,EWC,LONG,27,56.77,entry (LONG),+0.0000
2026-04-12 22:29:06,intraday,USO,LONG,17,124.83,entry (LONG),+0.0000
2026-04-12 22:29:07,intraday,XLI,LONG,12,171.51,entry (LONG),+0.0000
2026-04-12 22:29:08,intraday,XLU,LONG,82,46.95,entry (LONG),+0.0000
2026-04-12 22:29:41,swing,CIBR,SHORT,70,60.74,entry (SHORT),+0.0000
2026-04-12 22:29:43,swing,USMV,SHORT,152,92.75,entry (SHORT),+0.0000
2026-04-12 22:29:45,swing,EWY,SHORT,20,138.73,entry (SHORT),+0.0000
2026-04-12 22:29:49,swing,IBIT,SHORT,94,41.56,entry (SHORT),+0.0000
2026-04-12 22:30:13,intraday,GLD,LONG,10,437.17,entry (LONG),+0.0000
2026-04-12 22:30:14,intraday,IBIT,LONG,22,41.57,entry (LONG),+0.0000
2026-04-12 22:30:15,intraday,EWC,LONG,27,56.77,entry (LONG),+0.0000
2026-04-12 22:30:16,intraday,USO,LONG,17,124.83,entry (LONG),+0.0000
2026-04-12 22:30:17,intraday,XLI,LONG,12,171.51,entry (LONG),+0.0000
2026-04-12 22:30:18,intraday,XLU,LONG,82,46.95,entry (LONG),+0.0000
2026-04-12 22:31:23,intraday,GLD,LONG,10,437.17,entry (LONG),+0.0000
2026-04-12 22:31:24,intraday,IBIT,LONG,22,41.57,entry (LONG),+0.0000
2026-04-12 22:31:25,intraday,EWC,LONG,27,56.77,entry (LONG),+0.0000
2026-04-12 22:31:25,intraday,USO,LONG,17,124.83,entry (LONG),+0.0000
2026-04-12 22:31:27,intraday,XLI,LONG,12,171.51,entry (LONG),+0.0000
2026-04-12 22:31:27,intraday,XLU,LONG,82,46.95,entry (LONG),+0.0000
2026-04-12 22:32:33,intraday,GLD,LONG,10,437.17,entry (LONG),+0.0000
2026-04-12 22:32:34,intraday,IBIT,LONG,22,41.57,entry (LONG),+0.0000
2026-04-12 22:32:35,intraday,EWC,LONG,27,56.77,entry (LONG),+0.0000
2026-04-12 22:32:35,intraday,USO,LONG,17,124.83,entry (LONG),+0.0000
2026-04-12 22:32:39,intraday,XLI,LONG,12,171.51,entry (LONG),+0.0000
2026-04-12 22:32:39,intraday,XLU,LONG,82,46.95,entry (LONG),+0.0000
2026-04-12 22:33:45,intraday,GLD,LONG,10,437.17,entry (LONG),+0.0000
2026-04-12 22:33:46,intraday,IBIT,LONG,22,41.57,entry (LONG),+0.0000
2026-04-12 22:33:46,intraday,EWC,LONG,27,56.77,entry (LONG),+0.0000
2026-04-12 22:33:47,intraday,USO,LONG,17,124.83,entry (LONG),+0.0000
2026-04-12 22:33:48,intraday,XLI,LONG,12,171.51,entry (LONG),+0.0000
2026-04-12 22:33:49,intraday,XLU,LONG,82,46.95,entry (LONG),+0.0000
2026-04-12 22:34:54,intraday,GLD,LONG,10,437.17,entry (LONG),+0.0000
2026-04-12 22:34:55,intraday,IBIT,LONG,22,41.57,entry (LONG),+0.0000
2026-04-12 22:34:56,intraday,EWC,LONG,27,56.77,entry (LONG),+0.0000
2026-04-12 22:34:57,intraday,USO,LONG,17,124.83,entry (LONG),+0.0000
2026-04-12 22:34:58,intraday,XLI,LONG,12,171.51,entry (LONG),+0.0000
2026-04-12 22:34:58,intraday,XLU,LONG,82,46.95,entry (LONG),+0.0000
2026-04-12 22:35:08,swing,CIBR,SHORT,70,60.74,entry (SHORT),+0.0000
2026-04-12 22:35:09,swing,USMV,SHORT,152,92.75,entry (SHORT),+0.0000
2026-04-12 22:35:11,swing,EWY,SHORT,20,138.73,entry (SHORT),+0.0000
2026-04-12 22:35:16,swing,IBIT,SHORT,94,41.56,entry (SHORT),+0.0000
2026-04-12 22:36:04,intraday,GLD,LONG,10,437.17,entry (LONG),+0.0000
2026-04-12 22:36:05,intraday,IBIT,LONG,22,41.57,entry (LONG),+0.0000
2026-04-12 22:36:06,intraday,EWC,LONG,27,56.77,entry (LONG),+0.0000
2026-04-12 22:36:06,intraday,USO,LONG,17,124.83,entry (LONG),+0.0000
2026-04-12 22:36:08,intraday,XLI,LONG,12,171.51,entry (LONG),+0.0000
2026-04-12 22:36:08,intraday,XLU,LONG,82,46.95,entry (LONG),+0.0000
2026-04-12 22:37:15,intraday,GLD,LONG,10,437.17,entry (LONG),+0.0000
2026-04-12 22:37:15,intraday,IBIT,LONG,22,41.57,entry (LONG),+0.0000
2026-04-12 22:37:16,intraday,EWC,LONG,27,56.77,entry (LONG),+0.0000
2026-04-12 22:37:17,intraday,USO,LONG,17,124.83,entry (LONG),+0.0000
2026-04-12 22:37:18,intraday,XLI,LONG,12,171.51,entry (LONG),+0.0000
2026-04-12 22:37:19,intraday,XLU,LONG,82,46.95,entry (LONG),+0.0000
2026-04-12 22:38:24,intraday,GLD,LONG,10,437.17,entry (LONG),+0.0000
2026-04-12 22:38:25,intraday,IBIT,LONG,22,41.57,entry (LONG),+0.0000
2026-04-12 22:38:26,intraday,EWC,LONG,27,56.77,entry (LONG),+0.0000
2026-04-12 22:38:26,intraday,USO,LONG,17,124.83,entry (LONG),+0.0000
2026-04-12 22:38:27,intraday,XLI,LONG,12,171.51,entry (LONG),+0.0000
2026-04-12 22:38:28,intraday,XLU,LONG,82,46.95,entry (LONG),+0.0000
2026-04-12 22:39:33,intraday,GLD,LONG,10,437.17,entry (LONG),+0.0000
2026-04-12 22:39:34,intraday,IBIT,LONG,22,41.57,entry (LONG),+0.0000
2026-04-12 22:39:35,intraday,EWC,LONG,27,56.77,entry (LONG),+0.0000
2026-04-12 22:39:36,intraday,USO,LONG,17,124.83,entry (LONG),+0.0000
2026-04-12 22:39:37,intraday,XLI,LONG,12,171.51,entry (LONG),+0.0000
2026-04-12 22:39:38,intraday,XLU,LONG,82,46.95,entry (LONG),+0.0000
2026-04-12 22:40:34,swing,CIBR,SHORT,70,60.74,entry (SHORT),+0.0000
2026-04-12 22:40:36,swing,USMV,SHORT,152,92.75,entry (SHORT),+0.0000
2026-04-12 22:40:38,swing,EWY,SHORT,20,138.73,entry (SHORT),+0.0000
2026-04-12 22:40:43,swing,IBIT,SHORT,94,41.56,entry (SHORT),+0.0000
2026-04-12 22:40:44,intraday,GLD,LONG,10,437.17,entry (LONG),+0.0000
2026-04-12 22:40:44,intraday,IBIT,LONG,22,41.57,entry (LONG),+0.0000
2026-04-12 22:40:45,intraday,EWC,LONG,27,56.77,entry (LONG),+0.0000
2026-04-12 22:40:46,intraday,USO,LONG,17,124.83,entry (LONG),+0.0000
2026-04-12 22:40:47,intraday,XLI,LONG,12,171.51,entry (LONG),+0.0000
2026-04-12 22:40:48,intraday,XLU,LONG,82,46.95,entry (LONG),+0.0000
2026-04-12 22:41:53,intraday,GLD,LONG,10,437.17,entry (LONG),+0.0000
2026-04-12 22:41:54,intraday,IBIT,LONG,22,41.57,entry (LONG),+0.0000
2026-04-12 22:41:55,intraday,EWC,LONG,27,56.77,entry (LONG),+0.0000
2026-04-12 22:41:56,intraday,USO,LONG,17,124.83,entry (LONG),+0.0000
2026-04-12 22:41:57,intraday,XLI,LONG,12,171.51,entry (LONG),+0.0000
2026-04-12 22:41:58,intraday,XLU,LONG,82,46.95,entry (LONG),+0.0000
2026-04-12 22:43:03,intraday,GLD,LONG,10,437.17,entry (LONG),+0.0000
2026-04-12 22:43:04,intraday,IBIT,LONG,22,41.57,entry (LONG),+0.0000
2026-04-12 22:43:04,intraday,EWC,LONG,27,56.77,entry (LONG),+0.0000
2026-04-12 22:43:05,intraday,USO,LONG,17,124.83,entry (LONG),+0.0000
2026-04-12 22:43:06,intraday,XLI,LONG,12,171.51,entry (LONG),+0.0000
2026-04-12 22:43:07,intraday,XLU,LONG,82,46.95,entry (LONG),+0.0000
2026-04-12 22:44:12,intraday,GLD,LONG,10,437.17,entry (LONG),+0.0000
2026-04-12 22:44:13,intraday,IBIT,LONG,22,41.57,entry (LONG),+0.0000
2026-04-12 22:44:14,intraday,EWC,LONG,27,56.77,entry (LONG),+0.0000
2026-04-12 22:44:15,intraday,USO,LONG,17,124.83,entry (LONG),+0.0000
2026-04-12 22:44:16,intraday,XLI,LONG,12,171.51,entry (LONG),+0.0000
2026-04-12 22:44:17,intraday,XLU,LONG,82,46.95,entry (LONG),+0.0000
2026-04-12 22:45:22,intraday,GLD,LONG,10,437.17,entry (LONG),+0.0000
2026-04-12 22:45:23,intraday,IBIT,LONG,22,41.57,entry (LONG),+0.0000
2026-04-12 22:45:24,intraday,EWC,LONG,27,56.77,entry (LONG),+0.0000
2026-04-12 22:45:24,intraday,USO,LONG,17,124.83,entry (LONG),+0.0000
2026-04-12 22:45:26,intraday,XLI,LONG,12,171.51,entry (LONG),+0.0000
2026-04-12 22:45:26,intraday,XLU,LONG,82,46.95,entry (LONG),+0.0000
2026-04-12 22:46:00,swing,CIBR,SHORT,70,60.74,entry (SHORT),+0.0000
2026-04-12 22:46:02,swing,USMV,SHORT,152,92.75,entry (SHORT),+0.0000
2026-04-12 22:46:04,swing,EWY,SHORT,20,138.73,entry (SHORT),+0.0000
2026-04-12 22:46:09,swing,IBIT,SHORT,94,41.56,entry (SHORT),+0.0000
2026-04-12 22:46:32,intraday,GLD,LONG,10,437.17,entry (LONG),+0.0000
2026-04-12 22:46:33,intraday,IBIT,LONG,22,41.57,entry (LONG),+0.0000
2026-04-12 22:46:33,intraday,EWC,LONG,27,56.77,entry (LONG),+0.0000
2026-04-12 22:46:34,intraday,USO,LONG,17,124.83,entry (LONG),+0.0000
2026-04-12 22:46:35,intraday,XLI,LONG,12,171.51,entry (LONG),+0.0000
2026-04-12 22:46:36,intraday,XLU,LONG,82,46.95,entry (LONG),+0.0000
2026-04-12 22:47:41,intraday,GLD,LONG,10,437.17,entry (LONG),+0.0000
2026-04-12 22:47:42,intraday,IBIT,LONG,22,41.57,entry (LONG),+0.0000
2026-04-12 22:47:43,intraday,EWC,LONG,27,56.77,entry (LONG),+0.0000
2026-04-12 22:47:43,intraday,USO,LONG,17,124.83,entry (LONG),+0.0000
2026-04-12 22:47:45,intraday,XLI,LONG,12,171.51,entry (LONG),+0.0000
2026-04-12 22:47:46,intraday,XLU,LONG,82,46.95,entry (LONG),+0.0000
2026-04-12 22:48:51,intraday,GLD,LONG,10,437.17,entry (LONG),+0.0000
2026-04-12 22:48:51,intraday,IBIT,LONG,22,41.57,entry (LONG),+0.0000
2026-04-12 22:48:52,intraday,EWC,LONG,27,56.77,entry (LONG),+0.0000
2026-04-12 22:48:53,intraday,USO,LONG,17,124.83,entry (LONG),+0.0000
2026-04-12 22:48:54,intraday,XLI,LONG,12,171.51,entry (LONG),+0.0000
2026-04-12 22:48:55,intraday,XLU,LONG,82,46.95,entry (LONG),+0.0000
2026-04-12 22:50:00,intraday,GLD,LONG,10,437.17,entry (LONG),+0.0000
2026-04-12 22:50:01,intraday,IBIT,LONG,22,41.57,entry (LONG),+0.0000
2026-04-12 22:50:02,intraday,EWC,LONG,27,56.77,entry (LONG),+0.0000
2026-04-12 22:50:03,intraday,USO,LONG,17,124.83,entry (LONG),+0.0000
2026-04-12 22:50:04,intraday,XLI,LONG,12,171.51,entry (LONG),+0.0000
2026-04-12 22:50:05,intraday,XLU,LONG,82,46.95,entry (LONG),+0.0000
2026-04-12 22:51:10,intraday,GLD,LONG,10,437.17,entry (LONG),+0.0000
2026-04-12 22:51:11,intraday,IBIT,LONG,22,41.57,entry (LONG),+0.0000
2026-04-12 22:51:12,intraday,EWC,LONG,27,56.77,entry (LONG),+0.0000
2026-04-12 22:51:12,intraday,USO,LONG,17,124.83,entry (LONG),+0.0000
2026-04-12 22:51:13,intraday,XLI,LONG,12,171.51,entry (LONG),+0.0000
2026-04-12 22:51:14,intraday,XLU,LONG,82,46.95,entry (LONG),+0.0000
2026-04-12 22:51:32,swing,CIBR,SHORT,70,60.74,entry (SHORT),+0.0000
2026-04-12 22:51:34,swing,USMV,SHORT,152,92.75,entry (SHORT),+0.0000
2026-04-12 22:51:36,swing,EWY,SHORT,20,138.73,entry (SHORT),+0.0000
2026-04-12 22:51:41,swing,IBIT,SHORT,94,41.56,entry (SHORT),+0.0000
2026-04-12 22:52:21,intraday,GLD,LONG,10,437.17,entry (LONG),+0.0000
2026-04-12 22:52:22,intraday,IBIT,LONG,22,41.57,entry (LONG),+0.0000
2026-04-12 22:52:23,intraday,EWC,LONG,27,56.77,entry (LONG),+0.0000
2026-04-12 22:52:24,intraday,USO,LONG,17,124.83,entry (LONG),+0.0000
2026-04-12 22:52:25,intraday,XLI,LONG,12,171.51,entry (LONG),+0.0000
2026-04-12 22:52:26,intraday,XLU,LONG,82,46.95,entry (LONG),+0.0000
2026-04-12 22:53:31,intraday,GLD,LONG,10,437.17,entry (LONG),+0.0000
2026-04-12 22:53:31,intraday,IBIT,LONG,22,41.57,entry (LONG),+0.0000
2026-04-12 22:53:32,intraday,EWC,LONG,27,56.77,entry (LONG),+0.0000
2026-04-12 22:53:33,intraday,USO,LONG,17,124.83,entry (LONG),+0.0000
2026-04-12 22:53:35,intraday,XLI,LONG,12,171.51,entry (LONG),+0.0000
2026-04-12 22:53:36,intraday,XLU,LONG,82,46.95,entry (LONG),+0.0000
2026-04-12 22:54:41,intraday,GLD,LONG,10,437.17,entry (LONG),+0.0000
2026-04-12 22:54:42,intraday,IBIT,LONG,22,41.57,entry (LONG),+0.0000
2026-04-12 22:54:42,intraday,EWC,LONG,27,56.77,entry (LONG),+0.0000
2026-04-12 22:54:43,intraday,USO,LONG,17,124.83,entry (LONG),+0.0000
2026-04-12 22:54:44,intraday,XLI,LONG,12,171.51,entry (LONG),+0.0000
2026-04-12 22:54:45,intraday,XLU,LONG,82,46.95,entry (LONG),+0.0000
2026-04-12 22:55:50,intraday,GLD,LONG,10,437.17,entry (LONG),+0.0000
2026-04-12 22:55:51,intraday,IBIT,LONG,22,41.57,entry (LONG),+0.0000
2026-04-12 22:55:52,intraday,EWC,LONG,27,56.77,entry (LONG),+0.0000
2026-04-12 22:55:53,intraday,USO,LONG,17,124.83,entry (LONG),+0.0000
2026-04-12 22:55:54,intraday,XLI,LONG,12,171.51,entry (LONG),+0.0000
2026-04-12 22:55:55,intraday,XLU,LONG,82,46.95,entry (LONG),+0.0000
2026-04-12 22:56:58,swing,CIBR,SHORT,70,60.74,entry (SHORT),+0.0000
2026-04-12 22:57:00,intraday,GLD,LONG,10,437.17,entry (LONG),+0.0000
2026-04-12 22:57:00,swing,USMV,SHORT,152,92.75,entry (SHORT),+0.0000
2026-04-12 22:57:01,intraday,IBIT,LONG,22,41.57,entry (LONG),+0.0000
2026-04-12 22:57:02,intraday,EWC,LONG,27,56.77,entry (LONG),+0.0000
2026-04-12 22:57:02,swing,EWY,SHORT,20,138.73,entry (SHORT),+0.0000
2026-04-12 22:57:02,intraday,USO,LONG,17,124.83,entry (LONG),+0.0000
2026-04-12 22:57:04,intraday,XLI,LONG,12,171.51,entry (LONG),+0.0000
2026-04-12 22:57:04,intraday,XLU,LONG,82,46.95,entry (LONG),+0.0000
2026-04-12 22:57:07,swing,IBIT,SHORT,94,41.56,entry (SHORT),+0.0000
2026-04-12 22:58:10,intraday,GLD,LONG,10,437.17,entry (LONG),+0.0000
2026-04-12 22:58:11,intraday,IBIT,LONG,22,41.57,entry (LONG),+0.0000
2026-04-12 22:58:11,intraday,EWC,LONG,27,56.77,entry (LONG),+0.0000
2026-04-12 22:58:12,intraday,USO,LONG,17,124.83,entry (LONG),+0.0000
2026-04-12 22:58:13,intraday,XLI,LONG,12,171.51,entry (LONG),+0.0000
2026-04-12 22:58:14,intraday,XLU,LONG,82,46.95,entry (LONG),+0.0000
2026-04-12 22:59:19,intraday,GLD,LONG,10,437.17,entry (LONG),+0.0000
2026-04-12 22:59:20,intraday,IBIT,LONG,22,41.57,entry (LONG),+0.0000
2026-04-12 22:59:21,intraday,EWC,LONG,27,56.77,entry (LONG),+0.0000
2026-04-12 22:59:22,intraday,USO,LONG,17,124.83,entry (LONG),+0.0000
2026-04-12 22:59:23,intraday,XLI,LONG,12,171.51,entry (LONG),+0.0000
2026-04-12 22:59:24,intraday,XLU,LONG,82,46.95,entry (LONG),+0.0000
2026-04-12 23:00:32,intraday,GLD,LONG,10,437.17,entry (LONG),+0.0000
2026-04-12 23:00:33,intraday,IBIT,LONG,22,41.57,entry (LONG),+0.0000
2026-04-12 23:00:34,intraday,EWC,LONG,27,56.77,entry (LONG),+0.0000
2026-04-12 23:00:34,intraday,USO,LONG,17,124.83,entry (LONG),+0.0000
2026-04-12 23:00:35,intraday,XLI,LONG,12,171.51,entry (LONG),+0.0000
2026-04-12 23:00:36,intraday,XLU,LONG,82,46.95,entry (LONG),+0.0000
2026-04-12 23:01:41,intraday,GLD,LONG,10,437.17,entry (LONG),+0.0000
2026-04-12 23:01:42,intraday,IBIT,LONG,22,41.57,entry (LONG),+0.0000
2026-04-12 23:01:43,intraday,EWC,LONG,27,56.77,entry (LONG),+0.0000
2026-04-12 23:01:44,intraday,USO,LONG,17,124.83,entry (LONG),+0.0000
2026-04-12 23:01:45,intraday,XLI,LONG,12,171.51,entry (LONG),+0.0000
2026-04-12 23:01:46,intraday,XLU,LONG,82,46.95,entry (LONG),+0.0000
2026-04-12 23:02:24,swing,CIBR,SHORT,70,60.74,entry (SHORT),+0.0000
2026-04-12 23:02:26,swing,USMV,SHORT,152,92.75,entry (SHORT),+0.0000
2026-04-12 23:02:28,swing,EWY,SHORT,20,138.73,entry (SHORT),+0.0000
2026-04-12 23:02:33,swing,IBIT,SHORT,94,41.56,entry (SHORT),+0.0000
2026-04-12 23:02:51,intraday,GLD,LONG,10,437.17,entry (LONG),+0.0000
2026-04-12 23:02:52,intraday,IBIT,LONG,22,41.57,entry (LONG),+0.0000
2026-04-12 23:02:53,intraday,EWC,LONG,27,56.77,entry (LONG),+0.0000
2026-04-12 23:02:54,intraday,USO,LONG,17,124.83,entry (LONG),+0.0000
2026-04-12 23:02:55,intraday,XLI,LONG,12,171.51,entry (LONG),+0.0000
2026-04-12 23:02:56,intraday,XLU,LONG,82,46.95,entry (LONG),+0.0000
2026-04-12 23:04:01,intraday,GLD,LONG,10,437.17,entry (LONG),+0.0000
2026-04-12 23:04:02,intraday,IBIT,LONG,22,41.57,entry (LONG),+0.0000
2026-04-12 23:04:03,intraday,EWC,LONG,27,56.77,entry (LONG),+0.0000
2026-04-12 23:04:03,intraday,USO,LONG,17,124.83,entry (LONG),+0.0000
2026-04-12 23:04:05,intraday,XLI,LONG,12,171.51,entry (LONG),+0.0000
2026-04-12 23:04:05,intraday,XLU,LONG,82,46.95,entry (LONG),+0.0000
2026-04-12 23:05:11,intraday,GLD,LONG,10,437.17,entry (LONG),+0.0000
2026-04-12 23:05:12,intraday,IBIT,LONG,22,41.57,entry (LONG),+0.0000
2026-04-12 23:05:12,intraday,EWC,LONG,27,56.77,entry (LONG),+0.0000
2026-04-12 23:05:13,intraday,USO,LONG,17,124.83,entry (LONG),+0.0000
2026-04-12 23:05:14,intraday,XLI,LONG,12,171.51,entry (LONG),+0.0000
2026-04-12 23:05:15,intraday,XLU,LONG,82,46.95,entry (LONG),+0.0000
2026-04-12 23:06:20,intraday,GLD,LONG,10,437.17,entry (LONG),+0.0000
2026-04-12 23:06:21,intraday,IBIT,LONG,22,41.57,entry (LONG),+0.0000
2026-04-12 23:06:22,intraday,EWC,LONG,27,56.77,entry (LONG),+0.0000
2026-04-12 23:06:23,intraday,USO,LONG,17,124.83,entry (LONG),+0.0000
2026-04-12 23:06:24,intraday,XLI,LONG,12,171.51,entry (LONG),+0.0000
2026-04-12 23:06:25,intraday,XLU,LONG,82,46.95,entry (LONG),+0.0000
2026-04-12 23:07:30,intraday,GLD,LONG,10,437.17,entry (LONG),+0.0000
2026-04-12 23:07:31,intraday,IBIT,LONG,22,41.57,entry (LONG),+0.0000
2026-04-12 23:07:32,intraday,EWC,LONG,27,56.77,entry (LONG),+0.0000
2026-04-12 23:07:32,intraday,USO,LONG,17,124.83,entry (LONG),+0.0000
2026-04-12 23:07:33,intraday,XLI,LONG,12,171.51,entry (LONG),+0.0000
2026-04-12 23:07:34,intraday,XLU,LONG,82,46.95,entry (LONG),+0.0000
2026-04-12 23:07:49,swing,CIBR,SHORT,70,60.74,entry (SHORT),+0.0000
2026-04-12 23:07:51,swing,USMV,SHORT,152,92.75,entry (SHORT),+0.0000
2026-04-12 23:07:53,swing,EWY,SHORT,20,138.73,entry (SHORT),+0.0000
2026-04-12 23:07:57,swing,IBIT,SHORT,94,41.56,entry (SHORT),+0.0000
2026-04-12 23:08:41,intraday,GLD,LONG,10,437.17,entry (LONG),+0.0000
2026-04-12 23:08:42,intraday,IBIT,LONG,22,41.57,entry (LONG),+0.0000
2026-04-12 23:08:44,intraday,EWC,LONG,27,56.77,entry (LONG),+0.0000
2026-04-12 23:08:47,intraday,USO,LONG,17,124.83,entry (LONG),+0.0000
2026-04-12 23:08:52,intraday,XLI,LONG,12,171.51,entry (LONG),+0.0000
2026-04-12 23:08:54,intraday,XLU,LONG,82,46.95,entry (LONG),+0.0000
2026-04-12 23:09:59,intraday,GLD,LONG,10,437.17,entry (LONG),+0.0000
2026-04-12 23:10:00,intraday,IBIT,LONG,22,41.57,entry (LONG),+0.0000
2026-04-12 23:10:01,intraday,EWC,LONG,27,56.77,entry (LONG),+0.0000
2026-04-12 23:10:02,intraday,USO,LONG,17,124.83,entry (LONG),+0.0000
2026-04-12 23:10:03,intraday,XLI,LONG,12,171.51,entry (LONG),+0.0000
2026-04-12 23:10:04,intraday,XLU,LONG,82,46.95,entry (LONG),+0.0000
2026-04-12 23:11:09,intraday,GLD,LONG,10,437.17,entry (LONG),+0.0000
2026-04-12 23:11:10,intraday,IBIT,LONG,22,41.57,entry (LONG),+0.0000
2026-04-12 23:11:11,intraday,EWC,LONG,27,56.77,entry (LONG),+0.0000
2026-04-12 23:11:11,intraday,USO,LONG,17,124.83,entry (LONG),+0.0000
2026-04-12 23:11:12,intraday,XLI,LONG,12,171.51,entry (LONG),+0.0000
2026-04-12 23:11:13,intraday,XLU,LONG,82,46.95,entry (LONG),+0.0000
2026-04-12 23:12:18,intraday,GLD,LONG,10,437.17,entry (LONG),+0.0000
2026-04-12 23:12:19,intraday,IBIT,LONG,22,41.57,entry (LONG),+0.0000
2026-04-12 23:12:20,intraday,EWC,LONG,27,56.77,entry (LONG),+0.0000
2026-04-12 23:12:21,intraday,USO,LONG,17,124.83,entry (LONG),+0.0000
2026-04-12 23:12:22,intraday,XLI,LONG,12,171.51,entry (LONG),+0.0000
2026-04-12 23:12:23,intraday,XLU,LONG,82,46.95,entry (LONG),+0.0000
2026-04-12 23:13:15,swing,CIBR,SHORT,70,60.74,entry (SHORT),+0.0000
2026-04-12 23:13:17,swing,USMV,SHORT,152,92.75,entry (SHORT),+0.0000
2026-04-12 23:13:19,swing,EWY,SHORT,20,138.73,entry (SHORT),+0.0000
2026-04-12 23:13:23,swing,IBIT,SHORT,94,41.56,entry (SHORT),+0.0000
2026-04-12 23:13:28,intraday,GLD,LONG,10,437.17,entry (LONG),+0.0000
2026-04-12 23:13:28,intraday,IBIT,LONG,22,41.57,entry (LONG),+0.0000
2026-04-12 23:13:29,intraday,EWC,LONG,27,56.77,entry (LONG),+0.0000
2026-04-12 23:13:30,intraday,USO,LONG,17,124.83,entry (LONG),+0.0000
2026-04-12 23:13:31,intraday,XLI,LONG,12,171.51,entry (LONG),+0.0000
2026-04-12 23:13:32,intraday,XLU,LONG,82,46.95,entry (LONG),+0.0000
2026-04-12 23:14:37,intraday,GLD,LONG,10,437.17,entry (LONG),+0.0000
2026-04-12 23:14:38,intraday,IBIT,LONG,22,41.57,entry (LONG),+0.0000
2026-04-12 23:14:39,intraday,EWC,LONG,27,56.77,entry (LONG),+0.0000
2026-04-12 23:14:39,intraday,USO,LONG,17,124.83,entry (LONG),+0.0000
2026-04-12 23:14:41,intraday,XLI,LONG,12,171.51,entry (LONG),+0.0000
2026-04-12 23:14:41,intraday,XLU,LONG,82,46.95,entry (LONG),+0.0000
2026-04-12 23:15:49,intraday,GLD,LONG,10,437.17,entry (LONG),+0.0000
2026-04-12 23:15:50,intraday,IBIT,LONG,22,41.57,entry (LONG),+0.0000
2026-04-12 23:15:50,intraday,EWC,LONG,27,56.77,entry (LONG),+0.0000
2026-04-12 23:15:51,intraday,USO,LONG,17,124.83,entry (LONG),+0.0000
2026-04-12 23:15:52,intraday,XLI,LONG,12,171.51,entry (LONG),+0.0000
2026-04-12 23:15:53,intraday,XLU,LONG,82,46.95,entry (LONG),+0.0000
2026-04-12 23:16:58,intraday,GLD,LONG,10,437.17,entry (LONG),+0.0000
2026-04-12 23:16:59,intraday,IBIT,LONG,22,41.57,entry (LONG),+0.0000
2026-04-12 23:17:00,intraday,EWC,LONG,27,56.77,entry (LONG),+0.0000
2026-04-12 23:17:01,intraday,USO,LONG,17,124.83,entry (LONG),+0.0000
2026-04-12 23:17:02,intraday,XLI,LONG,12,171.51,entry (LONG),+0.0000
2026-04-12 23:17:03,intraday,XLU,LONG,82,46.95,entry (LONG),+0.0000
2026-04-12 23:18:08,intraday,GLD,LONG,10,437.17,entry (LONG),+0.0000
2026-04-12 23:18:09,intraday,IBIT,LONG,22,41.57,entry (LONG),+0.0000
2026-04-12 23:18:10,intraday,EWC,LONG,27,56.77,entry (LONG),+0.0000
2026-04-12 23:18:10,intraday,USO,LONG,17,124.83,entry (LONG),+0.0000
2026-04-12 23:18:11,intraday,XLI,LONG,12,171.51,entry (LONG),+0.0000
2026-04-12 23:18:12,intraday,XLU,LONG,82,46.95,entry (LONG),+0.0000
2026-04-12 23:18:41,swing,CIBR,SHORT,70,60.74,entry (SHORT),+0.0000
2026-04-12 23:18:44,swing,USMV,SHORT,152,92.75,entry (SHORT),+0.0000
2026-04-12 23:18:46,swing,EWY,SHORT,20,138.73,entry (SHORT),+0.0000
2026-04-12 23:18:51,swing,IBIT,SHORT,94,41.56,entry (SHORT),+0.0000
2026-04-12 23:19:18,intraday,GLD,LONG,10,437.17,entry (LONG),+0.0000
2026-04-12 23:19:18,intraday,IBIT,LONG,22,41.57,entry (LONG),+0.0000
2026-04-12 23:19:19,intraday,EWC,LONG,27,56.77,entry (LONG),+0.0000
2026-04-12 23:19:20,intraday,USO,LONG,17,124.83,entry (LONG),+0.0000
2026-04-12 23:19:21,intraday,XLI,LONG,12,171.51,entry (LONG),+0.0000
2026-04-12 23:19:22,intraday,XLU,LONG,82,46.95,entry (LONG),+0.0000
2026-04-12 23:20:28,intraday,GLD,LONG,10,437.17,entry (LONG),+0.0000
2026-04-12 23:20:29,intraday,IBIT,LONG,22,41.57,entry (LONG),+0.0000
2026-04-12 23:20:29,intraday,EWC,LONG,27,56.77,entry (LONG),+0.0000
2026-04-12 23:20:30,intraday,USO,LONG,17,124.83,entry (LONG),+0.0000
2026-04-12 23:20:31,intraday,XLI,LONG,12,171.51,entry (LONG),+0.0000
2026-04-12 23:20:32,intraday,XLU,LONG,82,46.95,entry (LONG),+0.0000
2026-04-12 23:21:38,intraday,GLD,LONG,10,437.17,entry (LONG),+0.0000
2026-04-12 23:21:38,intraday,IBIT,LONG,22,41.57,entry (LONG),+0.0000
2026-04-12 23:21:39,intraday,EWC,LONG,27,56.77,entry (LONG),+0.0000
2026-04-12 23:21:40,intraday,USO,LONG,17,124.83,entry (LONG),+0.0000
2026-04-12 23:21:41,intraday,XLI,LONG,12,171.51,entry (LONG),+0.0000
2026-04-12 23:21:42,intraday,XLU,LONG,82,46.95,entry (LONG),+0.0000
2026-04-12 23:22:48,intraday,GLD,LONG,10,437.17,entry (LONG),+0.0000
2026-04-12 23:22:49,intraday,IBIT,LONG,22,41.57,entry (LONG),+0.0000
2026-04-12 23:22:50,intraday,EWC,LONG,27,56.77,entry (LONG),+0.0000
2026-04-12 23:22:50,intraday,USO,LONG,17,124.83,entry (LONG),+0.0000
2026-04-12 23:22:52,intraday,XLI,LONG,12,171.51,entry (LONG),+0.0000
2026-04-12 23:22:52,intraday,XLU,LONG,82,46.95,entry (LONG),+0.0000
2026-04-12 23:23:57,intraday,GLD,LONG,10,437.17,entry (LONG),+0.0000
2026-04-12 23:23:58,intraday,IBIT,LONG,22,41.57,entry (LONG),+0.0000
2026-04-12 23:23:59,intraday,EWC,LONG,27,56.77,entry (LONG),+0.0000
2026-04-12 23:24:00,intraday,USO,LONG,17,124.83,entry (LONG),+0.0000
2026-04-12 23:24:01,intraday,XLI,LONG,12,171.51,entry (LONG),+0.0000
2026-04-12 23:24:01,intraday,XLU,LONG,82,46.95,entry (LONG),+0.0000
2026-04-12 23:24:09,swing,CIBR,SHORT,70,60.74,entry (SHORT),+0.0000
2026-04-12 23:24:11,swing,USMV,SHORT,152,92.75,entry (SHORT),+0.0000
2026-04-12 23:24:13,swing,EWY,SHORT,20,138.73,entry (SHORT),+0.0000
2026-04-12 23:24:18,swing,IBIT,SHORT,94,41.56,entry (SHORT),+0.0000
2026-04-12 23:25:06,intraday,GLD,LONG,10,437.17,entry (LONG),+0.0000
2026-04-12 23:25:07,intraday,IBIT,LONG,22,41.57,entry (LONG),+0.0000
2026-04-12 23:25:08,intraday,EWC,LONG,27,56.77,entry (LONG),+0.0000
2026-04-12 23:25:09,intraday,USO,LONG,17,124.83,entry (LONG),+0.0000
2026-04-12 23:25:10,intraday,XLI,LONG,12,171.51,entry (LONG),+0.0000
2026-04-12 23:25:11,intraday,XLU,LONG,82,46.95,entry (LONG),+0.0000
2026-04-12 23:26:15,intraday,GLD,LONG,10,437.17,entry (LONG),+0.0000
2026-04-12 23:26:16,intraday,IBIT,LONG,22,41.57,entry (LONG),+0.0000
2026-04-12 23:26:17,intraday,EWC,LONG,27,56.77,entry (LONG),+0.0000
2026-04-12 23:26:18,intraday,USO,LONG,17,124.83,entry (LONG),+0.0000
2026-04-12 23:26:19,intraday,XLI,LONG,12,171.51,entry (LONG),+0.0000
2026-04-12 23:26:20,intraday,XLU,LONG,82,46.95,entry (LONG),+0.0000
2026-04-12 23:27:25,intraday,GLD,LONG,10,437.17,entry (LONG),+0.0000
2026-04-12 23:27:26,intraday,IBIT,LONG,22,41.57,entry (LONG),+0.0000
2026-04-12 23:27:26,intraday,EWC,LONG,27,56.77,entry (LONG),+0.0000
2026-04-12 23:27:27,intraday,USO,LONG,17,124.83,entry (LONG),+0.0000
2026-04-12 23:27:28,intraday,XLI,LONG,12,171.51,entry (LONG),+0.0000
2026-04-12 23:27:29,intraday,XLU,LONG,82,46.95,entry (LONG),+0.0000
2026-04-12 23:28:34,intraday,GLD,LONG,10,437.17,entry (LONG),+0.0000
2026-04-12 23:28:35,intraday,IBIT,LONG,22,41.57,entry (LONG),+0.0000
2026-04-12 23:28:36,intraday,EWC,LONG,27,56.77,entry (LONG),+0.0000
2026-04-12 23:28:37,intraday,USO,LONG,17,124.83,entry (LONG),+0.0000
2026-04-12 23:28:38,intraday,XLI,LONG,12,171.51,entry (LONG),+0.0000
2026-04-12 23:28:38,intraday,XLU,LONG,82,46.95,entry (LONG),+0.0000
2026-04-12 23:29:34,swing,CIBR,SHORT,70,60.74,entry (SHORT),+0.0000
2026-04-12 23:29:36,swing,USMV,SHORT,152,92.75,entry (SHORT),+0.0000
2026-04-12 23:29:38,swing,EWY,SHORT,20,138.73,entry (SHORT),+0.0000
2026-04-12 23:29:43,swing,IBIT,SHORT,94,41.56,entry (SHORT),+0.0000
2026-04-12 23:29:44,intraday,GLD,LONG,10,437.17,entry (LONG),+0.0000
2026-04-12 23:29:44,intraday,IBIT,LONG,22,41.57,entry (LONG),+0.0000
2026-04-12 23:29:45,intraday,EWC,LONG,27,56.77,entry (LONG),+0.0000
2026-04-12 23:29:46,intraday,USO,LONG,17,124.83,entry (LONG),+0.0000
2026-04-12 23:29:47,intraday,XLI,LONG,12,171.51,entry (LONG),+0.0000
2026-04-12 23:29:48,intraday,XLU,LONG,82,46.95,entry (LONG),+0.0000
2026-04-12 23:30:53,intraday,GLD,LONG,10,437.17,entry (LONG),+0.0000
2026-04-12 23:30:54,intraday,IBIT,LONG,22,41.57,entry (LONG),+0.0000
2026-04-12 23:30:55,intraday,EWC,LONG,27,56.77,entry (LONG),+0.0000
2026-04-12 23:30:56,intraday,USO,LONG,17,124.83,entry (LONG),+0.0000
2026-04-12 23:30:57,intraday,XLI,LONG,12,171.51,entry (LONG),+0.0000
2026-04-12 23:30:57,intraday,XLU,LONG,82,46.95,entry (LONG),+0.0000
2026-04-12 23:32:02,intraday,GLD,LONG,10,437.17,entry (LONG),+0.0000
2026-04-12 23:32:03,intraday,IBIT,LONG,22,41.57,entry (LONG),+0.0000
2026-04-12 23:32:04,intraday,EWC,LONG,27,56.77,entry (LONG),+0.0000
2026-04-12 23:32:05,intraday,USO,LONG,17,124.83,entry (LONG),+0.0000
2026-04-12 23:32:06,intraday,XLI,LONG,12,171.51,entry (LONG),+0.0000
2026-04-12 23:32:07,intraday,XLU,LONG,82,46.95,entry (LONG),+0.0000
2026-04-12 23:33:14,intraday,GLD,LONG,10,437.17,entry (LONG),+0.0000
2026-04-12 23:33:15,intraday,IBIT,LONG,22,41.57,entry (LONG),+0.0000
2026-04-12 23:33:16,intraday,EWC,LONG,27,56.77,entry (LONG),+0.0000
2026-04-12 23:33:17,intraday,USO,LONG,17,124.83,entry (LONG),+0.0000
2026-04-12 23:33:18,intraday,XLI,LONG,12,171.51,entry (LONG),+0.0000
2026-04-12 23:33:18,intraday,XLU,LONG,82,46.95,entry (LONG),+0.0000
2026-04-12 23:34:24,intraday,GLD,LONG,10,437.17,entry (LONG),+0.0000
2026-04-12 23:34:24,intraday,IBIT,LONG,22,41.57,entry (LONG),+0.0000
2026-04-12 23:34:25,intraday,EWC,LONG,27,56.77,entry (LONG),+0.0000
2026-04-12 23:34:26,intraday,USO,LONG,17,124.83,entry (LONG),+0.0000
2026-04-12 23:34:27,intraday,XLI,LONG,12,171.51,entry (LONG),+0.0000
2026-04-12 23:34:28,intraday,XLU,LONG,82,46.95,entry (LONG),+0.0000
2026-04-12 23:35:01,swing,CIBR,SHORT,70,60.74,entry (SHORT),+0.0000
2026-04-12 23:35:03,swing,USMV,SHORT,152,92.75,entry (SHORT),+0.0000
2026-04-12 23:35:05,swing,EWY,SHORT,20,138.73,entry (SHORT),+0.0000
2026-04-12 23:35:09,swing,IBIT,SHORT,94,41.56,entry (SHORT),+0.0000
2026-04-12 23:35:33,intraday,GLD,LONG,10,437.17,entry (LONG),+0.0000
2026-04-12 23:35:34,intraday,IBIT,LONG,22,41.57,entry (LONG),+0.0000
2026-04-12 23:35:35,intraday,EWC,LONG,27,56.77,entry (LONG),+0.0000
2026-04-12 23:35:35,intraday,USO,LONG,17,124.83,entry (LONG),+0.0000
2026-04-12 23:35:36,intraday,XLI,LONG,12,171.51,entry (LONG),+0.0000
2026-04-12 23:35:37,intraday,XLU,LONG,82,46.95,entry (LONG),+0.0000
2026-04-12 23:36:43,intraday,GLD,LONG,10,437.17,entry (LONG),+0.0000
2026-04-12 23:36:44,intraday,IBIT,LONG,22,41.57,entry (LONG),+0.0000
2026-04-12 23:36:45,intraday,EWC,LONG,27,56.77,entry (LONG),+0.0000
2026-04-12 23:36:46,intraday,USO,LONG,17,124.83,entry (LONG),+0.0000
2026-04-12 23:36:47,intraday,XLI,LONG,12,171.51,entry (LONG),+0.0000
2026-04-12 23:36:50,intraday,XLU,LONG,82,46.95,entry (LONG),+0.0000
2026-04-12 23:37:55,intraday,GLD,LONG,10,437.17,entry (LONG),+0.0000
2026-04-12 23:37:56,intraday,IBIT,LONG,22,41.57,entry (LONG),+0.0000
2026-04-12 23:37:56,intraday,EWC,LONG,27,56.77,entry (LONG),+0.0000
2026-04-12 23:37:57,intraday,USO,LONG,17,124.83,entry (LONG),+0.0000
2026-04-12 23:37:58,intraday,XLI,LONG,12,171.51,entry (LONG),+0.0000
2026-04-12 23:37:59,intraday,XLU,LONG,82,46.95,entry (LONG),+0.0000
2026-04-12 23:39:04,intraday,GLD,LONG,10,437.17,entry (LONG),+0.0000
2026-04-12 23:39:05,intraday,IBIT,LONG,22,41.57,entry (LONG),+0.0000
2026-04-12 23:39:06,intraday,EWC,LONG,27,56.77,entry (LONG),+0.0000
2026-04-12 23:39:07,intraday,USO,LONG,17,124.83,entry (LONG),+0.0000
2026-04-12 23:39:08,intraday,XLI,LONG,12,171.51,entry (LONG),+0.0000
2026-04-12 23:39:09,intraday,XLU,LONG,82,46.95,entry (LONG),+0.0000
2026-04-12 23:40:14,intraday,GLD,LONG,10,437.17,entry (LONG),+0.0000
2026-04-12 23:40:14,intraday,IBIT,LONG,22,41.57,entry (LONG),+0.0000
2026-04-12 23:40:15,intraday,EWC,LONG,27,56.77,entry (LONG),+0.0000
2026-04-12 23:40:16,intraday,USO,LONG,17,124.83,entry (LONG),+0.0000
2026-04-12 23:40:17,intraday,XLI,LONG,12,171.51,entry (LONG),+0.0000
2026-04-12 23:40:18,intraday,XLU,LONG,82,46.95,entry (LONG),+0.0000
2026-04-12 23:40:25,swing,CIBR,SHORT,70,60.74,entry (SHORT),+0.0000
2026-04-12 23:40:27,swing,USMV,SHORT,152,92.75,entry (SHORT),+0.0000
2026-04-12 23:40:28,swing,EWY,SHORT,20,138.73,entry (SHORT),+0.0000
2026-04-12 23:40:33,swing,IBIT,SHORT,94,41.56,entry (SHORT),+0.0000
2026-04-12 23:41:23,intraday,GLD,LONG,10,437.17,entry (LONG),+0.0000
2026-04-12 23:41:24,intraday,IBIT,LONG,22,41.57,entry (LONG),+0.0000
2026-04-12 23:41:25,intraday,EWC,LONG,27,56.77,entry (LONG),+0.0000
2026-04-12 23:41:26,intraday,USO,LONG,17,124.83,entry (LONG),+0.0000
2026-04-12 23:41:27,intraday,XLI,LONG,12,171.51,entry (LONG),+0.0000
2026-04-12 23:41:28,intraday,XLU,LONG,82,46.95,entry (LONG),+0.0000
2026-04-12 23:42:33,intraday,GLD,LONG,10,437.17,entry (LONG),+0.0000
2026-04-12 23:42:34,intraday,IBIT,LONG,22,41.57,entry (LONG),+0.0000
2026-04-12 23:42:34,intraday,EWC,LONG,27,56.77,entry (LONG),+0.0000
2026-04-12 23:42:35,intraday,USO,LONG,17,124.83,entry (LONG),+0.0000
2026-04-12 23:42:37,intraday,XLI,LONG,12,171.51,entry (LONG),+0.0000
2026-04-12 23:42:38,intraday,XLU,LONG,82,46.95,entry (LONG),+0.0000
2026-04-12 23:43:43,intraday,GLD,LONG,10,437.17,entry (LONG),+0.0000
2026-04-12 23:43:43,intraday,IBIT,LONG,22,41.57,entry (LONG),+0.0000
2026-04-12 23:43:44,intraday,EWC,LONG,27,56.77,entry (LONG),+0.0000
2026-04-12 23:43:45,intraday,USO,LONG,17,124.83,entry (LONG),+0.0000
2026-04-12 23:43:46,intraday,XLI,LONG,12,171.51,entry (LONG),+0.0000
2026-04-12 23:43:47,intraday,XLU,LONG,82,46.95,entry (LONG),+0.0000
2026-04-12 23:44:52,intraday,GLD,LONG,10,437.17,entry (LONG),+0.0000
2026-04-12 23:44:53,intraday,IBIT,LONG,22,41.57,entry (LONG),+0.0000
2026-04-12 23:44:54,intraday,EWC,LONG,27,56.77,entry (LONG),+0.0000
2026-04-12 23:44:54,intraday,USO,LONG,17,124.83,entry (LONG),+0.0000
2026-04-12 23:44:55,intraday,XLI,LONG,12,171.51,entry (LONG),+0.0000
2026-04-12 23:44:56,intraday,XLU,LONG,82,46.95,entry (LONG),+0.0000
2026-04-12 23:45:49,swing,CIBR,SHORT,70,60.74,entry (SHORT),+0.0000
2026-04-12 23:45:52,swing,USMV,SHORT,152,92.75,entry (SHORT),+0.0000
2026-04-12 23:45:54,swing,EWY,SHORT,20,138.73,entry (SHORT),+0.0000
2026-04-12 23:45:59,swing,IBIT,SHORT,94,41.56,entry (SHORT),+0.0000
2026-04-12 23:46:01,intraday,GLD,LONG,10,437.17,entry (LONG),+0.0000
2026-04-12 23:46:02,intraday,IBIT,LONG,22,41.57,entry (LONG),+0.0000
2026-04-12 23:46:03,intraday,EWC,LONG,27,56.77,entry (LONG),+0.0000
2026-04-12 23:46:04,intraday,USO,LONG,17,124.83,entry (LONG),+0.0000
2026-04-12 23:46:05,intraday,XLI,LONG,12,171.51,entry (LONG),+0.0000
2026-04-12 23:46:06,intraday,XLU,LONG,82,46.95,entry (LONG),+0.0000
2026-04-12 23:47:12,intraday,GLD,LONG,10,437.17,entry (LONG),+0.0000
2026-04-12 23:47:13,intraday,IBIT,LONG,22,41.57,entry (LONG),+0.0000
2026-04-12 23:47:13,intraday,EWC,LONG,27,56.77,entry (LONG),+0.0000
2026-04-12 23:47:14,intraday,USO,LONG,17,124.83,entry (LONG),+0.0000
2026-04-12 23:47:15,intraday,XLI,LONG,12,171.51,entry (LONG),+0.0000
2026-04-12 23:47:16,intraday,XLU,LONG,82,46.95,entry (LONG),+0.0000
2026-04-12 23:48:21,intraday,GLD,LONG,10,437.17,entry (LONG),+0.0000
2026-04-12 23:48:22,intraday,IBIT,LONG,22,41.57,entry (LONG),+0.0000
2026-04-12 23:48:23,intraday,EWC,LONG,27,56.77,entry (LONG),+0.0000
2026-04-12 23:48:24,intraday,USO,LONG,17,124.83,entry (LONG),+0.0000
2026-04-12 23:48:25,intraday,XLI,LONG,12,171.51,entry (LONG),+0.0000
2026-04-12 23:48:26,intraday,XLU,LONG,82,46.95,entry (LONG),+0.0000
2026-04-12 23:49:31,intraday,GLD,LONG,10,437.17,entry (LONG),+0.0000
2026-04-12 23:49:32,intraday,IBIT,LONG,22,41.57,entry (LONG),+0.0000
2026-04-12 23:49:33,intraday,EWC,LONG,27,56.77,entry (LONG),+0.0000
2026-04-12 23:49:33,intraday,USO,LONG,17,124.83,entry (LONG),+0.0000
2026-04-12 23:49:34,intraday,XLI,LONG,12,171.51,entry (LONG),+0.0000
2026-04-12 23:49:35,intraday,XLU,LONG,82,46.95,entry (LONG),+0.0000
2026-04-12 23:50:42,intraday,GLD,LONG,10,437.17,entry (LONG),+0.0000
2026-04-12 23:50:43,intraday,IBIT,LONG,22,41.57,entry (LONG),+0.0000
2026-04-12 23:50:44,intraday,EWC,LONG,27,56.77,entry (LONG),+0.0000
2026-04-12 23:50:45,intraday,USO,LONG,17,124.83,entry (LONG),+0.0000
2026-04-12 23:50:46,intraday,XLI,LONG,12,171.51,entry (LONG),+0.0000
2026-04-12 23:50:47,intraday,XLU,LONG,82,46.95,entry (LONG),+0.0000
2026-04-12 23:51:16,swing,CIBR,SHORT,70,60.74,entry (SHORT),+0.0000
2026-04-12 23:51:18,swing,USMV,SHORT,152,92.75,entry (SHORT),+0.0000
2026-04-12 23:51:20,swing,EWY,SHORT,20,138.73,entry (SHORT),+0.0000
2026-04-12 23:51:25,swing,IBIT,SHORT,94,41.56,entry (SHORT),+0.0000
2026-04-12 23:51:51,intraday,GLD,LONG,10,437.17,entry (LONG),+0.0000
2026-04-12 23:51:52,intraday,IBIT,LONG,22,41.57,entry (LONG),+0.0000
2026-04-12 23:51:53,intraday,EWC,LONG,27,56.77,entry (LONG),+0.0000
2026-04-12 23:51:54,intraday,USO,LONG,17,124.83,entry (LONG),+0.0000
2026-04-12 23:51:55,intraday,XLI,LONG,12,171.51,entry (LONG),+0.0000
2026-04-12 23:51:56,intraday,XLU,LONG,82,46.95,entry (LONG),+0.0000
2026-04-12 23:53:01,intraday,GLD,LONG,10,437.17,entry (LONG),+0.0000
2026-04-12 23:53:02,intraday,IBIT,LONG,22,41.57,entry (LONG),+0.0000
2026-04-12 23:53:03,intraday,EWC,LONG,27,56.77,entry (LONG),+0.0000
2026-04-12 23:53:04,intraday,USO,LONG,17,124.83,entry (LONG),+0.0000
2026-04-12 23:53:05,intraday,XLI,LONG,12,171.51,entry (LONG),+0.0000
2026-04-12 23:53:06,intraday,XLU,LONG,82,46.95,entry (LONG),+0.0000
2026-04-12 23:54:11,intraday,GLD,LONG,10,437.17,entry (LONG),+0.0000
2026-04-12 23:54:12,intraday,IBIT,LONG,22,41.57,entry (LONG),+0.0000
2026-04-12 23:54:13,intraday,EWC,LONG,27,56.77,entry (LONG),+0.0000
2026-04-12 23:54:14,intraday,USO,LONG,17,124.83,entry (LONG),+0.0000
2026-04-12 23:54:15,intraday,XLI,LONG,12,171.51,entry (LONG),+0.0000
2026-04-12 23:54:15,intraday,XLU,LONG,82,46.95,entry (LONG),+0.0000
2026-04-12 23:55:21,intraday,GLD,LONG,10,437.17,entry (LONG),+0.0000
2026-04-12 23:55:22,intraday,IBIT,LONG,22,41.57,entry (LONG),+0.0000
2026-04-12 23:55:23,intraday,EWC,LONG,27,56.77,entry (LONG),+0.0000
2026-04-12 23:55:24,intraday,USO,LONG,17,124.83,entry (LONG),+0.0000
2026-04-12 23:55:25,intraday,XLI,LONG,12,171.51,entry (LONG),+0.0000
2026-04-12 23:55:26,intraday,XLU,LONG,82,46.95,entry (LONG),+0.0000
2026-04-12 23:56:31,intraday,GLD,LONG,10,437.17,entry (LONG),+0.0000
2026-04-12 23:56:32,intraday,IBIT,LONG,22,41.57,entry (LONG),+0.0000
2026-04-12 23:56:33,intraday,EWC,LONG,27,56.77,entry (LONG),+0.0000
2026-04-12 23:56:34,intraday,USO,LONG,17,124.83,entry (LONG),+0.0000
2026-04-12 23:56:35,intraday,XLI,LONG,12,171.51,entry (LONG),+0.0000
2026-04-12 23:56:36,intraday,XLU,LONG,82,46.95,entry (LONG),+0.0000
2026-04-12 23:56:40,swing,CIBR,SHORT,70,60.74,entry (SHORT),+0.0000
2026-04-12 23:56:42,swing,USMV,SHORT,152,92.75,entry (SHORT),+0.0000
2026-04-12 23:56:44,swing,EWY,SHORT,20,138.73,entry (SHORT),+0.0000
2026-04-12 23:56:53,swing,IBIT,SHORT,94,41.56,entry (SHORT),+0.0000
2026-04-12 23:57:42,intraday,GLD,LONG,10,437.17,entry (LONG),+0.0000
2026-04-12 23:57:44,intraday,IBIT,LONG,22,41.57,entry (LONG),+0.0000
2026-04-12 23:57:45,intraday,EWC,LONG,27,56.77,entry (LONG),+0.0000
2026-04-12 23:57:46,intraday,USO,LONG,17,124.83,entry (LONG),+0.0000
2026-04-12 23:57:47,intraday,XLI,LONG,12,171.51,entry (LONG),+0.0000
2026-04-12 23:57:48,intraday,XLU,LONG,82,46.95,entry (LONG),+0.0000
2026-04-12 23:58:56,intraday,GLD,LONG,10,437.17,entry (LONG),+0.0000
2026-04-12 23:58:56,intraday,IBIT,LONG,22,41.57,entry (LONG),+0.0000
2026-04-12 23:58:57,intraday,EWC,LONG,27,56.77,entry (LONG),+0.0000
2026-04-12 23:58:58,intraday,USO,LONG,17,124.83,entry (LONG),+0.0000
2026-04-12 23:58:59,intraday,XLI,LONG,12,171.51,entry (LONG),+0.0000
2026-04-12 23:59:00,intraday,XLU,LONG,82,46.95,entry (LONG),+0.0000
