timestamp,group,symbol,side,qty,price,reason,pnl_pct
2026-03-28 00:00:38,intraday,USO,LONG,9,124.17,entry (LONG),+0.0000
2026-03-28 00:01:43,intraday,USO,LONG,9,124.17,entry (LONG),+0.0000
2026-03-28 00:02:48,intraday,USO,LONG,9,124.17,entry (LONG),+0.0000
2026-03-28 00:03:00,swing,USO,SHORT,9,124.20,entry (SHORT),+0.0000
2026-03-28 00:03:53,intraday,USO,LONG,9,124.17,entry (LONG),+0.0000
2026-03-28 00:04:58,intraday,USO,LONG,9,124.17,entry (LONG),+0.0000
2026-03-28 00:06:02,intraday,USO,LONG,9,124.17,entry (LONG),+0.0000
2026-03-28 00:07:08,intraday,USO,LONG,9,124.17,entry (LONG),+0.0000
2026-03-28 00:08:12,intraday,USO,LONG,9,124.17,entry (LONG),+0.0000
2026-03-28 00:08:24,swing,USO,SHORT,9,124.20,entry (SHORT),+0.0000
2026-03-28 00:09:17,intraday,USO,LONG,9,124.17,entry (LONG),+0.0000
2026-03-28 00:10:22,intraday,USO,LONG,9,124.17,entry (LONG),+0.0000
2026-03-28 00:11:27,intraday,USO,LONG,9,124.17,entry (LONG),+0.0000
2026-03-28 00:12:31,intraday,USO,LONG,9,124.17,entry (LONG),+0.0000
2026-03-28 00:13:36,intraday,USO,LONG,9,124.17,entry (LONG),+0.0000
2026-03-28 00:13:42,swing,USO,SHORT,9,124.20,entry (SHORT),+0.0000
2026-03-28 00:14:41,intraday,USO,LONG,9,124.17,entry (LONG),+0.0000
2026-03-28 00:15:46,intraday,USO,LONG,9,124.17,entry (LONG),+0.0000
2026-03-28 00:16:51,intraday,USO,LONG,9,124.17,entry (LONG),+0.0000
2026-03-28 00:18:19,intraday,USO,LONG,9,124.17,entry (LONG),+0.0000
2026-03-28 00:19:00,swing,USO,SHORT,9,124.20,entry (SHORT),+0.0000
2026-03-28 00:19:23,intraday,USO,LONG,9,124.17,entry (LONG),+0.0000
2026-03-28 00:20:28,intraday,USO,LONG,9,124.17,entry (LONG),+0.0000
2026-03-28 00:21:32,intraday,USO,LONG,9,124.17,entry (LONG),+0.0000
2026-03-28 00:22:38,intraday,USO,LONG,9,124.17,entry (LONG),+0.0000
2026-03-28 00:23:42,intraday,USO,LONG,9,124.17,entry (LONG),+0.0000
2026-03-28 00:24:17,swing,USO,SHORT,9,124.20,entry (SHORT),+0.0000
2026-03-28 00:24:47,intraday,USO,LONG,9,124.17,entry (LONG),+0.0000
2026-03-28 00:25:52,intraday,USO,LONG,9,124.17,entry (LONG),+0.0000
2026-03-28 00:26:56,intraday,USO,LONG,9,124.17,entry (LONG),+0.0000
2026-03-28 00:28:01,intraday,USO,LONG,9,124.17,entry (LONG),+0.0000
2026-03-28 00:29:06,intraday,USO,LONG,9,124.17,entry (LONG),+0.0000
2026-03-28 00:29:34,swing,USO,SHORT,9,124.20,entry (SHORT),+0.0000
2026-03-28 00:30:11,intraday,USO,LONG,9,124.17,entry (LONG),+0.0000
2026-03-28 00:31:16,intraday,USO,LONG,9,124.17,entry (LONG),+0.0000
2026-03-28 00:32:20,intraday,USO,LONG,9,124.17,entry (LONG),+0.0000
2026-03-28 00:33:25,intraday,USO,LONG,9,124.17,entry (LONG),+0.0000
2026-03-28 00:34:31,intraday,USO,LONG,9,124.17,entry (LONG),+0.0000
2026-03-28 00:34:51,swing,USO,SHORT,9,124.20,entry (SHORT),+0.0000
2026-03-28 00:35:35,intraday,USO,LONG,9,124.17,entry (LONG),+0.0000
2026-03-28 00:36:40,intraday,USO,LONG,9,124.17,entry (LONG),+0.0000
2026-03-28 00:37:35,crypto_intraday,SEI/USD,LONG,53992.816903,0.05,"profit_lock+signal_decay (armed, E[r]=-0.0051, PnL=+1.13%)",+0.0113
2026-03-28 00:37:45,intraday,USO,LONG,9,124.17,entry (LONG),+0.0000
2026-03-28 00:38:49,intraday,USO,LONG,9,124.17,entry (LONG),+0.0000
2026-03-28 00:39:54,intraday,USO,LONG,9,124.17,entry (LONG),+0.0000
2026-03-28 00:40:08,swing,USO,SHORT,9,124.20,entry (SHORT),+0.0000
2026-03-28 00:40:29,crypto_intraday,FET/USD,SHORT,12665.04196,0.23,entry (SHORT),+0.0000
2026-03-28 00:40:59,intraday,USO,LONG,9,124.17,entry (LONG),+0.0000
2026-03-28 00:42:03,intraday,USO,LONG,9,124.17,entry (LONG),+0.0000
2026-03-28 00:43:08,intraday,USO,LONG,9,124.17,entry (LONG),+0.0000
2026-03-28 00:44:13,intraday,USO,LONG,9,124.17,entry (LONG),+0.0000
2026-03-28 00:45:17,intraday,USO,LONG,9,124.17,entry (LONG),+0.0000
2026-03-28 00:45:29,swing,USO,SHORT,9,124.20,entry (SHORT),+0.0000
2026-03-28 00:46:22,intraday,USO,LONG,9,124.17,entry (LONG),+0.0000
2026-03-28 00:47:26,intraday,USO,LONG,9,124.17,entry (LONG),+0.0000
2026-03-28 00:48:31,intraday,USO,LONG,9,124.17,entry (LONG),+0.0000
2026-03-28 00:49:36,intraday,USO,LONG,9,124.17,entry (LONG),+0.0000
2026-03-28 00:50:41,intraday,USO,LONG,9,124.17,entry (LONG),+0.0000
2026-03-28 00:50:46,swing,USO,SHORT,9,124.20,entry (SHORT),+0.0000
2026-03-28 00:51:46,intraday,USO,LONG,9,124.17,entry (LONG),+0.0000
2026-03-28 00:52:51,intraday,USO,LONG,9,124.17,entry (LONG),+0.0000
2026-03-28 00:53:56,intraday,USO,LONG,9,124.17,entry (LONG),+0.0000
2026-03-28 00:55:02,intraday,USO,LONG,9,124.17,entry (LONG),+0.0000
2026-03-28 00:56:04,swing,USO,SHORT,9,124.20,entry (SHORT),+0.0000
2026-03-28 00:56:06,intraday,USO,LONG,9,124.17,entry (LONG),+0.0000
2026-03-28 00:57:11,intraday,USO,LONG,9,124.17,entry (LONG),+0.0000
2026-03-28 00:58:16,intraday,USO,LONG,9,124.17,entry (LONG),+0.0000
2026-03-28 00:59:21,intraday,USO,LONG,9,124.17,entry (LONG),+0.0000
2026-03-28 01:00:28,intraday,USO,LONG,9,124.17,entry (LONG),+0.0000
2026-03-28 01:01:23,swing,USO,SHORT,9,124.20,entry (SHORT),+0.0000
2026-03-28 01:01:32,intraday,USO,LONG,9,124.17,entry (LONG),+0.0000
2026-03-28 01:02:37,intraday,USO,LONG,9,124.17,entry (LONG),+0.0000
2026-03-28 01:03:41,intraday,USO,LONG,9,124.17,entry (LONG),+0.0000
2026-03-28 01:04:46,intraday,USO,LONG,9,124.17,entry (LONG),+0.0000
2026-03-28 01:05:51,intraday,USO,LONG,9,124.17,entry (LONG),+0.0000
2026-03-28 01:06:44,swing,USO,SHORT,9,124.20,entry (SHORT),+0.0000
2026-03-28 01:06:56,intraday,USO,LONG,9,124.17,entry (LONG),+0.0000
2026-03-28 01:08:01,intraday,USO,LONG,9,124.17,entry (LONG),+0.0000
2026-03-28 01:09:06,intraday,USO,LONG,9,124.17,entry (LONG),+0.0000
2026-03-28 01:10:11,intraday,USO,LONG,9,124.17,entry (LONG),+0.0000
2026-03-28 01:11:15,intraday,USO,LONG,9,124.17,entry (LONG),+0.0000
2026-03-28 01:12:05,swing,USO,SHORT,9,124.20,entry (SHORT),+0.0000
2026-03-28 01:12:20,intraday,USO,LONG,9,124.17,entry (LONG),+0.0000
2026-03-28 01:13:25,intraday,USO,LONG,9,124.17,entry (LONG),+0.0000
2026-03-28 01:14:29,intraday,USO,LONG,9,124.17,entry (LONG),+0.0000
2026-03-28 01:15:34,intraday,USO,LONG,9,124.17,entry (LONG),+0.0000
2026-03-28 01:16:39,intraday,USO,LONG,9,124.17,entry (LONG),+0.0000
2026-03-28 01:17:28,swing,USO,SHORT,9,124.20,entry (SHORT),+0.0000
2026-03-28 01:17:44,intraday,USO,LONG,9,124.17,entry (LONG),+0.0000
2026-03-28 01:19:15,intraday,USO,LONG,9,124.17,entry (LONG),+0.0000
2026-03-28 01:20:20,intraday,USO,LONG,9,124.17,entry (LONG),+0.0000
2026-03-28 01:21:25,intraday,USO,LONG,9,124.17,entry (LONG),+0.0000
2026-03-28 01:22:30,intraday,USO,LONG,9,124.17,entry (LONG),+0.0000
2026-03-28 01:22:48,swing,USO,SHORT,9,124.20,entry (SHORT),+0.0000
2026-03-28 01:23:35,intraday,USO,LONG,9,124.17,entry (LONG),+0.0000
2026-03-28 01:24:39,intraday,USO,LONG,9,124.17,entry (LONG),+0.0000
2026-03-28 01:25:44,intraday,USO,LONG,9,124.17,entry (LONG),+0.0000
2026-03-28 01:26:49,intraday,USO,LONG,9,124.17,entry (LONG),+0.0000
2026-03-28 01:27:54,intraday,USO,LONG,9,124.17,entry (LONG),+0.0000
2026-03-28 01:28:10,swing,USO,SHORT,9,124.20,entry (SHORT),+0.0000
2026-03-28 01:28:58,intraday,USO,LONG,9,124.17,entry (LONG),+0.0000
2026-03-28 01:30:04,intraday,USO,LONG,9,124.17,entry (LONG),+0.0000
2026-03-28 01:31:09,intraday,USO,LONG,9,124.17,entry (LONG),+0.0000
2026-03-28 01:32:13,intraday,USO,LONG,9,124.17,entry (LONG),+0.0000
2026-03-28 01:33:18,intraday,USO,LONG,9,124.17,entry (LONG),+0.0000
2026-03-28 01:33:27,swing,USO,SHORT,9,124.20,entry (SHORT),+0.0000
2026-03-28 01:34:23,intraday,USO,LONG,9,124.17,entry (LONG),+0.0000
2026-03-28 01:35:27,intraday,USO,LONG,9,124.17,entry (LONG),+0.0000
2026-03-28 01:36:32,intraday,USO,LONG,9,124.17,entry (LONG),+0.0000
2026-03-28 01:37:36,intraday,USO,LONG,9,124.17,entry (LONG),+0.0000
2026-03-28 01:38:41,intraday,USO,LONG,9,124.17,entry (LONG),+0.0000
2026-03-28 01:38:44,swing,USO,SHORT,9,124.20,entry (SHORT),+0.0000
2026-03-28 01:39:47,intraday,USO,LONG,9,124.17,entry (LONG),+0.0000
2026-03-28 01:40:53,intraday,USO,LONG,9,124.17,entry (LONG),+0.0000
2026-03-28 01:41:57,intraday,USO,LONG,9,124.17,entry (LONG),+0.0000
2026-03-28 01:43:02,intraday,USO,LONG,9,124.17,entry (LONG),+0.0000
2026-03-28 01:44:01,swing,USO,SHORT,9,124.20,entry (SHORT),+0.0000
2026-03-28 01:44:08,intraday,USO,LONG,9,124.17,entry (LONG),+0.0000
2026-03-28 01:45:12,intraday,USO,LONG,9,124.17,entry (LONG),+0.0000
2026-03-28 01:46:31,intraday,USO,LONG,9,124.17,entry (LONG),+0.0000
2026-03-28 01:47:37,intraday,USO,LONG,9,124.17,entry (LONG),+0.0000
2026-03-28 01:48:42,intraday,USO,LONG,9,124.17,entry (LONG),+0.0000
2026-03-28 01:49:20,swing,USO,SHORT,9,124.20,entry (SHORT),+0.0000
2026-03-28 01:49:53,intraday,USO,LONG,9,124.17,entry (LONG),+0.0000
2026-03-28 01:50:58,intraday,USO,LONG,9,124.17,entry (LONG),+0.0000
2026-03-28 01:52:07,intraday,USO,LONG,9,124.17,entry (LONG),+0.0000
2026-03-28 01:53:12,intraday,USO,LONG,9,124.17,entry (LONG),+0.0000
2026-03-28 01:54:20,intraday,USO,LONG,9,124.17,entry (LONG),+0.0000
2026-03-28 01:54:43,crypto_intraday,FET/USD,SHORT,12665.04196,0.23,"signal_reversal_post_horizon (E[r]=+0.0018, bars=12, PnL=-0.83%)",-0.0083
2026-03-28 01:54:49,swing,USO,SHORT,9,124.20,entry (SHORT),+0.0000
2026-03-28 01:55:30,intraday,USO,LONG,9,124.17,entry (LONG),+0.0000
2026-03-28 01:56:35,intraday,USO,LONG,9,124.17,entry (LONG),+0.0000
2026-03-28 01:57:40,intraday,USO,LONG,9,124.17,entry (LONG),+0.0000
2026-03-28 01:58:44,intraday,USO,LONG,9,124.17,entry (LONG),+0.0000
2026-03-28 01:59:49,intraday,USO,LONG,9,124.17,entry (LONG),+0.0000
2026-03-28 02:00:18,swing,USO,SHORT,9,124.20,entry (SHORT),+0.0000
2026-03-28 02:00:54,intraday,USO,LONG,9,124.17,entry (LONG),+0.0000
2026-03-28 02:01:58,intraday,USO,LONG,9,124.17,entry (LONG),+0.0000
2026-03-28 02:03:03,intraday,USO,LONG,9,124.17,entry (LONG),+0.0000
2026-03-28 02:04:07,intraday,USO,LONG,9,124.17,entry (LONG),+0.0000
2026-03-28 02:05:13,intraday,USO,LONG,9,124.17,entry (LONG),+0.0000
2026-03-28 02:05:42,swing,USO,SHORT,9,124.20,entry (SHORT),+0.0000
2026-03-28 02:06:17,intraday,USO,LONG,9,124.17,entry (LONG),+0.0000
2026-03-28 02:06:19,crypto_intraday,QNT/USD,LONG,41.326431,70.79,entry (LONG),+0.0000
2026-03-28 02:07:22,intraday,USO,LONG,9,124.17,entry (LONG),+0.0000
2026-03-28 02:08:27,intraday,USO,LONG,9,124.17,entry (LONG),+0.0000
2026-03-28 02:09:31,intraday,USO,LONG,9,124.17,entry (LONG),+0.0000
2026-03-28 02:10:36,intraday,USO,LONG,9,124.17,entry (LONG),+0.0000
2026-03-28 02:10:59,swing,USO,SHORT,9,124.20,entry (SHORT),+0.0000
2026-03-28 02:11:41,intraday,USO,LONG,9,124.17,entry (LONG),+0.0000
2026-03-28 02:12:45,intraday,USO,LONG,9,124.17,entry (LONG),+0.0000
2026-03-28 02:13:50,intraday,USO,LONG,9,124.17,entry (LONG),+0.0000
2026-03-28 02:14:54,intraday,USO,LONG,9,124.17,entry (LONG),+0.0000
2026-03-28 02:15:59,intraday,USO,LONG,9,124.17,entry (LONG),+0.0000
2026-03-28 02:16:15,swing,USO,SHORT,9,124.20,entry (SHORT),+0.0000
2026-03-28 02:17:03,intraday,USO,LONG,9,124.17,entry (LONG),+0.0000
2026-03-28 02:18:08,intraday,USO,LONG,9,124.17,entry (LONG),+0.0000
2026-03-28 02:19:36,intraday,USO,LONG,9,124.17,entry (LONG),+0.0000
2026-03-28 02:20:40,intraday,USO,LONG,9,124.17,entry (LONG),+0.0000
2026-03-28 02:21:32,swing,USO,SHORT,9,124.20,entry (SHORT),+0.0000
2026-03-28 02:21:45,intraday,USO,LONG,9,124.17,entry (LONG),+0.0000
2026-03-28 02:22:50,intraday,USO,LONG,9,124.17,entry (LONG),+0.0000
2026-03-28 02:23:54,intraday,USO,LONG,9,124.17,entry (LONG),+0.0000
2026-03-28 02:24:59,intraday,USO,LONG,9,124.17,entry (LONG),+0.0000
2026-03-28 02:26:03,intraday,USO,LONG,9,124.17,entry (LONG),+0.0000
2026-03-28 02:26:49,swing,USO,SHORT,9,124.20,entry (SHORT),+0.0000
2026-03-28 02:27:08,intraday,USO,LONG,9,124.17,entry (LONG),+0.0000
2026-03-28 02:28:12,intraday,USO,LONG,9,124.17,entry (LONG),+0.0000
2026-03-28 02:29:17,intraday,USO,LONG,9,124.17,entry (LONG),+0.0000
2026-03-28 02:30:22,intraday,USO,LONG,9,124.17,entry (LONG),+0.0000
2026-03-28 02:31:27,intraday,USO,LONG,9,124.17,entry (LONG),+0.0000
2026-03-28 02:32:06,swing,USO,SHORT,9,124.20,entry (SHORT),+0.0000
2026-03-28 02:32:31,intraday,USO,LONG,9,124.17,entry (LONG),+0.0000
2026-03-28 02:33:36,intraday,USO,LONG,9,124.17,entry (LONG),+0.0000
2026-03-28 02:34:41,intraday,USO,LONG,9,124.17,entry (LONG),+0.0000
2026-03-28 02:35:45,intraday,USO,LONG,9,124.17,entry (LONG),+0.0000
2026-03-28 02:36:50,intraday,USO,LONG,9,124.17,entry (LONG),+0.0000
2026-03-28 02:37:18,crypto_intraday,MANA/USD,SHORT,38880.372682,0.08,"signal_reversal_post_horizon (E[r]=+0.0007, bars=40, PnL=-1.60%)",-0.0160
2026-03-28 02:37:23,swing,USO,SHORT,9,124.20,entry (SHORT),+0.0000
2026-03-28 02:37:55,intraday,USO,LONG,9,124.17,entry (LONG),+0.0000
2026-03-28 02:38:59,intraday,USO,LONG,9,124.17,entry (LONG),+0.0000
2026-03-28 02:40:04,intraday,USO,LONG,9,124.17,entry (LONG),+0.0000
2026-03-28 02:41:09,intraday,USO,LONG,9,124.17,entry (LONG),+0.0000
2026-03-28 02:42:13,intraday,USO,LONG,9,124.17,entry (LONG),+0.0000
2026-03-28 02:42:40,swing,USO,SHORT,9,124.20,entry (SHORT),+0.0000
2026-03-28 02:43:18,intraday,USO,LONG,9,124.17,entry (LONG),+0.0000
2026-03-28 02:44:22,intraday,USO,LONG,9,124.17,entry (LONG),+0.0000
2026-03-28 02:45:27,intraday,USO,LONG,9,124.17,entry (LONG),+0.0000
2026-03-28 02:45:58,crypto_intraday,SEI/USD,SHORT,62414.449337,0.05,entry (SHORT),+0.0000
2026-03-28 02:46:31,intraday,USO,LONG,9,124.17,entry (LONG),+0.0000
2026-03-28 02:47:36,intraday,USO,LONG,9,124.17,entry (LONG),+0.0000
2026-03-28 02:48:00,swing,USO,SHORT,9,124.20,entry (SHORT),+0.0000
2026-03-28 02:48:41,intraday,USO,LONG,9,124.17,entry (LONG),+0.0000
2026-03-28 02:49:45,intraday,USO,LONG,9,124.17,entry (LONG),+0.0000
2026-03-28 02:50:50,intraday,USO,LONG,9,124.17,entry (LONG),+0.0000
2026-03-28 02:51:55,intraday,USO,LONG,9,124.17,entry (LONG),+0.0000
2026-03-28 02:52:59,intraday,USO,LONG,9,124.17,entry (LONG),+0.0000
2026-03-28 02:53:17,swing,USO,SHORT,9,124.20,entry (SHORT),+0.0000
2026-03-28 02:54:04,intraday,USO,LONG,9,124.17,entry (LONG),+0.0000
2026-03-28 02:55:09,intraday,USO,LONG,9,124.17,entry (LONG),+0.0000
2026-03-28 02:56:15,intraday,USO,LONG,9,124.17,entry (LONG),+0.0000
2026-03-28 02:57:20,intraday,USO,LONG,9,124.17,entry (LONG),+0.0000
2026-03-28 02:58:27,intraday,USO,LONG,9,124.17,entry (LONG),+0.0000
2026-03-28 02:58:40,swing,USO,SHORT,9,124.20,entry (SHORT),+0.0000
2026-03-28 02:59:32,intraday,USO,LONG,9,124.17,entry (LONG),+0.0000
2026-03-28 03:00:37,intraday,USO,LONG,9,124.17,entry (LONG),+0.0000
2026-03-28 03:01:41,intraday,USO,LONG,9,124.17,entry (LONG),+0.0000
2026-03-28 03:02:46,intraday,USO,LONG,9,124.17,entry (LONG),+0.0000
2026-03-28 03:03:51,intraday,USO,LONG,9,124.17,entry (LONG),+0.0000
2026-03-28 03:03:59,swing,USO,SHORT,9,124.20,entry (SHORT),+0.0000
2026-03-28 03:04:55,intraday,USO,LONG,9,124.17,entry (LONG),+0.0000
2026-03-28 03:06:00,intraday,USO,LONG,9,124.17,entry (LONG),+0.0000
2026-03-28 03:07:05,intraday,USO,LONG,9,124.17,entry (LONG),+0.0000
2026-03-28 03:08:10,intraday,USO,LONG,9,124.17,entry (LONG),+0.0000
2026-03-28 03:09:15,intraday,USO,LONG,9,124.17,entry (LONG),+0.0000
2026-03-28 03:09:19,swing,USO,SHORT,9,124.20,entry (SHORT),+0.0000
2026-03-28 03:10:19,intraday,USO,LONG,9,124.17,entry (LONG),+0.0000
2026-03-28 03:11:24,intraday,USO,LONG,9,124.17,entry (LONG),+0.0000
2026-03-28 03:12:29,intraday,USO,LONG,9,124.17,entry (LONG),+0.0000
2026-03-28 03:13:34,intraday,USO,LONG,9,124.17,entry (LONG),+0.0000
2026-03-28 03:14:52,intraday,USO,LONG,9,124.17,entry (LONG),+0.0000
2026-03-28 03:15:03,swing,USO,SHORT,9,124.20,entry (SHORT),+0.0000
2026-03-28 03:16:01,intraday,USO,LONG,9,124.17,entry (LONG),+0.0000
2026-03-28 03:17:06,intraday,USO,LONG,9,124.17,entry (LONG),+0.0000
2026-03-28 03:18:11,intraday,USO,LONG,9,124.17,entry (LONG),+0.0000
2026-03-28 03:19:20,crypto_intraday,QNT/USD,LONG,41.326431,71.06,"signal_reversal_post_horizon (E[r]=-0.0167, bars=12, PnL=+0.25%)",+0.0025
2026-03-28 03:19:40,intraday,USO,LONG,9,124.17,entry (LONG),+0.0000
2026-03-28 03:20:26,swing,USO,SHORT,9,124.20,entry (SHORT),+0.0000
2026-03-28 03:20:46,intraday,USO,LONG,9,124.17,entry (LONG),+0.0000
2026-03-28 03:21:50,intraday,USO,LONG,9,124.17,entry (LONG),+0.0000
2026-03-28 03:22:42,crypto_intraday,FET/USD,LONG,12364.66994,0.24,entry (LONG),+0.0000
2026-03-28 03:22:55,intraday,USO,LONG,9,124.17,entry (LONG),+0.0000
2026-03-28 03:24:00,intraday,USO,LONG,9,124.17,entry (LONG),+0.0000
2026-03-28 03:25:05,intraday,USO,LONG,9,124.17,entry (LONG),+0.0000
2026-03-28 03:25:43,swing,USO,SHORT,9,124.20,entry (SHORT),+0.0000
2026-03-28 03:26:09,intraday,USO,LONG,9,124.17,entry (LONG),+0.0000
2026-03-28 03:27:14,intraday,USO,LONG,9,124.17,entry (LONG),+0.0000
2026-03-28 03:28:19,intraday,USO,LONG,9,124.17,entry (LONG),+0.0000
2026-03-28 03:29:23,intraday,USO,LONG,9,124.17,entry (LONG),+0.0000
2026-03-28 03:30:28,intraday,USO,LONG,9,124.17,entry (LONG),+0.0000
2026-03-28 03:31:01,swing,USO,SHORT,9,124.20,entry (SHORT),+0.0000
2026-03-28 03:31:33,intraday,USO,LONG,9,124.17,entry (LONG),+0.0000
2026-03-28 03:32:38,intraday,USO,LONG,9,124.17,entry (LONG),+0.0000
2026-03-28 03:33:42,intraday,USO,LONG,9,124.17,entry (LONG),+0.0000
2026-03-28 03:34:47,intraday,USO,LONG,9,124.17,entry (LONG),+0.0000
2026-03-28 03:35:52,intraday,USO,LONG,9,124.17,entry (LONG),+0.0000
2026-03-28 03:36:19,swing,USO,SHORT,9,124.20,entry (SHORT),+0.0000
2026-03-28 03:36:56,intraday,USO,LONG,9,124.17,entry (LONG),+0.0000
2026-03-28 03:38:01,intraday,USO,LONG,9,124.17,entry (LONG),+0.0000
2026-03-28 03:39:06,intraday,USO,LONG,9,124.17,entry (LONG),+0.0000
2026-03-28 03:40:10,intraday,USO,LONG,9,124.17,entry (LONG),+0.0000
2026-03-28 03:41:15,intraday,USO,LONG,9,124.17,entry (LONG),+0.0000
2026-03-28 03:41:38,swing,USO,SHORT,9,124.20,entry (SHORT),+0.0000
2026-03-28 03:42:20,intraday,USO,LONG,9,124.17,entry (LONG),+0.0000
2026-03-28 03:43:25,intraday,USO,LONG,9,124.17,entry (LONG),+0.0000
2026-03-28 03:44:29,intraday,USO,LONG,9,124.17,entry (LONG),+0.0000
2026-03-28 03:45:33,intraday,USO,LONG,9,124.17,entry (LONG),+0.0000
2026-03-28 03:46:38,intraday,USO,LONG,9,124.17,entry (LONG),+0.0000
2026-03-28 03:46:55,swing,USO,SHORT,9,124.20,entry (SHORT),+0.0000
2026-03-28 03:47:43,intraday,USO,LONG,9,124.17,entry (LONG),+0.0000
2026-03-28 03:48:47,intraday,USO,LONG,9,124.17,entry (LONG),+0.0000
2026-03-28 03:49:52,intraday,USO,LONG,9,124.17,entry (LONG),+0.0000
2026-03-28 03:50:55,crypto_intraday,ONDO/USD,SHORT,11190.547458,0.26,"max_hold_expired (48 bars = 4.0h, PnL=-0.89%)",-0.0089
2026-03-28 03:50:56,intraday,USO,LONG,9,124.17,entry (LONG),+0.0000
2026-03-28 03:52:01,intraday,USO,LONG,9,124.17,entry (LONG),+0.0000
2026-03-28 03:52:16,swing,USO,SHORT,9,124.20,entry (SHORT),+0.0000
2026-03-28 03:53:06,intraday,USO,LONG,9,124.17,entry (LONG),+0.0000
2026-03-28 03:53:19,crypto_intraday,QNT/USD,LONG,41.224398,70.92,entry (LONG),+0.0000
2026-03-28 03:54:10,intraday,USO,LONG,9,124.17,entry (LONG),+0.0000
2026-03-28 03:55:15,intraday,USO,LONG,9,124.17,entry (LONG),+0.0000
2026-03-28 03:56:20,intraday,USO,LONG,9,124.17,entry (LONG),+0.0000
2026-03-28 03:57:26,intraday,USO,LONG,9,124.17,entry (LONG),+0.0000
2026-03-28 03:57:33,swing,USO,SHORT,9,124.20,entry (SHORT),+0.0000
2026-03-28 03:58:30,intraday,USO,LONG,9,124.17,entry (LONG),+0.0000
2026-03-28 03:59:35,intraday,USO,LONG,9,124.17,entry (LONG),+0.0000
2026-03-28 03:59:53,crypto_intraday,SEI/USD,SHORT,62414.449337,0.05,"signal_reversal_post_horizon (E[r]=+0.0051, bars=12, PnL=+0.10%)",+0.0010
2026-03-28 04:00:40,intraday,USO,LONG,9,124.17,entry (LONG),+0.0000
2026-03-28 04:01:49,intraday,USO,LONG,9,124.17,entry (LONG),+0.0000
2026-03-28 04:02:52,swing,USO,SHORT,9,124.20,entry (SHORT),+0.0000
2026-03-28 04:02:54,intraday,USO,LONG,9,124.17,entry (LONG),+0.0000
2026-03-28 04:03:06,crypto_intraday,ONDO/USD,SHORT,11001.888103,0.27,entry (SHORT),+0.0000
2026-03-28 04:03:58,intraday,USO,LONG,9,124.17,entry (LONG),+0.0000
2026-03-28 04:05:03,intraday,USO,LONG,9,124.17,entry (LONG),+0.0000
2026-03-28 04:06:08,intraday,USO,LONG,9,124.17,entry (LONG),+0.0000
2026-03-28 04:07:13,intraday,USO,LONG,9,124.17,entry (LONG),+0.0000
2026-03-28 04:08:10,swing,USO,SHORT,9,124.20,entry (SHORT),+0.0000
2026-03-28 04:08:18,intraday,USO,LONG,9,124.17,entry (LONG),+0.0000
2026-03-28 04:09:22,intraday,USO,LONG,9,124.17,entry (LONG),+0.0000
2026-03-28 04:10:27,intraday,USO,LONG,9,124.17,entry (LONG),+0.0000
2026-03-28 04:11:31,intraday,USO,LONG,9,124.17,entry (LONG),+0.0000
2026-03-28 04:12:36,intraday,USO,LONG,9,124.17,entry (LONG),+0.0000
2026-03-28 04:13:30,swing,USO,SHORT,9,124.20,entry (SHORT),+0.0000
2026-03-28 04:13:41,intraday,USO,LONG,9,124.17,entry (LONG),+0.0000
2026-03-28 04:14:45,intraday,USO,LONG,9,124.17,entry (LONG),+0.0000
2026-03-28 04:15:50,intraday,USO,LONG,9,124.17,entry (LONG),+0.0000
2026-03-28 04:16:54,intraday,USO,LONG,9,124.17,entry (LONG),+0.0000
2026-03-28 04:17:59,intraday,USO,LONG,9,124.17,entry (LONG),+0.0000
2026-03-28 04:18:47,swing,USO,SHORT,9,124.20,entry (SHORT),+0.0000
2026-03-28 04:19:04,intraday,USO,LONG,9,124.17,entry (LONG),+0.0000
2026-03-28 04:20:28,intraday,USO,LONG,9,124.17,entry (LONG),+0.0000
2026-03-28 04:21:33,intraday,USO,LONG,9,124.17,entry (LONG),+0.0000
2026-03-28 04:22:38,intraday,USO,LONG,9,124.17,entry (LONG),+0.0000
2026-03-28 04:23:42,intraday,USO,LONG,9,124.17,entry (LONG),+0.0000
2026-03-28 04:24:04,swing,USO,SHORT,9,124.20,entry (SHORT),+0.0000
2026-03-28 04:24:47,intraday,USO,LONG,9,124.17,entry (LONG),+0.0000
2026-03-28 04:25:52,intraday,USO,LONG,9,124.17,entry (LONG),+0.0000
2026-03-28 04:26:57,intraday,USO,LONG,9,124.17,entry (LONG),+0.0000
2026-03-28 04:28:01,intraday,USO,LONG,9,124.17,entry (LONG),+0.0000
2026-03-28 04:29:07,intraday,USO,LONG,9,124.17,entry (LONG),+0.0000
2026-03-28 04:29:22,swing,USO,SHORT,9,124.20,entry (SHORT),+0.0000
2026-03-28 04:30:12,intraday,USO,LONG,9,124.17,entry (LONG),+0.0000
2026-03-28 04:31:16,intraday,USO,LONG,9,124.17,entry (LONG),+0.0000
2026-03-28 04:32:21,intraday,USO,LONG,9,124.17,entry (LONG),+0.0000
2026-03-28 04:33:26,intraday,USO,LONG,9,124.17,entry (LONG),+0.0000
2026-03-28 04:34:31,intraday,USO,LONG,9,124.17,entry (LONG),+0.0000
2026-03-28 04:34:39,swing,USO,SHORT,9,124.20,entry (SHORT),+0.0000
2026-03-28 04:35:37,intraday,USO,LONG,9,124.17,entry (LONG),+0.0000
2026-03-28 04:36:12,crypto_intraday,FET/USD,LONG,12364.66994,0.23,"signal_reversal_post_horizon (E[r]=-0.0103, bars=12, PnL=-0.35%)",-0.0035
2026-03-28 04:36:42,intraday,USO,LONG,9,124.17,entry (LONG),+0.0000
2026-03-28 04:37:47,intraday,USO,LONG,9,124.17,entry (LONG),+0.0000
2026-03-28 04:38:52,intraday,USO,LONG,9,124.17,entry (LONG),+0.0000
2026-03-28 04:39:56,intraday,USO,LONG,9,124.17,entry (LONG),+0.0000
2026-03-28 04:39:57,swing,USO,SHORT,9,124.20,entry (SHORT),+0.0000
2026-03-28 04:41:01,intraday,USO,LONG,9,124.17,entry (LONG),+0.0000
2026-03-28 04:42:02,crypto_intraday,FIL/USD,SHORT,3558.522076,0.82,entry (SHORT),+0.0000
2026-03-28 04:42:06,intraday,USO,LONG,9,124.17,entry (LONG),+0.0000
2026-03-28 04:43:11,intraday,USO,LONG,9,124.17,entry (LONG),+0.0000
2026-03-28 04:44:16,intraday,USO,LONG,9,124.17,entry (LONG),+0.0000
2026-03-28 04:45:14,swing,USO,SHORT,9,124.20,entry (SHORT),+0.0000
2026-03-28 04:45:20,intraday,USO,LONG,9,124.17,entry (LONG),+0.0000
2026-03-28 04:46:25,intraday,USO,LONG,9,124.17,entry (LONG),+0.0000
2026-03-28 04:47:30,intraday,USO,LONG,9,124.17,entry (LONG),+0.0000
2026-03-28 04:47:58,crypto_intraday,QNT/USD,LONG,41.224398,71.09,"profit_lock_trail (0.68% from peak, PnL=+0.08%, trail=0.30%)",+0.0008
2026-03-28 04:48:35,intraday,USO,LONG,9,124.17,entry (LONG),+0.0000
2026-03-28 04:49:40,intraday,USO,LONG,9,124.17,entry (LONG),+0.0000
2026-03-28 04:50:31,swing,USO,SHORT,9,124.20,entry (SHORT),+0.0000
2026-03-28 04:50:45,intraday,USO,LONG,9,124.17,entry (LONG),+0.0000
2026-03-28 04:51:16,crypto_intraday,FET/USD,SHORT,12452.902164,0.23,entry (SHORT),+0.0000
2026-03-28 04:51:50,intraday,USO,LONG,9,124.17,entry (LONG),+0.0000
2026-03-28 04:52:55,intraday,USO,LONG,9,124.17,entry (LONG),+0.0000
2026-03-28 04:54:00,intraday,USO,LONG,9,124.17,entry (LONG),+0.0000
2026-03-28 04:55:04,intraday,USO,LONG,9,124.17,entry (LONG),+0.0000
2026-03-28 04:55:53,swing,USO,SHORT,9,124.20,entry (SHORT),+0.0000
2026-03-28 04:56:09,intraday,USO,LONG,9,124.17,entry (LONG),+0.0000
2026-03-28 04:57:14,intraday,USO,LONG,9,124.17,entry (LONG),+0.0000
2026-03-28 04:58:18,intraday,USO,LONG,9,124.17,entry (LONG),+0.0000
2026-03-28 04:59:23,intraday,USO,LONG,9,124.17,entry (LONG),+0.0000
2026-03-28 05:00:28,intraday,USO,LONG,9,124.17,entry (LONG),+0.0000
2026-03-28 05:01:11,swing,USO,SHORT,9,124.20,entry (SHORT),+0.0000
2026-03-28 05:01:33,intraday,USO,LONG,9,124.17,entry (LONG),+0.0000
2026-03-28 05:02:40,intraday,USO,LONG,9,124.17,entry (LONG),+0.0000
2026-03-28 05:03:47,intraday,USO,LONG,9,124.17,entry (LONG),+0.0000
2026-03-28 05:04:52,intraday,USO,LONG,9,124.17,entry (LONG),+0.0000
2026-03-28 05:05:57,intraday,USO,LONG,9,124.17,entry (LONG),+0.0000
2026-03-28 05:06:28,swing,USO,SHORT,9,124.20,entry (SHORT),+0.0000
2026-03-28 05:07:01,intraday,USO,LONG,9,124.17,entry (LONG),+0.0000
2026-03-28 05:08:06,intraday,USO,LONG,9,124.17,entry (LONG),+0.0000
2026-03-28 05:09:10,intraday,USO,LONG,9,124.17,entry (LONG),+0.0000
2026-03-28 05:10:15,intraday,USO,LONG,9,124.17,entry (LONG),+0.0000
2026-03-28 05:11:20,intraday,USO,LONG,9,124.17,entry (LONG),+0.0000
2026-03-28 05:11:45,swing,USO,SHORT,9,124.20,entry (SHORT),+0.0000
2026-03-28 05:12:24,intraday,USO,LONG,9,124.17,entry (LONG),+0.0000
2026-03-28 05:13:29,intraday,USO,LONG,9,124.17,entry (LONG),+0.0000
2026-03-28 05:14:35,intraday,USO,LONG,9,124.17,entry (LONG),+0.0000
2026-03-28 05:15:40,intraday,USO,LONG,9,124.17,entry (LONG),+0.0000
2026-03-28 05:16:45,intraday,USO,LONG,9,124.17,entry (LONG),+0.0000
2026-03-28 05:17:02,swing,USO,SHORT,9,124.20,entry (SHORT),+0.0000
2026-03-28 05:17:50,intraday,USO,LONG,9,124.17,entry (LONG),+0.0000
2026-03-28 05:18:56,intraday,USO,LONG,9,124.17,entry (LONG),+0.0000
2026-03-28 05:20:01,intraday,USO,LONG,9,124.17,entry (LONG),+0.0000
2026-03-28 05:21:31,intraday,USO,LONG,9,124.17,entry (LONG),+0.0000
2026-03-28 05:22:19,swing,USO,SHORT,9,124.20,entry (SHORT),+0.0000
2026-03-28 05:22:35,intraday,USO,LONG,9,124.17,entry (LONG),+0.0000
2026-03-28 05:23:40,intraday,USO,LONG,9,124.17,entry (LONG),+0.0000
2026-03-28 05:24:44,intraday,USO,LONG,9,124.17,entry (LONG),+0.0000
2026-03-28 05:25:49,intraday,USO,LONG,9,124.17,entry (LONG),+0.0000
2026-03-28 05:26:53,intraday,USO,LONG,9,124.17,entry (LONG),+0.0000
2026-03-28 05:27:36,swing,USO,SHORT,9,124.20,entry (SHORT),+0.0000
2026-03-28 05:27:58,intraday,USO,LONG,9,124.17,entry (LONG),+0.0000
2026-03-28 05:29:04,intraday,USO,LONG,9,124.17,entry (LONG),+0.0000
2026-03-28 05:30:09,intraday,USO,LONG,9,124.17,entry (LONG),+0.0000
2026-03-28 05:31:14,intraday,USO,LONG,9,124.17,entry (LONG),+0.0000
2026-03-28 05:32:19,intraday,USO,LONG,9,124.17,entry (LONG),+0.0000
2026-03-28 05:32:55,swing,USO,SHORT,9,124.20,entry (SHORT),+0.0000
2026-03-28 05:33:26,intraday,USO,LONG,9,124.17,entry (LONG),+0.0000
2026-03-28 05:34:31,intraday,USO,LONG,9,124.17,entry (LONG),+0.0000
2026-03-28 05:35:37,intraday,USO,LONG,9,124.17,entry (LONG),+0.0000
2026-03-28 05:36:42,intraday,USO,LONG,9,124.17,entry (LONG),+0.0000
2026-03-28 05:37:49,intraday,USO,LONG,9,124.17,entry (LONG),+0.0000
2026-03-28 05:38:14,swing,USO,SHORT,9,124.20,entry (SHORT),+0.0000
2026-03-28 05:38:54,intraday,USO,LONG,9,124.17,entry (LONG),+0.0000
2026-03-28 05:39:58,intraday,USO,LONG,9,124.17,entry (LONG),+0.0000
2026-03-28 05:41:03,intraday,USO,LONG,9,124.17,entry (LONG),+0.0000
2026-03-28 05:42:08,intraday,USO,LONG,9,124.17,entry (LONG),+0.0000
2026-03-28 05:43:12,intraday,USO,LONG,9,124.17,entry (LONG),+0.0000
2026-03-28 05:43:32,swing,USO,SHORT,9,124.20,entry (SHORT),+0.0000
2026-03-28 05:44:17,intraday,USO,LONG,9,124.17,entry (LONG),+0.0000
2026-03-28 05:45:22,intraday,USO,LONG,9,124.17,entry (LONG),+0.0000
2026-03-28 05:46:26,intraday,USO,LONG,9,124.17,entry (LONG),+0.0000
2026-03-28 05:47:31,intraday,USO,LONG,9,124.17,entry (LONG),+0.0000
2026-03-28 05:48:36,intraday,USO,LONG,9,124.17,entry (LONG),+0.0000
2026-03-28 05:48:48,swing,USO,SHORT,9,124.20,entry (SHORT),+0.0000
2026-03-28 05:49:40,intraday,USO,LONG,9,124.17,entry (LONG),+0.0000
2026-03-28 05:50:45,intraday,USO,LONG,9,124.17,entry (LONG),+0.0000
2026-03-28 05:51:50,intraday,USO,LONG,9,124.17,entry (LONG),+0.0000
2026-03-28 05:52:55,intraday,USO,LONG,9,124.17,entry (LONG),+0.0000
2026-03-28 05:53:01,crypto_intraday,FET/USD,SHORT,12452.902164,0.24,disaster_stop (-2.30% <= -2.25%),-0.0230
2026-03-28 05:54:02,intraday,USO,LONG,9,124.17,entry (LONG),+0.0000
2026-03-28 05:54:19,swing,USO,SHORT,9,124.20,entry (SHORT),+0.0000
2026-03-28 05:55:07,intraday,USO,LONG,9,124.17,entry (LONG),+0.0000
2026-03-28 05:56:12,intraday,USO,LONG,9,124.17,entry (LONG),+0.0000
2026-03-28 05:56:24,crypto_intraday,NEAR/USD,LONG,2505.046504,1.17,entry (LONG),+0.0000
2026-03-28 05:57:17,intraday,USO,LONG,9,124.17,entry (LONG),+0.0000
2026-03-28 05:58:22,intraday,USO,LONG,9,124.17,entry (LONG),+0.0000
2026-03-28 05:59:27,intraday,USO,LONG,9,124.17,entry (LONG),+0.0000
2026-03-28 05:59:37,swing,USO,SHORT,9,124.20,entry (SHORT),+0.0000
2026-03-28 06:00:33,intraday,USO,LONG,9,124.17,entry (LONG),+0.0000
2026-03-28 06:01:39,intraday,USO,LONG,9,124.17,entry (LONG),+0.0000
2026-03-28 06:02:44,intraday,USO,LONG,9,124.17,entry (LONG),+0.0000
2026-03-28 06:03:49,intraday,USO,LONG,9,124.17,entry (LONG),+0.0000
2026-03-28 06:04:54,intraday,USO,LONG,9,124.17,entry (LONG),+0.0000
2026-03-28 06:04:54,swing,USO,SHORT,9,124.20,entry (SHORT),+0.0000
2026-03-28 06:05:58,intraday,USO,LONG,9,124.17,entry (LONG),+0.0000
2026-03-28 06:07:03,intraday,USO,LONG,9,124.17,entry (LONG),+0.0000
2026-03-28 06:08:08,intraday,USO,LONG,9,124.17,entry (LONG),+0.0000
2026-03-28 06:09:13,intraday,USO,LONG,9,124.17,entry (LONG),+0.0000
2026-03-28 06:10:13,swing,USO,SHORT,9,124.20,entry (SHORT),+0.0000
2026-03-28 06:10:18,intraday,USO,LONG,9,124.17,entry (LONG),+0.0000
2026-03-28 06:11:01,crypto_intraday,FIL/USD,SHORT,3558.522076,0.82,"signal_reversal_post_horizon (E[r]=+0.0005, bars=14, PnL=-0.05%)",-0.0005
2026-03-28 06:11:23,intraday,USO,LONG,9,124.17,entry (LONG),+0.0000
2026-03-28 06:12:30,intraday,USO,LONG,9,124.17,entry (LONG),+0.0000
2026-03-28 06:13:35,intraday,USO,LONG,9,124.17,entry (LONG),+0.0000
2026-03-28 06:14:04,crypto_intraday,LPT/USD,LONG,1864.014185,2.09,entry (LONG),+0.0000
2026-03-28 06:14:41,intraday,USO,LONG,9,124.17,entry (LONG),+0.0000
2026-03-28 06:15:37,swing,USO,SHORT,9,124.20,entry (SHORT),+0.0000
2026-03-28 06:15:47,intraday,USO,LONG,9,124.17,entry (LONG),+0.0000
2026-03-28 06:16:52,intraday,USO,LONG,9,124.17,entry (LONG),+0.0000
2026-03-28 06:17:57,intraday,USO,LONG,9,124.17,entry (LONG),+0.0000
2026-03-28 06:19:02,intraday,USO,LONG,9,124.17,entry (LONG),+0.0000
2026-03-28 06:20:07,intraday,USO,LONG,9,124.17,entry (LONG),+0.0000
2026-03-28 06:20:54,swing,USO,SHORT,9,124.20,entry (SHORT),+0.0000
2026-03-28 06:21:41,intraday,USO,LONG,9,124.17,entry (LONG),+0.0000
2026-03-28 06:22:46,intraday,USO,LONG,9,124.17,entry (LONG),+0.0000
2026-03-28 06:23:51,intraday,USO,LONG,9,124.17,entry (LONG),+0.0000
2026-03-28 06:24:55,intraday,USO,LONG,9,124.17,entry (LONG),+0.0000
2026-03-28 06:26:03,intraday,USO,LONG,9,124.17,entry (LONG),+0.0000
2026-03-28 06:26:12,swing,USO,SHORT,9,124.20,entry (SHORT),+0.0000
2026-03-28 06:27:07,intraday,USO,LONG,9,124.17,entry (LONG),+0.0000
2026-03-28 06:28:12,intraday,USO,LONG,9,124.17,entry (LONG),+0.0000
2026-03-28 06:29:17,intraday,USO,LONG,9,124.17,entry (LONG),+0.0000
2026-03-28 06:30:22,intraday,USO,LONG,9,124.17,entry (LONG),+0.0000
2026-03-28 06:31:27,intraday,USO,LONG,9,124.17,entry (LONG),+0.0000
2026-03-28 06:31:33,swing,USO,SHORT,9,124.20,entry (SHORT),+0.0000
2026-03-28 06:32:31,intraday,USO,LONG,9,124.17,entry (LONG),+0.0000
2026-03-28 06:33:36,intraday,USO,LONG,9,124.17,entry (LONG),+0.0000
2026-03-28 06:34:41,intraday,USO,LONG,9,124.17,entry (LONG),+0.0000
2026-03-28 06:35:45,intraday,USO,LONG,9,124.17,entry (LONG),+0.0000
2026-03-28 06:36:50,intraday,USO,LONG,9,124.17,entry (LONG),+0.0000
2026-03-28 06:36:51,swing,USO,SHORT,9,124.20,entry (SHORT),+0.0000
2026-03-28 06:37:55,intraday,USO,LONG,9,124.17,entry (LONG),+0.0000
2026-03-28 06:39:00,intraday,USO,LONG,9,124.17,entry (LONG),+0.0000
2026-03-28 06:40:05,intraday,USO,LONG,9,124.17,entry (LONG),+0.0000
2026-03-28 06:41:10,intraday,USO,LONG,9,124.17,entry (LONG),+0.0000
2026-03-28 06:41:46,crypto_intraday,ONDO/USD,SHORT,11001.888103,0.27,disaster_stop (-3.08% <= -2.25%),-0.0308
2026-03-28 06:42:08,swing,USO,SHORT,9,124.20,entry (SHORT),+0.0000
2026-03-28 06:42:15,intraday,USO,LONG,9,124.17,entry (LONG),+0.0000
2026-03-28 06:43:20,intraday,USO,LONG,9,124.17,entry (LONG),+0.0000
2026-03-28 06:44:25,intraday,USO,LONG,9,124.17,entry (LONG),+0.0000
2026-03-28 06:44:36,crypto_intraday,SEI/USD,SHORT,53156.806556,0.05,entry (SHORT),+0.0000
2026-03-28 06:45:29,intraday,USO,LONG,9,124.17,entry (LONG),+0.0000
2026-03-28 06:46:35,intraday,USO,LONG,9,124.17,entry (LONG),+0.0000
2026-03-28 06:47:26,swing,USO,SHORT,9,124.20,entry (SHORT),+0.0000
2026-03-28 06:47:40,intraday,USO,LONG,9,124.17,entry (LONG),+0.0000
2026-03-28 06:48:45,intraday,USO,LONG,9,124.17,entry (LONG),+0.0000
2026-03-28 06:49:50,intraday,USO,LONG,9,124.17,entry (LONG),+0.0000
2026-03-28 06:50:54,intraday,USO,LONG,9,124.17,entry (LONG),+0.0000
2026-03-28 06:51:59,intraday,USO,LONG,9,124.17,entry (LONG),+0.0000
2026-03-28 06:52:48,swing,USO,SHORT,9,124.20,entry (SHORT),+0.0000
2026-03-28 06:53:04,intraday,USO,LONG,9,124.17,entry (LONG),+0.0000
2026-03-28 06:54:09,intraday,USO,LONG,9,124.17,entry (LONG),+0.0000
2026-03-28 06:55:14,intraday,USO,LONG,9,124.17,entry (LONG),+0.0000
2026-03-28 06:56:19,intraday,USO,LONG,9,124.17,entry (LONG),+0.0000
2026-03-28 06:57:26,intraday,USO,LONG,9,124.17,entry (LONG),+0.0000
2026-03-28 06:58:11,swing,USO,SHORT,9,124.20,entry (SHORT),+0.0000
2026-03-28 06:58:32,intraday,USO,LONG,9,124.17,entry (LONG),+0.0000
2026-03-28 06:59:38,intraday,USO,LONG,9,124.17,entry (LONG),+0.0000
2026-03-28 06:59:41,crypto_intraday,LPT/USD,LONG,1864.014185,2.10,"profit_lock_trail (0.94% from peak, PnL=+0.67%, trail=0.30%)",+0.0067
2026-03-28 07:00:14,crypto_intraday,NEAR/USD,LONG,2505.046504,1.18,"profit_lock_trail (0.59% from peak, PnL=+1.15%, trail=0.30%)",+0.0115
2026-03-28 07:00:42,intraday,USO,LONG,9,124.17,entry (LONG),+0.0000
2026-03-28 07:01:47,intraday,USO,LONG,9,124.17,entry (LONG),+0.0000
2026-03-28 07:02:49,crypto_intraday,FET/USD,LONG,5805.616435,0.25,entry (LONG),+0.0000
2026-03-28 07:02:52,intraday,USO,LONG,9,124.17,entry (LONG),+0.0000
2026-03-28 07:03:34,swing,USO,SHORT,9,124.20,entry (SHORT),+0.0000
2026-03-28 07:03:56,intraday,USO,LONG,9,124.17,entry (LONG),+0.0000
2026-03-28 07:05:01,intraday,USO,LONG,9,124.17,entry (LONG),+0.0000
2026-03-28 07:05:34,crypto_intraday,QNT/USD,SHORT,40.885801,71.34,entry (SHORT),+0.0000
2026-03-28 07:06:06,intraday,USO,LONG,9,124.17,entry (LONG),+0.0000
2026-03-28 07:07:11,intraday,USO,LONG,9,124.17,entry (LONG),+0.0000
2026-03-28 07:08:15,intraday,USO,LONG,9,124.17,entry (LONG),+0.0000
2026-03-28 07:08:51,swing,USO,SHORT,9,124.20,entry (SHORT),+0.0000
2026-03-28 07:09:20,intraday,USO,LONG,9,124.17,entry (LONG),+0.0000
2026-03-28 07:10:25,intraday,USO,LONG,9,124.17,entry (LONG),+0.0000
2026-03-28 07:11:29,intraday,USO,LONG,9,124.17,entry (LONG),+0.0000
2026-03-28 07:12:34,intraday,USO,LONG,9,124.17,entry (LONG),+0.0000
2026-03-28 07:13:39,intraday,USO,LONG,9,124.17,entry (LONG),+0.0000
2026-03-28 07:14:11,swing,USO,SHORT,9,124.20,entry (SHORT),+0.0000
2026-03-28 07:14:44,intraday,USO,LONG,9,124.17,entry (LONG),+0.0000
2026-03-28 07:15:48,intraday,USO,LONG,9,124.17,entry (LONG),+0.0000
2026-03-28 07:16:54,intraday,USO,LONG,9,124.17,entry (LONG),+0.0000
2026-03-28 07:17:59,intraday,USO,LONG,9,124.17,entry (LONG),+0.0000
2026-03-28 07:19:04,intraday,USO,LONG,9,124.17,entry (LONG),+0.0000
2026-03-28 07:19:28,swing,USO,SHORT,9,124.20,entry (SHORT),+0.0000
2026-03-28 07:20:09,intraday,USO,LONG,9,124.17,entry (LONG),+0.0000
2026-03-28 07:21:38,intraday,USO,LONG,9,124.17,entry (LONG),+0.0000
2026-03-28 07:22:43,intraday,USO,LONG,9,124.17,entry (LONG),+0.0000
2026-03-28 07:23:48,intraday,USO,LONG,9,124.17,entry (LONG),+0.0000
2026-03-28 07:24:46,swing,USO,SHORT,9,124.20,entry (SHORT),+0.0000
2026-03-28 07:24:52,intraday,USO,LONG,9,124.17,entry (LONG),+0.0000
2026-03-28 07:25:57,intraday,USO,LONG,9,124.17,entry (LONG),+0.0000
2026-03-28 07:27:02,intraday,USO,LONG,9,124.17,entry (LONG),+0.0000
2026-03-28 07:28:07,intraday,USO,LONG,9,124.17,entry (LONG),+0.0000
2026-03-28 07:29:11,intraday,USO,LONG,9,124.17,entry (LONG),+0.0000
2026-03-28 07:30:07,swing,USO,SHORT,9,124.20,entry (SHORT),+0.0000
2026-03-28 07:30:17,intraday,USO,LONG,9,124.17,entry (LONG),+0.0000
2026-03-28 07:31:22,intraday,USO,LONG,9,124.17,entry (LONG),+0.0000
2026-03-28 07:32:27,intraday,USO,LONG,9,124.17,entry (LONG),+0.0000
2026-03-28 07:33:31,intraday,USO,LONG,9,124.17,entry (LONG),+0.0000
2026-03-28 07:34:36,intraday,USO,LONG,9,124.17,entry (LONG),+0.0000
2026-03-28 07:35:26,swing,USO,SHORT,9,124.20,entry (SHORT),+0.0000
2026-03-28 07:35:41,intraday,USO,LONG,9,124.17,entry (LONG),+0.0000
2026-03-28 07:36:28,crypto_intraday,FET/USD,LONG,5805.616435,0.25,"profit_lock_trail (0.63% from peak, PnL=+1.88%, trail=0.30%)",+0.0188
2026-03-28 07:36:47,intraday,USO,LONG,9,124.17,entry (LONG),+0.0000
2026-03-28 07:37:52,intraday,USO,LONG,9,124.17,entry (LONG),+0.0000
2026-03-28 07:38:57,intraday,USO,LONG,9,124.17,entry (LONG),+0.0000
2026-03-28 07:39:28,crypto_intraday,FET/USD,LONG,5746.353231,0.25,entry (LONG),+0.0000
2026-03-28 07:40:02,intraday,USO,LONG,9,124.17,entry (LONG),+0.0000
2026-03-28 07:40:51,swing,USO,SHORT,9,124.20,entry (SHORT),+0.0000
2026-03-28 07:41:07,intraday,USO,LONG,9,124.17,entry (LONG),+0.0000
2026-03-28 07:42:11,intraday,USO,LONG,9,124.17,entry (LONG),+0.0000
2026-03-28 07:43:16,intraday,USO,LONG,9,124.17,entry (LONG),+0.0000
2026-03-28 07:44:21,intraday,USO,LONG,9,124.17,entry (LONG),+0.0000
2026-03-28 07:45:26,intraday,USO,LONG,9,124.17,entry (LONG),+0.0000
2026-03-28 07:46:09,swing,USO,SHORT,9,124.20,entry (SHORT),+0.0000
2026-03-28 07:46:31,intraday,USO,LONG,9,124.17,entry (LONG),+0.0000
2026-03-28 07:47:36,intraday,USO,LONG,9,124.17,entry (LONG),+0.0000
2026-03-28 07:48:40,intraday,USO,LONG,9,124.17,entry (LONG),+0.0000
2026-03-28 07:49:46,intraday,USO,LONG,9,124.17,entry (LONG),+0.0000
2026-03-28 07:50:51,intraday,USO,LONG,9,124.17,entry (LONG),+0.0000
2026-03-28 07:51:28,swing,USO,SHORT,9,124.20,entry (SHORT),+0.0000
2026-03-28 07:51:49,crypto_intraday,FET/USD,LONG,5746.353231,0.26,"profit_lock_trail (0.31% from peak, PnL=+0.94%, trail=0.30%)",+0.0094
2026-03-28 07:51:57,intraday,USO,LONG,9,124.17,entry (LONG),+0.0000
2026-03-28 07:53:02,intraday,USO,LONG,9,124.17,entry (LONG),+0.0000
2026-03-28 07:54:07,intraday,USO,LONG,9,124.17,entry (LONG),+0.0000
2026-03-28 07:54:29,crypto_intraday,ATOM/USD,SHORT,1728.852725,1.69,entry (SHORT),+0.0000
2026-03-28 07:55:12,intraday,USO,LONG,9,124.17,entry (LONG),+0.0000
2026-03-28 07:56:18,intraday,USO,LONG,9,124.17,entry (LONG),+0.0000
2026-03-28 07:56:45,swing,USO,SHORT,9,124.20,entry (SHORT),+0.0000
2026-03-28 07:57:24,intraday,USO,LONG,9,124.17,entry (LONG),+0.0000
2026-03-28 07:58:29,intraday,USO,LONG,9,124.17,entry (LONG),+0.0000
2026-03-28 07:59:34,intraday,USO,LONG,9,124.17,entry (LONG),+0.0000
2026-03-28 08:00:38,intraday,USO,LONG,9,124.17,entry (LONG),+0.0000
2026-03-28 08:01:06,crypto_intraday,SEI/USD,SHORT,53156.806556,0.05,"profit_lock+signal_decay (armed, E[r]=+0.0009, PnL=+1.06%)",+0.0106
2026-03-28 08:01:43,intraday,USO,LONG,9,124.17,entry (LONG),+0.0000
2026-03-28 08:02:02,swing,USO,SHORT,9,124.20,entry (SHORT),+0.0000
2026-03-28 08:02:48,intraday,USO,LONG,9,124.17,entry (LONG),+0.0000
2026-03-28 08:03:53,intraday,USO,LONG,9,124.17,entry (LONG),+0.0000
2026-03-28 08:04:58,intraday,USO,LONG,9,124.17,entry (LONG),+0.0000
2026-03-28 08:06:02,intraday,USO,LONG,9,124.17,entry (LONG),+0.0000
2026-03-28 08:07:07,intraday,USO,LONG,9,124.17,entry (LONG),+0.0000
2026-03-28 08:07:20,swing,USO,SHORT,9,124.20,entry (SHORT),+0.0000
2026-03-28 08:08:12,intraday,USO,LONG,9,124.17,entry (LONG),+0.0000
2026-03-28 08:09:18,intraday,USO,LONG,9,124.17,entry (LONG),+0.0000
2026-03-28 08:10:23,intraday,USO,LONG,9,124.17,entry (LONG),+0.0000
2026-03-28 08:11:28,intraday,USO,LONG,9,124.17,entry (LONG),+0.0000
2026-03-28 08:12:33,intraday,USO,LONG,9,124.17,entry (LONG),+0.0000
2026-03-28 08:12:38,swing,USO,SHORT,9,124.20,entry (SHORT),+0.0000
2026-03-28 08:13:37,intraday,USO,LONG,9,124.17,entry (LONG),+0.0000
2026-03-28 08:14:42,intraday,USO,LONG,9,124.17,entry (LONG),+0.0000
2026-03-28 08:15:47,intraday,USO,LONG,9,124.17,entry (LONG),+0.0000
2026-03-28 08:16:51,intraday,USO,LONG,9,124.17,entry (LONG),+0.0000
2026-03-28 08:17:57,intraday,USO,LONG,9,124.17,entry (LONG),+0.0000
2026-03-28 08:17:58,swing,USO,SHORT,9,124.20,entry (SHORT),+0.0000
2026-03-28 08:19:02,intraday,USO,LONG,9,124.17,entry (LONG),+0.0000
2026-03-28 08:20:07,intraday,USO,LONG,9,124.17,entry (LONG),+0.0000
2026-03-28 08:21:12,intraday,USO,LONG,9,124.17,entry (LONG),+0.0000
2026-03-28 08:21:37,crypto_intraday,LPT/USD,SHORT,1389.060817,2.10,entry (SHORT),+0.0000
2026-03-28 08:22:44,intraday,USO,LONG,9,124.17,entry (LONG),+0.0000
2026-03-28 08:23:19,swing,USO,SHORT,9,124.20,entry (SHORT),+0.0000
2026-03-28 08:23:49,intraday,USO,LONG,9,124.17,entry (LONG),+0.0000
2026-03-28 08:24:38,crypto_intraday,QNT/USD,SHORT,40.885801,71.35,"signal_reversal_post_horizon (E[r]=+0.0001, bars=13, PnL=-0.51%)",-0.0051
2026-03-28 08:24:55,intraday,USO,LONG,9,124.17,entry (LONG),+0.0000
2026-03-28 08:26:00,intraday,USO,LONG,9,124.17,entry (LONG),+0.0000
2026-03-28 08:27:05,intraday,USO,LONG,9,124.17,entry (LONG),+0.0000
2026-03-28 08:28:10,intraday,USO,LONG,9,124.17,entry (LONG),+0.0000
2026-03-28 08:28:38,swing,USO,SHORT,9,124.20,entry (SHORT),+0.0000
2026-03-28 08:29:16,intraday,USO,LONG,9,124.17,entry (LONG),+0.0000
2026-03-28 08:30:21,intraday,USO,LONG,9,124.17,entry (LONG),+0.0000
2026-03-28 08:31:26,intraday,USO,LONG,9,124.17,entry (LONG),+0.0000
2026-03-28 08:32:31,intraday,USO,LONG,9,124.17,entry (LONG),+0.0000
2026-03-28 08:33:36,intraday,USO,LONG,9,124.17,entry (LONG),+0.0000
2026-03-28 08:33:58,swing,USO,SHORT,9,124.20,entry (SHORT),+0.0000
2026-03-28 08:34:02,crypto_intraday,SEI/USD,LONG,53254.741158,0.05,entry (LONG),+0.0000
2026-03-28 08:34:41,intraday,USO,LONG,9,124.17,entry (LONG),+0.0000
2026-03-28 08:35:46,intraday,USO,LONG,9,124.17,entry (LONG),+0.0000
2026-03-28 08:36:50,intraday,USO,LONG,9,124.17,entry (LONG),+0.0000
2026-03-28 08:37:55,intraday,USO,LONG,9,124.17,entry (LONG),+0.0000
2026-03-28 08:39:01,intraday,USO,LONG,9,124.17,entry (LONG),+0.0000
2026-03-28 08:39:19,swing,USO,SHORT,9,124.20,entry (SHORT),+0.0000
2026-03-28 08:40:05,intraday,USO,LONG,9,124.17,entry (LONG),+0.0000
2026-03-28 08:41:10,intraday,USO,LONG,9,124.17,entry (LONG),+0.0000
2026-03-28 08:42:15,intraday,USO,LONG,9,124.17,entry (LONG),+0.0000
2026-03-28 08:43:20,intraday,USO,LONG,9,124.17,entry (LONG),+0.0000
2026-03-28 08:44:25,intraday,USO,LONG,9,124.17,entry (LONG),+0.0000
2026-03-28 08:44:36,swing,USO,SHORT,9,124.20,entry (SHORT),+0.0000
2026-03-28 08:45:29,intraday,USO,LONG,9,124.17,entry (LONG),+0.0000
2026-03-28 08:46:36,intraday,USO,LONG,9,124.17,entry (LONG),+0.0000
2026-03-28 08:47:41,intraday,USO,LONG,9,124.17,entry (LONG),+0.0000
2026-03-28 08:48:46,intraday,USO,LONG,9,124.17,entry (LONG),+0.0000
2026-03-28 08:49:51,intraday,USO,LONG,9,124.17,entry (LONG),+0.0000
2026-03-28 08:49:54,swing,USO,SHORT,9,124.20,entry (SHORT),+0.0000
2026-03-28 08:50:56,intraday,USO,LONG,9,124.17,entry (LONG),+0.0000
2026-03-28 08:52:01,intraday,USO,LONG,9,124.17,entry (LONG),+0.0000
2026-03-28 08:53:05,intraday,USO,LONG,9,124.17,entry (LONG),+0.0000
2026-03-28 08:54:11,intraday,USO,LONG,9,124.17,entry (LONG),+0.0000
2026-03-28 08:55:12,swing,USO,SHORT,9,124.20,entry (SHORT),+0.0000
2026-03-28 08:55:16,intraday,USO,LONG,9,124.17,entry (LONG),+0.0000
2026-03-28 08:56:21,intraday,USO,LONG,9,124.17,entry (LONG),+0.0000
2026-03-28 08:57:26,intraday,USO,LONG,9,124.17,entry (LONG),+0.0000
2026-03-28 08:58:31,intraday,USO,LONG,9,124.17,entry (LONG),+0.0000
2026-03-28 08:59:36,intraday,USO,LONG,9,124.17,entry (LONG),+0.0000
2026-03-28 09:00:30,swing,USO,SHORT,9,124.20,entry (SHORT),+0.0000
2026-03-28 09:05:53,swing,USO,SHORT,9,124.20,entry (SHORT),+0.0000
2026-03-28 09:11:12,swing,USO,SHORT,9,124.20,entry (SHORT),+0.0000
2026-03-28 09:13:51,crypto_intraday,ATOM/USD,SHORT,1728.852725,1.69,"signal_reversal_post_horizon (E[r]=+0.0002, bars=13, PnL=-0.09%)",-0.0009
2026-03-28 09:16:29,swing,USO,SHORT,9,124.20,entry (SHORT),+0.0000
2026-03-28 09:21:48,swing,USO,SHORT,9,124.20,entry (SHORT),+0.0000
2026-03-28 09:27:06,swing,USO,SHORT,9,124.20,entry (SHORT),+0.0000
2026-03-28 09:32:24,swing,USO,SHORT,9,124.20,entry (SHORT),+0.0000
2026-03-28 09:34:41,crypto_intraday,LPT/USD,SHORT,1389.060817,2.10,"profit_lock+signal_decay (armed, E[r]=+0.0063, PnL=+0.71%)",+0.0071
2026-03-28 09:37:43,swing,USO,SHORT,9,124.20,entry (SHORT),+0.0000
2026-03-28 09:43:01,swing,USO,SHORT,9,124.20,entry (SHORT),+0.0000
2026-03-28 09:46:48,crypto_intraday,SEI/USD,LONG,53254.741158,0.05,"signal_reversal_post_horizon (E[r]=-0.0098, bars=12, PnL=+0.15%)",+0.0015
2026-03-28 09:48:19,swing,USO,SHORT,9,124.20,entry (SHORT),+0.0000
2026-03-28 09:53:36,swing,USO,SHORT,9,124.20,entry (SHORT),+0.0000
2026-03-28 09:58:53,swing,USO,SHORT,9,124.20,entry (SHORT),+0.0000
2026-03-28 10:00:42,intraday,USO,LONG,9,124.17,entry (LONG),+0.0000
2026-03-28 10:01:48,intraday,USO,LONG,9,124.17,entry (LONG),+0.0000
2026-03-28 10:02:52,intraday,USO,LONG,9,124.17,entry (LONG),+0.0000
2026-03-28 10:03:57,intraday,USO,LONG,9,124.17,entry (LONG),+0.0000
2026-03-28 10:04:10,swing,USO,SHORT,9,124.20,entry (SHORT),+0.0000
2026-03-28 10:05:05,intraday,USO,LONG,9,124.17,entry (LONG),+0.0000
2026-03-28 10:06:10,intraday,USO,LONG,9,124.17,entry (LONG),+0.0000
2026-03-28 10:07:15,intraday,USO,LONG,9,124.17,entry (LONG),+0.0000
2026-03-28 10:08:19,intraday,USO,LONG,9,124.17,entry (LONG),+0.0000
2026-03-28 10:09:24,intraday,USO,LONG,9,124.17,entry (LONG),+0.0000
2026-03-28 10:09:47,swing,USO,SHORT,9,124.20,entry (SHORT),+0.0000
2026-03-28 10:10:29,intraday,USO,LONG,9,124.17,entry (LONG),+0.0000
2026-03-28 10:11:35,intraday,USO,LONG,9,124.17,entry (LONG),+0.0000
2026-03-28 10:12:39,intraday,USO,LONG,9,124.17,entry (LONG),+0.0000
2026-03-28 10:13:44,intraday,USO,LONG,9,124.17,entry (LONG),+0.0000
2026-03-28 10:14:49,intraday,USO,LONG,9,124.17,entry (LONG),+0.0000
2026-03-28 10:15:04,swing,USO,SHORT,9,124.20,entry (SHORT),+0.0000
2026-03-28 10:15:54,intraday,USO,LONG,9,124.17,entry (LONG),+0.0000
2026-03-28 10:16:59,intraday,USO,LONG,9,124.17,entry (LONG),+0.0000
2026-03-28 10:18:03,intraday,USO,LONG,9,124.17,entry (LONG),+0.0000
2026-03-28 10:19:08,intraday,USO,LONG,9,124.17,entry (LONG),+0.0000
2026-03-28 10:20:13,intraday,USO,LONG,9,124.17,entry (LONG),+0.0000
2026-03-28 10:20:23,swing,USO,SHORT,9,124.20,entry (SHORT),+0.0000
2026-03-28 10:21:18,intraday,USO,LONG,9,124.17,entry (LONG),+0.0000
2026-03-28 10:22:22,intraday,USO,LONG,9,124.17,entry (LONG),+0.0000
2026-03-28 10:23:50,intraday,USO,LONG,9,124.17,entry (LONG),+0.0000
2026-03-28 10:24:55,intraday,USO,LONG,9,124.17,entry (LONG),+0.0000
2026-03-28 10:25:40,swing,USO,SHORT,9,124.20,entry (SHORT),+0.0000
2026-03-28 10:25:59,intraday,USO,LONG,9,124.17,entry (LONG),+0.0000
2026-03-28 10:27:04,intraday,USO,LONG,9,124.17,entry (LONG),+0.0000
2026-03-28 10:28:09,intraday,USO,LONG,9,124.17,entry (LONG),+0.0000
2026-03-28 10:29:14,intraday,USO,LONG,9,124.17,entry (LONG),+0.0000
2026-03-28 10:30:19,intraday,USO,LONG,9,124.17,entry (LONG),+0.0000
2026-03-28 10:30:58,swing,USO,SHORT,9,124.20,entry (SHORT),+0.0000
2026-03-28 10:31:24,intraday,USO,LONG,9,124.17,entry (LONG),+0.0000
2026-03-28 10:32:29,intraday,USO,LONG,9,124.17,entry (LONG),+0.0000
2026-03-28 10:33:34,intraday,USO,LONG,9,124.17,entry (LONG),+0.0000
2026-03-28 10:34:39,intraday,USO,LONG,9,124.17,entry (LONG),+0.0000
2026-03-28 10:35:44,intraday,USO,LONG,9,124.17,entry (LONG),+0.0000
2026-03-28 10:36:15,swing,USO,SHORT,9,124.20,entry (SHORT),+0.0000
2026-03-28 10:36:49,intraday,USO,LONG,9,124.17,entry (LONG),+0.0000
2026-03-28 10:37:54,intraday,USO,LONG,9,124.17,entry (LONG),+0.0000
2026-03-28 10:39:00,intraday,USO,LONG,9,124.17,entry (LONG),+0.0000
2026-03-28 10:40:04,intraday,USO,LONG,9,124.17,entry (LONG),+0.0000
2026-03-28 10:41:09,intraday,USO,LONG,9,124.17,entry (LONG),+0.0000
2026-03-28 10:41:32,swing,USO,SHORT,9,124.20,entry (SHORT),+0.0000
2026-03-28 10:42:14,intraday,USO,LONG,9,124.17,entry (LONG),+0.0000
2026-03-28 10:43:19,intraday,USO,LONG,9,124.17,entry (LONG),+0.0000
2026-03-28 10:44:24,intraday,USO,LONG,9,124.17,entry (LONG),+0.0000
2026-03-28 10:45:29,intraday,USO,LONG,9,124.17,entry (LONG),+0.0000
2026-03-28 10:46:34,intraday,USO,LONG,9,124.17,entry (LONG),+0.0000
2026-03-28 10:46:50,swing,USO,SHORT,9,124.20,entry (SHORT),+0.0000
2026-03-28 10:47:39,intraday,USO,LONG,9,124.17,entry (LONG),+0.0000
2026-03-28 10:48:48,intraday,USO,LONG,9,124.17,entry (LONG),+0.0000
2026-03-28 10:49:53,intraday,USO,LONG,9,124.17,entry (LONG),+0.0000
2026-03-28 10:50:57,intraday,USO,LONG,9,124.17,entry (LONG),+0.0000
2026-03-28 10:52:03,intraday,USO,LONG,9,124.17,entry (LONG),+0.0000
2026-03-28 10:52:11,swing,USO,SHORT,9,124.20,entry (SHORT),+0.0000
2026-03-28 10:53:08,intraday,USO,LONG,9,124.17,entry (LONG),+0.0000
2026-03-28 10:54:13,intraday,USO,LONG,9,124.17,entry (LONG),+0.0000
2026-03-28 10:55:18,intraday,USO,LONG,9,124.17,entry (LONG),+0.0000
2026-03-28 10:56:24,intraday,USO,LONG,9,124.17,entry (LONG),+0.0000
2026-03-28 10:57:30,intraday,USO,LONG,9,124.17,entry (LONG),+0.0000
2026-03-28 10:57:35,swing,USO,SHORT,9,124.20,entry (SHORT),+0.0000
2026-03-28 10:58:35,intraday,USO,LONG,9,124.17,entry (LONG),+0.0000
2026-03-28 10:59:39,intraday,USO,LONG,9,124.17,entry (LONG),+0.0000
2026-03-28 11:00:44,intraday,USO,LONG,9,124.17,entry (LONG),+0.0000
2026-03-28 11:01:49,intraday,USO,LONG,9,124.17,entry (LONG),+0.0000
2026-03-28 11:02:53,swing,USO,SHORT,9,124.20,entry (SHORT),+0.0000
2026-03-28 11:02:55,intraday,USO,LONG,9,124.17,entry (LONG),+0.0000
2026-03-28 11:04:02,intraday,USO,LONG,9,124.17,entry (LONG),+0.0000
2026-03-28 11:05:07,intraday,USO,LONG,9,124.17,entry (LONG),+0.0000
2026-03-28 11:06:11,intraday,USO,LONG,9,124.17,entry (LONG),+0.0000
2026-03-28 11:07:16,intraday,USO,LONG,9,124.17,entry (LONG),+0.0000
2026-03-28 11:08:16,swing,USO,SHORT,9,124.20,entry (SHORT),+0.0000
2026-03-28 11:08:21,intraday,USO,LONG,9,124.17,entry (LONG),+0.0000
2026-03-28 11:09:25,intraday,USO,LONG,9,124.17,entry (LONG),+0.0000
2026-03-28 11:10:31,intraday,USO,LONG,9,124.17,entry (LONG),+0.0000
2026-03-28 11:11:35,intraday,USO,LONG,9,124.17,entry (LONG),+0.0000
2026-03-28 11:12:43,intraday,USO,LONG,9,124.17,entry (LONG),+0.0000
2026-03-28 11:13:34,swing,USO,SHORT,9,124.20,entry (SHORT),+0.0000
2026-03-28 11:13:48,intraday,USO,LONG,9,124.17,entry (LONG),+0.0000
2026-03-28 11:14:52,intraday,USO,LONG,9,124.17,entry (LONG),+0.0000
2026-03-28 11:15:57,intraday,USO,LONG,9,124.17,entry (LONG),+0.0000
2026-03-28 11:17:02,intraday,USO,LONG,9,124.17,entry (LONG),+0.0000
2026-03-28 11:18:07,intraday,USO,LONG,9,124.17,entry (LONG),+0.0000
2026-03-28 11:18:52,swing,USO,SHORT,9,124.20,entry (SHORT),+0.0000
2026-03-28 11:19:12,intraday,USO,LONG,9,124.17,entry (LONG),+0.0000
2026-03-28 11:20:17,intraday,USO,LONG,9,124.17,entry (LONG),+0.0000
2026-03-28 11:21:22,intraday,USO,LONG,9,124.17,entry (LONG),+0.0000
2026-03-28 11:22:28,intraday,USO,LONG,9,124.17,entry (LONG),+0.0000
2026-03-28 11:23:56,intraday,USO,LONG,9,124.17,entry (LONG),+0.0000
2026-03-28 11:24:13,swing,USO,SHORT,9,124.20,entry (SHORT),+0.0000
2026-03-28 11:25:02,intraday,USO,LONG,9,124.17,entry (LONG),+0.0000
2026-03-28 11:26:06,intraday,USO,LONG,9,124.17,entry (LONG),+0.0000
2026-03-28 11:27:11,intraday,USO,LONG,9,124.17,entry (LONG),+0.0000
2026-03-28 11:28:16,intraday,USO,LONG,9,124.17,entry (LONG),+0.0000
2026-03-28 11:29:21,intraday,USO,LONG,9,124.17,entry (LONG),+0.0000
2026-03-28 11:29:34,swing,USO,SHORT,9,124.20,entry (SHORT),+0.0000
2026-03-28 11:30:25,intraday,USO,LONG,9,124.17,entry (LONG),+0.0000
2026-03-28 11:31:30,intraday,USO,LONG,9,124.17,entry (LONG),+0.0000
2026-03-28 11:32:35,intraday,USO,LONG,9,124.17,entry (LONG),+0.0000
2026-03-28 11:33:40,intraday,USO,LONG,9,124.17,entry (LONG),+0.0000
2026-03-28 11:34:45,intraday,USO,LONG,9,124.17,entry (LONG),+0.0000
2026-03-28 11:34:54,swing,USO,SHORT,9,124.20,entry (SHORT),+0.0000
2026-03-28 11:35:50,intraday,USO,LONG,9,124.17,entry (LONG),+0.0000
2026-03-28 11:36:54,intraday,USO,LONG,9,124.17,entry (LONG),+0.0000
2026-03-28 11:37:59,intraday,USO,LONG,9,124.17,entry (LONG),+0.0000
2026-03-28 11:39:04,intraday,USO,LONG,9,124.17,entry (LONG),+0.0000
2026-03-28 11:40:09,intraday,USO,LONG,9,124.17,entry (LONG),+0.0000
2026-03-28 11:40:12,swing,USO,SHORT,9,124.20,entry (SHORT),+0.0000
2026-03-28 11:41:14,intraday,USO,LONG,9,124.17,entry (LONG),+0.0000
2026-03-28 11:42:19,intraday,USO,LONG,9,124.17,entry (LONG),+0.0000
2026-03-28 11:43:24,intraday,USO,LONG,9,124.17,entry (LONG),+0.0000
2026-03-28 11:44:30,intraday,USO,LONG,9,124.17,entry (LONG),+0.0000
2026-03-28 11:45:33,swing,USO,SHORT,9,124.20,entry (SHORT),+0.0000
2026-03-28 11:45:35,intraday,USO,LONG,9,124.17,entry (LONG),+0.0000
2026-03-28 11:46:40,intraday,USO,LONG,9,124.17,entry (LONG),+0.0000
2026-03-28 11:47:44,intraday,USO,LONG,9,124.17,entry (LONG),+0.0000
2026-03-28 11:48:49,intraday,USO,LONG,9,124.17,entry (LONG),+0.0000
2026-03-28 11:49:54,intraday,USO,LONG,9,124.17,entry (LONG),+0.0000
2026-03-28 11:50:49,swing,USO,SHORT,9,124.20,entry (SHORT),+0.0000
2026-03-28 11:51:01,intraday,USO,LONG,9,124.17,entry (LONG),+0.0000
2026-03-28 11:52:05,intraday,USO,LONG,9,124.17,entry (LONG),+0.0000
2026-03-28 11:53:11,intraday,USO,LONG,9,124.17,entry (LONG),+0.0000
2026-03-28 11:54:17,intraday,USO,LONG,9,124.17,entry (LONG),+0.0000
2026-03-28 11:55:21,intraday,USO,LONG,9,124.17,entry (LONG),+0.0000
2026-03-28 11:56:07,swing,USO,SHORT,9,124.20,entry (SHORT),+0.0000
2026-03-28 11:56:26,intraday,USO,LONG,9,124.17,entry (LONG),+0.0000
2026-03-28 11:57:31,intraday,USO,LONG,9,124.17,entry (LONG),+0.0000
2026-03-28 11:58:36,intraday,USO,LONG,9,124.17,entry (LONG),+0.0000
2026-03-28 11:59:40,intraday,USO,LONG,9,124.17,entry (LONG),+0.0000
2026-03-28 12:00:45,intraday,USO,LONG,9,124.17,entry (LONG),+0.0000
2026-03-28 12:01:26,swing,USO,SHORT,9,124.20,entry (SHORT),+0.0000
2026-03-28 12:01:51,intraday,USO,LONG,9,124.17,entry (LONG),+0.0000
2026-03-28 12:02:57,intraday,USO,LONG,9,124.17,entry (LONG),+0.0000
2026-03-28 12:04:01,intraday,USO,LONG,9,124.17,entry (LONG),+0.0000
2026-03-28 12:05:06,intraday,USO,LONG,9,124.17,entry (LONG),+0.0000
2026-03-28 12:06:11,intraday,USO,LONG,9,124.17,entry (LONG),+0.0000
2026-03-28 12:06:45,swing,USO,SHORT,9,124.20,entry (SHORT),+0.0000
2026-03-28 12:07:16,intraday,USO,LONG,9,124.17,entry (LONG),+0.0000
2026-03-28 12:08:20,intraday,USO,LONG,9,124.17,entry (LONG),+0.0000
2026-03-28 12:09:25,intraday,USO,LONG,9,124.17,entry (LONG),+0.0000
2026-03-28 12:10:30,intraday,USO,LONG,9,124.17,entry (LONG),+0.0000
2026-03-28 12:11:35,intraday,USO,LONG,9,124.17,entry (LONG),+0.0000
2026-03-28 12:12:03,swing,USO,SHORT,9,124.20,entry (SHORT),+0.0000
2026-03-28 12:12:39,intraday,USO,LONG,9,124.17,entry (LONG),+0.0000
2026-03-28 12:13:44,intraday,USO,LONG,9,124.17,entry (LONG),+0.0000
2026-03-28 12:14:49,intraday,USO,LONG,9,124.17,entry (LONG),+0.0000
2026-03-28 12:15:55,intraday,USO,LONG,9,124.17,entry (LONG),+0.0000
2026-03-28 12:17:02,intraday,USO,LONG,9,124.17,entry (LONG),+0.0000
2026-03-28 12:17:22,swing,USO,SHORT,9,124.20,entry (SHORT),+0.0000
2026-03-28 12:18:07,intraday,USO,LONG,9,124.17,entry (LONG),+0.0000
2026-03-28 12:19:11,intraday,USO,LONG,9,124.17,entry (LONG),+0.0000
2026-03-28 12:20:17,intraday,USO,LONG,9,124.17,entry (LONG),+0.0000
2026-03-28 12:21:22,intraday,USO,LONG,9,124.17,entry (LONG),+0.0000
2026-03-28 12:22:26,intraday,USO,LONG,9,124.17,entry (LONG),+0.0000
2026-03-28 12:22:45,swing,USO,SHORT,9,124.20,entry (SHORT),+0.0000
2026-03-28 12:23:31,intraday,USO,LONG,9,124.17,entry (LONG),+0.0000
2026-03-28 12:25:02,intraday,USO,LONG,9,124.17,entry (LONG),+0.0000
2026-03-28 12:26:07,intraday,USO,LONG,9,124.17,entry (LONG),+0.0000
2026-03-28 12:27:12,intraday,USO,LONG,9,124.17,entry (LONG),+0.0000
2026-03-28 12:28:03,swing,USO,SHORT,9,124.20,entry (SHORT),+0.0000
2026-03-28 12:28:17,intraday,USO,LONG,9,124.17,entry (LONG),+0.0000
2026-03-28 12:29:22,intraday,USO,LONG,9,124.17,entry (LONG),+0.0000
2026-03-28 12:30:27,intraday,USO,LONG,9,124.17,entry (LONG),+0.0000
2026-03-28 12:31:31,intraday,USO,LONG,9,124.17,entry (LONG),+0.0000
2026-03-28 12:32:36,intraday,USO,LONG,9,124.17,entry (LONG),+0.0000
2026-03-28 12:33:26,swing,USO,SHORT,9,124.20,entry (SHORT),+0.0000
2026-03-28 12:33:41,intraday,USO,LONG,9,124.17,entry (LONG),+0.0000
2026-03-28 12:34:46,intraday,USO,LONG,9,124.17,entry (LONG),+0.0000
2026-03-28 12:35:50,intraday,USO,LONG,9,124.17,entry (LONG),+0.0000
2026-03-28 12:36:55,intraday,USO,LONG,9,124.17,entry (LONG),+0.0000
2026-03-28 12:38:01,intraday,USO,LONG,9,124.17,entry (LONG),+0.0000
2026-03-28 12:38:45,swing,USO,SHORT,9,124.20,entry (SHORT),+0.0000
2026-03-28 12:39:06,intraday,USO,LONG,9,124.17,entry (LONG),+0.0000
2026-03-28 12:40:11,intraday,USO,LONG,9,124.17,entry (LONG),+0.0000
2026-03-28 12:41:15,intraday,USO,LONG,9,124.17,entry (LONG),+0.0000
2026-03-28 12:42:20,intraday,USO,LONG,9,124.17,entry (LONG),+0.0000
2026-03-28 12:43:24,intraday,USO,LONG,9,124.17,entry (LONG),+0.0000
2026-03-28 12:44:04,swing,USO,SHORT,9,124.20,entry (SHORT),+0.0000
2026-03-28 12:44:30,intraday,USO,LONG,9,124.17,entry (LONG),+0.0000
2026-03-28 12:45:34,intraday,USO,LONG,9,124.17,entry (LONG),+0.0000
2026-03-28 12:46:39,intraday,USO,LONG,9,124.17,entry (LONG),+0.0000
2026-03-28 12:47:44,intraday,USO,LONG,9,124.17,entry (LONG),+0.0000
2026-03-28 12:48:48,intraday,USO,LONG,9,124.17,entry (LONG),+0.0000
2026-03-28 12:49:25,swing,USO,SHORT,9,124.20,entry (SHORT),+0.0000
2026-03-28 12:49:53,intraday,USO,LONG,9,124.17,entry (LONG),+0.0000
2026-03-28 12:50:57,intraday,USO,LONG,9,124.17,entry (LONG),+0.0000
2026-03-28 12:52:02,intraday,USO,LONG,9,124.17,entry (LONG),+0.0000
2026-03-28 12:53:07,intraday,USO,LONG,9,124.17,entry (LONG),+0.0000
2026-03-28 12:54:11,intraday,USO,LONG,9,124.17,entry (LONG),+0.0000
2026-03-28 12:54:47,swing,USO,SHORT,9,124.20,entry (SHORT),+0.0000
2026-03-28 12:55:18,intraday,USO,LONG,9,124.17,entry (LONG),+0.0000
2026-03-28 12:56:22,intraday,USO,LONG,9,124.17,entry (LONG),+0.0000
2026-03-28 12:57:27,intraday,USO,LONG,9,124.17,entry (LONG),+0.0000
2026-03-28 12:58:32,intraday,USO,LONG,9,124.17,entry (LONG),+0.0000
2026-03-28 12:59:37,intraday,USO,LONG,9,124.17,entry (LONG),+0.0000
2026-03-28 13:00:07,swing,USO,SHORT,9,124.20,entry (SHORT),+0.0000
2026-03-28 13:00:42,intraday,USO,LONG,9,124.17,entry (LONG),+0.0000
2026-03-28 13:01:46,intraday,USO,LONG,9,124.17,entry (LONG),+0.0000
2026-03-28 13:02:51,intraday,USO,LONG,9,124.17,entry (LONG),+0.0000
2026-03-28 13:03:56,intraday,USO,LONG,9,124.17,entry (LONG),+0.0000
2026-03-28 13:05:01,intraday,USO,LONG,9,124.17,entry (LONG),+0.0000
2026-03-28 13:05:37,swing,USO,SHORT,9,124.20,entry (SHORT),+0.0000
2026-03-28 13:06:06,intraday,USO,LONG,9,124.17,entry (LONG),+0.0000
2026-03-28 13:07:10,intraday,USO,LONG,9,124.17,entry (LONG),+0.0000
2026-03-28 13:08:15,intraday,USO,LONG,9,124.17,entry (LONG),+0.0000
2026-03-28 13:09:20,intraday,USO,LONG,9,124.17,entry (LONG),+0.0000
2026-03-28 13:10:25,intraday,USO,LONG,9,124.17,entry (LONG),+0.0000
2026-03-28 13:10:56,swing,USO,SHORT,9,124.20,entry (SHORT),+0.0000
2026-03-28 13:11:36,intraday,USO,LONG,9,124.17,entry (LONG),+0.0000
2026-03-28 13:12:41,intraday,USO,LONG,9,124.17,entry (LONG),+0.0000
2026-03-28 13:13:46,intraday,USO,LONG,9,124.17,entry (LONG),+0.0000
2026-03-28 13:14:50,intraday,USO,LONG,9,124.17,entry (LONG),+0.0000
2026-03-28 13:15:55,intraday,USO,LONG,9,124.17,entry (LONG),+0.0000
2026-03-28 13:16:15,swing,USO,SHORT,9,124.20,entry (SHORT),+0.0000
2026-03-28 13:17:00,intraday,USO,LONG,9,124.17,entry (LONG),+0.0000
2026-03-28 13:18:05,intraday,USO,LONG,9,124.17,entry (LONG),+0.0000
2026-03-28 13:19:09,intraday,USO,LONG,9,124.17,entry (LONG),+0.0000
2026-03-28 13:20:14,intraday,USO,LONG,9,124.17,entry (LONG),+0.0000
2026-03-28 13:21:19,intraday,USO,LONG,9,124.17,entry (LONG),+0.0000
2026-03-28 13:21:32,swing,USO,SHORT,9,124.20,entry (SHORT),+0.0000
2026-03-28 13:22:23,intraday,USO,LONG,9,124.17,entry (LONG),+0.0000
2026-03-28 13:23:28,intraday,USO,LONG,9,124.17,entry (LONG),+0.0000
2026-03-28 13:24:33,intraday,USO,LONG,9,124.17,entry (LONG),+0.0000
2026-03-28 13:25:59,intraday,USO,LONG,9,124.17,entry (LONG),+0.0000
2026-03-28 13:26:52,swing,USO,SHORT,9,124.20,entry (SHORT),+0.0000
2026-03-28 13:27:04,intraday,USO,LONG,9,124.17,entry (LONG),+0.0000
2026-03-28 13:28:09,intraday,USO,LONG,9,124.17,entry (LONG),+0.0000
2026-03-28 13:29:13,intraday,USO,LONG,9,124.17,entry (LONG),+0.0000
2026-03-28 13:30:18,intraday,USO,LONG,9,124.17,entry (LONG),+0.0000
2026-03-28 13:31:22,intraday,USO,LONG,9,124.17,entry (LONG),+0.0000
2026-03-28 13:32:09,swing,USO,SHORT,9,124.20,entry (SHORT),+0.0000
2026-03-28 13:32:27,intraday,USO,LONG,9,124.17,entry (LONG),+0.0000
2026-03-28 13:33:32,intraday,USO,LONG,9,124.17,entry (LONG),+0.0000
2026-03-28 13:34:36,intraday,USO,LONG,9,124.17,entry (LONG),+0.0000
2026-03-28 13:35:41,intraday,USO,LONG,9,124.17,entry (LONG),+0.0000
2026-03-28 13:36:46,intraday,USO,LONG,9,124.17,entry (LONG),+0.0000
2026-03-28 13:37:26,swing,USO,SHORT,9,124.20,entry (SHORT),+0.0000
2026-03-28 13:37:51,intraday,USO,LONG,9,124.17,entry (LONG),+0.0000
2026-03-28 13:38:56,intraday,USO,LONG,9,124.17,entry (LONG),+0.0000
2026-03-28 13:40:01,intraday,USO,LONG,9,124.17,entry (LONG),+0.0000
2026-03-28 13:41:06,intraday,USO,LONG,9,124.17,entry (LONG),+0.0000
2026-03-28 13:42:10,intraday,USO,LONG,9,124.17,entry (LONG),+0.0000
2026-03-28 13:42:43,swing,USO,SHORT,9,124.20,entry (SHORT),+0.0000
2026-03-28 13:43:15,intraday,USO,LONG,9,124.17,entry (LONG),+0.0000
2026-03-28 13:44:20,intraday,USO,LONG,9,124.17,entry (LONG),+0.0000
2026-03-28 13:45:25,intraday,USO,LONG,9,124.17,entry (LONG),+0.0000
2026-03-28 13:46:30,intraday,USO,LONG,9,124.17,entry (LONG),+0.0000
2026-03-28 13:47:35,intraday,USO,LONG,9,124.17,entry (LONG),+0.0000
2026-03-28 13:48:01,swing,USO,SHORT,9,124.20,entry (SHORT),+0.0000
2026-03-28 13:48:41,intraday,USO,LONG,9,124.17,entry (LONG),+0.0000
2026-03-28 13:49:46,intraday,USO,LONG,9,124.17,entry (LONG),+0.0000
2026-03-28 13:50:50,intraday,USO,LONG,9,124.17,entry (LONG),+0.0000
2026-03-28 13:51:59,intraday,USO,LONG,9,124.17,entry (LONG),+0.0000
2026-03-28 13:53:04,intraday,USO,LONG,9,124.17,entry (LONG),+0.0000
2026-03-28 13:53:22,swing,USO,SHORT,9,124.20,entry (SHORT),+0.0000
2026-03-28 13:54:09,intraday,USO,LONG,9,124.17,entry (LONG),+0.0000
2026-03-28 13:55:14,intraday,USO,LONG,9,124.17,entry (LONG),+0.0000
2026-03-28 13:56:19,intraday,USO,LONG,9,124.17,entry (LONG),+0.0000
2026-03-28 13:57:23,intraday,USO,LONG,9,124.17,entry (LONG),+0.0000
2026-03-28 13:58:28,intraday,USO,LONG,9,124.17,entry (LONG),+0.0000
2026-03-28 13:58:40,swing,USO,SHORT,9,124.20,entry (SHORT),+0.0000
2026-03-28 13:59:33,intraday,USO,LONG,9,124.17,entry (LONG),+0.0000
2026-03-28 14:00:40,intraday,USO,LONG,9,124.17,entry (LONG),+0.0000
2026-03-28 14:01:46,intraday,USO,LONG,9,124.17,entry (LONG),+0.0000
2026-03-28 14:02:51,intraday,USO,LONG,9,124.17,entry (LONG),+0.0000
2026-03-28 14:03:56,intraday,USO,LONG,9,124.17,entry (LONG),+0.0000
2026-03-28 14:03:58,swing,USO,SHORT,9,124.20,entry (SHORT),+0.0000
2026-03-28 14:05:00,intraday,USO,LONG,9,124.17,entry (LONG),+0.0000
2026-03-28 14:06:05,intraday,USO,LONG,9,124.17,entry (LONG),+0.0000
2026-03-28 14:07:10,intraday,USO,LONG,9,124.17,entry (LONG),+0.0000
2026-03-28 14:08:17,intraday,USO,LONG,9,124.17,entry (LONG),+0.0000
2026-03-28 14:09:16,swing,USO,SHORT,9,124.20,entry (SHORT),+0.0000
2026-03-28 14:09:22,intraday,USO,LONG,9,124.17,entry (LONG),+0.0000
2026-03-28 14:10:26,intraday,USO,LONG,9,124.17,entry (LONG),+0.0000
2026-03-28 14:11:31,intraday,USO,LONG,9,124.17,entry (LONG),+0.0000
2026-03-28 14:12:36,intraday,USO,LONG,9,124.17,entry (LONG),+0.0000
2026-03-28 14:13:40,intraday,USO,LONG,9,124.17,entry (LONG),+0.0000
2026-03-28 14:14:38,swing,USO,SHORT,9,124.20,entry (SHORT),+0.0000
2026-03-28 14:14:47,intraday,USO,LONG,9,124.17,entry (LONG),+0.0000
2026-03-28 14:15:52,intraday,USO,LONG,9,124.17,entry (LONG),+0.0000
2026-03-28 14:16:58,intraday,USO,LONG,9,124.17,entry (LONG),+0.0000
2026-03-28 14:18:02,intraday,USO,LONG,9,124.17,entry (LONG),+0.0000
2026-03-28 14:19:07,intraday,USO,LONG,9,124.17,entry (LONG),+0.0000
2026-03-28 14:20:00,swing,USO,SHORT,9,124.20,entry (SHORT),+0.0000
2026-03-28 14:20:12,intraday,USO,LONG,9,124.17,entry (LONG),+0.0000
2026-03-28 14:21:17,intraday,USO,LONG,9,124.17,entry (LONG),+0.0000
2026-03-28 14:22:22,intraday,USO,LONG,9,124.17,entry (LONG),+0.0000
2026-03-28 14:23:27,intraday,USO,LONG,9,124.17,entry (LONG),+0.0000
2026-03-28 14:24:31,intraday,USO,LONG,9,124.17,entry (LONG),+0.0000
2026-03-28 14:25:18,swing,USO,SHORT,9,124.20,entry (SHORT),+0.0000
2026-03-28 14:25:36,intraday,USO,LONG,9,124.17,entry (LONG),+0.0000
2026-03-28 14:27:02,intraday,USO,LONG,9,124.17,entry (LONG),+0.0000
2026-03-28 14:28:07,intraday,USO,LONG,9,124.17,entry (LONG),+0.0000
2026-03-28 14:29:13,intraday,USO,LONG,9,124.17,entry (LONG),+0.0000
2026-03-28 14:30:18,intraday,USO,LONG,9,124.17,entry (LONG),+0.0000
2026-03-28 14:30:35,swing,USO,SHORT,9,124.20,entry (SHORT),+0.0000
2026-03-28 14:31:23,intraday,USO,LONG,9,124.17,entry (LONG),+0.0000
2026-03-28 14:32:27,intraday,USO,LONG,9,124.17,entry (LONG),+0.0000
2026-03-28 14:33:32,intraday,USO,LONG,9,124.17,entry (LONG),+0.0000
2026-03-28 14:34:37,intraday,USO,LONG,9,124.17,entry (LONG),+0.0000
2026-03-28 14:35:42,intraday,USO,LONG,9,124.17,entry (LONG),+0.0000
2026-03-28 14:35:56,swing,USO,SHORT,9,124.20,entry (SHORT),+0.0000
2026-03-28 14:36:48,intraday,USO,LONG,9,124.17,entry (LONG),+0.0000
2026-03-28 14:37:52,intraday,USO,LONG,9,124.17,entry (LONG),+0.0000
2026-03-28 14:38:57,intraday,USO,LONG,9,124.17,entry (LONG),+0.0000
2026-03-28 14:40:02,intraday,USO,LONG,9,124.17,entry (LONG),+0.0000
2026-03-28 14:41:07,intraday,USO,LONG,9,124.17,entry (LONG),+0.0000
2026-03-28 14:41:13,swing,USO,SHORT,9,124.20,entry (SHORT),+0.0000
2026-03-28 14:42:12,intraday,USO,LONG,9,124.17,entry (LONG),+0.0000
2026-03-28 14:43:17,intraday,USO,LONG,9,124.17,entry (LONG),+0.0000
2026-03-28 14:44:22,intraday,USO,LONG,9,124.17,entry (LONG),+0.0000
2026-03-28 14:45:27,intraday,USO,LONG,9,124.17,entry (LONG),+0.0000
2026-03-28 14:46:37,intraday,USO,LONG,9,124.17,entry (LONG),+0.0000
2026-03-28 14:46:40,swing,USO,SHORT,9,124.20,entry (SHORT),+0.0000
2026-03-28 14:47:42,intraday,USO,LONG,9,124.17,entry (LONG),+0.0000
2026-03-28 14:48:48,intraday,USO,LONG,9,124.17,entry (LONG),+0.0000
2026-03-28 14:49:53,intraday,USO,LONG,9,124.17,entry (LONG),+0.0000
2026-03-28 14:50:57,intraday,USO,LONG,9,124.17,entry (LONG),+0.0000
2026-03-28 14:52:02,swing,USO,SHORT,9,124.20,entry (SHORT),+0.0000
2026-03-28 14:52:03,intraday,USO,LONG,9,124.17,entry (LONG),+0.0000
2026-03-28 14:53:07,intraday,USO,LONG,9,124.17,entry (LONG),+0.0000
2026-03-28 14:54:12,intraday,USO,LONG,9,124.17,entry (LONG),+0.0000
2026-03-28 14:55:17,intraday,USO,LONG,9,124.17,entry (LONG),+0.0000
2026-03-28 14:56:21,intraday,USO,LONG,9,124.17,entry (LONG),+0.0000
2026-03-28 14:57:19,swing,USO,SHORT,9,124.20,entry (SHORT),+0.0000
2026-03-28 14:57:26,intraday,USO,LONG,9,124.17,entry (LONG),+0.0000
2026-03-28 14:58:31,intraday,USO,LONG,9,124.17,entry (LONG),+0.0000
2026-03-28 14:59:35,intraday,USO,LONG,9,124.17,entry (LONG),+0.0000
2026-03-28 15:00:41,intraday,USO,LONG,9,124.17,entry (LONG),+0.0000
2026-03-28 15:01:47,intraday,USO,LONG,9,124.17,entry (LONG),+0.0000
2026-03-28 15:02:37,swing,USO,SHORT,9,124.20,entry (SHORT),+0.0000
2026-03-28 15:02:51,intraday,USO,LONG,9,124.17,entry (LONG),+0.0000
2026-03-28 15:04:07,intraday,USO,LONG,9,124.17,entry (LONG),+0.0000
2026-03-28 15:05:12,intraday,USO,LONG,9,124.17,entry (LONG),+0.0000
2026-03-28 15:06:17,intraday,USO,LONG,9,124.17,entry (LONG),+0.0000
2026-03-28 15:07:22,intraday,USO,LONG,9,124.17,entry (LONG),+0.0000
2026-03-28 15:07:58,swing,USO,SHORT,9,124.20,entry (SHORT),+0.0000
2026-03-28 15:08:26,intraday,USO,LONG,9,124.17,entry (LONG),+0.0000
2026-03-28 15:09:31,intraday,USO,LONG,9,124.17,entry (LONG),+0.0000
2026-03-28 15:10:36,intraday,USO,LONG,9,124.17,entry (LONG),+0.0000
2026-03-28 15:11:41,intraday,USO,LONG,9,124.17,entry (LONG),+0.0000
2026-03-28 15:12:46,intraday,USO,LONG,9,124.17,entry (LONG),+0.0000
2026-03-28 15:13:19,swing,USO,SHORT,9,124.20,entry (SHORT),+0.0000
2026-03-28 15:13:51,intraday,USO,LONG,9,124.17,entry (LONG),+0.0000
2026-03-28 15:14:57,intraday,USO,LONG,9,124.17,entry (LONG),+0.0000
2026-03-28 15:16:02,intraday,USO,LONG,9,124.17,entry (LONG),+0.0000
2026-03-28 15:17:06,intraday,USO,LONG,9,124.17,entry (LONG),+0.0000
2026-03-28 15:18:11,intraday,USO,LONG,9,124.17,entry (LONG),+0.0000
2026-03-28 15:18:40,swing,USO,SHORT,9,124.20,entry (SHORT),+0.0000
2026-03-28 15:19:16,intraday,USO,LONG,9,124.17,entry (LONG),+0.0000
2026-03-28 15:20:23,intraday,USO,LONG,9,124.17,entry (LONG),+0.0000
2026-03-28 15:21:28,intraday,USO,LONG,9,124.17,entry (LONG),+0.0000
2026-03-28 15:22:34,intraday,USO,LONG,9,124.17,entry (LONG),+0.0000
2026-03-28 15:23:39,intraday,USO,LONG,9,124.17,entry (LONG),+0.0000
2026-03-28 15:24:07,swing,USO,SHORT,9,124.20,entry (SHORT),+0.0000
2026-03-28 15:24:46,intraday,USO,LONG,9,124.17,entry (LONG),+0.0000
2026-03-28 15:25:52,intraday,USO,LONG,9,124.17,entry (LONG),+0.0000
2026-03-28 15:27:23,intraday,USO,LONG,9,124.17,entry (LONG),+0.0000
2026-03-28 15:28:28,intraday,USO,LONG,9,124.17,entry (LONG),+0.0000
2026-03-28 15:29:29,swing,USO,SHORT,9,124.20,entry (SHORT),+0.0000
2026-03-28 15:29:33,intraday,USO,LONG,9,124.17,entry (LONG),+0.0000
2026-03-28 15:30:40,intraday,USO,LONG,9,124.17,entry (LONG),+0.0000
2026-03-28 15:31:45,intraday,USO,LONG,9,124.17,entry (LONG),+0.0000
2026-03-28 15:32:51,intraday,USO,LONG,9,124.17,entry (LONG),+0.0000
2026-03-28 15:33:57,intraday,USO,LONG,9,124.17,entry (LONG),+0.0000
2026-03-28 15:34:54,swing,USO,SHORT,9,124.20,entry (SHORT),+0.0000
2026-03-28 15:35:02,intraday,USO,LONG,9,124.17,entry (LONG),+0.0000
2026-03-28 15:36:07,intraday,USO,LONG,9,124.17,entry (LONG),+0.0000
2026-03-28 15:37:14,intraday,USO,LONG,9,124.17,entry (LONG),+0.0000
2026-03-28 15:38:18,intraday,USO,LONG,9,124.17,entry (LONG),+0.0000
2026-03-28 15:39:23,intraday,USO,LONG,9,124.17,entry (LONG),+0.0000
2026-03-28 15:40:14,swing,USO,SHORT,9,124.20,entry (SHORT),+0.0000
2026-03-28 15:40:28,intraday,USO,LONG,9,124.17,entry (LONG),+0.0000
2026-03-28 15:41:33,intraday,USO,LONG,9,124.17,entry (LONG),+0.0000
2026-03-28 15:42:38,intraday,USO,LONG,9,124.17,entry (LONG),+0.0000
2026-03-28 15:43:43,intraday,USO,LONG,9,124.17,entry (LONG),+0.0000
2026-03-28 15:44:47,intraday,USO,LONG,9,124.17,entry (LONG),+0.0000
2026-03-28 15:45:34,swing,USO,SHORT,9,124.20,entry (SHORT),+0.0000
2026-03-28 15:45:52,intraday,USO,LONG,9,124.17,entry (LONG),+0.0000
2026-03-28 15:46:57,intraday,USO,LONG,9,124.17,entry (LONG),+0.0000
2026-03-28 15:48:01,intraday,USO,LONG,9,124.17,entry (LONG),+0.0000
2026-03-28 15:49:08,intraday,USO,LONG,9,124.17,entry (LONG),+0.0000
2026-03-28 15:50:15,intraday,USO,LONG,9,124.17,entry (LONG),+0.0000
2026-03-28 15:51:01,swing,USO,SHORT,9,124.20,entry (SHORT),+0.0000
2026-03-28 15:51:20,intraday,USO,LONG,9,124.17,entry (LONG),+0.0000
2026-03-28 15:52:24,intraday,USO,LONG,9,124.17,entry (LONG),+0.0000
2026-03-28 15:53:29,intraday,USO,LONG,9,124.17,entry (LONG),+0.0000
2026-03-28 15:54:34,intraday,USO,LONG,9,124.17,entry (LONG),+0.0000
2026-03-28 15:55:40,intraday,USO,LONG,9,124.17,entry (LONG),+0.0000
2026-03-28 15:56:18,swing,USO,SHORT,9,124.20,entry (SHORT),+0.0000
2026-03-28 15:56:46,intraday,USO,LONG,9,124.17,entry (LONG),+0.0000
2026-03-28 15:57:51,intraday,USO,LONG,9,124.17,entry (LONG),+0.0000
2026-03-28 15:58:55,intraday,USO,LONG,9,124.17,entry (LONG),+0.0000
2026-03-28 16:00:02,intraday,USO,LONG,9,124.17,entry (LONG),+0.0000
2026-03-28 16:01:09,intraday,USO,LONG,9,124.17,entry (LONG),+0.0000
2026-03-28 16:01:36,swing,USO,SHORT,9,124.20,entry (SHORT),+0.0000
2026-03-28 16:02:14,intraday,USO,LONG,9,124.17,entry (LONG),+0.0000
2026-03-28 16:03:18,intraday,USO,LONG,9,124.17,entry (LONG),+0.0000
2026-03-28 16:04:23,intraday,USO,LONG,9,124.17,entry (LONG),+0.0000
2026-03-28 16:05:31,intraday,USO,LONG,9,124.17,entry (LONG),+0.0000
2026-03-28 16:06:36,intraday,USO,LONG,9,124.17,entry (LONG),+0.0000
2026-03-28 16:07:00,swing,USO,SHORT,9,124.20,entry (SHORT),+0.0000
2026-03-28 16:07:40,intraday,USO,LONG,9,124.17,entry (LONG),+0.0000
2026-03-28 16:08:45,intraday,USO,LONG,9,124.17,entry (LONG),+0.0000
2026-03-28 16:09:50,intraday,USO,LONG,9,124.17,entry (LONG),+0.0000
2026-03-28 16:10:56,intraday,USO,LONG,9,124.17,entry (LONG),+0.0000
2026-03-28 16:12:01,intraday,USO,LONG,9,124.17,entry (LONG),+0.0000
2026-03-28 16:12:18,swing,USO,SHORT,9,124.20,entry (SHORT),+0.0000
2026-03-28 16:13:06,intraday,USO,LONG,9,124.17,entry (LONG),+0.0000
2026-03-28 16:14:12,intraday,USO,LONG,9,124.17,entry (LONG),+0.0000
2026-03-28 16:15:17,intraday,USO,LONG,9,124.17,entry (LONG),+0.0000
2026-03-28 16:16:22,intraday,USO,LONG,9,124.17,entry (LONG),+0.0000
2026-03-28 16:17:31,intraday,USO,LONG,9,124.17,entry (LONG),+0.0000
2026-03-28 16:17:38,swing,USO,SHORT,9,124.20,entry (SHORT),+0.0000
2026-03-28 16:18:36,intraday,USO,LONG,9,124.17,entry (LONG),+0.0000
2026-03-28 16:19:41,intraday,USO,LONG,9,124.17,entry (LONG),+0.0000
2026-03-28 16:20:45,intraday,USO,LONG,9,124.17,entry (LONG),+0.0000
2026-03-28 16:21:50,intraday,USO,LONG,9,124.17,entry (LONG),+0.0000
2026-03-28 16:22:54,intraday,USO,LONG,9,124.17,entry (LONG),+0.0000
2026-03-28 16:22:56,swing,USO,SHORT,9,124.20,entry (SHORT),+0.0000
2026-03-28 16:23:59,intraday,USO,LONG,9,124.17,entry (LONG),+0.0000
2026-03-28 16:25:04,intraday,USO,LONG,9,124.17,entry (LONG),+0.0000
2026-03-28 16:26:09,intraday,USO,LONG,9,124.17,entry (LONG),+0.0000
2026-03-28 16:27:33,intraday,USO,LONG,9,124.17,entry (LONG),+0.0000
2026-03-28 16:28:13,swing,USO,SHORT,9,124.20,entry (SHORT),+0.0000
2026-03-28 16:28:37,intraday,USO,LONG,9,124.17,entry (LONG),+0.0000
2026-03-28 16:29:42,intraday,USO,LONG,9,124.17,entry (LONG),+0.0000
2026-03-28 16:30:47,intraday,USO,LONG,9,124.17,entry (LONG),+0.0000
2026-03-28 16:31:51,intraday,USO,LONG,9,124.17,entry (LONG),+0.0000
2026-03-28 16:32:56,intraday,USO,LONG,9,124.17,entry (LONG),+0.0000
2026-03-28 16:33:30,swing,USO,SHORT,9,124.20,entry (SHORT),+0.0000
2026-03-28 16:34:00,intraday,USO,LONG,9,124.17,entry (LONG),+0.0000
2026-03-28 16:35:05,intraday,USO,LONG,9,124.17,entry (LONG),+0.0000
2026-03-28 16:36:10,intraday,USO,LONG,9,124.17,entry (LONG),+0.0000
2026-03-28 16:37:15,intraday,USO,LONG,9,124.17,entry (LONG),+0.0000
2026-03-28 16:38:21,intraday,USO,LONG,9,124.17,entry (LONG),+0.0000
2026-03-28 16:38:48,swing,USO,SHORT,9,124.20,entry (SHORT),+0.0000
2026-03-28 16:39:25,intraday,USO,LONG,9,124.17,entry (LONG),+0.0000
2026-03-28 16:40:30,intraday,USO,LONG,9,124.17,entry (LONG),+0.0000
2026-03-28 16:41:35,intraday,USO,LONG,9,124.17,entry (LONG),+0.0000
2026-03-28 16:42:41,intraday,USO,LONG,9,124.17,entry (LONG),+0.0000
2026-03-28 16:43:45,intraday,USO,LONG,9,124.17,entry (LONG),+0.0000
2026-03-28 16:44:04,swing,USO,SHORT,9,124.20,entry (SHORT),+0.0000
2026-03-28 16:44:50,intraday,USO,LONG,9,124.17,entry (LONG),+0.0000
2026-03-28 16:45:54,intraday,USO,LONG,9,124.17,entry (LONG),+0.0000
2026-03-28 16:46:59,intraday,USO,LONG,9,124.17,entry (LONG),+0.0000
2026-03-28 16:48:03,intraday,USO,LONG,9,124.17,entry (LONG),+0.0000
2026-03-28 16:49:08,intraday,USO,LONG,9,124.17,entry (LONG),+0.0000
2026-03-28 16:49:21,swing,USO,SHORT,9,124.20,entry (SHORT),+0.0000
2026-03-28 16:50:13,intraday,USO,LONG,9,124.17,entry (LONG),+0.0000
2026-03-28 16:51:17,intraday,USO,LONG,9,124.17,entry (LONG),+0.0000
2026-03-28 16:52:22,intraday,USO,LONG,9,124.17,entry (LONG),+0.0000
2026-03-28 16:53:27,intraday,USO,LONG,9,124.17,entry (LONG),+0.0000
2026-03-28 16:54:32,intraday,USO,LONG,9,124.17,entry (LONG),+0.0000
2026-03-28 16:54:39,swing,USO,SHORT,9,124.20,entry (SHORT),+0.0000
2026-03-28 16:55:39,intraday,USO,LONG,9,124.17,entry (LONG),+0.0000
2026-03-28 16:56:44,intraday,USO,LONG,9,124.17,entry (LONG),+0.0000
2026-03-28 16:57:49,intraday,USO,LONG,9,124.17,entry (LONG),+0.0000
2026-03-28 16:58:54,intraday,USO,LONG,9,124.17,entry (LONG),+0.0000
2026-03-28 16:59:56,swing,USO,SHORT,9,124.20,entry (SHORT),+0.0000
2026-03-28 16:59:58,intraday,USO,LONG,9,124.17,entry (LONG),+0.0000
2026-03-28 17:01:03,intraday,USO,LONG,9,124.17,entry (LONG),+0.0000
2026-03-28 17:02:08,intraday,USO,LONG,9,124.17,entry (LONG),+0.0000
2026-03-28 17:03:13,intraday,USO,LONG,9,124.17,entry (LONG),+0.0000
2026-03-28 17:04:17,intraday,USO,LONG,9,124.17,entry (LONG),+0.0000
2026-03-28 17:05:23,intraday,USO,LONG,9,124.17,entry (LONG),+0.0000
2026-03-28 17:05:25,swing,USO,SHORT,9,124.20,entry (SHORT),+0.0000
2026-03-28 17:06:28,intraday,USO,LONG,9,124.17,entry (LONG),+0.0000
2026-03-28 17:07:32,intraday,USO,LONG,9,124.17,entry (LONG),+0.0000
2026-03-28 17:08:37,intraday,USO,LONG,9,124.17,entry (LONG),+0.0000
2026-03-28 17:09:42,intraday,USO,LONG,9,124.17,entry (LONG),+0.0000
2026-03-28 17:10:43,swing,USO,SHORT,9,124.20,entry (SHORT),+0.0000
2026-03-28 17:10:46,intraday,USO,LONG,9,124.17,entry (LONG),+0.0000
2026-03-28 17:11:51,intraday,USO,LONG,9,124.17,entry (LONG),+0.0000
2026-03-28 17:12:56,intraday,USO,LONG,9,124.17,entry (LONG),+0.0000
2026-03-28 17:14:01,intraday,USO,LONG,9,124.17,entry (LONG),+0.0000
2026-03-28 17:15:06,intraday,USO,LONG,9,124.17,entry (LONG),+0.0000
2026-03-28 17:16:00,swing,USO,SHORT,9,124.20,entry (SHORT),+0.0000
2026-03-28 17:16:11,intraday,USO,LONG,9,124.17,entry (LONG),+0.0000
2026-03-28 17:17:16,intraday,USO,LONG,9,124.17,entry (LONG),+0.0000
2026-03-28 17:18:20,intraday,USO,LONG,9,124.17,entry (LONG),+0.0000
2026-03-28 17:19:25,intraday,USO,LONG,9,124.17,entry (LONG),+0.0000
2026-03-28 17:20:29,intraday,USO,LONG,9,124.17,entry (LONG),+0.0000
2026-03-28 17:21:23,swing,USO,SHORT,9,124.20,entry (SHORT),+0.0000
2026-03-28 17:21:34,intraday,USO,LONG,9,124.17,entry (LONG),+0.0000
2026-03-28 17:22:39,intraday,USO,LONG,9,124.17,entry (LONG),+0.0000
2026-03-28 17:23:43,intraday,USO,LONG,9,124.17,entry (LONG),+0.0000
2026-03-28 17:24:48,intraday,USO,LONG,9,124.17,entry (LONG),+0.0000
2026-03-28 17:25:53,intraday,USO,LONG,9,124.17,entry (LONG),+0.0000
2026-03-28 17:26:43,swing,USO,SHORT,9,124.20,entry (SHORT),+0.0000
2026-03-28 17:26:58,intraday,USO,LONG,9,124.17,entry (LONG),+0.0000
2026-03-28 17:28:23,intraday,USO,LONG,9,124.17,entry (LONG),+0.0000
2026-03-28 17:29:29,intraday,USO,LONG,9,124.17,entry (LONG),+0.0000
2026-03-28 17:30:35,intraday,USO,LONG,9,124.17,entry (LONG),+0.0000
2026-03-28 17:31:40,intraday,USO,LONG,9,124.17,entry (LONG),+0.0000
2026-03-28 17:32:01,swing,USO,SHORT,9,124.20,entry (SHORT),+0.0000
2026-03-28 17:32:44,intraday,USO,LONG,9,124.17,entry (LONG),+0.0000
2026-03-28 17:33:49,intraday,USO,LONG,9,124.17,entry (LONG),+0.0000
2026-03-28 17:34:53,intraday,USO,LONG,9,124.17,entry (LONG),+0.0000
2026-03-28 17:35:58,intraday,USO,LONG,9,124.17,entry (LONG),+0.0000
2026-03-28 17:37:04,intraday,USO,LONG,9,124.17,entry (LONG),+0.0000
2026-03-28 17:37:18,swing,USO,SHORT,9,124.20,entry (SHORT),+0.0000
2026-03-28 17:38:08,intraday,USO,LONG,9,124.17,entry (LONG),+0.0000
2026-03-28 17:39:14,intraday,USO,LONG,9,124.17,entry (LONG),+0.0000
2026-03-28 17:40:18,intraday,USO,LONG,9,124.17,entry (LONG),+0.0000
2026-03-28 17:41:23,intraday,USO,LONG,9,124.17,entry (LONG),+0.0000
2026-03-28 17:42:28,intraday,USO,LONG,9,124.17,entry (LONG),+0.0000
2026-03-28 17:42:35,swing,USO,SHORT,9,124.20,entry (SHORT),+0.0000
2026-03-28 17:43:33,intraday,USO,LONG,9,124.17,entry (LONG),+0.0000
2026-03-28 17:44:39,intraday,USO,LONG,9,124.17,entry (LONG),+0.0000
2026-03-28 17:45:43,intraday,USO,LONG,9,124.17,entry (LONG),+0.0000
2026-03-28 17:46:48,intraday,USO,LONG,9,124.17,entry (LONG),+0.0000
2026-03-28 17:47:51,swing,USO,SHORT,9,124.20,entry (SHORT),+0.0000
2026-03-28 17:47:52,intraday,USO,LONG,9,124.17,entry (LONG),+0.0000
2026-03-28 17:48:57,intraday,USO,LONG,9,124.17,entry (LONG),+0.0000
2026-03-28 17:50:01,intraday,USO,LONG,9,124.17,entry (LONG),+0.0000
2026-03-28 17:51:06,intraday,USO,LONG,9,124.17,entry (LONG),+0.0000
2026-03-28 17:52:11,intraday,USO,LONG,9,124.17,entry (LONG),+0.0000
2026-03-28 17:53:10,swing,USO,SHORT,9,124.20,entry (SHORT),+0.0000
2026-03-28 17:53:16,intraday,USO,LONG,9,124.17,entry (LONG),+0.0000
2026-03-28 17:54:21,intraday,USO,LONG,9,124.17,entry (LONG),+0.0000
2026-03-28 17:55:25,intraday,USO,LONG,9,124.17,entry (LONG),+0.0000
2026-03-28 17:56:30,intraday,USO,LONG,9,124.17,entry (LONG),+0.0000
2026-03-28 17:57:35,intraday,USO,LONG,9,124.17,entry (LONG),+0.0000
2026-03-28 17:58:31,swing,USO,SHORT,9,124.20,entry (SHORT),+0.0000
2026-03-28 17:58:39,intraday,USO,LONG,9,124.17,entry (LONG),+0.0000
2026-03-28 17:59:44,intraday,USO,LONG,9,124.17,entry (LONG),+0.0000
2026-03-28 18:00:49,intraday,USO,LONG,9,124.17,entry (LONG),+0.0000
2026-03-28 18:01:54,intraday,USO,LONG,9,124.17,entry (LONG),+0.0000
2026-03-28 18:02:58,intraday,USO,LONG,9,124.17,entry (LONG),+0.0000
2026-03-28 18:03:49,swing,USO,SHORT,9,124.20,entry (SHORT),+0.0000
2026-03-28 18:04:03,intraday,USO,LONG,9,124.17,entry (LONG),+0.0000
2026-03-28 18:05:08,intraday,USO,LONG,9,124.17,entry (LONG),+0.0000
2026-03-28 18:06:12,intraday,USO,LONG,9,124.17,entry (LONG),+0.0000
2026-03-28 18:07:19,intraday,USO,LONG,9,124.17,entry (LONG),+0.0000
2026-03-28 18:08:24,intraday,USO,LONG,9,124.17,entry (LONG),+0.0000
2026-03-28 18:09:06,swing,USO,SHORT,9,124.20,entry (SHORT),+0.0000
2026-03-28 18:09:28,intraday,USO,LONG,9,124.17,entry (LONG),+0.0000
2026-03-28 18:10:33,intraday,USO,LONG,9,124.17,entry (LONG),+0.0000
2026-03-28 18:11:38,intraday,USO,LONG,9,124.17,entry (LONG),+0.0000
2026-03-28 18:12:43,intraday,USO,LONG,9,124.17,entry (LONG),+0.0000
2026-03-28 18:13:47,intraday,USO,LONG,9,124.17,entry (LONG),+0.0000
2026-03-28 18:14:24,swing,USO,SHORT,9,124.20,entry (SHORT),+0.0000
2026-03-28 18:14:52,intraday,USO,LONG,9,124.17,entry (LONG),+0.0000
2026-03-28 18:15:56,intraday,USO,LONG,9,124.17,entry (LONG),+0.0000
2026-03-28 18:17:01,intraday,USO,LONG,9,124.17,entry (LONG),+0.0000
2026-03-28 18:18:06,intraday,USO,LONG,9,124.17,entry (LONG),+0.0000
2026-03-28 18:19:10,intraday,USO,LONG,9,124.17,entry (LONG),+0.0000
2026-03-28 18:19:43,swing,USO,SHORT,9,124.20,entry (SHORT),+0.0000
2026-03-28 18:20:15,intraday,USO,LONG,9,124.17,entry (LONG),+0.0000
2026-03-28 18:21:20,intraday,USO,LONG,9,124.17,entry (LONG),+0.0000
2026-03-28 18:22:25,intraday,USO,LONG,9,124.17,entry (LONG),+0.0000
2026-03-28 18:23:30,intraday,USO,LONG,9,124.17,entry (LONG),+0.0000
2026-03-28 18:24:35,intraday,USO,LONG,9,124.17,entry (LONG),+0.0000
2026-03-28 18:24:59,swing,USO,SHORT,9,124.20,entry (SHORT),+0.0000
2026-03-28 18:25:39,intraday,USO,LONG,9,124.17,entry (LONG),+0.0000
2026-03-28 18:26:44,intraday,USO,LONG,9,124.17,entry (LONG),+0.0000
2026-03-28 18:27:49,intraday,USO,LONG,9,124.17,entry (LONG),+0.0000
2026-03-28 18:29:13,intraday,USO,LONG,9,124.17,entry (LONG),+0.0000
2026-03-28 18:30:18,swing,USO,SHORT,9,124.20,entry (SHORT),+0.0000
2026-03-28 18:30:18,intraday,USO,LONG,9,124.17,entry (LONG),+0.0000
2026-03-28 18:31:23,intraday,USO,LONG,9,124.17,entry (LONG),+0.0000
2026-03-28 18:32:28,intraday,USO,LONG,9,124.17,entry (LONG),+0.0000
2026-03-28 18:33:33,intraday,USO,LONG,9,124.17,entry (LONG),+0.0000
2026-03-28 18:34:38,intraday,USO,LONG,9,124.17,entry (LONG),+0.0000
2026-03-28 18:35:36,swing,USO,SHORT,9,124.20,entry (SHORT),+0.0000
2026-03-28 18:35:43,intraday,USO,LONG,9,124.17,entry (LONG),+0.0000
2026-03-28 18:36:47,intraday,USO,LONG,9,124.17,entry (LONG),+0.0000
2026-03-28 18:37:53,intraday,USO,LONG,9,124.17,entry (LONG),+0.0000
2026-03-28 18:38:58,intraday,USO,LONG,9,124.17,entry (LONG),+0.0000
2026-03-28 18:40:02,intraday,USO,LONG,9,124.17,entry (LONG),+0.0000
2026-03-28 18:40:53,swing,USO,SHORT,9,124.20,entry (SHORT),+0.0000
2026-03-28 18:41:07,intraday,USO,LONG,9,124.17,entry (LONG),+0.0000
2026-03-28 18:42:12,intraday,USO,LONG,9,124.17,entry (LONG),+0.0000
2026-03-28 18:43:17,intraday,USO,LONG,9,124.17,entry (LONG),+0.0000
2026-03-28 18:44:22,intraday,USO,LONG,9,124.17,entry (LONG),+0.0000
2026-03-28 18:45:27,intraday,USO,LONG,9,124.17,entry (LONG),+0.0000
2026-03-28 18:46:10,swing,USO,SHORT,9,124.20,entry (SHORT),+0.0000
2026-03-28 18:46:31,intraday,USO,LONG,9,124.17,entry (LONG),+0.0000
2026-03-28 18:47:36,intraday,USO,LONG,9,124.17,entry (LONG),+0.0000
2026-03-28 18:48:40,intraday,USO,LONG,9,124.17,entry (LONG),+0.0000
2026-03-28 18:49:48,intraday,USO,LONG,9,124.17,entry (LONG),+0.0000
2026-03-28 18:50:52,intraday,USO,LONG,9,124.17,entry (LONG),+0.0000
2026-03-28 18:51:33,swing,USO,SHORT,9,124.20,entry (SHORT),+0.0000
2026-03-28 18:51:57,intraday,USO,LONG,9,124.17,entry (LONG),+0.0000
2026-03-28 18:53:02,intraday,USO,LONG,9,124.17,entry (LONG),+0.0000
2026-03-28 18:54:07,intraday,USO,LONG,9,124.17,entry (LONG),+0.0000
2026-03-28 18:55:11,intraday,USO,LONG,9,124.17,entry (LONG),+0.0000
2026-03-28 18:56:16,intraday,USO,LONG,9,124.17,entry (LONG),+0.0000
2026-03-28 18:56:51,swing,USO,SHORT,9,124.20,entry (SHORT),+0.0000
2026-03-28 18:57:21,intraday,USO,LONG,9,124.17,entry (LONG),+0.0000
2026-03-28 18:58:25,intraday,USO,LONG,9,124.17,entry (LONG),+0.0000
2026-03-28 18:59:30,intraday,USO,LONG,9,124.17,entry (LONG),+0.0000
2026-03-28 19:00:35,intraday,USO,LONG,9,124.17,entry (LONG),+0.0000
2026-03-28 19:01:40,intraday,USO,LONG,9,124.17,entry (LONG),+0.0000
2026-03-28 19:02:12,swing,USO,SHORT,9,124.20,entry (SHORT),+0.0000
2026-03-28 19:02:45,intraday,USO,LONG,9,124.17,entry (LONG),+0.0000
2026-03-28 19:03:50,intraday,USO,LONG,9,124.17,entry (LONG),+0.0000
2026-03-28 19:04:56,intraday,USO,LONG,9,124.17,entry (LONG),+0.0000
2026-03-28 19:06:01,intraday,USO,LONG,9,124.17,entry (LONG),+0.0000
2026-03-28 19:07:05,intraday,USO,LONG,9,124.17,entry (LONG),+0.0000
2026-03-28 19:07:39,swing,USO,SHORT,9,124.20,entry (SHORT),+0.0000
2026-03-28 19:08:10,intraday,USO,LONG,9,124.17,entry (LONG),+0.0000
2026-03-28 19:09:15,intraday,USO,LONG,9,124.17,entry (LONG),+0.0000
2026-03-28 19:10:20,intraday,USO,LONG,9,124.17,entry (LONG),+0.0000
2026-03-28 19:11:24,intraday,USO,LONG,9,124.17,entry (LONG),+0.0000
2026-03-28 19:12:29,intraday,USO,LONG,9,124.17,entry (LONG),+0.0000
2026-03-28 19:13:06,swing,USO,SHORT,9,124.20,entry (SHORT),+0.0000
2026-03-28 19:13:34,intraday,USO,LONG,9,124.17,entry (LONG),+0.0000
2026-03-28 19:14:39,intraday,USO,LONG,9,124.17,entry (LONG),+0.0000
2026-03-28 19:15:44,intraday,USO,LONG,9,124.17,entry (LONG),+0.0000
2026-03-28 19:16:48,intraday,USO,LONG,9,124.17,entry (LONG),+0.0000
2026-03-28 19:17:53,intraday,USO,LONG,9,124.17,entry (LONG),+0.0000
2026-03-28 19:18:26,swing,USO,SHORT,9,124.20,entry (SHORT),+0.0000
2026-03-28 19:18:58,intraday,USO,LONG,9,124.17,entry (LONG),+0.0000
2026-03-28 19:20:04,intraday,USO,LONG,9,124.17,entry (LONG),+0.0000
2026-03-28 19:21:08,intraday,USO,LONG,9,124.17,entry (LONG),+0.0000
2026-03-28 19:22:13,intraday,USO,LONG,9,124.17,entry (LONG),+0.0000
2026-03-28 19:23:18,intraday,USO,LONG,9,124.17,entry (LONG),+0.0000
2026-03-28 19:23:46,swing,USO,SHORT,9,124.20,entry (SHORT),+0.0000
2026-03-28 19:24:23,intraday,USO,LONG,9,124.17,entry (LONG),+0.0000
2026-03-28 19:25:28,intraday,USO,LONG,9,124.17,entry (LONG),+0.0000
2026-03-28 19:26:32,intraday,USO,LONG,9,124.17,entry (LONG),+0.0000
2026-03-28 19:27:37,intraday,USO,LONG,9,124.17,entry (LONG),+0.0000
2026-03-28 19:28:45,intraday,USO,LONG,9,124.17,entry (LONG),+0.0000
2026-03-28 19:29:06,swing,USO,SHORT,9,124.20,entry (SHORT),+0.0000
2026-03-28 19:30:11,intraday,USO,LONG,9,124.17,entry (LONG),+0.0000
2026-03-28 19:31:16,intraday,USO,LONG,9,124.17,entry (LONG),+0.0000
2026-03-28 19:32:21,intraday,USO,LONG,9,124.17,entry (LONG),+0.0000
2026-03-28 19:33:26,intraday,USO,LONG,9,124.17,entry (LONG),+0.0000
2026-03-28 19:34:28,swing,USO,SHORT,9,124.20,entry (SHORT),+0.0000
2026-03-28 19:34:31,intraday,USO,LONG,9,124.17,entry (LONG),+0.0000
2026-03-28 19:35:36,intraday,USO,LONG,9,124.17,entry (LONG),+0.0000
2026-03-28 19:36:41,intraday,USO,LONG,9,124.17,entry (LONG),+0.0000
2026-03-28 19:37:46,intraday,USO,LONG,9,124.17,entry (LONG),+0.0000
2026-03-28 19:38:51,intraday,USO,LONG,9,124.17,entry (LONG),+0.0000
2026-03-28 19:39:48,swing,USO,SHORT,9,124.20,entry (SHORT),+0.0000
2026-03-28 19:39:55,intraday,USO,LONG,9,124.17,entry (LONG),+0.0000
2026-03-28 19:41:00,intraday,USO,LONG,9,124.17,entry (LONG),+0.0000
2026-03-28 19:42:04,intraday,USO,LONG,9,124.17,entry (LONG),+0.0000
2026-03-28 19:43:09,intraday,USO,LONG,9,124.17,entry (LONG),+0.0000
2026-03-28 19:44:14,intraday,USO,LONG,9,124.17,entry (LONG),+0.0000
2026-03-28 19:45:04,swing,USO,SHORT,9,124.20,entry (SHORT),+0.0000
2026-03-28 19:45:18,intraday,USO,LONG,9,124.17,entry (LONG),+0.0000
2026-03-28 19:46:23,intraday,USO,LONG,9,124.17,entry (LONG),+0.0000
2026-03-28 19:47:28,intraday,USO,LONG,9,124.17,entry (LONG),+0.0000
2026-03-28 19:48:32,intraday,USO,LONG,9,124.17,entry (LONG),+0.0000
2026-03-28 19:49:37,intraday,USO,LONG,9,124.17,entry (LONG),+0.0000
2026-03-28 19:50:22,swing,USO,SHORT,9,124.20,entry (SHORT),+0.0000
2026-03-28 19:50:42,intraday,USO,LONG,9,124.17,entry (LONG),+0.0000
2026-03-28 19:51:46,intraday,USO,LONG,9,124.17,entry (LONG),+0.0000
2026-03-28 19:52:51,intraday,USO,LONG,9,124.17,entry (LONG),+0.0000
2026-03-28 19:53:56,intraday,USO,LONG,9,124.17,entry (LONG),+0.0000
2026-03-28 19:55:01,intraday,USO,LONG,9,124.17,entry (LONG),+0.0000
2026-03-28 19:55:40,swing,USO,SHORT,9,124.20,entry (SHORT),+0.0000
2026-03-28 19:56:06,intraday,USO,LONG,9,124.17,entry (LONG),+0.0000
2026-03-28 19:57:10,intraday,USO,LONG,9,124.17,entry (LONG),+0.0000
2026-03-28 19:58:15,intraday,USO,LONG,9,124.17,entry (LONG),+0.0000
2026-03-28 19:59:20,intraday,USO,LONG,9,124.17,entry (LONG),+0.0000
2026-03-28 20:00:25,intraday,USO,LONG,9,124.17,entry (LONG),+0.0000
2026-03-28 20:00:59,swing,USO,SHORT,9,124.20,entry (SHORT),+0.0000
2026-03-28 20:01:29,intraday,USO,LONG,9,124.17,entry (LONG),+0.0000
2026-03-28 20:02:34,intraday,USO,LONG,9,124.17,entry (LONG),+0.0000
2026-03-28 20:03:39,intraday,USO,LONG,9,124.17,entry (LONG),+0.0000
2026-03-28 20:04:43,intraday,USO,LONG,9,124.17,entry (LONG),+0.0000
2026-03-28 20:05:48,intraday,USO,LONG,9,124.17,entry (LONG),+0.0000
2026-03-28 20:06:17,swing,USO,SHORT,9,124.20,entry (SHORT),+0.0000
2026-03-28 20:06:53,intraday,USO,LONG,9,124.17,entry (LONG),+0.0000
2026-03-28 20:07:58,intraday,USO,LONG,9,124.17,entry (LONG),+0.0000
2026-03-28 20:09:03,intraday,USO,LONG,9,124.17,entry (LONG),+0.0000
2026-03-28 20:10:07,intraday,USO,LONG,9,124.17,entry (LONG),+0.0000
2026-03-28 20:11:12,intraday,USO,LONG,9,124.17,entry (LONG),+0.0000
2026-03-28 20:11:34,swing,USO,SHORT,9,124.20,entry (SHORT),+0.0000
2026-03-28 20:12:16,intraday,USO,LONG,9,124.17,entry (LONG),+0.0000
2026-03-28 20:13:22,intraday,USO,LONG,9,124.17,entry (LONG),+0.0000
2026-03-28 20:14:27,intraday,USO,LONG,9,124.17,entry (LONG),+0.0000
2026-03-28 20:15:31,intraday,USO,LONG,9,124.17,entry (LONG),+0.0000
2026-03-28 20:16:36,intraday,USO,LONG,9,124.17,entry (LONG),+0.0000
2026-03-28 20:16:52,swing,USO,SHORT,9,124.20,entry (SHORT),+0.0000
2026-03-28 20:17:41,intraday,USO,LONG,9,124.17,entry (LONG),+0.0000
2026-03-28 20:18:46,intraday,USO,LONG,9,124.17,entry (LONG),+0.0000
2026-03-28 20:19:51,intraday,USO,LONG,9,124.17,entry (LONG),+0.0000
2026-03-28 20:20:55,intraday,USO,LONG,9,124.17,entry (LONG),+0.0000
2026-03-28 20:22:00,intraday,USO,LONG,9,124.17,entry (LONG),+0.0000
2026-03-28 20:22:09,swing,USO,SHORT,9,124.20,entry (SHORT),+0.0000
2026-03-28 20:23:05,intraday,USO,LONG,9,124.17,entry (LONG),+0.0000
2026-03-28 20:24:10,intraday,USO,LONG,9,124.17,entry (LONG),+0.0000
2026-03-28 20:25:15,intraday,USO,LONG,9,124.17,entry (LONG),+0.0000
2026-03-28 20:26:20,intraday,USO,LONG,9,124.17,entry (LONG),+0.0000
2026-03-28 20:27:24,intraday,USO,LONG,9,124.17,entry (LONG),+0.0000
2026-03-28 20:27:28,swing,USO,SHORT,9,124.20,entry (SHORT),+0.0000
2026-03-28 20:28:31,intraday,USO,LONG,9,124.17,entry (LONG),+0.0000
2026-03-28 20:29:36,intraday,USO,LONG,9,124.17,entry (LONG),+0.0000
2026-03-28 20:31:01,intraday,USO,LONG,9,124.17,entry (LONG),+0.0000
2026-03-28 20:32:05,intraday,USO,LONG,9,124.17,entry (LONG),+0.0000
2026-03-28 20:32:45,swing,USO,SHORT,9,124.20,entry (SHORT),+0.0000
2026-03-28 20:33:10,intraday,USO,LONG,9,124.17,entry (LONG),+0.0000
2026-03-28 20:34:15,intraday,USO,LONG,9,124.17,entry (LONG),+0.0000
2026-03-28 20:35:20,intraday,USO,LONG,9,124.17,entry (LONG),+0.0000
2026-03-28 20:36:24,intraday,USO,LONG,9,124.17,entry (LONG),+0.0000
2026-03-28 20:37:29,intraday,USO,LONG,9,124.17,entry (LONG),+0.0000
2026-03-28 20:38:02,swing,USO,SHORT,9,124.20,entry (SHORT),+0.0000
2026-03-28 20:38:33,intraday,USO,LONG,9,124.17,entry (LONG),+0.0000
2026-03-28 20:39:38,intraday,USO,LONG,9,124.17,entry (LONG),+0.0000
2026-03-28 20:40:43,intraday,USO,LONG,9,124.17,entry (LONG),+0.0000
2026-03-28 20:41:48,intraday,USO,LONG,9,124.17,entry (LONG),+0.0000
2026-03-28 20:42:52,intraday,USO,LONG,9,124.17,entry (LONG),+0.0000
2026-03-28 20:43:19,swing,USO,SHORT,9,124.20,entry (SHORT),+0.0000
2026-03-28 20:43:57,intraday,USO,LONG,9,124.17,entry (LONG),+0.0000
2026-03-28 20:45:02,intraday,USO,LONG,9,124.17,entry (LONG),+0.0000
2026-03-28 20:46:08,intraday,USO,LONG,9,124.17,entry (LONG),+0.0000
2026-03-28 20:47:13,intraday,USO,LONG,9,124.17,entry (LONG),+0.0000
2026-03-28 20:48:18,intraday,USO,LONG,9,124.17,entry (LONG),+0.0000
2026-03-28 20:48:37,swing,USO,SHORT,9,124.20,entry (SHORT),+0.0000
2026-03-28 20:49:23,intraday,USO,LONG,9,124.17,entry (LONG),+0.0000
2026-03-28 20:50:28,intraday,USO,LONG,9,124.17,entry (LONG),+0.0000
2026-03-28 20:51:32,intraday,USO,LONG,9,124.17,entry (LONG),+0.0000
2026-03-28 20:52:37,intraday,USO,LONG,9,124.17,entry (LONG),+0.0000
2026-03-28 20:53:42,intraday,USO,LONG,9,124.17,entry (LONG),+0.0000
2026-03-28 20:54:10,swing,USO,SHORT,9,124.20,entry (SHORT),+0.0000
2026-03-28 20:54:48,intraday,USO,LONG,9,124.17,entry (LONG),+0.0000
2026-03-28 20:55:53,intraday,USO,LONG,9,124.17,entry (LONG),+0.0000
2026-03-28 20:56:58,intraday,USO,LONG,9,124.17,entry (LONG),+0.0000
2026-03-28 20:58:03,intraday,USO,LONG,9,124.17,entry (LONG),+0.0000
2026-03-28 20:59:08,intraday,USO,LONG,9,124.17,entry (LONG),+0.0000
2026-03-28 20:59:32,swing,USO,SHORT,9,124.20,entry (SHORT),+0.0000
2026-03-28 21:00:13,intraday,USO,LONG,9,124.17,entry (LONG),+0.0000
2026-03-28 21:01:18,intraday,USO,LONG,9,124.17,entry (LONG),+0.0000
2026-03-28 21:02:23,intraday,USO,LONG,9,124.17,entry (LONG),+0.0000
2026-03-28 21:03:27,intraday,USO,LONG,9,124.17,entry (LONG),+0.0000
2026-03-28 21:04:32,intraday,USO,LONG,9,124.17,entry (LONG),+0.0000
2026-03-28 21:04:52,swing,USO,SHORT,9,124.20,entry (SHORT),+0.0000
2026-03-28 21:05:37,intraday,USO,LONG,9,124.17,entry (LONG),+0.0000
2026-03-28 21:06:41,intraday,USO,LONG,9,124.17,entry (LONG),+0.0000
2026-03-28 21:07:46,intraday,USO,LONG,9,124.17,entry (LONG),+0.0000
2026-03-28 21:08:51,intraday,USO,LONG,9,124.17,entry (LONG),+0.0000
2026-03-28 21:09:56,intraday,USO,LONG,9,124.17,entry (LONG),+0.0000
2026-03-28 21:10:22,swing,USO,SHORT,9,124.20,entry (SHORT),+0.0000
2026-03-28 21:11:00,intraday,USO,LONG,9,124.17,entry (LONG),+0.0000
2026-03-28 21:12:05,intraday,USO,LONG,9,124.17,entry (LONG),+0.0000
2026-03-28 21:13:10,intraday,USO,LONG,9,124.17,entry (LONG),+0.0000
2026-03-28 21:14:15,intraday,USO,LONG,9,124.17,entry (LONG),+0.0000
2026-03-28 21:15:20,intraday,USO,LONG,9,124.17,entry (LONG),+0.0000
2026-03-28 21:15:44,swing,USO,SHORT,9,124.20,entry (SHORT),+0.0000
2026-03-28 21:16:25,intraday,USO,LONG,9,124.17,entry (LONG),+0.0000
2026-03-28 21:17:29,intraday,USO,LONG,9,124.17,entry (LONG),+0.0000
2026-03-28 21:18:34,intraday,USO,LONG,9,124.17,entry (LONG),+0.0000
2026-03-28 21:19:40,intraday,USO,LONG,9,124.17,entry (LONG),+0.0000
2026-03-28 21:20:45,intraday,USO,LONG,9,124.17,entry (LONG),+0.0000
2026-03-28 21:21:03,swing,USO,SHORT,9,124.20,entry (SHORT),+0.0000
2026-03-28 21:21:50,intraday,USO,LONG,9,124.17,entry (LONG),+0.0000
2026-03-28 21:22:54,intraday,USO,LONG,9,124.17,entry (LONG),+0.0000
2026-03-28 21:23:59,intraday,USO,LONG,9,124.17,entry (LONG),+0.0000
2026-03-28 21:25:04,intraday,USO,LONG,9,124.17,entry (LONG),+0.0000
2026-03-28 21:26:09,intraday,USO,LONG,9,124.17,entry (LONG),+0.0000
2026-03-28 21:26:20,swing,USO,SHORT,9,124.20,entry (SHORT),+0.0000
2026-03-28 21:27:13,intraday,USO,LONG,9,124.17,entry (LONG),+0.0000
2026-03-28 21:28:20,intraday,USO,LONG,9,124.17,entry (LONG),+0.0000
2026-03-28 21:29:25,intraday,USO,LONG,9,124.17,entry (LONG),+0.0000
2026-03-28 21:30:30,intraday,USO,LONG,9,124.17,entry (LONG),+0.0000
2026-03-28 21:31:39,swing,USO,SHORT,9,124.20,entry (SHORT),+0.0000
2026-03-28 21:31:57,intraday,USO,LONG,9,124.17,entry (LONG),+0.0000
2026-03-28 21:33:02,intraday,USO,LONG,9,124.17,entry (LONG),+0.0000
2026-03-28 21:34:06,intraday,USO,LONG,9,124.17,entry (LONG),+0.0000
2026-03-28 21:35:11,intraday,USO,LONG,9,124.17,entry (LONG),+0.0000
2026-03-28 21:36:16,intraday,USO,LONG,9,124.17,entry (LONG),+0.0000
2026-03-28 21:36:58,swing,USO,SHORT,9,124.20,entry (SHORT),+0.0000
2026-03-28 21:37:21,intraday,USO,LONG,9,124.17,entry (LONG),+0.0000
2026-03-28 21:38:25,intraday,USO,LONG,9,124.17,entry (LONG),+0.0000
2026-03-28 21:39:30,intraday,USO,LONG,9,124.17,entry (LONG),+0.0000
2026-03-28 21:40:35,intraday,USO,LONG,9,124.17,entry (LONG),+0.0000
2026-03-28 21:41:40,intraday,USO,LONG,9,124.17,entry (LONG),+0.0000
2026-03-28 21:42:15,swing,USO,SHORT,9,124.20,entry (SHORT),+0.0000
2026-03-28 21:42:45,intraday,USO,LONG,9,124.17,entry (LONG),+0.0000
2026-03-28 21:43:50,intraday,USO,LONG,9,124.17,entry (LONG),+0.0000
2026-03-28 21:44:55,intraday,USO,LONG,9,124.17,entry (LONG),+0.0000
2026-03-28 21:46:00,intraday,USO,LONG,9,124.17,entry (LONG),+0.0000
2026-03-28 21:47:05,intraday,USO,LONG,9,124.17,entry (LONG),+0.0000
2026-03-28 21:47:32,swing,USO,SHORT,9,124.20,entry (SHORT),+0.0000
2026-03-28 21:48:09,intraday,USO,LONG,9,124.17,entry (LONG),+0.0000
2026-03-28 21:49:14,intraday,USO,LONG,9,124.17,entry (LONG),+0.0000
2026-03-28 21:50:19,intraday,USO,LONG,9,124.17,entry (LONG),+0.0000
2026-03-28 21:51:24,intraday,USO,LONG,9,124.17,entry (LONG),+0.0000
2026-03-28 21:52:28,intraday,USO,LONG,9,124.17,entry (LONG),+0.0000
2026-03-28 21:52:53,swing,USO,SHORT,9,124.20,entry (SHORT),+0.0000
2026-03-28 21:53:33,intraday,USO,LONG,9,124.17,entry (LONG),+0.0000
2026-03-28 21:54:38,intraday,USO,LONG,9,124.17,entry (LONG),+0.0000
2026-03-28 21:55:42,intraday,USO,LONG,9,124.17,entry (LONG),+0.0000
2026-03-28 21:56:47,intraday,USO,LONG,9,124.17,entry (LONG),+0.0000
2026-03-28 21:57:52,intraday,USO,LONG,9,124.17,entry (LONG),+0.0000
2026-03-28 21:58:10,swing,USO,SHORT,9,124.20,entry (SHORT),+0.0000
2026-03-28 21:58:56,intraday,USO,LONG,9,124.17,entry (LONG),+0.0000
2026-03-28 22:00:01,intraday,USO,LONG,9,124.17,entry (LONG),+0.0000
2026-03-28 22:01:05,intraday,USO,LONG,9,124.17,entry (LONG),+0.0000
2026-03-28 22:02:10,intraday,USO,LONG,9,124.17,entry (LONG),+0.0000
2026-03-28 22:03:15,intraday,USO,LONG,9,124.17,entry (LONG),+0.0000
2026-03-28 22:03:27,swing,USO,SHORT,9,124.20,entry (SHORT),+0.0000
2026-03-28 22:04:20,intraday,USO,LONG,9,124.17,entry (LONG),+0.0000
2026-03-28 22:05:25,intraday,USO,LONG,9,124.17,entry (LONG),+0.0000
2026-03-28 22:06:29,intraday,USO,LONG,9,124.17,entry (LONG),+0.0000
2026-03-28 22:07:34,intraday,USO,LONG,9,124.17,entry (LONG),+0.0000
2026-03-28 22:08:38,intraday,USO,LONG,9,124.17,entry (LONG),+0.0000
2026-03-28 22:08:45,swing,USO,SHORT,9,124.20,entry (SHORT),+0.0000
2026-03-28 22:09:44,intraday,USO,LONG,9,124.17,entry (LONG),+0.0000
2026-03-28 22:10:49,intraday,USO,LONG,9,124.17,entry (LONG),+0.0000
2026-03-28 22:11:53,intraday,USO,LONG,9,124.17,entry (LONG),+0.0000
2026-03-28 22:12:58,intraday,USO,LONG,9,124.17,entry (LONG),+0.0000
2026-03-28 22:14:02,swing,USO,SHORT,9,124.20,entry (SHORT),+0.0000
2026-03-28 22:14:03,intraday,USO,LONG,9,124.17,entry (LONG),+0.0000
2026-03-28 22:15:08,intraday,USO,LONG,9,124.17,entry (LONG),+0.0000
2026-03-28 22:16:13,intraday,USO,LONG,9,124.17,entry (LONG),+0.0000
2026-03-28 22:17:18,intraday,USO,LONG,9,124.17,entry (LONG),+0.0000
2026-03-28 22:18:22,intraday,USO,LONG,9,124.17,entry (LONG),+0.0000
2026-03-28 22:19:20,swing,USO,SHORT,9,124.20,entry (SHORT),+0.0000
2026-03-28 22:19:27,intraday,USO,LONG,9,124.17,entry (LONG),+0.0000
2026-03-28 22:20:32,intraday,USO,LONG,9,124.17,entry (LONG),+0.0000
2026-03-28 22:21:37,intraday,USO,LONG,9,124.17,entry (LONG),+0.0000
2026-03-28 22:22:42,intraday,USO,LONG,9,124.17,entry (LONG),+0.0000
2026-03-28 22:23:46,intraday,USO,LONG,9,124.17,entry (LONG),+0.0000
2026-03-28 22:24:41,swing,USO,SHORT,9,124.20,entry (SHORT),+0.0000
2026-03-28 22:24:51,intraday,USO,LONG,9,124.17,entry (LONG),+0.0000
2026-03-28 22:25:56,intraday,USO,LONG,9,124.17,entry (LONG),+0.0000
2026-03-28 22:27:01,intraday,USO,LONG,9,124.17,entry (LONG),+0.0000
2026-03-28 22:28:05,intraday,USO,LONG,9,124.17,entry (LONG),+0.0000
2026-03-28 22:29:11,intraday,USO,LONG,9,124.17,entry (LONG),+0.0000
2026-03-28 22:29:58,swing,USO,SHORT,9,124.20,entry (SHORT),+0.0000
2026-03-28 22:30:16,intraday,USO,LONG,9,124.17,entry (LONG),+0.0000
2026-03-28 22:31:21,intraday,USO,LONG,9,124.17,entry (LONG),+0.0000
2026-03-28 22:32:48,intraday,USO,LONG,9,124.17,entry (LONG),+0.0000
2026-03-28 22:33:53,intraday,USO,LONG,9,124.17,entry (LONG),+0.0000
2026-03-28 22:34:57,intraday,USO,LONG,9,124.17,entry (LONG),+0.0000
2026-03-28 22:35:20,swing,USO,SHORT,9,124.20,entry (SHORT),+0.0000
2026-03-28 22:36:02,intraday,USO,LONG,9,124.17,entry (LONG),+0.0000
2026-03-28 22:37:07,intraday,USO,LONG,9,124.17,entry (LONG),+0.0000
2026-03-28 22:38:12,intraday,USO,LONG,9,124.17,entry (LONG),+0.0000
2026-03-28 22:39:17,intraday,USO,LONG,9,124.17,entry (LONG),+0.0000
2026-03-28 22:40:21,intraday,USO,LONG,9,124.17,entry (LONG),+0.0000
2026-03-28 22:40:39,swing,USO,SHORT,9,124.20,entry (SHORT),+0.0000
2026-03-28 22:41:26,intraday,USO,LONG,9,124.17,entry (LONG),+0.0000
2026-03-28 22:42:31,intraday,USO,LONG,9,124.17,entry (LONG),+0.0000
2026-03-28 22:43:36,intraday,USO,LONG,9,124.17,entry (LONG),+0.0000
2026-03-28 22:44:41,intraday,USO,LONG,9,124.17,entry (LONG),+0.0000
2026-03-28 22:45:46,intraday,USO,LONG,9,124.17,entry (LONG),+0.0000
2026-03-28 22:45:58,swing,USO,SHORT,9,124.20,entry (SHORT),+0.0000
2026-03-28 22:46:50,intraday,USO,LONG,9,124.17,entry (LONG),+0.0000
2026-03-28 22:47:55,intraday,USO,LONG,9,124.17,entry (LONG),+0.0000
2026-03-28 22:49:00,intraday,USO,LONG,9,124.17,entry (LONG),+0.0000
2026-03-28 22:50:05,intraday,USO,LONG,9,124.17,entry (LONG),+0.0000
2026-03-28 22:51:10,intraday,USO,LONG,9,124.17,entry (LONG),+0.0000
2026-03-28 22:51:17,swing,USO,SHORT,9,124.20,entry (SHORT),+0.0000
2026-03-28 22:52:15,intraday,USO,LONG,9,124.17,entry (LONG),+0.0000
2026-03-28 22:53:20,intraday,USO,LONG,9,124.17,entry (LONG),+0.0000
2026-03-28 22:54:24,intraday,USO,LONG,9,124.17,entry (LONG),+0.0000
2026-03-28 22:55:29,intraday,USO,LONG,9,124.17,entry (LONG),+0.0000
2026-03-28 22:56:33,intraday,USO,LONG,9,124.17,entry (LONG),+0.0000
2026-03-28 22:56:36,swing,USO,SHORT,9,124.20,entry (SHORT),+0.0000
2026-03-28 22:57:38,intraday,USO,LONG,9,124.17,entry (LONG),+0.0000
2026-03-28 22:58:42,intraday,USO,LONG,9,124.17,entry (LONG),+0.0000
2026-03-28 22:59:47,intraday,USO,LONG,9,124.17,entry (LONG),+0.0000
2026-03-28 23:00:52,intraday,USO,LONG,9,124.17,entry (LONG),+0.0000
2026-03-28 23:01:53,swing,USO,SHORT,9,124.20,entry (SHORT),+0.0000
2026-03-28 23:01:57,intraday,USO,LONG,9,124.17,entry (LONG),+0.0000
2026-03-28 23:03:02,intraday,USO,LONG,9,124.17,entry (LONG),+0.0000
2026-03-28 23:04:07,intraday,USO,LONG,9,124.17,entry (LONG),+0.0000
2026-03-28 23:05:11,intraday,USO,LONG,9,124.17,entry (LONG),+0.0000
2026-03-28 23:06:17,intraday,USO,LONG,9,124.17,entry (LONG),+0.0000
2026-03-28 23:07:10,swing,USO,SHORT,9,124.20,entry (SHORT),+0.0000
2026-03-28 23:07:21,intraday,USO,LONG,9,124.17,entry (LONG),+0.0000
2026-03-28 23:08:26,intraday,USO,LONG,9,124.17,entry (LONG),+0.0000
2026-03-28 23:09:31,intraday,USO,LONG,9,124.17,entry (LONG),+0.0000
2026-03-28 23:10:36,intraday,USO,LONG,9,124.17,entry (LONG),+0.0000
2026-03-28 23:11:40,intraday,USO,LONG,9,124.17,entry (LONG),+0.0000
2026-03-28 23:12:27,swing,USO,SHORT,9,124.20,entry (SHORT),+0.0000
2026-03-28 23:12:46,intraday,USO,LONG,9,124.17,entry (LONG),+0.0000
2026-03-28 23:13:51,intraday,USO,LONG,9,124.17,entry (LONG),+0.0000
2026-03-28 23:15:01,intraday,USO,LONG,9,124.17,entry (LONG),+0.0000
2026-03-28 23:16:07,intraday,USO,LONG,9,124.17,entry (LONG),+0.0000
2026-03-28 23:17:14,intraday,USO,LONG,9,124.17,entry (LONG),+0.0000
2026-03-28 23:17:49,swing,USO,SHORT,9,124.20,entry (SHORT),+0.0000
2026-03-28 23:18:19,intraday,USO,LONG,9,124.17,entry (LONG),+0.0000
2026-03-28 23:19:24,intraday,USO,LONG,9,124.17,entry (LONG),+0.0000
2026-03-28 23:20:28,intraday,USO,LONG,9,124.17,entry (LONG),+0.0000
2026-03-28 23:21:33,intraday,USO,LONG,9,124.17,entry (LONG),+0.0000
2026-03-28 23:22:38,intraday,USO,LONG,9,124.17,entry (LONG),+0.0000
2026-03-28 23:23:05,swing,USO,SHORT,9,124.20,entry (SHORT),+0.0000
2026-03-28 23:23:45,intraday,USO,LONG,9,124.17,entry (LONG),+0.0000
2026-03-28 23:24:49,intraday,USO,LONG,9,124.17,entry (LONG),+0.0000
2026-03-28 23:25:54,intraday,USO,LONG,9,124.17,entry (LONG),+0.0000
2026-03-28 23:26:59,intraday,USO,LONG,9,124.17,entry (LONG),+0.0000
2026-03-28 23:28:03,intraday,USO,LONG,9,124.17,entry (LONG),+0.0000
2026-03-28 23:28:24,swing,USO,SHORT,9,124.20,entry (SHORT),+0.0000
2026-03-28 23:29:09,intraday,USO,LONG,9,124.17,entry (LONG),+0.0000
2026-03-28 23:30:13,intraday,USO,LONG,9,124.17,entry (LONG),+0.0000
2026-03-28 23:31:21,intraday,USO,LONG,9,124.17,entry (LONG),+0.0000
2026-03-28 23:32:26,intraday,USO,LONG,9,124.17,entry (LONG),+0.0000
2026-03-28 23:33:44,swing,USO,SHORT,9,124.20,entry (SHORT),+0.0000
2026-03-28 23:33:51,intraday,USO,LONG,9,124.17,entry (LONG),+0.0000
2026-03-28 23:34:56,intraday,USO,LONG,9,124.17,entry (LONG),+0.0000
2026-03-28 23:36:02,intraday,USO,LONG,9,124.17,entry (LONG),+0.0000
2026-03-28 23:37:06,intraday,USO,LONG,9,124.17,entry (LONG),+0.0000
2026-03-28 23:38:11,intraday,USO,LONG,9,124.17,entry (LONG),+0.0000
2026-03-28 23:39:01,swing,USO,SHORT,9,124.20,entry (SHORT),+0.0000
2026-03-28 23:39:16,intraday,USO,LONG,9,124.17,entry (LONG),+0.0000
2026-03-28 23:40:21,intraday,USO,LONG,9,124.17,entry (LONG),+0.0000
2026-03-28 23:41:25,intraday,USO,LONG,9,124.17,entry (LONG),+0.0000
2026-03-28 23:42:30,intraday,USO,LONG,9,124.17,entry (LONG),+0.0000
2026-03-28 23:43:35,intraday,USO,LONG,9,124.17,entry (LONG),+0.0000
2026-03-28 23:44:17,swing,USO,SHORT,9,124.20,entry (SHORT),+0.0000
2026-03-28 23:44:39,intraday,USO,LONG,9,124.17,entry (LONG),+0.0000
2026-03-28 23:45:44,intraday,USO,LONG,9,124.17,entry (LONG),+0.0000
2026-03-28 23:46:48,intraday,USO,LONG,9,124.17,entry (LONG),+0.0000
2026-03-28 23:47:53,intraday,USO,LONG,9,124.17,entry (LONG),+0.0000
2026-03-28 23:48:58,intraday,USO,LONG,9,124.17,entry (LONG),+0.0000
2026-03-28 23:49:35,swing,USO,SHORT,9,124.20,entry (SHORT),+0.0000
2026-03-28 23:50:03,intraday,USO,LONG,9,124.17,entry (LONG),+0.0000
2026-03-28 23:51:08,intraday,USO,LONG,9,124.17,entry (LONG),+0.0000
2026-03-28 23:52:12,intraday,USO,LONG,9,124.17,entry (LONG),+0.0000
2026-03-28 23:53:17,intraday,USO,LONG,9,124.17,entry (LONG),+0.0000
2026-03-28 23:54:24,intraday,USO,LONG,9,124.17,entry (LONG),+0.0000
2026-03-28 23:54:51,swing,USO,SHORT,9,124.20,entry (SHORT),+0.0000
2026-03-28 23:55:28,intraday,USO,LONG,9,124.17,entry (LONG),+0.0000
2026-03-28 23:56:33,intraday,USO,LONG,9,124.17,entry (LONG),+0.0000
2026-03-28 23:57:41,intraday,USO,LONG,9,124.17,entry (LONG),+0.0000
2026-03-28 23:58:46,intraday,USO,LONG,9,124.17,entry (LONG),+0.0000
2026-03-28 23:59:51,intraday,USO,LONG,9,124.17,entry (LONG),+0.0000
