timestamp,group,symbol,side,qty,price,reason,pnl_pct
2026-03-18 06:34:35,swing,GLD,SHORT,3,446.22,entry (SHORT),+0.0000
2026-03-18 07:52:31,swing,IBIT,SHORT,32.0,40.51,signal_decay (E[r]=+0.0035),+0.0329
2026-03-18 08:18:23,swing,IBIT,SHORT,34,40.38,entry (SHORT),+0.0000
2026-03-18 09:51:40,swing,IBIT,SHORT,34.0,40.43,signal_decay (E[r]=+0.0046),-0.0016
2026-03-18 10:07:14,swing,IBIT,SHORT,17,40.36,entry (SHORT),+0.0000
2026-03-18 10:19:00,swing,IBIT,SHORT,17.0,40.40,signal_decay (E[r]=+0.0062),-0.0010
2026-03-18 10:55:29,swing,IBIT,SHORT,34,40.61,entry (SHORT),+0.0000
2026-03-18 10:56:35,crypto,FIL/USD,SHORT,580.75926,0.91,signal_decay (E[r]=+0.0506),+0.0626
2026-03-18 11:02:02,crypto,XTZ/USD,SHORT,1971.477272,0.39,legacy_trailing_stop (3.30%),-0.0008
2026-03-18 11:07:20,crypto,FIL/USD,SHORT,624.858062,0.92,entry (SHORT),+0.0000
2026-03-18 11:47:33,swing,IBIT,SHORT,34.0,40.53,signal_decay (E[r]=+0.0006),+0.0017
2026-03-18 12:41:50,crypto_intraday,OP/USD,SHORT,23692.5864,0.13,entry (SHORT),+0.0000
2026-03-18 12:42:06,swing,EWJ,SHORT,69,84.16,entry (SHORT),+0.0000
2026-03-18 12:42:06,crypto,EGLD/USD,SHORT,191.164421,4.13,"profit_lock+signal_decay (armed, E[r]=+0.0664, PnL=+4.84%)",+0.0484
2026-03-18 12:42:13,swing,TLT,SHORT,66,87.02,entry (SHORT),+0.0000
2026-03-18 12:42:37,swing,EWZ,SHORT,159,36.46,entry (SHORT),+0.0000
2026-03-18 12:42:51,crypto,FIL/USD,SHORT,624.858062,0.92,signal_decay (E[r]=+0.0497),+0.0065
2026-03-18 12:44:24,swing,SLV,SHORT,15,68.91,entry (SHORT),+0.0000
2026-03-18 12:47:51,swing,GLD,SHORT,3.0,445.32,"signal_decay (E[r]=+0.0163, flips=2/2, held=2)",+0.0018
2026-03-18 12:47:58,crypto,FIL/USD,SHORT,624.858062,0.92,"signal_decay (E[r]=+0.0229, flips=2/2, held=2)",+0.0065
2026-03-18 12:49:41,swing,GLD,SHORT,3,444.98,entry (SHORT),+0.0000
2026-03-18 12:53:39,crypto,FIL/USD,SHORT,628.028225,0.92,entry (SHORT),+0.0000
2026-03-18 12:58:26,swing,GLD,SHORT,3.0,444.67,"signal_decay (E[r]=+0.0165, flips=2/2, held=2)",+0.0006
2026-03-18 13:00:12,swing,GLD,SHORT,3,444.83,entry (SHORT),+0.0000
2026-03-18 13:02:03,crypto,OP/USD,SHORT,55071.010114,0.13,entry (SHORT),+0.0000
2026-03-18 13:02:03,crypto,OP/USD,SHORT,55071.010114,0.13,entry (SHORT),+0.0000
2026-03-18 13:02:20,crypto,ATOM/USD,SHORT,1456.373546,1.88,entry (SHORT),+0.0000
2026-03-18 13:02:22,crypto,ATOM/USD,SHORT,1456.373546,1.88,entry (SHORT),+0.0000
2026-03-18 13:02:29,crypto,WLD/USD,SHORT,13847.05393,0.36,entry (SHORT),+0.0000
2026-03-18 13:02:32,crypto,WLD/USD,SHORT,13847.05393,0.36,entry (SHORT),+0.0000
2026-03-18 13:03:48,crypto_intraday,EGLD/USD,SHORT,971.770321,4.12,entry (SHORT),+0.0000
2026-03-18 13:08:55,swing,GLD,SHORT,3.0,444.62,"signal_decay (E[r]=+0.0164, flips=2/2, held=2)",+0.0006
2026-03-18 13:09:30,crypto_intraday,FIL/USD,SHORT,3283.790301,0.91,entry (SHORT),+0.0000
2026-03-18 13:09:41,crypto_intraday,WLD/USD,SHORT,8269.75203,0.36,entry (SHORT),+0.0000
2026-03-18 13:10:39,swing,GLD,SHORT,3,444.87,entry (SHORT),+0.0000
2026-03-18 13:19:17,swing,GLD,SHORT,3.0,443.12,"signal_decay (E[r]=+0.0165, flips=2/2, held=2)",+0.0035
2026-03-18 13:20:56,swing,GLD,SHORT,3,444.74,entry (SHORT),+0.0000
2026-03-18 13:32:00,crypto_intraday,OP/USD,SHORT,23692.5864,0.13,"profit_lock_trail (0.72% from peak, PnL=+0.08%, trail=0.40%)",+0.0008
2026-03-18 13:58:00,crypto,ATOM/USD,SHORT,1456.373546,1.89,"signal_decay (E[r]=+0.0017, flips=2/2, held=4)",-0.0054
2026-03-18 13:58:09,crypto,ATOM/USD,SHORT,1456.373546,1.89,"signal_decay (E[r]=+0.0017, flips=2/2, held=4)",-0.0054
2026-03-18 14:17:28,swing,SLV,SHORT,15,68.70,entry (SHORT),+0.0000
2026-03-18 14:17:33,swing,GLD,SHORT,3,444.74,entry (SHORT),+0.0000
2026-03-18 14:19:15,crypto_intraday,EGLD/USD,SHORT,971.770321,4.09,"profit_lock+signal_decay (armed, E[r]=+0.0765, PnL=+0.97%)",+0.0097
2026-03-18 14:41:29,crypto_intraday,FIL/USD,SHORT,3283.790301,0.93,"signal_reversal_post_horizon (E[r]=+0.0050, bars=17, PnL=-1.31%)",-0.0131
2026-03-18 14:42:07,crypto_intraday,FIL/USD,SHORT,3283.790301,0.93,"signal_reversal_post_horizon (E[r]=+0.0040, bars=17, PnL=-1.31%)",-0.0131
2026-03-18 15:08:55,crypto_intraday,OP/USD,SHORT,23620.255351,0.13,entry (SHORT),+0.0000
2026-03-18 15:09:34,crypto_intraday,OP/USD,SHORT,23618.703766,0.13,entry (SHORT),+0.0000
2026-03-18 15:15:16,crypto_intraday,WLD/USD,SHORT,8269.75203,0.37,"signal_reversal_post_horizon (E[r]=+0.0011, bars=23, PnL=-0.85%)",-0.0085
2026-03-18 15:20:09,crypto_intraday,WLD/USD,SHORT,8269.75203,0.37,"signal_reversal_post_horizon (E[r]=+0.0074, bars=24, PnL=-0.88%)",-0.0088
2026-03-18 15:25:35,crypto_intraday,FIL/USD,LONG,3245.718044,0.92,entry (LONG),+0.0000
2026-03-18 15:26:10,crypto_intraday,FIL/USD,LONG,3245.531674,0.92,entry (LONG),+0.0000
2026-03-18 15:31:51,crypto_intraday,WLD/USD,LONG,8185.293654,0.37,entry (LONG),+0.0000
2026-03-18 15:36:48,crypto_intraday,WLD/USD,LONG,8178.595706,0.37,entry (LONG),+0.0000
2026-03-18 16:15:36,crypto_intraday,OP/USD,SHORT,23620.255351,0.13,"profit_lock+signal_decay (armed, E[r]=+0.0136, PnL=+0.71%)",+0.0071
2026-03-18 16:16:15,crypto_intraday,OP/USD,SHORT,23618.703766,0.13,"profit_lock+signal_decay (armed, E[r]=+0.0136, PnL=+0.71%)",+0.0071
2026-03-18 16:21:06,crypto_intraday,EGLD/USD,LONG,966.940111,4.14,entry (LONG),+0.0000
2026-03-18 16:21:46,crypto_intraday,EGLD/USD,LONG,966.856041,4.14,entry (LONG),+0.0000
2026-03-18 16:34:23,swing,GLD,SHORT,3.0,444.46,"signal_decay (E[r]=+0.0166, flips=2/2, held=2)",-0.0003
2026-03-18 16:37:31,swing,GLD,SHORT,3,444.74,entry (SHORT),+0.0000
2026-03-18 16:41:40,swing,GLD,SHORT,3.0,444.51,"signal_decay (E[r]=+0.0166, flips=2/2, held=2)",-0.0004
2026-03-18 16:42:41,swing,GLD,SHORT,3,444.74,entry (SHORT),+0.0000
2026-03-18 16:49:03,crypto_intraday,FIL/USD,LONG,3245.718044,0.92,"signal_reversal_post_horizon (E[r]=-0.0012, bars=15, PnL=-0.11%)",-0.0011
2026-03-18 16:49:10,crypto_intraday,WLD/USD,LONG,8178.595706,0.37,"signal_reversal_post_horizon (E[r]=-0.0131, bars=13, PnL=+0.46%)",+0.0046
2026-03-18 16:49:42,crypto_intraday,FIL/USD,LONG,3245.531674,0.92,"signal_reversal_post_horizon (E[r]=-0.0012, bars=15, PnL=+0.00%)",+0.0000
2026-03-18 16:49:50,crypto_intraday,WLD/USD,LONG,8185.293654,0.37,"signal_reversal_post_horizon (E[r]=-0.0131, bars=14, PnL=+0.46%)",+0.0046
2026-03-18 16:49:57,swing,GLD,SHORT,3.0,444.00,"signal_decay (E[r]=+0.0166, flips=2/2, held=2)",+0.0013
2026-03-18 16:52:57,swing,GLD,SHORT,3,444.74,entry (SHORT),+0.0000
2026-03-18 17:00:48,swing,EEM,SHORT,54,57.56,entry (SHORT),+0.0000
2026-03-18 17:03:19,swing,GLD,SHORT,3,444.74,entry (SHORT),+0.0000
2026-03-18 17:06:04,swing,EEM,SHORT,39,57.56,entry (SHORT),+0.0000
2026-03-18 17:08:35,swing,GLD,SHORT,3,444.74,entry (SHORT),+0.0000
2026-03-18 17:11:32,swing,USO,LONG,47,121.67,entry (LONG),+0.0000
2026-03-18 17:11:43,swing,PDBC,SHORT,267,17.46,entry (SHORT),+0.0000
2026-03-18 17:11:47,swing,USO,LONG,47,121.67,entry (LONG),+0.0000
2026-03-18 17:11:54,swing,XLE,SHORT,77,58.43,entry (SHORT),+0.0000
2026-03-18 17:11:57,swing,PDBC,SHORT,267,17.46,entry (SHORT),+0.0000
2026-03-18 17:12:00,crypto,ATOM/USD,LONG,5235.522287,1.91,entry (LONG),+0.0000
2026-03-18 17:12:01,swing,EWY,SHORT,33,131.88,entry (SHORT),+0.0000
2026-03-18 17:12:04,swing,XLE,SHORT,77,58.43,entry (SHORT),+0.0000
2026-03-18 17:12:08,swing,XLU,LONG,47,46.73,entry (LONG),+0.0000
2026-03-18 17:12:11,swing,EWY,SHORT,33,131.88,entry (SHORT),+0.0000
2026-03-18 17:12:14,crypto,ATOM/USD,LONG,5235.522287,1.91,entry (LONG),+0.0000
2026-03-18 17:12:18,swing,EWT,SHORT,54,71.34,entry (SHORT),+0.0000
2026-03-18 17:12:18,swing,XLU,LONG,47,46.73,entry (LONG),+0.0000
2026-03-18 17:12:26,swing,EWT,SHORT,54,71.34,entry (SHORT),+0.0000
2026-03-18 17:12:29,crypto,EGLD/USD,LONG,2079.250603,4.13,entry (LONG),+0.0000
2026-03-18 17:12:31,swing,GLD,LONG,17,444.74,entry (LONG),+0.0000
2026-03-18 17:12:39,swing,GLD,LONG,17,444.74,entry (LONG),+0.0000
2026-03-18 17:12:40,crypto,XTZ/USD,LONG,20294.899592,0.39,entry (LONG),+0.0000
2026-03-18 17:12:41,crypto,EGLD/USD,LONG,2079.250603,4.13,entry (LONG),+0.0000
2026-03-18 17:12:48,swing,EWH,LONG,166,22.65,entry (LONG),+0.0000
2026-03-18 17:12:52,crypto,XTZ/USD,LONG,20296.250499,0.39,entry (LONG),+0.0000
2026-03-18 17:12:52,crypto,FIL/USD,LONG,6491.080943,0.92,entry (LONG),+0.0000
2026-03-18 17:12:55,swing,XLB,LONG,77,48.48,entry (LONG),+0.0000
2026-03-18 17:12:56,swing,EWH,LONG,166,22.65,entry (LONG),+0.0000
2026-03-18 17:13:01,swing,XLRE,LONG,54,42.02,entry (LONG),+0.0000
2026-03-18 17:13:03,swing,XLB,LONG,39,48.48,entry (LONG),+0.0000
2026-03-18 17:13:05,crypto,FIL/USD,LONG,6490.723278,0.92,entry (LONG),+0.0000
2026-03-18 17:13:06,crypto,CRV/USD,LONG,12070.666602,0.24,entry (LONG),+0.0000
2026-03-18 17:13:12,swing,EWC,LONG,67,54.81,entry (LONG),+0.0000
2026-03-18 17:13:14,swing,XLRE,LONG,54,42.02,entry (LONG),+0.0000
2026-03-18 17:13:20,swing,EWU,LONG,82,45.38,entry (LONG),+0.0000
2026-03-18 17:13:21,swing,EWC,LONG,67,54.81,entry (LONG),+0.0000
2026-03-18 17:13:22,crypto,CRV/USD,LONG,12070.666602,0.24,entry (LONG),+0.0000
2026-03-18 17:13:23,crypto,INJ/USD,SHORT,1871.160106,3.08,entry (SHORT),+0.0000
2026-03-18 17:13:26,swing,EWA,LONG,132,28.00,entry (LONG),+0.0000
2026-03-18 17:13:28,swing,EWU,LONG,82,45.38,entry (LONG),+0.0000
2026-03-18 17:13:33,swing,XLI,LONG,22,165.18,entry (LONG),+0.0000
2026-03-18 17:13:38,crypto,INJ/USD,SHORT,1871.160106,3.08,entry (SHORT),+0.0000
2026-03-18 17:13:39,swing,VTV,SHORT,10,196.75,entry (SHORT),+0.0000
2026-03-18 17:13:41,crypto,QNT/USD,SHORT,9.979057,73.63,entry (SHORT),+0.0000
2026-03-18 17:13:47,swing,VTV,SHORT,10,196.75,entry (SHORT),+0.0000
2026-03-18 17:13:54,swing,HYG,LONG,46,79.40,entry (LONG),+0.0000
2026-03-18 17:13:54,swing,GLD,SHORT,3,444.74,entry (SHORT),+0.0000
2026-03-18 17:13:55,crypto,QNT/USD,SHORT,9.979057,73.63,entry (SHORT),+0.0000
2026-03-18 17:13:58,crypto,FARTCOIN/USD,SHORT,17635.826777,0.21,entry (SHORT),+0.0000
2026-03-18 17:14:01,swing,EEM,SHORT,27,57.56,entry (SHORT),+0.0000
2026-03-18 17:14:02,swing,HYG,LONG,46,79.40,entry (LONG),+0.0000
2026-03-18 17:14:08,swing,XLP,LONG,44,82.64,entry (LONG),+0.0000
2026-03-18 17:14:09,swing,EEM,LONG,64,57.56,entry (LONG),+0.0000
2026-03-18 17:14:12,crypto,FARTCOIN/USD,SHORT,17635.826777,0.21,entry (SHORT),+0.0000
2026-03-18 17:14:15,swing,URNM,LONG,37,62.55,entry (LONG),+0.0000
2026-03-18 17:14:16,swing,XLP,LONG,44,82.64,entry (LONG),+0.0000
2026-03-18 17:14:18,crypto,LDO/USD,LONG,18118.318858,0.30,entry (LONG),+0.0000
2026-03-18 17:14:21,swing,LQD,LONG,13,108.71,entry (LONG),+0.0000
2026-03-18 17:14:22,swing,URNM,LONG,37,62.55,entry (LONG),+0.0000
2026-03-18 17:14:30,crypto,LDO/USD,LONG,18119.819487,0.30,entry (LONG),+0.0000
2026-03-18 17:14:31,swing,USMV,LONG,39,93.49,entry (LONG),+0.0000
2026-03-18 17:14:36,crypto,ADA/USD,LONG,4010.619107,0.27,entry (LONG),+0.0000
2026-03-18 17:14:37,swing,USMV,LONG,39,93.49,entry (LONG),+0.0000
2026-03-18 17:14:48,crypto,ADA/USD,LONG,4010.477589,0.27,entry (LONG),+0.0000
2026-03-18 17:14:56,swing,EWW,SHORT,49,72.38,entry (SHORT),+0.0000
2026-03-18 17:15:02,swing,EWW,SHORT,49,72.38,entry (SHORT),+0.0000
2026-03-18 17:15:02,crypto,AR/USD,SHORT,2983.045309,1.74,entry (SHORT),+0.0000
2026-03-18 17:15:03,swing,SPY,LONG,5,661.43,entry (LONG),+0.0000
2026-03-18 17:15:10,swing,VGK,LONG,42,82.26,entry (LONG),+0.0000
2026-03-18 17:15:10,swing,SPY,LONG,5,661.43,entry (LONG),+0.0000
2026-03-18 17:15:15,crypto,AR/USD,SHORT,2983.023661,1.74,entry (SHORT),+0.0000
2026-03-18 17:15:18,swing,VGK,LONG,42,82.26,entry (LONG),+0.0000
2026-03-18 17:15:18,swing,IWM,LONG,14,246.02,entry (LONG),+0.0000
2026-03-18 17:15:26,crypto,FET/USD,LONG,22682.30134,0.22,entry (LONG),+0.0000
2026-03-18 17:15:28,swing,IWM,LONG,14,246.02,entry (LONG),+0.0000
2026-03-18 17:15:28,swing,XLV,LONG,23,147.14,entry (LONG),+0.0000
2026-03-18 17:15:35,swing,XLV,LONG,23,147.14,entry (LONG),+0.0000
2026-03-18 17:15:37,crypto,FET/USD,LONG,22682.82153,0.22,entry (LONG),+0.0000
2026-03-18 17:15:42,swing,MCHI,LONG,39,57.23,entry (LONG),+0.0000
2026-03-18 17:15:49,swing,XLY,LONG,30,110.57,entry (LONG),+0.0000
2026-03-18 17:15:49,crypto,ETC/USD,SHORT,580.750527,8.50,entry (SHORT),+0.0000
2026-03-18 17:15:49,swing,MCHI,LONG,39,57.23,entry (LONG),+0.0000
2026-03-18 17:15:55,swing,XLF,LONG,67,48.97,entry (LONG),+0.0000
2026-03-18 17:15:56,swing,XLY,LONG,30,110.57,entry (LONG),+0.0000
2026-03-18 17:16:00,crypto,ETC/USD,SHORT,580.777057,8.50,entry (SHORT),+0.0000
2026-03-18 17:16:02,swing,CIBR,LONG,50,64.96,entry (LONG),+0.0000
2026-03-18 17:16:04,swing,XLF,LONG,67,48.97,entry (LONG),+0.0000
2026-03-18 17:16:10,swing,ARKK,SHORT,45,71.41,entry (SHORT),+0.0000
2026-03-18 17:16:12,swing,CIBR,LONG,50,64.96,entry (LONG),+0.0000
2026-03-18 17:16:12,crypto,CAKE/USD,LONG,4444.570982,1.44,entry (LONG),+0.0000
2026-03-18 17:17:10,swing,USO,LONG,47,121.67,entry (LONG),+0.0000
2026-03-18 17:17:19,swing,PDBC,SHORT,267,17.46,entry (SHORT),+0.0000
2026-03-18 17:17:27,swing,XLE,SHORT,77,58.43,entry (SHORT),+0.0000
2026-03-18 17:17:34,swing,USO,LONG,47,121.67,entry (LONG),+0.0000
2026-03-18 17:17:35,swing,EWY,SHORT,33,131.88,entry (SHORT),+0.0000
2026-03-18 17:17:41,swing,PDBC,SHORT,267,17.46,entry (SHORT),+0.0000
2026-03-18 17:17:44,swing,XLU,LONG,47,46.73,entry (LONG),+0.0000
2026-03-18 17:17:46,swing,USO,LONG,47,121.67,entry (LONG),+0.0000
2026-03-18 17:17:50,swing,XLE,SHORT,77,58.43,entry (SHORT),+0.0000
2026-03-18 17:17:52,swing,EWT,SHORT,54,71.34,entry (SHORT),+0.0000
2026-03-18 17:17:53,swing,PDBC,SHORT,267,17.46,entry (SHORT),+0.0000
2026-03-18 17:17:56,swing,EWY,SHORT,33,131.88,entry (SHORT),+0.0000
2026-03-18 17:18:00,swing,XLE,SHORT,77,58.43,entry (SHORT),+0.0000
2026-03-18 17:18:06,swing,GLD,LONG,17,444.74,entry (LONG),+0.0000
2026-03-18 17:18:07,swing,EWY,SHORT,33,131.88,entry (SHORT),+0.0000
2026-03-18 17:18:09,swing,EWT,SHORT,54,71.34,entry (SHORT),+0.0000
2026-03-18 17:18:15,swing,XLU,LONG,47,46.73,entry (LONG),+0.0000
2026-03-18 17:18:22,swing,EWT,SHORT,54,71.34,entry (SHORT),+0.0000
2026-03-18 17:18:25,swing,EWH,LONG,166,22.65,entry (LONG),+0.0000
2026-03-18 17:18:33,swing,XLB,LONG,77,48.48,entry (LONG),+0.0000
2026-03-18 17:18:34,swing,GLD,LONG,17,444.74,entry (LONG),+0.0000
2026-03-18 17:18:39,swing,GLD,LONG,17,444.74,entry (LONG),+0.0000
2026-03-18 17:18:41,swing,XLRE,LONG,54,42.02,entry (LONG),+0.0000
2026-03-18 17:18:48,swing,EWC,LONG,67,54.81,entry (LONG),+0.0000
2026-03-18 17:18:54,swing,EWH,LONG,166,22.65,entry (LONG),+0.0000
2026-03-18 17:18:55,swing,EWU,LONG,82,45.38,entry (LONG),+0.0000
2026-03-18 17:19:02,swing,XLB,LONG,77,48.48,entry (LONG),+0.0000
2026-03-18 17:19:05,swing,EWH,LONG,166,22.65,entry (LONG),+0.0000
2026-03-18 17:19:10,swing,XLRE,LONG,54,42.02,entry (LONG),+0.0000
2026-03-18 17:19:10,swing,XLI,LONG,14,165.18,entry (LONG),+0.0000
2026-03-18 17:19:13,swing,XLB,LONG,77,48.48,entry (LONG),+0.0000
2026-03-18 17:19:18,swing,EWC,LONG,67,54.81,entry (LONG),+0.0000
2026-03-18 17:19:18,swing,VTV,LONG,18,196.75,entry (LONG),+0.0000
2026-03-18 17:19:20,swing,GLD,SHORT,3,444.74,entry (SHORT),+0.0000
2026-03-18 17:19:21,swing,XLRE,LONG,54,42.02,entry (LONG),+0.0000
2026-03-18 17:19:26,swing,EWU,LONG,82,45.38,entry (LONG),+0.0000
2026-03-18 17:19:29,swing,EWC,LONG,67,54.81,entry (LONG),+0.0000
2026-03-18 17:19:33,swing,HYG,LONG,46,79.40,entry (LONG),+0.0000
2026-03-18 17:19:37,swing,EWU,LONG,82,45.38,entry (LONG),+0.0000
2026-03-18 17:19:41,swing,EEM,SHORT,27,57.56,entry (SHORT),+0.0000
2026-03-18 17:19:46,swing,VTV,SHORT,10,196.75,entry (SHORT),+0.0000
2026-03-18 17:19:48,swing,XLP,SHORT,21,82.64,entry (SHORT),+0.0000
2026-03-18 17:19:57,swing,URNM,LONG,58,62.55,entry (LONG),+0.0000
2026-03-18 17:19:59,swing,VTV,SHORT,10,196.75,entry (SHORT),+0.0000
2026-03-18 17:20:02,swing,HYG,LONG,46,79.40,entry (LONG),+0.0000
2026-03-18 17:20:04,swing,LQD,LONG,33,108.71,entry (LONG),+0.0000
2026-03-18 17:20:08,swing,EEM,SHORT,27,57.56,entry (SHORT),+0.0000
2026-03-18 17:20:10,swing,USMV,LONG,39,93.49,entry (LONG),+0.0000
2026-03-18 17:20:11,swing,HYG,LONG,46,79.40,entry (LONG),+0.0000
2026-03-18 17:20:15,swing,XLP,SHORT,21,82.64,entry (SHORT),+0.0000
2026-03-18 17:20:18,swing,EEM,SHORT,27,57.56,entry (SHORT),+0.0000
2026-03-18 17:20:21,swing,URNM,LONG,58,62.55,entry (LONG),+0.0000
2026-03-18 17:20:25,swing,XLP,SHORT,21,82.64,entry (SHORT),+0.0000
2026-03-18 17:20:27,swing,LQD,LONG,33,108.71,entry (LONG),+0.0000
2026-03-18 17:20:31,swing,URNM,LONG,58,62.55,entry (LONG),+0.0000
2026-03-18 17:20:34,swing,USMV,LONG,39,93.49,entry (LONG),+0.0000
2026-03-18 17:20:34,swing,EWW,SHORT,49,72.38,entry (SHORT),+0.0000
2026-03-18 17:20:43,swing,LQD,LONG,33,108.71,entry (LONG),+0.0000
2026-03-18 17:20:45,swing,SPY,LONG,5,661.43,entry (LONG),+0.0000
2026-03-18 17:20:51,swing,USMV,LONG,39,93.49,entry (LONG),+0.0000
2026-03-18 17:20:52,swing,VGK,LONG,42,82.26,entry (LONG),+0.0000
2026-03-18 17:20:59,swing,IWM,LONG,14,246.02,entry (LONG),+0.0000
2026-03-18 17:21:03,swing,EWW,SHORT,49,72.38,entry (SHORT),+0.0000
2026-03-18 17:21:05,crypto,FIL/USD,SHORT,628.028225,0.93,signal_decay (E[r]=+0.0485),-0.0109
2026-03-18 17:21:06,swing,XLV,LONG,23,147.14,entry (LONG),+0.0000
2026-03-18 17:21:09,swing,SPY,LONG,5,661.43,entry (LONG),+0.0000
2026-03-18 17:21:15,swing,VGK,LONG,42,82.26,entry (LONG),+0.0000
2026-03-18 17:21:18,swing,EWW,SHORT,49,72.38,entry (SHORT),+0.0000
2026-03-18 17:21:20,swing,MCHI,LONG,39,57.23,entry (LONG),+0.0000
2026-03-18 17:21:22,swing,IWM,LONG,14,246.02,entry (LONG),+0.0000
2026-03-18 17:21:24,swing,SPY,LONG,5,661.43,entry (LONG),+0.0000
2026-03-18 17:21:26,swing,XLY,LONG,30,110.57,entry (LONG),+0.0000
2026-03-18 17:21:28,swing,XLV,LONG,23,147.14,entry (LONG),+0.0000
2026-03-18 17:21:30,swing,VGK,LONG,42,82.26,entry (LONG),+0.0000
2026-03-18 17:21:32,swing,XLF,LONG,67,48.97,entry (LONG),+0.0000
2026-03-18 17:21:38,swing,IWM,LONG,14,246.02,entry (LONG),+0.0000
2026-03-18 17:21:39,swing,MCHI,LONG,39,57.23,entry (LONG),+0.0000
2026-03-18 17:21:40,swing,CIBR,LONG,50,64.96,entry (LONG),+0.0000
2026-03-18 17:21:43,swing,XLV,LONG,23,147.14,entry (LONG),+0.0000
2026-03-18 17:21:45,swing,XLY,LONG,30,110.57,entry (LONG),+0.0000
2026-03-18 17:21:45,swing,ARKK,LONG,45,71.41,entry (LONG),+0.0000
2026-03-18 17:21:50,swing,XLF,LONG,67,48.97,entry (LONG),+0.0000
2026-03-18 17:21:50,swing,INDA,LONG,68,47.72,entry (LONG),+0.0000
2026-03-18 17:21:53,swing,MCHI,LONG,39,57.23,entry (LONG),+0.0000
2026-03-18 17:21:55,swing,IGV,LONG,9,84.34,entry (LONG),+0.0000
2026-03-18 17:21:55,swing,CIBR,LONG,50,64.96,entry (LONG),+0.0000
2026-03-18 17:21:59,swing,XLY,LONG,30,110.57,entry (LONG),+0.0000
2026-03-18 17:22:01,swing,IBIT,LONG,120,40.26,entry (LONG),+0.0000
2026-03-18 17:22:01,swing,ARKK,LONG,45,71.41,entry (LONG),+0.0000
2026-03-18 17:22:05,swing,XLF,LONG,67,48.97,entry (LONG),+0.0000
2026-03-18 17:22:06,swing,INDA,LONG,68,47.72,entry (LONG),+0.0000
2026-03-18 17:22:09,swing,CIBR,LONG,50,64.96,entry (LONG),+0.0000
2026-03-18 17:22:11,swing,QQQ,LONG,2,594.90,entry (LONG),+0.0000
2026-03-18 17:22:11,swing,IGV,LONG,9,84.34,entry (LONG),+0.0000
2026-03-18 17:22:14,swing,ARKK,LONG,45,71.41,entry (LONG),+0.0000
2026-03-18 17:22:16,swing,IBIT,LONG,120,40.26,entry (LONG),+0.0000
2026-03-18 17:22:20,swing,INDA,LONG,68,47.72,entry (LONG),+0.0000
2026-03-18 17:22:21,swing,QQQ,LONG,2,594.90,entry (LONG),+0.0000
2026-03-18 17:22:24,swing,IGV,LONG,9,84.34,entry (LONG),+0.0000
2026-03-18 17:22:29,swing,IBIT,LONG,120,40.26,entry (LONG),+0.0000
2026-03-18 17:22:35,swing,QQQ,LONG,2,594.90,entry (LONG),+0.0000
2026-03-18 17:24:41,swing,GLD,SHORT,3,444.74,entry (SHORT),+0.0000
2026-03-18 17:27:18,swing,USO,LONG,47,121.67,entry (LONG),+0.0000
2026-03-18 17:27:20,swing,PDBC,SHORT,267,17.46,entry (SHORT),+0.0000
2026-03-18 17:27:22,swing,XLE,SHORT,77,58.43,entry (SHORT),+0.0000
2026-03-18 17:27:24,swing,EWY,SHORT,33,131.88,entry (SHORT),+0.0000
2026-03-18 17:27:26,swing,XLU,LONG,47,46.73,entry (LONG),+0.0000
2026-03-18 17:27:28,swing,EWT,SHORT,54,71.34,entry (SHORT),+0.0000
2026-03-18 17:27:32,swing,GLD,LONG,17,444.74,entry (LONG),+0.0000
2026-03-18 17:27:33,swing,USO,LONG,47,121.67,entry (LONG),+0.0000
2026-03-18 17:27:35,swing,PDBC,SHORT,267,17.46,entry (SHORT),+0.0000
2026-03-18 17:27:37,swing,XLE,SHORT,77,58.43,entry (SHORT),+0.0000
2026-03-18 17:27:37,swing,EWH,LONG,166,22.65,entry (LONG),+0.0000
2026-03-18 17:27:39,swing,EWY,SHORT,33,131.88,entry (SHORT),+0.0000
2026-03-18 17:27:41,swing,XLRE,LONG,54,42.02,entry (LONG),+0.0000
2026-03-18 17:27:42,swing,EWT,SHORT,54,71.34,entry (SHORT),+0.0000
2026-03-18 17:27:44,swing,EWC,LONG,67,54.81,entry (LONG),+0.0000
2026-03-18 17:27:46,swing,EWU,LONG,82,45.38,entry (LONG),+0.0000
2026-03-18 17:27:47,swing,USO,LONG,47,121.67,entry (LONG),+0.0000
2026-03-18 17:27:48,swing,GLD,LONG,17,444.74,entry (LONG),+0.0000
2026-03-18 17:27:50,swing,PDBC,SHORT,267,17.46,entry (SHORT),+0.0000
2026-03-18 17:27:51,swing,XLI,LONG,14,165.18,entry (LONG),+0.0000
2026-03-18 17:27:53,swing,XLE,SHORT,77,58.43,entry (SHORT),+0.0000
2026-03-18 17:27:53,swing,VTV,LONG,18,196.75,entry (LONG),+0.0000
2026-03-18 17:27:54,swing,EWH,LONG,166,22.65,entry (LONG),+0.0000
2026-03-18 17:27:55,swing,EWY,SHORT,33,131.88,entry (SHORT),+0.0000
2026-03-18 17:27:56,swing,XLU,LONG,47,46.73,entry (LONG),+0.0000
2026-03-18 17:27:57,swing,XLB,LONG,77,48.48,entry (LONG),+0.0000
2026-03-18 17:27:57,swing,HYG,LONG,46,79.40,entry (LONG),+0.0000
2026-03-18 17:27:58,swing,EWT,SHORT,54,71.34,entry (SHORT),+0.0000
2026-03-18 17:27:59,swing,XLRE,LONG,54,42.02,entry (LONG),+0.0000
2026-03-18 17:28:00,swing,EEM,SHORT,27,57.56,entry (SHORT),+0.0000
2026-03-18 17:28:00,swing,EWC,LONG,67,54.81,entry (LONG),+0.0000
2026-03-18 17:28:02,swing,XLP,SHORT,21,82.64,entry (SHORT),+0.0000
2026-03-18 17:28:02,swing,GLD,LONG,17,444.74,entry (LONG),+0.0000
2026-03-18 17:28:03,swing,EWU,LONG,82,45.38,entry (LONG),+0.0000
2026-03-18 17:28:05,swing,URNM,LONG,58,62.55,entry (LONG),+0.0000
2026-03-18 17:28:08,swing,LQD,LONG,33,108.71,entry (LONG),+0.0000
2026-03-18 17:28:09,swing,EWH,LONG,166,22.65,entry (LONG),+0.0000
2026-03-18 17:28:11,swing,VTV,SHORT,10,196.75,entry (SHORT),+0.0000
2026-03-18 17:28:11,swing,USMV,LONG,39,93.49,entry (LONG),+0.0000
2026-03-18 17:28:11,swing,XLB,LONG,77,48.48,entry (LONG),+0.0000
2026-03-18 17:28:14,swing,XLRE,LONG,54,42.02,entry (LONG),+0.0000
2026-03-18 17:28:16,swing,HYG,LONG,46,79.40,entry (LONG),+0.0000
2026-03-18 17:28:17,swing,EWC,LONG,67,54.81,entry (LONG),+0.0000
2026-03-18 17:28:18,swing,EEM,SHORT,27,57.56,entry (SHORT),+0.0000
2026-03-18 17:28:19,swing,EWU,LONG,82,45.38,entry (LONG),+0.0000
2026-03-18 17:28:20,swing,EWW,SHORT,49,72.38,entry (SHORT),+0.0000
2026-03-18 17:28:20,swing,XLP,SHORT,21,82.64,entry (SHORT),+0.0000
2026-03-18 17:28:22,swing,SPY,LONG,5,661.43,entry (LONG),+0.0000
2026-03-18 17:28:23,swing,URNM,LONG,58,62.55,entry (LONG),+0.0000
2026-03-18 17:28:25,swing,VGK,LONG,43,82.26,entry (LONG),+0.0000
2026-03-18 17:28:25,swing,VTV,SHORT,10,196.75,entry (SHORT),+0.0000
2026-03-18 17:28:25,swing,LQD,LONG,33,108.71,entry (LONG),+0.0000
2026-03-18 17:28:28,swing,IWM,LONG,14,246.02,entry (LONG),+0.0000
2026-03-18 17:28:28,swing,USMV,LONG,39,93.49,entry (LONG),+0.0000
2026-03-18 17:28:30,swing,HYG,LONG,46,79.40,entry (LONG),+0.0000
2026-03-18 17:28:31,swing,XLV,LONG,23,147.14,entry (LONG),+0.0000
2026-03-18 17:28:33,swing,EEM,SHORT,27,57.56,entry (SHORT),+0.0000
2026-03-18 17:28:35,swing,MCHI,LONG,39,57.23,entry (LONG),+0.0000
2026-03-18 17:28:36,swing,XLP,SHORT,21,82.64,entry (SHORT),+0.0000
2026-03-18 17:28:37,swing,EWW,SHORT,49,72.38,entry (SHORT),+0.0000
2026-03-18 17:28:38,swing,XLY,LONG,30,110.57,entry (LONG),+0.0000
2026-03-18 17:28:38,swing,URNM,LONG,58,62.55,entry (LONG),+0.0000
2026-03-18 17:28:40,swing,SPY,LONG,5,661.43,entry (LONG),+0.0000
2026-03-18 17:28:41,swing,XLF,LONG,67,48.97,entry (LONG),+0.0000
2026-03-18 17:28:41,swing,LQD,LONG,33,108.71,entry (LONG),+0.0000
2026-03-18 17:28:42,swing,VGK,LONG,43,82.26,entry (LONG),+0.0000
2026-03-18 17:28:43,swing,CIBR,LONG,50,64.96,entry (LONG),+0.0000
2026-03-18 17:28:43,swing,USMV,LONG,39,93.49,entry (LONG),+0.0000
2026-03-18 17:28:45,swing,IWM,LONG,14,246.02,entry (LONG),+0.0000
2026-03-18 17:28:46,swing,ARKK,LONG,45,71.41,entry (LONG),+0.0000
2026-03-18 17:28:49,swing,XLV,LONG,23,147.14,entry (LONG),+0.0000
2026-03-18 17:28:50,swing,INDA,LONG,68,47.72,entry (LONG),+0.0000
2026-03-18 17:28:52,swing,IGV,LONG,9,84.34,entry (LONG),+0.0000
2026-03-18 17:28:54,swing,MCHI,LONG,39,57.23,entry (LONG),+0.0000
2026-03-18 17:28:54,swing,EWW,SHORT,49,72.38,entry (SHORT),+0.0000
2026-03-18 17:28:55,swing,IBIT,LONG,120,40.26,entry (LONG),+0.0000
2026-03-18 17:28:56,swing,XLY,LONG,30,110.57,entry (LONG),+0.0000
2026-03-18 17:28:56,swing,SPY,LONG,5,661.43,entry (LONG),+0.0000
2026-03-18 17:28:59,swing,XLF,LONG,67,48.97,entry (LONG),+0.0000
2026-03-18 17:28:59,swing,VGK,LONG,43,82.26,entry (LONG),+0.0000
2026-03-18 17:28:59,swing,QQQ,LONG,2,594.90,entry (LONG),+0.0000
2026-03-18 17:29:01,swing,CIBR,LONG,50,64.96,entry (LONG),+0.0000
2026-03-18 17:29:01,swing,IWM,LONG,14,246.02,entry (LONG),+0.0000
2026-03-18 17:29:03,swing,ARKK,LONG,45,71.41,entry (LONG),+0.0000
2026-03-18 17:29:03,swing,XLV,LONG,23,147.14,entry (LONG),+0.0000
2026-03-18 17:29:06,swing,INDA,LONG,68,47.72,entry (LONG),+0.0000
2026-03-18 17:29:08,swing,MCHI,LONG,39,57.23,entry (LONG),+0.0000
2026-03-18 17:29:08,swing,IGV,LONG,9,84.34,entry (LONG),+0.0000
2026-03-18 17:29:10,swing,XLY,LONG,30,110.57,entry (LONG),+0.0000
2026-03-18 17:29:11,swing,IBIT,LONG,120,40.26,entry (LONG),+0.0000
2026-03-18 17:29:14,swing,XLF,LONG,67,48.97,entry (LONG),+0.0000
2026-03-18 17:29:14,swing,QQQ,LONG,2,594.90,entry (LONG),+0.0000
2026-03-18 17:29:17,swing,CIBR,LONG,50,64.96,entry (LONG),+0.0000
2026-03-18 17:29:19,swing,ARKK,LONG,45,71.41,entry (LONG),+0.0000
2026-03-18 17:29:22,swing,INDA,LONG,68,47.72,entry (LONG),+0.0000
2026-03-18 17:29:24,swing,IGV,LONG,9,84.34,entry (LONG),+0.0000
2026-03-18 17:29:27,swing,IBIT,LONG,120,40.26,entry (LONG),+0.0000
2026-03-18 17:29:29,swing,QQQ,LONG,2,594.90,entry (LONG),+0.0000
2026-03-18 17:29:56,swing,GLD,SHORT,3,444.74,entry (SHORT),+0.0000
2026-03-18 17:31:48,crypto,FIL/USD,SHORT,621.258073,0.93,entry (SHORT),+0.0000
2026-03-18 17:34:06,swing,USO,LONG,47,121.67,entry (LONG),+0.0000
2026-03-18 17:34:08,swing,PDBC,SHORT,267,17.46,entry (SHORT),+0.0000
2026-03-18 17:34:09,swing,XLE,SHORT,77,58.43,entry (SHORT),+0.0000
2026-03-18 17:34:11,swing,EWY,SHORT,33,131.88,entry (SHORT),+0.0000
2026-03-18 17:34:13,swing,XLU,LONG,47,46.73,entry (LONG),+0.0000
2026-03-18 17:34:15,swing,EWT,SHORT,54,71.34,entry (SHORT),+0.0000
2026-03-18 17:34:19,swing,GLD,LONG,17,444.74,entry (LONG),+0.0000
2026-03-18 17:34:24,swing,EWH,LONG,166,22.65,entry (LONG),+0.0000
2026-03-18 17:34:24,swing,USO,LONG,47,121.67,entry (LONG),+0.0000
2026-03-18 17:34:26,swing,PDBC,SHORT,267,17.46,entry (SHORT),+0.0000
2026-03-18 17:34:27,swing,XLB,LONG,77,48.48,entry (LONG),+0.0000
2026-03-18 17:34:28,swing,XLE,SHORT,77,58.43,entry (SHORT),+0.0000
2026-03-18 17:34:30,swing,XLRE,LONG,35,42.02,entry (LONG),+0.0000
2026-03-18 17:34:31,swing,EWY,SHORT,33,131.88,entry (SHORT),+0.0000
2026-03-18 17:34:34,swing,EWC,LONG,67,54.81,entry (LONG),+0.0000
2026-03-18 17:34:35,swing,EWT,SHORT,54,71.34,entry (SHORT),+0.0000
2026-03-18 17:34:37,swing,EWU,LONG,82,45.38,entry (LONG),+0.0000
2026-03-18 17:34:40,swing,USO,LONG,47,121.67,entry (LONG),+0.0000
2026-03-18 17:34:40,swing,GLD,LONG,17,444.74,entry (LONG),+0.0000
2026-03-18 17:34:41,swing,EWA,LONG,97,28.00,entry (LONG),+0.0000
2026-03-18 17:34:42,swing,PDBC,SHORT,267,17.46,entry (SHORT),+0.0000
2026-03-18 17:34:43,swing,XLI,LONG,14,165.18,entry (LONG),+0.0000
2026-03-18 17:34:45,swing,VTV,LONG,18,196.75,entry (LONG),+0.0000
2026-03-18 17:34:47,swing,XLE,SHORT,77,58.43,entry (SHORT),+0.0000
2026-03-18 17:34:48,swing,EWY,SHORT,33,131.88,entry (SHORT),+0.0000
2026-03-18 17:34:50,swing,IEF,LONG,38,95.75,entry (LONG),+0.0000
2026-03-18 17:34:51,swing,XLU,LONG,47,46.73,entry (LONG),+0.0000
2026-03-18 17:34:52,swing,EWH,LONG,166,22.65,entry (LONG),+0.0000
2026-03-18 17:34:53,swing,EWT,SHORT,54,71.34,entry (SHORT),+0.0000
2026-03-18 17:34:53,swing,HYG,LONG,46,79.40,entry (LONG),+0.0000
2026-03-18 17:34:55,swing,XLB,LONG,77,48.48,entry (LONG),+0.0000
2026-03-18 17:34:55,swing,EEM,SHORT,27,57.56,entry (SHORT),+0.0000
2026-03-18 17:34:57,swing,XLRE,LONG,54,42.02,entry (LONG),+0.0000
2026-03-18 17:34:58,swing,GLD,LONG,17,444.74,entry (LONG),+0.0000
2026-03-18 17:34:58,swing,XLP,SHORT,21,82.64,entry (SHORT),+0.0000
2026-03-18 17:34:59,swing,EWC,LONG,67,54.81,entry (LONG),+0.0000
2026-03-18 17:35:02,swing,URNM,LONG,58,62.55,entry (LONG),+0.0000
2026-03-18 17:35:02,swing,EWU,LONG,82,45.38,entry (LONG),+0.0000
2026-03-18 17:35:05,swing,EWH,LONG,166,22.65,entry (LONG),+0.0000
2026-03-18 17:35:05,swing,EWA,LONG,97,28.00,entry (LONG),+0.0000
2026-03-18 17:35:06,swing,LQD,LONG,18,108.71,entry (LONG),+0.0000
2026-03-18 17:35:07,swing,XLB,LONG,77,48.48,entry (LONG),+0.0000
2026-03-18 17:35:10,swing,XLI,SHORT,22,165.18,entry (SHORT),+0.0000
2026-03-18 17:35:11,swing,XLRE,LONG,54,42.02,entry (LONG),+0.0000
2026-03-18 17:35:12,swing,GLD,SHORT,3,444.74,entry (SHORT),+0.0000
2026-03-18 17:35:12,swing,EMB,SHORT,15,94.36,entry (SHORT),+0.0000
2026-03-18 17:35:13,swing,VTV,SHORT,18,196.75,entry (SHORT),+0.0000
2026-03-18 17:35:15,swing,EWC,LONG,67,54.81,entry (LONG),+0.0000
2026-03-18 17:35:17,swing,IEF,LONG,38,95.75,entry (LONG),+0.0000
2026-03-18 17:35:18,swing,EWU,LONG,82,45.38,entry (LONG),+0.0000
2026-03-18 17:35:20,swing,HYG,LONG,46,79.40,entry (LONG),+0.0000
2026-03-18 17:35:22,swing,EWW,SHORT,49,72.38,entry (SHORT),+0.0000
2026-03-18 17:35:22,swing,EWA,LONG,97,28.00,entry (LONG),+0.0000
2026-03-18 17:35:27,swing,EEM,SHORT,25,57.56,entry (SHORT),+0.0000
2026-03-18 17:35:27,swing,SPY,LONG,5,661.43,entry (LONG),+0.0000
2026-03-18 17:35:30,swing,XLP,SHORT,21,82.64,entry (SHORT),+0.0000
2026-03-18 17:35:30,swing,VTV,SHORT,10,196.75,entry (SHORT),+0.0000
2026-03-18 17:35:31,swing,VGK,LONG,43,82.26,entry (LONG),+0.0000
2026-03-18 17:35:34,swing,URNM,LONG,58,62.55,entry (LONG),+0.0000
2026-03-18 17:35:34,swing,IWM,LONG,14,246.02,entry (LONG),+0.0000
2026-03-18 17:35:37,swing,HYG,LONG,46,79.40,entry (LONG),+0.0000
2026-03-18 17:35:37,swing,LQD,LONG,33,108.71,entry (LONG),+0.0000
2026-03-18 17:35:37,swing,XLV,LONG,23,147.14,entry (LONG),+0.0000
2026-03-18 17:35:40,swing,USMV,LONG,39,93.49,entry (LONG),+0.0000
2026-03-18 17:35:40,swing,EEM,SHORT,27,57.56,entry (SHORT),+0.0000
2026-03-18 17:35:42,swing,MCHI,LONG,39,57.23,entry (LONG),+0.0000
2026-03-18 17:35:43,swing,XLP,SHORT,21,82.64,entry (SHORT),+0.0000
2026-03-18 17:35:46,swing,URNM,LONG,58,62.55,entry (LONG),+0.0000
2026-03-18 17:35:46,swing,XLY,LONG,30,110.57,entry (LONG),+0.0000
2026-03-18 17:35:49,swing,LQD,LONG,33,108.71,entry (LONG),+0.0000
2026-03-18 17:35:49,swing,XLF,LONG,67,48.97,entry (LONG),+0.0000
2026-03-18 17:35:52,swing,EWW,SHORT,49,72.38,entry (SHORT),+0.0000
2026-03-18 17:35:52,swing,USMV,LONG,39,93.49,entry (LONG),+0.0000
2026-03-18 17:35:52,swing,CIBR,LONG,50,64.96,entry (LONG),+0.0000
2026-03-18 17:35:55,swing,SPY,LONG,5,661.43,entry (LONG),+0.0000
2026-03-18 17:35:55,swing,ARKK,LONG,45,71.41,entry (LONG),+0.0000
2026-03-18 17:35:57,swing,VGK,LONG,42,82.26,entry (LONG),+0.0000
2026-03-18 17:35:58,swing,INDA,LONG,68,47.72,entry (LONG),+0.0000
2026-03-18 17:36:01,swing,IWM,LONG,14,246.02,entry (LONG),+0.0000
2026-03-18 17:36:01,swing,IGV,LONG,9,84.34,entry (LONG),+0.0000
2026-03-18 17:36:03,swing,EWW,SHORT,49,72.38,entry (SHORT),+0.0000
2026-03-18 17:36:04,swing,XLV,SHORT,21,147.14,entry (SHORT),+0.0000
2026-03-18 17:36:06,swing,SPY,LONG,5,661.43,entry (LONG),+0.0000
2026-03-18 17:36:09,swing,VGK,LONG,33,82.26,entry (LONG),+0.0000
2026-03-18 17:36:09,swing,MCHI,SHORT,45,57.23,entry (SHORT),+0.0000
2026-03-18 17:36:10,swing,QQQ,LONG,2,594.90,entry (LONG),+0.0000
2026-03-18 17:36:12,swing,IWM,LONG,14,246.02,entry (LONG),+0.0000
2026-03-18 17:36:13,swing,XLY,SHORT,30,110.57,entry (SHORT),+0.0000
2026-03-18 17:36:16,swing,XLV,SHORT,21,147.14,entry (SHORT),+0.0000
2026-03-18 17:36:16,swing,XLF,LONG,67,48.97,entry (LONG),+0.0000
2026-03-18 17:36:20,swing,CIBR,LONG,50,64.96,entry (LONG),+0.0000
2026-03-18 17:36:24,swing,ARKK,SHORT,45,71.41,entry (SHORT),+0.0000
2026-03-18 17:36:24,swing,MCHI,SHORT,45,57.23,entry (SHORT),+0.0000
2026-03-18 17:36:27,swing,INDA,LONG,68,47.72,entry (LONG),+0.0000
2026-03-18 17:36:27,swing,XLY,SHORT,30,110.57,entry (SHORT),+0.0000
2026-03-18 17:36:30,swing,XLF,LONG,67,48.97,entry (LONG),+0.0000
2026-03-18 17:36:30,swing,IGV,LONG,9,84.34,entry (LONG),+0.0000
2026-03-18 17:36:33,swing,CIBR,LONG,50,64.96,entry (LONG),+0.0000
2026-03-18 17:36:33,swing,IBIT,LONG,120,40.26,entry (LONG),+0.0000
2026-03-18 17:36:36,swing,ARKK,LONG,45,71.41,entry (LONG),+0.0000
2026-03-18 17:36:37,swing,QQQ,LONG,2,594.90,entry (LONG),+0.0000
2026-03-18 17:36:39,swing,INDA,LONG,68,47.72,entry (LONG),+0.0000
2026-03-18 17:36:42,swing,IGV,LONG,9,84.34,entry (LONG),+0.0000
2026-03-18 17:36:46,swing,IBIT,LONG,120,40.26,entry (LONG),+0.0000
2026-03-18 17:36:50,swing,QQQ,LONG,2,594.90,entry (LONG),+0.0000
2026-03-18 17:40:27,swing,GLD,SHORT,3,444.74,entry (SHORT),+0.0000
2026-03-18 17:41:18,swing,USO,LONG,47,121.67,entry (LONG),+0.0000
2026-03-18 17:41:20,swing,PDBC,SHORT,267,17.46,entry (SHORT),+0.0000
2026-03-18 17:41:23,swing,XLE,SHORT,77,58.43,entry (SHORT),+0.0000
2026-03-18 17:41:24,swing,EWY,SHORT,33,131.88,entry (SHORT),+0.0000
2026-03-18 17:41:26,swing,XLU,LONG,47,46.73,entry (LONG),+0.0000
2026-03-18 17:41:28,swing,EWT,SHORT,54,71.34,entry (SHORT),+0.0000
2026-03-18 17:41:32,swing,GLD,LONG,17,444.74,entry (LONG),+0.0000
2026-03-18 17:41:36,swing,EWH,LONG,166,22.65,entry (LONG),+0.0000
2026-03-18 17:41:38,swing,XLB,LONG,77,48.48,entry (LONG),+0.0000
2026-03-18 17:41:40,swing,XLRE,LONG,35,42.02,entry (LONG),+0.0000
2026-03-18 17:41:42,swing,EWC,LONG,67,54.81,entry (LONG),+0.0000
2026-03-18 17:41:45,swing,EWU,LONG,82,45.38,entry (LONG),+0.0000
2026-03-18 17:41:47,swing,USO,LONG,47,121.67,entry (LONG),+0.0000
2026-03-18 17:41:48,swing,EWA,LONG,97,28.00,entry (LONG),+0.0000
2026-03-18 17:41:49,swing,PDBC,SHORT,267,17.46,entry (SHORT),+0.0000
2026-03-18 17:41:50,swing,XLI,LONG,14,165.18,entry (LONG),+0.0000
2026-03-18 17:41:51,swing,XLE,SHORT,77,58.43,entry (SHORT),+0.0000
2026-03-18 17:41:52,swing,VTV,LONG,18,196.75,entry (LONG),+0.0000
2026-03-18 17:41:53,swing,EWY,SHORT,33,131.88,entry (SHORT),+0.0000
2026-03-18 17:41:54,swing,IEF,LONG,38,95.75,entry (LONG),+0.0000
2026-03-18 17:41:56,swing,HYG,LONG,46,79.40,entry (LONG),+0.0000
2026-03-18 17:41:57,swing,EWT,SHORT,54,71.34,entry (SHORT),+0.0000
2026-03-18 17:41:59,swing,EEM,SHORT,25,57.56,entry (SHORT),+0.0000
2026-03-18 17:42:00,swing,USO,LONG,47,121.67,entry (LONG),+0.0000
2026-03-18 17:42:01,swing,GLD,LONG,17,444.74,entry (LONG),+0.0000
2026-03-18 17:42:02,swing,PDBC,SHORT,267,17.46,entry (SHORT),+0.0000
2026-03-18 17:42:04,swing,XLE,SHORT,77,58.43,entry (SHORT),+0.0000
2026-03-18 17:42:05,swing,URNM,LONG,38,62.55,entry (LONG),+0.0000
2026-03-18 17:42:06,swing,EWH,LONG,166,22.65,entry (LONG),+0.0000
2026-03-18 17:42:07,swing,EWY,SHORT,33,131.88,entry (SHORT),+0.0000
2026-03-18 17:42:07,swing,LQD,LONG,18,108.71,entry (LONG),+0.0000
2026-03-18 17:42:08,swing,XLB,LONG,39,48.48,entry (LONG),+0.0000
2026-03-18 17:42:08,swing,XLU,LONG,47,46.73,entry (LONG),+0.0000
2026-03-18 17:42:10,swing,XLRE,LONG,54,42.02,entry (LONG),+0.0000
2026-03-18 17:42:11,swing,EWT,SHORT,54,71.34,entry (SHORT),+0.0000
2026-03-18 17:42:11,swing,EMB,SHORT,15,94.36,entry (SHORT),+0.0000
2026-03-18 17:42:13,swing,EWC,LONG,67,54.81,entry (LONG),+0.0000
2026-03-18 17:42:16,swing,EWU,LONG,82,45.38,entry (LONG),+0.0000
2026-03-18 17:42:17,swing,GLD,LONG,17,444.74,entry (LONG),+0.0000
2026-03-18 17:42:18,swing,EWW,SHORT,49,72.38,entry (SHORT),+0.0000
2026-03-18 17:42:18,swing,EWA,LONG,97,28.00,entry (LONG),+0.0000
2026-03-18 17:42:21,swing,XLI,SHORT,22,165.18,entry (SHORT),+0.0000
2026-03-18 17:42:21,swing,SPY,LONG,5,661.43,entry (LONG),+0.0000
2026-03-18 17:42:23,swing,VTV,SHORT,18,196.75,entry (SHORT),+0.0000
2026-03-18 17:42:24,swing,EWH,LONG,166,22.65,entry (LONG),+0.0000
2026-03-18 17:42:24,swing,VGK,LONG,33,82.26,entry (LONG),+0.0000
2026-03-18 17:42:25,swing,IEF,LONG,38,95.75,entry (LONG),+0.0000
2026-03-18 17:42:26,swing,XLB,LONG,77,48.48,entry (LONG),+0.0000
2026-03-18 17:42:28,swing,HYG,LONG,46,79.40,entry (LONG),+0.0000
2026-03-18 17:42:28,swing,IWM,LONG,14,246.02,entry (LONG),+0.0000
2026-03-18 17:42:28,swing,XLRE,LONG,54,42.02,entry (LONG),+0.0000
2026-03-18 17:42:29,swing,EEM,SHORT,25,57.56,entry (SHORT),+0.0000
2026-03-18 17:42:30,swing,EWC,LONG,67,54.81,entry (LONG),+0.0000
2026-03-18 17:42:31,swing,XLV,SHORT,21,147.14,entry (SHORT),+0.0000
2026-03-18 17:42:32,swing,EWU,LONG,82,45.38,entry (LONG),+0.0000
2026-03-18 17:42:34,swing,EWA,LONG,97,28.00,entry (LONG),+0.0000
2026-03-18 17:42:37,swing,URNM,LONG,58,62.55,entry (LONG),+0.0000
2026-03-18 17:42:39,swing,MCHI,LONG,39,57.23,entry (LONG),+0.0000
2026-03-18 17:42:41,crypto,FIL/USD,SHORT,621.258073,0.93,signal_decay (E[r]=+0.0464),+0.0011
2026-03-18 17:42:41,swing,LQD,LONG,33,108.71,entry (LONG),+0.0000
2026-03-18 17:42:41,swing,VTV,SHORT,10,196.75,entry (SHORT),+0.0000
2026-03-18 17:42:42,swing,XLY,LONG,30,110.57,entry (LONG),+0.0000
2026-03-18 17:42:44,swing,USMV,LONG,39,93.49,entry (LONG),+0.0000
2026-03-18 17:42:47,swing,XLF,LONG,67,48.97,entry (LONG),+0.0000
2026-03-18 17:42:48,swing,HYG,LONG,46,79.40,entry (LONG),+0.0000
2026-03-18 17:42:51,swing,CIBR,LONG,50,64.96,entry (LONG),+0.0000
2026-03-18 17:42:53,swing,EEM,SHORT,27,57.56,entry (SHORT),+0.0000
2026-03-18 17:42:54,swing,ARKK,LONG,45,71.41,entry (LONG),+0.0000
2026-03-18 17:42:56,swing,XLP,SHORT,21,82.64,entry (SHORT),+0.0000
2026-03-18 17:42:57,swing,EWW,SHORT,49,72.38,entry (SHORT),+0.0000
2026-03-18 17:42:58,swing,INDA,LONG,68,47.72,entry (LONG),+0.0000
2026-03-18 17:43:00,swing,URNM,LONG,58,62.55,entry (LONG),+0.0000
2026-03-18 17:43:01,swing,IGV,LONG,9,84.34,entry (LONG),+0.0000
2026-03-18 17:43:01,swing,SPY,LONG,5,661.43,entry (LONG),+0.0000
2026-03-18 17:43:03,swing,LQD,LONG,18,108.71,entry (LONG),+0.0000
2026-03-18 17:43:04,swing,VGK,LONG,33,82.26,entry (LONG),+0.0000
2026-03-18 17:43:06,swing,QQQ,LONG,2,594.90,entry (LONG),+0.0000
2026-03-18 17:43:07,swing,IWM,LONG,14,246.02,entry (LONG),+0.0000
2026-03-18 17:43:09,swing,EMB,SHORT,15,94.36,entry (SHORT),+0.0000
2026-03-18 17:43:10,swing,XLV,SHORT,21,147.14,entry (SHORT),+0.0000
2026-03-18 17:43:13,swing,MCHI,SHORT,45,57.23,entry (SHORT),+0.0000
2026-03-18 17:43:15,swing,XLY,SHORT,30,110.57,entry (SHORT),+0.0000
2026-03-18 17:43:17,swing,EWW,SHORT,49,72.38,entry (SHORT),+0.0000
2026-03-18 17:43:18,swing,XLF,LONG,67,48.97,entry (LONG),+0.0000
2026-03-18 17:43:19,swing,SPY,LONG,5,661.43,entry (LONG),+0.0000
2026-03-18 17:43:20,swing,CIBR,LONG,50,64.96,entry (LONG),+0.0000
2026-03-18 17:43:21,swing,VGK,LONG,33,82.26,entry (LONG),+0.0000
2026-03-18 17:43:22,swing,ARKK,SHORT,45,71.41,entry (SHORT),+0.0000
2026-03-18 17:43:23,swing,IWM,LONG,14,246.02,entry (LONG),+0.0000
2026-03-18 17:43:23,swing,INDA,LONG,68,47.72,entry (LONG),+0.0000
2026-03-18 17:43:25,swing,XLV,SHORT,21,147.14,entry (SHORT),+0.0000
2026-03-18 17:43:26,swing,IGV,LONG,9,84.34,entry (LONG),+0.0000
2026-03-18 17:43:29,swing,MCHI,SHORT,45,57.23,entry (SHORT),+0.0000
2026-03-18 17:43:31,swing,XLY,SHORT,30,110.57,entry (SHORT),+0.0000
2026-03-18 17:43:32,swing,QQQ,LONG,2,594.90,entry (LONG),+0.0000
2026-03-18 17:43:34,swing,XLF,LONG,67,48.97,entry (LONG),+0.0000
2026-03-18 17:43:37,swing,CIBR,LONG,50,64.96,entry (LONG),+0.0000
2026-03-18 17:43:39,swing,ARKK,LONG,45,71.41,entry (LONG),+0.0000
2026-03-18 17:43:42,swing,INDA,LONG,68,47.72,entry (LONG),+0.0000
2026-03-18 17:43:45,swing,IGV,LONG,9,84.34,entry (LONG),+0.0000
2026-03-18 17:43:48,swing,IBIT,LONG,120,40.26,entry (LONG),+0.0000
2026-03-18 17:43:51,swing,QQQ,LONG,2,594.90,entry (LONG),+0.0000
2026-03-18 17:45:40,swing,GLD,SHORT,3,444.74,entry (SHORT),+0.0000
2026-03-18 17:48:14,swing,USO,LONG,47,121.67,entry (LONG),+0.0000
2026-03-18 17:48:16,swing,PDBC,SHORT,267,17.46,entry (SHORT),+0.0000
2026-03-18 17:48:18,swing,XLE,SHORT,77,58.43,entry (SHORT),+0.0000
2026-03-18 17:48:20,swing,EWY,SHORT,33,131.88,entry (SHORT),+0.0000
2026-03-18 17:48:22,swing,XLU,LONG,47,46.73,entry (LONG),+0.0000
2026-03-18 17:48:24,swing,EWT,SHORT,54,71.34,entry (SHORT),+0.0000
2026-03-18 17:48:27,swing,GLD,LONG,17,444.74,entry (LONG),+0.0000
2026-03-18 17:48:32,swing,EWH,LONG,166,22.65,entry (LONG),+0.0000
2026-03-18 17:48:37,swing,XLB,LONG,77,48.48,entry (LONG),+0.0000
2026-03-18 17:48:39,swing,XLRE,LONG,35,42.02,entry (LONG),+0.0000
2026-03-18 17:48:42,swing,EWC,LONG,67,54.81,entry (LONG),+0.0000
2026-03-18 17:48:44,swing,USO,LONG,47,121.67,entry (LONG),+0.0000
2026-03-18 17:48:44,swing,EWU,LONG,82,45.38,entry (LONG),+0.0000
2026-03-18 17:48:47,swing,PDBC,SHORT,267,17.46,entry (SHORT),+0.0000
2026-03-18 17:48:47,swing,EWA,LONG,97,28.00,entry (LONG),+0.0000
2026-03-18 17:48:49,swing,XLE,SHORT,77,58.43,entry (SHORT),+0.0000
2026-03-18 17:48:50,swing,XLI,LONG,14,165.18,entry (LONG),+0.0000
2026-03-18 17:48:52,swing,EWY,SHORT,33,131.88,entry (SHORT),+0.0000
2026-03-18 17:48:52,swing,VTV,LONG,18,196.75,entry (LONG),+0.0000
2026-03-18 17:48:54,swing,IEF,LONG,38,95.75,entry (LONG),+0.0000
2026-03-18 17:48:55,swing,EWT,SHORT,54,71.34,entry (SHORT),+0.0000
2026-03-18 17:48:56,swing,HYG,LONG,46,79.40,entry (LONG),+0.0000
2026-03-18 17:48:58,swing,EEM,SHORT,25,57.56,entry (SHORT),+0.0000
2026-03-18 17:48:59,swing,GLD,LONG,17,444.74,entry (LONG),+0.0000
2026-03-18 17:49:00,swing,USO,LONG,47,121.67,entry (LONG),+0.0000
2026-03-18 17:49:02,swing,PDBC,SHORT,267,17.46,entry (SHORT),+0.0000
2026-03-18 17:49:03,swing,URNM,LONG,38,62.55,entry (LONG),+0.0000
2026-03-18 17:49:04,swing,EWH,LONG,166,22.65,entry (LONG),+0.0000
2026-03-18 17:49:04,swing,LQD,LONG,18,108.71,entry (LONG),+0.0000
2026-03-18 17:49:05,swing,XLE,SHORT,77,58.43,entry (SHORT),+0.0000
2026-03-18 17:49:06,swing,XLB,LONG,39,48.48,entry (LONG),+0.0000
2026-03-18 17:49:07,swing,EWY,SHORT,33,131.88,entry (SHORT),+0.0000
2026-03-18 17:49:08,swing,EMB,SHORT,15,94.36,entry (SHORT),+0.0000
2026-03-18 17:49:08,swing,XLRE,LONG,54,42.02,entry (LONG),+0.0000
2026-03-18 17:49:09,swing,XLU,LONG,47,46.73,entry (LONG),+0.0000
2026-03-18 17:49:10,swing,EWC,LONG,67,54.81,entry (LONG),+0.0000
2026-03-18 17:49:11,swing,EWT,SHORT,54,71.34,entry (SHORT),+0.0000
2026-03-18 17:49:12,swing,EWU,LONG,82,45.38,entry (LONG),+0.0000
2026-03-18 17:49:13,swing,EWW,SHORT,49,72.38,entry (SHORT),+0.0000
2026-03-18 17:49:15,swing,EWA,LONG,97,28.00,entry (LONG),+0.0000
2026-03-18 17:49:15,swing,GLD,LONG,17,444.74,entry (LONG),+0.0000
2026-03-18 17:49:16,swing,SPY,LONG,5,661.43,entry (LONG),+0.0000
2026-03-18 17:49:17,swing,XLI,SHORT,22,165.18,entry (SHORT),+0.0000
2026-03-18 17:49:18,swing,VGK,LONG,33,82.26,entry (LONG),+0.0000
2026-03-18 17:49:19,swing,VTV,SHORT,18,196.75,entry (SHORT),+0.0000
2026-03-18 17:49:20,swing,IWM,LONG,14,246.02,entry (LONG),+0.0000
2026-03-18 17:49:21,swing,EWH,LONG,166,22.65,entry (LONG),+0.0000
2026-03-18 17:49:21,swing,IEF,LONG,38,95.75,entry (LONG),+0.0000
2026-03-18 17:49:23,swing,XLV,SHORT,21,147.14,entry (SHORT),+0.0000
2026-03-18 17:49:23,swing,XLB,LONG,77,48.48,entry (LONG),+0.0000
2026-03-18 17:49:23,swing,HYG,LONG,46,79.40,entry (LONG),+0.0000
2026-03-18 17:49:25,swing,XLRE,LONG,54,42.02,entry (LONG),+0.0000
2026-03-18 17:49:25,swing,EEM,SHORT,25,57.56,entry (SHORT),+0.0000
2026-03-18 17:49:27,swing,EWC,LONG,67,54.81,entry (LONG),+0.0000
2026-03-18 17:49:28,swing,MCHI,SHORT,45,57.23,entry (SHORT),+0.0000
2026-03-18 17:49:29,swing,EWU,LONG,82,45.38,entry (LONG),+0.0000
2026-03-18 17:49:30,swing,URNM,LONG,38,62.55,entry (LONG),+0.0000
2026-03-18 17:49:31,swing,XLY,SHORT,30,110.57,entry (SHORT),+0.0000
2026-03-18 17:49:31,swing,EWA,LONG,97,28.00,entry (LONG),+0.0000
2026-03-18 17:49:34,swing,LQD,LONG,18,108.71,entry (LONG),+0.0000
2026-03-18 17:49:35,swing,XLI,SHORT,22,165.18,entry (SHORT),+0.0000
2026-03-18 17:49:35,swing,XLF,LONG,67,48.97,entry (LONG),+0.0000
2026-03-18 17:49:38,swing,VTV,SHORT,18,196.75,entry (SHORT),+0.0000
2026-03-18 17:49:38,swing,CIBR,LONG,50,64.96,entry (LONG),+0.0000
2026-03-18 17:49:40,swing,EMB,SHORT,15,94.36,entry (SHORT),+0.0000
2026-03-18 17:49:41,swing,ARKK,SHORT,45,71.41,entry (SHORT),+0.0000
2026-03-18 17:49:41,swing,IEF,LONG,38,95.75,entry (LONG),+0.0000
2026-03-18 17:49:44,swing,INDA,LONG,68,47.72,entry (LONG),+0.0000
2026-03-18 17:49:44,swing,HYG,LONG,46,79.40,entry (LONG),+0.0000
2026-03-18 17:49:47,swing,IGV,LONG,9,84.34,entry (LONG),+0.0000
2026-03-18 17:49:47,swing,EEM,SHORT,27,57.56,entry (SHORT),+0.0000
2026-03-18 17:49:49,swing,EWW,SHORT,49,72.38,entry (SHORT),+0.0000
2026-03-18 17:49:50,swing,XLP,SHORT,21,82.64,entry (SHORT),+0.0000
2026-03-18 17:49:52,swing,SPY,LONG,5,661.43,entry (LONG),+0.0000
2026-03-18 17:49:52,swing,QQQ,LONG,2,594.90,entry (LONG),+0.0000
2026-03-18 17:49:53,swing,URNM,LONG,58,62.55,entry (LONG),+0.0000
2026-03-18 17:49:54,swing,VGK,LONG,33,82.26,entry (LONG),+0.0000
2026-03-18 17:49:56,swing,IWM,LONG,14,246.02,entry (LONG),+0.0000
2026-03-18 17:49:57,swing,LQD,LONG,18,108.71,entry (LONG),+0.0000
2026-03-18 17:49:58,swing,XLV,SHORT,21,147.14,entry (SHORT),+0.0000
2026-03-18 17:50:00,swing,EMB,SHORT,15,94.36,entry (SHORT),+0.0000
2026-03-18 17:50:01,swing,MCHI,SHORT,45,57.23,entry (SHORT),+0.0000
2026-03-18 17:50:04,swing,XLY,SHORT,30,110.57,entry (SHORT),+0.0000
2026-03-18 17:50:05,swing,EWW,SHORT,49,72.38,entry (SHORT),+0.0000
2026-03-18 17:50:06,swing,XLF,LONG,67,48.97,entry (LONG),+0.0000
2026-03-18 17:50:07,swing,SPY,LONG,5,661.43,entry (LONG),+0.0000
2026-03-18 17:50:08,swing,CIBR,LONG,50,64.96,entry (LONG),+0.0000
2026-03-18 17:50:09,swing,VGK,LONG,33,82.26,entry (LONG),+0.0000
2026-03-18 17:50:10,swing,ARKK,SHORT,45,71.41,entry (SHORT),+0.0000
2026-03-18 17:50:11,swing,IWM,LONG,14,246.02,entry (LONG),+0.0000
2026-03-18 17:50:12,swing,INDA,LONG,68,47.72,entry (LONG),+0.0000
2026-03-18 17:50:13,swing,XLV,SHORT,21,147.14,entry (SHORT),+0.0000
2026-03-18 17:50:14,swing,IGV,LONG,9,84.34,entry (LONG),+0.0000
2026-03-18 17:50:16,swing,MCHI,SHORT,45,57.23,entry (SHORT),+0.0000
2026-03-18 17:50:17,swing,QQQ,LONG,2,594.90,entry (LONG),+0.0000
2026-03-18 17:50:18,swing,XLY,SHORT,30,110.57,entry (SHORT),+0.0000
2026-03-18 17:50:21,swing,XLF,LONG,67,48.97,entry (LONG),+0.0000
2026-03-18 17:50:24,swing,CIBR,LONG,50,64.96,entry (LONG),+0.0000
2026-03-18 17:50:27,swing,ARKK,SHORT,45,71.41,entry (SHORT),+0.0000
2026-03-18 17:50:31,swing,INDA,LONG,68,47.72,entry (LONG),+0.0000
2026-03-18 17:50:34,swing,IGV,LONG,9,84.34,entry (LONG),+0.0000
2026-03-18 17:50:41,swing,QQQ,LONG,2,594.90,entry (LONG),+0.0000
2026-03-18 17:50:54,swing,GLD,SHORT,3,444.74,entry (SHORT),+0.0000
2026-03-18 17:53:24,crypto,FIL/USD,SHORT,621.696939,0.93,entry (SHORT),+0.0000
2026-03-18 17:54:59,swing,USO,LONG,47,121.67,entry (LONG),+0.0000
2026-03-18 17:55:01,swing,PDBC,SHORT,267,17.46,entry (SHORT),+0.0000
2026-03-18 17:55:02,swing,XLE,SHORT,77,58.43,entry (SHORT),+0.0000
2026-03-18 17:55:04,swing,EWY,SHORT,33,131.88,entry (SHORT),+0.0000
2026-03-18 17:55:06,swing,XLU,LONG,47,46.73,entry (LONG),+0.0000
2026-03-18 17:55:07,swing,EWT,SHORT,54,71.34,entry (SHORT),+0.0000
2026-03-18 17:55:11,swing,GLD,LONG,17,444.74,entry (LONG),+0.0000
2026-03-18 17:55:16,swing,EWH,LONG,166,22.65,entry (LONG),+0.0000
2026-03-18 17:55:18,swing,XLB,LONG,77,48.48,entry (LONG),+0.0000
2026-03-18 17:55:20,swing,XLRE,LONG,35,42.02,entry (LONG),+0.0000
2026-03-18 17:55:21,swing,EWC,LONG,67,54.81,entry (LONG),+0.0000
2026-03-18 17:55:23,swing,EWU,LONG,82,45.38,entry (LONG),+0.0000
2026-03-18 17:55:25,swing,EWA,LONG,97,28.00,entry (LONG),+0.0000
2026-03-18 17:55:27,swing,XLI,LONG,14,165.18,entry (LONG),+0.0000
2026-03-18 17:55:28,swing,USO,LONG,47,121.67,entry (LONG),+0.0000
2026-03-18 17:55:29,swing,VTV,LONG,18,196.75,entry (LONG),+0.0000
2026-03-18 17:55:29,swing,PDBC,SHORT,267,17.46,entry (SHORT),+0.0000
2026-03-18 17:55:31,swing,IEF,LONG,38,95.75,entry (LONG),+0.0000
2026-03-18 17:55:32,swing,XLE,SHORT,77,58.43,entry (SHORT),+0.0000
2026-03-18 17:55:33,swing,HYG,LONG,46,79.40,entry (LONG),+0.0000
2026-03-18 17:55:33,swing,EWY,SHORT,33,131.88,entry (SHORT),+0.0000
2026-03-18 17:55:35,swing,EEM,SHORT,25,57.56,entry (SHORT),+0.0000
2026-03-18 17:55:37,swing,EWT,SHORT,54,71.34,entry (SHORT),+0.0000
2026-03-18 17:55:38,swing,URNM,LONG,38,62.55,entry (LONG),+0.0000
2026-03-18 17:55:40,swing,LQD,LONG,18,108.71,entry (LONG),+0.0000
2026-03-18 17:55:40,swing,GLD,LONG,17,444.74,entry (LONG),+0.0000
2026-03-18 17:55:43,swing,EMB,SHORT,15,94.36,entry (SHORT),+0.0000
2026-03-18 17:55:44,swing,EWH,LONG,166,22.65,entry (LONG),+0.0000
2026-03-18 17:55:46,swing,XLB,LONG,39,48.48,entry (LONG),+0.0000
2026-03-18 17:55:47,swing,EWW,SHORT,49,72.38,entry (SHORT),+0.0000
2026-03-18 17:55:48,swing,XLRE,LONG,54,42.02,entry (LONG),+0.0000
2026-03-18 17:55:49,swing,SPY,LONG,5,661.43,entry (LONG),+0.0000
2026-03-18 17:55:51,swing,EWC,LONG,67,54.81,entry (LONG),+0.0000
2026-03-18 17:55:51,swing,VGK,LONG,33,82.26,entry (LONG),+0.0000
2026-03-18 17:55:53,swing,EWU,LONG,82,45.38,entry (LONG),+0.0000
2026-03-18 17:55:53,swing,IWM,LONG,14,246.02,entry (LONG),+0.0000
2026-03-18 17:55:54,swing,USO,LONG,47,121.67,entry (LONG),+0.0000
2026-03-18 17:55:55,swing,EWA,LONG,97,28.00,entry (LONG),+0.0000
2026-03-18 17:55:55,swing,XLV,SHORT,21,147.14,entry (SHORT),+0.0000
2026-03-18 17:55:56,swing,PDBC,SHORT,267,17.46,entry (SHORT),+0.0000
2026-03-18 17:55:57,swing,XLI,SHORT,22,165.18,entry (SHORT),+0.0000
2026-03-18 17:55:58,swing,XLE,SHORT,77,58.43,entry (SHORT),+0.0000
2026-03-18 17:55:59,swing,VTV,SHORT,18,196.75,entry (SHORT),+0.0000
2026-03-18 17:55:59,swing,MCHI,SHORT,45,57.23,entry (SHORT),+0.0000
2026-03-18 17:56:00,swing,EWY,SHORT,33,131.88,entry (SHORT),+0.0000
2026-03-18 17:56:01,swing,IEF,LONG,38,95.75,entry (LONG),+0.0000
2026-03-18 17:56:01,swing,XLY,SHORT,30,110.57,entry (SHORT),+0.0000
2026-03-18 17:56:02,swing,XLU,LONG,47,46.73,entry (LONG),+0.0000
2026-03-18 17:56:03,swing,HYG,LONG,46,79.40,entry (LONG),+0.0000
2026-03-18 17:56:03,swing,XLF,LONG,67,48.97,entry (LONG),+0.0000
2026-03-18 17:56:04,swing,EWT,SHORT,54,71.34,entry (SHORT),+0.0000
2026-03-18 17:56:04,swing,EEM,SHORT,25,57.56,entry (SHORT),+0.0000
2026-03-18 17:56:05,swing,CIBR,LONG,50,64.96,entry (LONG),+0.0000
2026-03-18 17:56:06,swing,ARKK,SHORT,45,71.41,entry (SHORT),+0.0000
2026-03-18 17:56:07,swing,GLD,LONG,17,444.74,entry (LONG),+0.0000
2026-03-18 17:56:08,swing,URNM,LONG,38,62.55,entry (LONG),+0.0000
2026-03-18 17:56:09,swing,GLD,SHORT,3,444.74,entry (SHORT),+0.0000
2026-03-18 17:56:09,swing,INDA,LONG,68,47.72,entry (LONG),+0.0000
2026-03-18 17:56:10,swing,LQD,LONG,18,108.71,entry (LONG),+0.0000
2026-03-18 17:56:12,swing,IGV,LONG,9,84.34,entry (LONG),+0.0000
2026-03-18 17:56:12,swing,EWH,LONG,166,22.65,entry (LONG),+0.0000
2026-03-18 17:56:13,swing,EMB,SHORT,15,94.36,entry (SHORT),+0.0000
2026-03-18 17:56:14,swing,XLB,LONG,77,48.48,entry (LONG),+0.0000
2026-03-18 17:56:16,swing,XLRE,LONG,54,42.02,entry (LONG),+0.0000
2026-03-18 17:56:17,swing,QQQ,LONG,2,594.90,entry (LONG),+0.0000
2026-03-18 17:56:18,swing,EWC,LONG,67,54.81,entry (LONG),+0.0000
2026-03-18 17:56:20,swing,EWU,LONG,82,45.38,entry (LONG),+0.0000
2026-03-18 17:56:20,swing,EWW,SHORT,49,72.38,entry (SHORT),+0.0000
2026-03-18 17:56:22,swing,EWA,LONG,97,28.00,entry (LONG),+0.0000
2026-03-18 17:56:23,swing,SPY,LONG,5,661.43,entry (LONG),+0.0000
2026-03-18 17:56:24,swing,XLI,SHORT,22,165.18,entry (SHORT),+0.0000
2026-03-18 17:56:25,swing,VGK,LONG,33,82.26,entry (LONG),+0.0000
2026-03-18 17:56:26,swing,VTV,SHORT,18,196.75,entry (SHORT),+0.0000
2026-03-18 17:56:27,swing,IWM,LONG,14,246.02,entry (LONG),+0.0000
2026-03-18 17:56:27,swing,IEF,LONG,38,95.75,entry (LONG),+0.0000
2026-03-18 17:56:29,swing,XLV,SHORT,21,147.14,entry (SHORT),+0.0000
2026-03-18 17:56:30,swing,HYG,LONG,46,79.40,entry (LONG),+0.0000
2026-03-18 17:56:33,swing,MCHI,SHORT,45,57.23,entry (SHORT),+0.0000
2026-03-18 17:56:34,swing,EEM,SHORT,25,57.56,entry (SHORT),+0.0000
2026-03-18 17:56:35,swing,XLY,SHORT,30,110.57,entry (SHORT),+0.0000
2026-03-18 17:56:36,swing,XLF,LONG,67,48.97,entry (LONG),+0.0000
2026-03-18 17:56:38,swing,CIBR,LONG,50,64.96,entry (LONG),+0.0000
2026-03-18 17:56:40,swing,ARKK,SHORT,45,71.41,entry (SHORT),+0.0000
2026-03-18 17:56:42,swing,URNM,LONG,38,62.55,entry (LONG),+0.0000
2026-03-18 17:56:42,swing,INDA,LONG,68,47.72,entry (LONG),+0.0000
2026-03-18 17:56:44,swing,LQD,LONG,18,108.71,entry (LONG),+0.0000
2026-03-18 17:56:44,swing,IGV,LONG,9,84.34,entry (LONG),+0.0000
2026-03-18 17:56:47,swing,EMB,SHORT,15,94.36,entry (SHORT),+0.0000
2026-03-18 17:56:47,swing,QQQ,LONG,2,594.90,entry (LONG),+0.0000
2026-03-18 17:56:51,swing,EWW,SHORT,49,72.38,entry (SHORT),+0.0000
2026-03-18 17:56:53,swing,SPY,LONG,5,661.43,entry (LONG),+0.0000
2026-03-18 17:56:54,swing,VGK,LONG,33,82.26,entry (LONG),+0.0000
2026-03-18 17:56:56,swing,IWM,LONG,14,246.02,entry (LONG),+0.0000
2026-03-18 17:56:58,swing,XLV,SHORT,21,147.14,entry (SHORT),+0.0000
2026-03-18 17:57:01,swing,MCHI,SHORT,45,57.23,entry (SHORT),+0.0000
2026-03-18 17:57:03,swing,XLY,SHORT,30,110.57,entry (SHORT),+0.0000
2026-03-18 17:57:05,swing,XLF,LONG,67,48.97,entry (LONG),+0.0000
2026-03-18 17:57:07,swing,CIBR,LONG,50,64.96,entry (LONG),+0.0000
2026-03-18 17:57:08,swing,ARKK,SHORT,45,71.41,entry (SHORT),+0.0000
2026-03-18 17:57:10,swing,INDA,LONG,68,47.72,entry (LONG),+0.0000
2026-03-18 17:57:12,swing,IGV,LONG,9,84.34,entry (LONG),+0.0000
2026-03-18 17:57:15,swing,QQQ,LONG,2,594.90,entry (LONG),+0.0000
2026-03-18 18:01:23,swing,GLD,SHORT,3,444.74,entry (SHORT),+0.0000
2026-03-18 18:01:24,swing,USO,LONG,47,121.67,entry (LONG),+0.0000
2026-03-18 18:01:26,swing,PDBC,SHORT,267,17.46,entry (SHORT),+0.0000
2026-03-18 18:01:28,swing,XLE,SHORT,77,58.43,entry (SHORT),+0.0000
2026-03-18 18:01:30,swing,EWY,SHORT,33,131.88,entry (SHORT),+0.0000
2026-03-18 18:01:32,swing,XLU,LONG,47,46.73,entry (LONG),+0.0000
2026-03-18 18:01:33,swing,EWT,SHORT,54,71.34,entry (SHORT),+0.0000
2026-03-18 18:01:37,swing,GLD,LONG,17,444.74,entry (LONG),+0.0000
2026-03-18 18:01:41,swing,EWH,LONG,166,22.65,entry (LONG),+0.0000
2026-03-18 18:01:43,swing,XLB,LONG,77,48.48,entry (LONG),+0.0000
2026-03-18 18:01:45,swing,XLRE,LONG,35,42.02,entry (LONG),+0.0000
2026-03-18 18:01:47,swing,EWC,LONG,67,54.81,entry (LONG),+0.0000
2026-03-18 18:01:49,swing,EWU,LONG,82,45.38,entry (LONG),+0.0000
2026-03-18 18:01:51,swing,EWA,LONG,97,28.00,entry (LONG),+0.0000
2026-03-18 18:01:53,swing,XLI,LONG,14,165.18,entry (LONG),+0.0000
2026-03-18 18:01:55,swing,VTV,LONG,18,196.75,entry (LONG),+0.0000
2026-03-18 18:01:55,swing,USO,LONG,47,121.67,entry (LONG),+0.0000
2026-03-18 18:01:56,swing,IEF,LONG,38,95.75,entry (LONG),+0.0000
2026-03-18 18:01:57,swing,PDBC,SHORT,267,17.46,entry (SHORT),+0.0000
2026-03-18 18:01:58,swing,HYG,LONG,46,79.40,entry (LONG),+0.0000
2026-03-18 18:01:59,swing,XLE,SHORT,77,58.43,entry (SHORT),+0.0000
2026-03-18 18:02:00,swing,EEM,SHORT,25,57.56,entry (SHORT),+0.0000
2026-03-18 18:02:01,swing,EWY,SHORT,33,131.88,entry (SHORT),+0.0000
2026-03-18 18:02:03,swing,URNM,LONG,38,62.55,entry (LONG),+0.0000
2026-03-18 18:02:04,swing,EWT,SHORT,54,71.34,entry (SHORT),+0.0000
2026-03-18 18:02:05,swing,LQD,LONG,18,108.71,entry (LONG),+0.0000
2026-03-18 18:02:07,swing,GLD,LONG,17,444.74,entry (LONG),+0.0000
2026-03-18 18:02:08,swing,EMB,SHORT,15,94.36,entry (SHORT),+0.0000
2026-03-18 18:02:12,swing,EWH,LONG,166,22.65,entry (LONG),+0.0000
2026-03-18 18:02:13,swing,EWW,SHORT,49,72.38,entry (SHORT),+0.0000
2026-03-18 18:02:14,swing,XLB,LONG,39,48.48,entry (LONG),+0.0000
2026-03-18 18:02:15,swing,SPY,LONG,5,661.43,entry (LONG),+0.0000
2026-03-18 18:02:15,swing,XLRE,LONG,54,42.02,entry (LONG),+0.0000
2026-03-18 18:02:16,swing,VGK,LONG,33,82.26,entry (LONG),+0.0000
2026-03-18 18:02:18,swing,EWC,LONG,67,54.81,entry (LONG),+0.0000
2026-03-18 18:02:18,swing,IWM,LONG,14,246.02,entry (LONG),+0.0000
2026-03-18 18:02:19,swing,EWU,LONG,82,45.38,entry (LONG),+0.0000
2026-03-18 18:02:20,swing,XLV,SHORT,21,147.14,entry (SHORT),+0.0000
2026-03-18 18:02:21,swing,EWA,LONG,97,28.00,entry (LONG),+0.0000
2026-03-18 18:02:23,swing,USO,LONG,47,121.67,entry (LONG),+0.0000
2026-03-18 18:02:23,swing,XLI,SHORT,22,165.18,entry (SHORT),+0.0000
2026-03-18 18:02:24,swing,MCHI,SHORT,45,57.23,entry (SHORT),+0.0000
2026-03-18 18:02:25,swing,PDBC,SHORT,267,17.46,entry (SHORT),+0.0000
2026-03-18 18:02:25,swing,VTV,SHORT,18,196.75,entry (SHORT),+0.0000
2026-03-18 18:02:25,swing,XLY,SHORT,30,110.57,entry (SHORT),+0.0000
2026-03-18 18:02:27,swing,XLE,SHORT,77,58.43,entry (SHORT),+0.0000
2026-03-18 18:02:27,swing,IEF,LONG,38,95.75,entry (LONG),+0.0000
2026-03-18 18:02:27,swing,XLF,LONG,67,48.97,entry (LONG),+0.0000
2026-03-18 18:02:29,swing,EWY,SHORT,33,131.88,entry (SHORT),+0.0000
2026-03-18 18:02:29,swing,HYG,LONG,46,79.40,entry (LONG),+0.0000
2026-03-18 18:02:29,swing,CIBR,LONG,50,64.96,entry (LONG),+0.0000
2026-03-18 18:02:31,swing,XLU,LONG,47,46.73,entry (LONG),+0.0000
2026-03-18 18:02:31,swing,EEM,SHORT,25,57.56,entry (SHORT),+0.0000
2026-03-18 18:02:31,swing,ARKK,SHORT,45,71.41,entry (SHORT),+0.0000
2026-03-18 18:02:33,swing,EWT,SHORT,54,71.34,entry (SHORT),+0.0000
2026-03-18 18:02:33,swing,INDA,LONG,68,47.72,entry (LONG),+0.0000
2026-03-18 18:02:34,swing,URNM,LONG,38,62.55,entry (LONG),+0.0000
2026-03-18 18:02:35,swing,IGV,LONG,9,84.34,entry (LONG),+0.0000
2026-03-18 18:02:36,swing,GLD,LONG,17,444.74,entry (LONG),+0.0000
2026-03-18 18:02:36,swing,LQD,LONG,18,108.71,entry (LONG),+0.0000
2026-03-18 18:02:40,swing,EMB,SHORT,15,94.36,entry (SHORT),+0.0000
2026-03-18 18:02:40,swing,QQQ,LONG,2,594.90,entry (LONG),+0.0000
2026-03-18 18:02:41,swing,EWH,LONG,166,22.65,entry (LONG),+0.0000
2026-03-18 18:02:43,swing,XLB,LONG,77,48.48,entry (LONG),+0.0000
2026-03-18 18:02:45,swing,EWW,SHORT,49,72.38,entry (SHORT),+0.0000
2026-03-18 18:02:45,swing,XLRE,LONG,54,42.02,entry (LONG),+0.0000
2026-03-18 18:02:46,swing,SPY,LONG,5,661.43,entry (LONG),+0.0000
2026-03-18 18:02:47,swing,EWC,LONG,67,54.81,entry (LONG),+0.0000
2026-03-18 18:02:48,swing,VGK,LONG,33,82.26,entry (LONG),+0.0000
2026-03-18 18:02:48,swing,EWU,LONG,82,45.38,entry (LONG),+0.0000
2026-03-18 18:02:50,swing,IWM,LONG,14,246.02,entry (LONG),+0.0000
2026-03-18 18:02:50,swing,EWA,LONG,97,28.00,entry (LONG),+0.0000
2026-03-18 18:02:52,swing,XLV,SHORT,21,147.14,entry (SHORT),+0.0000
2026-03-18 18:02:52,swing,XLI,SHORT,22,165.18,entry (SHORT),+0.0000
2026-03-18 18:02:54,swing,VTV,SHORT,18,196.75,entry (SHORT),+0.0000
2026-03-18 18:02:55,swing,MCHI,SHORT,45,57.23,entry (SHORT),+0.0000
2026-03-18 18:02:56,swing,IEF,LONG,38,95.75,entry (LONG),+0.0000
2026-03-18 18:02:57,swing,XLY,SHORT,30,110.57,entry (SHORT),+0.0000
2026-03-18 18:02:58,swing,HYG,LONG,46,79.40,entry (LONG),+0.0000
2026-03-18 18:02:59,swing,XLF,LONG,67,48.97,entry (LONG),+0.0000
2026-03-18 18:03:00,swing,EEM,SHORT,25,57.56,entry (SHORT),+0.0000
2026-03-18 18:03:00,swing,CIBR,LONG,50,64.96,entry (LONG),+0.0000
2026-03-18 18:03:02,swing,ARKK,SHORT,45,71.41,entry (SHORT),+0.0000
2026-03-18 18:03:03,swing,URNM,LONG,38,62.55,entry (LONG),+0.0000
2026-03-18 18:03:04,swing,INDA,LONG,68,47.72,entry (LONG),+0.0000
2026-03-18 18:03:04,swing,LQD,LONG,18,108.71,entry (LONG),+0.0000
2026-03-18 18:03:06,swing,IGV,LONG,9,84.34,entry (LONG),+0.0000
2026-03-18 18:03:07,swing,EMB,SHORT,15,94.36,entry (SHORT),+0.0000
2026-03-18 18:03:09,swing,QQQ,LONG,2,594.90,entry (LONG),+0.0000
2026-03-18 18:03:12,swing,EWW,SHORT,49,72.38,entry (SHORT),+0.0000
2026-03-18 18:03:14,swing,SPY,LONG,5,661.43,entry (LONG),+0.0000
2026-03-18 18:03:16,swing,VGK,LONG,33,82.26,entry (LONG),+0.0000
2026-03-18 18:03:18,swing,IWM,LONG,14,246.02,entry (LONG),+0.0000
2026-03-18 18:03:19,swing,XLV,SHORT,21,147.14,entry (SHORT),+0.0000
2026-03-18 18:03:23,swing,MCHI,SHORT,45,57.23,entry (SHORT),+0.0000
2026-03-18 18:03:24,swing,XLY,SHORT,30,110.57,entry (SHORT),+0.0000
2026-03-18 18:03:26,swing,XLF,LONG,67,48.97,entry (LONG),+0.0000
2026-03-18 18:03:28,swing,CIBR,LONG,50,64.96,entry (LONG),+0.0000
2026-03-18 18:03:30,swing,ARKK,SHORT,45,71.41,entry (SHORT),+0.0000
2026-03-18 18:03:31,swing,INDA,LONG,68,47.72,entry (LONG),+0.0000
2026-03-18 18:03:33,swing,IGV,LONG,9,84.34,entry (LONG),+0.0000
2026-03-18 18:03:36,swing,QQQ,LONG,2,594.90,entry (LONG),+0.0000
2026-03-18 18:06:39,swing,GLD,SHORT,3,444.74,entry (SHORT),+0.0000
2026-03-18 18:07:47,swing,USO,LONG,47,121.67,entry (LONG),+0.0000
2026-03-18 18:07:49,swing,PDBC,SHORT,267,17.46,entry (SHORT),+0.0000
2026-03-18 18:07:51,swing,XLE,SHORT,77,58.43,entry (SHORT),+0.0000
2026-03-18 18:07:53,swing,EWY,SHORT,33,131.88,entry (SHORT),+0.0000
2026-03-18 18:07:54,swing,XLU,LONG,47,46.73,entry (LONG),+0.0000
2026-03-18 18:07:56,swing,EWT,SHORT,54,71.34,entry (SHORT),+0.0000
2026-03-18 18:08:00,swing,GLD,LONG,17,444.74,entry (LONG),+0.0000
2026-03-18 18:08:04,swing,EWH,LONG,166,22.65,entry (LONG),+0.0000
2026-03-18 18:08:06,swing,XLB,LONG,77,48.48,entry (LONG),+0.0000
2026-03-18 18:08:08,swing,XLRE,LONG,35,42.02,entry (LONG),+0.0000
2026-03-18 18:08:10,swing,EWC,LONG,67,54.81,entry (LONG),+0.0000
2026-03-18 18:08:12,swing,EWU,LONG,82,45.38,entry (LONG),+0.0000
2026-03-18 18:08:14,swing,EWA,LONG,97,28.00,entry (LONG),+0.0000
2026-03-18 18:08:15,swing,XLI,LONG,14,165.18,entry (LONG),+0.0000
2026-03-18 18:08:17,swing,USO,LONG,47,121.67,entry (LONG),+0.0000
2026-03-18 18:08:17,swing,VTV,LONG,18,196.75,entry (LONG),+0.0000
2026-03-18 18:08:19,swing,PDBC,SHORT,267,17.46,entry (SHORT),+0.0000
2026-03-18 18:08:19,swing,IEF,LONG,38,95.75,entry (LONG),+0.0000
2026-03-18 18:08:21,swing,XLE,SHORT,77,58.43,entry (SHORT),+0.0000
2026-03-18 18:08:21,swing,HYG,LONG,46,79.40,entry (LONG),+0.0000
2026-03-18 18:08:23,swing,EWY,SHORT,33,131.88,entry (SHORT),+0.0000
2026-03-18 18:08:23,swing,EEM,SHORT,25,57.56,entry (SHORT),+0.0000
2026-03-18 18:08:26,swing,EWT,SHORT,54,71.34,entry (SHORT),+0.0000
2026-03-18 18:08:26,swing,URNM,LONG,38,62.55,entry (LONG),+0.0000
2026-03-18 18:08:28,swing,LQD,LONG,18,108.71,entry (LONG),+0.0000
2026-03-18 18:08:29,swing,GLD,LONG,17,444.74,entry (LONG),+0.0000
2026-03-18 18:08:31,swing,EMB,SHORT,15,94.36,entry (SHORT),+0.0000
2026-03-18 18:08:34,swing,EWH,LONG,166,22.65,entry (LONG),+0.0000
2026-03-18 18:08:36,swing,XLB,LONG,39,48.48,entry (LONG),+0.0000
2026-03-18 18:08:36,swing,EWW,SHORT,49,72.38,entry (SHORT),+0.0000
2026-03-18 18:08:37,swing,XLRE,LONG,54,42.02,entry (LONG),+0.0000
2026-03-18 18:08:38,swing,SPY,LONG,5,661.43,entry (LONG),+0.0000
2026-03-18 18:08:39,swing,EWC,LONG,67,54.81,entry (LONG),+0.0000
2026-03-18 18:08:40,swing,VGK,LONG,33,82.26,entry (LONG),+0.0000
2026-03-18 18:08:41,swing,EWU,LONG,82,45.38,entry (LONG),+0.0000
2026-03-18 18:08:42,swing,IWM,LONG,14,246.02,entry (LONG),+0.0000
2026-03-18 18:08:43,swing,EWA,LONG,97,28.00,entry (LONG),+0.0000
2026-03-18 18:08:44,swing,XLV,SHORT,21,147.14,entry (SHORT),+0.0000
2026-03-18 18:08:44,swing,USO,LONG,47,121.67,entry (LONG),+0.0000
2026-03-18 18:08:45,swing,XLI,SHORT,22,165.18,entry (SHORT),+0.0000
2026-03-18 18:08:46,swing,PDBC,SHORT,267,17.46,entry (SHORT),+0.0000
2026-03-18 18:08:47,swing,MCHI,SHORT,45,57.23,entry (SHORT),+0.0000
2026-03-18 18:08:47,swing,VTV,SHORT,18,196.75,entry (SHORT),+0.0000
2026-03-18 18:08:48,swing,XLE,SHORT,77,58.43,entry (SHORT),+0.0000
2026-03-18 18:08:49,swing,XLY,SHORT,30,110.57,entry (SHORT),+0.0000
2026-03-18 18:08:49,swing,IEF,LONG,38,95.75,entry (LONG),+0.0000
2026-03-18 18:08:50,swing,EWY,SHORT,33,131.88,entry (SHORT),+0.0000
2026-03-18 18:08:51,swing,XLF,LONG,67,48.97,entry (LONG),+0.0000
2026-03-18 18:08:51,swing,HYG,LONG,46,79.40,entry (LONG),+0.0000
2026-03-18 18:08:52,swing,XLU,LONG,47,46.73,entry (LONG),+0.0000
2026-03-18 18:08:53,swing,CIBR,LONG,50,64.96,entry (LONG),+0.0000
2026-03-18 18:08:54,swing,EEM,SHORT,25,57.56,entry (SHORT),+0.0000
2026-03-18 18:08:54,swing,EWT,SHORT,54,71.34,entry (SHORT),+0.0000
2026-03-18 18:08:55,swing,ARKK,SHORT,45,71.41,entry (SHORT),+0.0000
2026-03-18 18:08:57,swing,INDA,LONG,68,47.72,entry (LONG),+0.0000
2026-03-18 18:08:57,swing,URNM,LONG,38,62.55,entry (LONG),+0.0000
2026-03-18 18:08:57,swing,GLD,LONG,17,444.74,entry (LONG),+0.0000
2026-03-18 18:08:59,swing,IGV,LONG,9,84.34,entry (LONG),+0.0000
2026-03-18 18:08:59,swing,LQD,LONG,18,108.71,entry (LONG),+0.0000
2026-03-18 18:09:02,swing,EWH,LONG,166,22.65,entry (LONG),+0.0000
2026-03-18 18:09:02,swing,EMB,SHORT,15,94.36,entry (SHORT),+0.0000
2026-03-18 18:09:03,swing,XLB,LONG,77,48.48,entry (LONG),+0.0000
2026-03-18 18:09:04,swing,QQQ,LONG,2,594.90,entry (LONG),+0.0000
2026-03-18 18:09:05,swing,XLRE,LONG,54,42.02,entry (LONG),+0.0000
2026-03-18 18:09:07,swing,EWW,SHORT,49,72.38,entry (SHORT),+0.0000
2026-03-18 18:09:07,swing,EWC,LONG,67,54.81,entry (LONG),+0.0000
2026-03-18 18:09:09,swing,SPY,LONG,5,661.43,entry (LONG),+0.0000
2026-03-18 18:09:09,swing,EWU,LONG,82,45.38,entry (LONG),+0.0000
2026-03-18 18:09:11,swing,EWA,LONG,97,28.00,entry (LONG),+0.0000
2026-03-18 18:09:11,swing,VGK,LONG,33,82.26,entry (LONG),+0.0000
2026-03-18 18:09:13,swing,XLI,SHORT,22,165.18,entry (SHORT),+0.0000
2026-03-18 18:09:13,swing,IWM,LONG,14,246.02,entry (LONG),+0.0000
2026-03-18 18:09:15,swing,XLV,SHORT,21,147.14,entry (SHORT),+0.0000
2026-03-18 18:09:15,swing,VTV,SHORT,18,196.75,entry (SHORT),+0.0000
2026-03-18 18:09:17,swing,IEF,LONG,38,95.75,entry (LONG),+0.0000
2026-03-18 18:09:18,swing,MCHI,SHORT,45,57.23,entry (SHORT),+0.0000
2026-03-18 18:09:19,swing,HYG,LONG,46,79.40,entry (LONG),+0.0000
2026-03-18 18:09:20,swing,XLY,SHORT,30,110.57,entry (SHORT),+0.0000
2026-03-18 18:09:21,swing,EEM,SHORT,25,57.56,entry (SHORT),+0.0000
2026-03-18 18:09:22,swing,XLF,LONG,67,48.97,entry (LONG),+0.0000
2026-03-18 18:09:25,swing,CIBR,LONG,50,64.96,entry (LONG),+0.0000
2026-03-18 18:09:25,swing,URNM,LONG,38,62.55,entry (LONG),+0.0000
2026-03-18 18:09:26,swing,ARKK,SHORT,45,71.41,entry (SHORT),+0.0000
2026-03-18 18:09:27,swing,LQD,LONG,18,108.71,entry (LONG),+0.0000
2026-03-18 18:09:28,swing,INDA,LONG,68,47.72,entry (LONG),+0.0000
2026-03-18 18:09:30,swing,EMB,SHORT,15,94.36,entry (SHORT),+0.0000
2026-03-18 18:09:30,swing,IGV,LONG,9,84.34,entry (LONG),+0.0000
2026-03-18 18:09:34,swing,QQQ,LONG,2,594.90,entry (LONG),+0.0000
2026-03-18 18:09:35,swing,EWW,SHORT,49,72.38,entry (SHORT),+0.0000
2026-03-18 18:09:37,swing,SPY,LONG,5,661.43,entry (LONG),+0.0000
2026-03-18 18:09:38,swing,VGK,LONG,33,82.26,entry (LONG),+0.0000
2026-03-18 18:09:40,swing,IWM,LONG,14,246.02,entry (LONG),+0.0000
2026-03-18 18:09:42,swing,XLV,SHORT,21,147.14,entry (SHORT),+0.0000
2026-03-18 18:09:45,swing,MCHI,SHORT,45,57.23,entry (SHORT),+0.0000
2026-03-18 18:09:47,swing,XLY,SHORT,30,110.57,entry (SHORT),+0.0000
2026-03-18 18:09:50,swing,XLF,LONG,67,48.97,entry (LONG),+0.0000
2026-03-18 18:09:52,swing,CIBR,LONG,50,64.96,entry (LONG),+0.0000
2026-03-18 18:09:55,swing,ARKK,SHORT,45,71.41,entry (SHORT),+0.0000
2026-03-18 18:09:57,swing,INDA,LONG,68,47.72,entry (LONG),+0.0000
2026-03-18 18:09:59,swing,IGV,LONG,9,84.34,entry (LONG),+0.0000
2026-03-18 18:10:02,swing,QQQ,LONG,2,594.90,entry (LONG),+0.0000
2026-03-18 18:11:53,swing,GLD,SHORT,3,444.74,entry (SHORT),+0.0000
2026-03-18 18:14:11,swing,USO,LONG,47,121.67,entry (LONG),+0.0000
2026-03-18 18:14:12,swing,PDBC,SHORT,267,17.46,entry (SHORT),+0.0000
2026-03-18 18:14:14,swing,XLE,SHORT,77,58.43,entry (SHORT),+0.0000
2026-03-18 18:14:16,swing,EWY,SHORT,33,131.88,entry (SHORT),+0.0000
2026-03-18 18:14:17,swing,XLU,LONG,47,46.73,entry (LONG),+0.0000
2026-03-18 18:14:19,swing,EWT,SHORT,54,71.34,entry (SHORT),+0.0000
2026-03-18 18:14:22,swing,GLD,LONG,17,444.74,entry (LONG),+0.0000
2026-03-18 18:14:27,swing,EWH,LONG,166,22.65,entry (LONG),+0.0000
2026-03-18 18:14:29,swing,XLB,LONG,77,48.48,entry (LONG),+0.0000
2026-03-18 18:14:30,swing,XLRE,LONG,35,42.02,entry (LONG),+0.0000
2026-03-18 18:14:33,swing,EWC,LONG,67,54.81,entry (LONG),+0.0000
2026-03-18 18:14:35,swing,EWU,LONG,82,45.38,entry (LONG),+0.0000
2026-03-18 18:14:37,swing,EWA,LONG,97,28.00,entry (LONG),+0.0000
2026-03-18 18:14:39,swing,XLI,LONG,14,165.18,entry (LONG),+0.0000
2026-03-18 18:14:40,swing,VTV,LONG,18,196.75,entry (LONG),+0.0000
2026-03-18 18:14:42,swing,USO,LONG,47,121.67,entry (LONG),+0.0000
2026-03-18 18:14:43,swing,IEF,LONG,38,95.75,entry (LONG),+0.0000
2026-03-18 18:14:45,swing,PDBC,SHORT,267,17.46,entry (SHORT),+0.0000
2026-03-18 18:14:45,swing,HYG,LONG,46,79.40,entry (LONG),+0.0000
2026-03-18 18:14:47,swing,XLE,SHORT,77,58.43,entry (SHORT),+0.0000
2026-03-18 18:14:47,swing,EEM,SHORT,25,57.56,entry (SHORT),+0.0000
2026-03-18 18:14:49,swing,EWY,SHORT,33,131.88,entry (SHORT),+0.0000
2026-03-18 18:14:51,swing,URNM,LONG,38,62.55,entry (LONG),+0.0000
2026-03-18 18:14:52,swing,EWT,SHORT,54,71.34,entry (SHORT),+0.0000
2026-03-18 18:14:53,swing,LQD,LONG,18,108.71,entry (LONG),+0.0000
2026-03-18 18:14:55,swing,GLD,LONG,17,444.74,entry (LONG),+0.0000
2026-03-18 18:14:56,swing,EMB,SHORT,15,94.36,entry (SHORT),+0.0000
2026-03-18 18:15:00,swing,EWH,LONG,166,22.65,entry (LONG),+0.0000
2026-03-18 18:15:01,swing,EWW,SHORT,49,72.38,entry (SHORT),+0.0000
2026-03-18 18:15:02,swing,XLB,LONG,39,48.48,entry (LONG),+0.0000
2026-03-18 18:15:02,swing,SPY,LONG,5,661.43,entry (LONG),+0.0000
2026-03-18 18:15:04,swing,XLRE,LONG,54,42.02,entry (LONG),+0.0000
2026-03-18 18:15:04,swing,VGK,LONG,33,82.26,entry (LONG),+0.0000
2026-03-18 18:15:05,swing,EWC,LONG,67,54.81,entry (LONG),+0.0000
2026-03-18 18:15:06,swing,IWM,LONG,14,246.02,entry (LONG),+0.0000
2026-03-18 18:15:07,swing,EWU,LONG,82,45.38,entry (LONG),+0.0000
2026-03-18 18:15:08,swing,XLV,SHORT,21,147.14,entry (SHORT),+0.0000
2026-03-18 18:15:09,swing,EWA,LONG,97,28.00,entry (LONG),+0.0000
2026-03-18 18:15:10,swing,USO,LONG,47,121.67,entry (LONG),+0.0000
2026-03-18 18:15:11,swing,XLI,SHORT,22,165.18,entry (SHORT),+0.0000
2026-03-18 18:15:11,swing,MCHI,SHORT,45,57.23,entry (SHORT),+0.0000
2026-03-18 18:15:12,swing,PDBC,SHORT,267,17.46,entry (SHORT),+0.0000
2026-03-18 18:15:13,swing,VTV,SHORT,18,196.75,entry (SHORT),+0.0000
2026-03-18 18:15:13,swing,XLY,SHORT,30,110.57,entry (SHORT),+0.0000
2026-03-18 18:15:14,swing,XLE,SHORT,77,58.43,entry (SHORT),+0.0000
2026-03-18 18:15:15,swing,IEF,LONG,38,95.75,entry (LONG),+0.0000
2026-03-18 18:15:16,swing,XLF,LONG,67,48.97,entry (LONG),+0.0000
2026-03-18 18:15:16,swing,EWY,SHORT,33,131.88,entry (SHORT),+0.0000
2026-03-18 18:15:18,swing,HYG,LONG,46,79.40,entry (LONG),+0.0000
2026-03-18 18:15:18,swing,CIBR,LONG,50,64.96,entry (LONG),+0.0000
2026-03-18 18:15:18,swing,XLU,LONG,47,46.73,entry (LONG),+0.0000
2026-03-18 18:15:20,swing,ARKK,SHORT,45,71.41,entry (SHORT),+0.0000
2026-03-18 18:15:20,swing,EEM,SHORT,25,57.56,entry (SHORT),+0.0000
2026-03-18 18:15:21,swing,EWT,SHORT,54,71.34,entry (SHORT),+0.0000
2026-03-18 18:15:23,swing,INDA,LONG,68,47.72,entry (LONG),+0.0000
2026-03-18 18:15:25,swing,GLD,LONG,17,444.74,entry (LONG),+0.0000
2026-03-18 18:15:25,swing,IGV,LONG,9,84.34,entry (LONG),+0.0000
2026-03-18 18:15:25,swing,URNM,LONG,38,62.55,entry (LONG),+0.0000
2026-03-18 18:15:27,swing,LQD,LONG,18,108.71,entry (LONG),+0.0000
2026-03-18 18:15:30,swing,EWH,LONG,166,22.65,entry (LONG),+0.0000
2026-03-18 18:15:31,swing,QQQ,LONG,2,594.90,entry (LONG),+0.0000
2026-03-18 18:15:31,swing,EMB,SHORT,15,94.36,entry (SHORT),+0.0000
2026-03-18 18:15:32,swing,XLB,LONG,77,48.48,entry (LONG),+0.0000
2026-03-18 18:15:34,swing,XLRE,LONG,54,42.02,entry (LONG),+0.0000
2026-03-18 18:15:36,swing,EWW,SHORT,49,72.38,entry (SHORT),+0.0000
2026-03-18 18:15:36,swing,EWC,LONG,67,54.81,entry (LONG),+0.0000
2026-03-18 18:15:37,swing,SPY,LONG,5,661.43,entry (LONG),+0.0000
2026-03-18 18:15:38,swing,EWU,LONG,82,45.38,entry (LONG),+0.0000
2026-03-18 18:15:39,swing,VGK,LONG,33,82.26,entry (LONG),+0.0000
2026-03-18 18:15:40,swing,EWA,LONG,97,28.00,entry (LONG),+0.0000
2026-03-18 18:15:41,swing,IWM,LONG,14,246.02,entry (LONG),+0.0000
2026-03-18 18:15:41,swing,XLI,SHORT,22,165.18,entry (SHORT),+0.0000
2026-03-18 18:15:43,swing,XLV,SHORT,21,147.14,entry (SHORT),+0.0000
2026-03-18 18:15:43,swing,VTV,SHORT,18,196.75,entry (SHORT),+0.0000
2026-03-18 18:15:45,swing,IEF,LONG,38,95.75,entry (LONG),+0.0000
2026-03-18 18:15:46,swing,MCHI,SHORT,45,57.23,entry (SHORT),+0.0000
2026-03-18 18:15:47,swing,HYG,LONG,46,79.40,entry (LONG),+0.0000
2026-03-18 18:15:48,swing,XLY,SHORT,30,110.57,entry (SHORT),+0.0000
2026-03-18 18:15:49,swing,EEM,SHORT,25,57.56,entry (SHORT),+0.0000
2026-03-18 18:15:50,swing,XLF,LONG,67,48.97,entry (LONG),+0.0000
2026-03-18 18:15:52,swing,URNM,LONG,38,62.55,entry (LONG),+0.0000
2026-03-18 18:15:52,swing,CIBR,LONG,50,64.96,entry (LONG),+0.0000
2026-03-18 18:15:54,swing,LQD,LONG,18,108.71,entry (LONG),+0.0000
2026-03-18 18:15:54,swing,ARKK,SHORT,45,71.41,entry (SHORT),+0.0000
2026-03-18 18:15:56,swing,INDA,LONG,68,47.72,entry (LONG),+0.0000
2026-03-18 18:15:57,swing,EMB,SHORT,15,94.36,entry (SHORT),+0.0000
2026-03-18 18:15:58,swing,IGV,LONG,9,84.34,entry (LONG),+0.0000
2026-03-18 18:16:01,swing,QQQ,LONG,2,594.90,entry (LONG),+0.0000
2026-03-18 18:16:01,swing,EWW,SHORT,49,72.38,entry (SHORT),+0.0000
2026-03-18 18:16:03,swing,SPY,LONG,5,661.43,entry (LONG),+0.0000
2026-03-18 18:16:05,swing,VGK,LONG,33,82.26,entry (LONG),+0.0000
2026-03-18 18:16:06,swing,IWM,LONG,14,246.02,entry (LONG),+0.0000
2026-03-18 18:16:08,swing,XLV,SHORT,21,147.14,entry (SHORT),+0.0000
2026-03-18 18:16:11,swing,MCHI,SHORT,45,57.23,entry (SHORT),+0.0000
2026-03-18 18:16:13,swing,XLY,SHORT,30,110.57,entry (SHORT),+0.0000
2026-03-18 18:16:15,swing,XLF,LONG,67,48.97,entry (LONG),+0.0000
2026-03-18 18:16:17,swing,CIBR,LONG,50,64.96,entry (LONG),+0.0000
2026-03-18 18:16:18,swing,ARKK,SHORT,45,71.41,entry (SHORT),+0.0000
2026-03-18 18:16:20,swing,INDA,LONG,68,47.72,entry (LONG),+0.0000
2026-03-18 18:16:22,swing,IGV,LONG,9,84.34,entry (LONG),+0.0000
2026-03-18 18:16:25,swing,QQQ,LONG,2,594.90,entry (LONG),+0.0000
2026-03-18 18:17:05,swing,GLD,SHORT,3,444.74,entry (SHORT),+0.0000
2026-03-18 18:20:38,swing,USO,LONG,47,121.67,entry (LONG),+0.0000
2026-03-18 18:20:40,swing,PDBC,SHORT,267,17.46,entry (SHORT),+0.0000
2026-03-18 18:20:42,swing,XLE,SHORT,77,58.43,entry (SHORT),+0.0000
2026-03-18 18:20:44,swing,EWY,SHORT,33,131.88,entry (SHORT),+0.0000
2026-03-18 18:20:46,swing,XLU,LONG,47,46.73,entry (LONG),+0.0000
2026-03-18 18:20:48,swing,EWT,SHORT,54,71.34,entry (SHORT),+0.0000
2026-03-18 18:20:51,swing,GLD,LONG,17,444.74,entry (LONG),+0.0000
2026-03-18 18:20:57,swing,EWH,LONG,166,22.65,entry (LONG),+0.0000
2026-03-18 18:20:59,swing,XLB,LONG,77,48.48,entry (LONG),+0.0000
2026-03-18 18:21:01,swing,XLRE,LONG,35,42.02,entry (LONG),+0.0000
2026-03-18 18:21:04,swing,EWC,LONG,68,54.81,entry (LONG),+0.0000
2026-03-18 18:21:06,swing,EWU,LONG,82,45.38,entry (LONG),+0.0000
2026-03-18 18:21:07,swing,EWA,LONG,98,28.00,entry (LONG),+0.0000
2026-03-18 18:21:09,swing,XLI,LONG,14,165.18,entry (LONG),+0.0000
2026-03-18 18:21:10,swing,USO,LONG,47,121.67,entry (LONG),+0.0000
2026-03-18 18:21:11,swing,VTV,LONG,18,196.75,entry (LONG),+0.0000
2026-03-18 18:21:12,swing,PDBC,SHORT,267,17.46,entry (SHORT),+0.0000
2026-03-18 18:21:13,swing,IEF,LONG,38,95.75,entry (LONG),+0.0000
2026-03-18 18:21:14,swing,XLE,SHORT,77,58.43,entry (SHORT),+0.0000
2026-03-18 18:21:16,swing,HYG,LONG,46,79.40,entry (LONG),+0.0000
2026-03-18 18:21:16,swing,EWY,SHORT,33,131.88,entry (SHORT),+0.0000
2026-03-18 18:21:17,swing,EEM,SHORT,25,57.56,entry (SHORT),+0.0000
2026-03-18 18:21:19,swing,EWT,SHORT,54,71.34,entry (SHORT),+0.0000
2026-03-18 18:21:21,swing,URNM,LONG,38,62.55,entry (LONG),+0.0000
2026-03-18 18:21:22,swing,GLD,LONG,17,444.74,entry (LONG),+0.0000
2026-03-18 18:21:22,swing,LQD,LONG,18,108.71,entry (LONG),+0.0000
2026-03-18 18:21:26,swing,EMB,SHORT,15,94.36,entry (SHORT),+0.0000
2026-03-18 18:21:26,swing,EWH,LONG,167,22.65,entry (LONG),+0.0000
2026-03-18 18:21:28,swing,XLB,LONG,39,48.48,entry (LONG),+0.0000
2026-03-18 18:21:30,swing,XLRE,LONG,54,42.02,entry (LONG),+0.0000
2026-03-18 18:21:31,swing,EWW,SHORT,49,72.38,entry (SHORT),+0.0000
2026-03-18 18:21:32,swing,EWC,LONG,68,54.81,entry (LONG),+0.0000
2026-03-18 18:21:33,swing,SPY,LONG,5,661.43,entry (LONG),+0.0000
2026-03-18 18:21:33,swing,USO,LONG,47,121.67,entry (LONG),+0.0000
2026-03-18 18:21:34,swing,EWU,LONG,82,45.38,entry (LONG),+0.0000
2026-03-18 18:21:34,swing,VGK,LONG,34,82.26,entry (LONG),+0.0000
2026-03-18 18:21:35,swing,PDBC,SHORT,267,17.46,entry (SHORT),+0.0000
2026-03-18 18:21:36,swing,EWA,LONG,98,28.00,entry (LONG),+0.0000
2026-03-18 18:21:36,swing,IWM,LONG,14,246.02,entry (LONG),+0.0000
2026-03-18 18:21:37,swing,XLE,SHORT,77,58.43,entry (SHORT),+0.0000
2026-03-18 18:21:38,swing,XLI,SHORT,22,165.18,entry (SHORT),+0.0000
2026-03-18 18:21:38,swing,XLV,SHORT,21,147.14,entry (SHORT),+0.0000
2026-03-18 18:21:39,swing,EWY,SHORT,33,131.88,entry (SHORT),+0.0000
2026-03-18 18:21:40,swing,VTV,SHORT,18,196.75,entry (SHORT),+0.0000
2026-03-18 18:21:41,swing,XLU,LONG,47,46.73,entry (LONG),+0.0000
2026-03-18 18:21:42,swing,MCHI,SHORT,45,57.23,entry (SHORT),+0.0000
2026-03-18 18:21:42,swing,IEF,LONG,38,95.75,entry (LONG),+0.0000
2026-03-18 18:21:42,swing,EWT,SHORT,54,71.34,entry (SHORT),+0.0000
2026-03-18 18:21:43,swing,XLY,SHORT,30,110.57,entry (SHORT),+0.0000
2026-03-18 18:21:44,swing,HYG,LONG,46,79.40,entry (LONG),+0.0000
2026-03-18 18:21:45,swing,XLF,LONG,67,48.97,entry (LONG),+0.0000
2026-03-18 18:21:46,swing,EEM,SHORT,25,57.56,entry (SHORT),+0.0000
2026-03-18 18:21:46,swing,GLD,LONG,17,444.74,entry (LONG),+0.0000
2026-03-18 18:21:47,swing,CIBR,LONG,50,64.96,entry (LONG),+0.0000
2026-03-18 18:21:50,swing,ARKK,SHORT,45,71.41,entry (SHORT),+0.0000
2026-03-18 18:21:51,swing,URNM,LONG,38,62.55,entry (LONG),+0.0000
2026-03-18 18:21:51,swing,EWH,LONG,166,22.65,entry (LONG),+0.0000
2026-03-18 18:21:52,swing,INDA,LONG,68,47.72,entry (LONG),+0.0000
2026-03-18 18:21:53,swing,LQD,LONG,18,108.71,entry (LONG),+0.0000
2026-03-18 18:21:53,swing,XLB,LONG,77,48.48,entry (LONG),+0.0000
2026-03-18 18:21:55,swing,IGV,LONG,9,84.34,entry (LONG),+0.0000
2026-03-18 18:21:55,swing,XLRE,LONG,54,42.02,entry (LONG),+0.0000
2026-03-18 18:21:56,swing,EMB,SHORT,15,94.36,entry (SHORT),+0.0000
2026-03-18 18:21:58,swing,EWC,LONG,68,54.81,entry (LONG),+0.0000
2026-03-18 18:22:00,swing,EWU,LONG,82,45.38,entry (LONG),+0.0000
2026-03-18 18:22:00,swing,QQQ,LONG,2,594.90,entry (LONG),+0.0000
2026-03-18 18:22:01,swing,EWW,SHORT,49,72.38,entry (SHORT),+0.0000
2026-03-18 18:22:02,swing,EWA,LONG,98,28.00,entry (LONG),+0.0000
2026-03-18 18:22:03,swing,SPY,LONG,5,661.43,entry (LONG),+0.0000
2026-03-18 18:22:03,swing,XLI,SHORT,22,165.18,entry (SHORT),+0.0000
2026-03-18 18:22:05,swing,VGK,LONG,34,82.26,entry (LONG),+0.0000
2026-03-18 18:22:05,swing,VTV,SHORT,18,196.75,entry (SHORT),+0.0000
2026-03-18 18:22:07,swing,IWM,LONG,14,246.02,entry (LONG),+0.0000
2026-03-18 18:22:07,swing,IEF,LONG,38,95.75,entry (LONG),+0.0000
2026-03-18 18:22:09,swing,XLV,SHORT,21,147.14,entry (SHORT),+0.0000
2026-03-18 18:22:09,swing,HYG,LONG,46,79.40,entry (LONG),+0.0000
2026-03-18 18:22:11,swing,EEM,SHORT,25,57.56,entry (SHORT),+0.0000
2026-03-18 18:22:12,swing,MCHI,SHORT,45,57.23,entry (SHORT),+0.0000
2026-03-18 18:22:14,swing,XLY,SHORT,30,110.57,entry (SHORT),+0.0000
2026-03-18 18:22:14,swing,URNM,LONG,38,62.55,entry (LONG),+0.0000
2026-03-18 18:22:16,swing,XLF,LONG,67,48.97,entry (LONG),+0.0000
2026-03-18 18:22:16,swing,LQD,LONG,18,108.71,entry (LONG),+0.0000
2026-03-18 18:22:18,swing,CIBR,LONG,50,64.96,entry (LONG),+0.0000
2026-03-18 18:22:19,swing,GLD,SHORT,3,444.74,entry (SHORT),+0.0000
2026-03-18 18:22:19,swing,EMB,SHORT,15,94.36,entry (SHORT),+0.0000
2026-03-18 18:22:20,swing,ARKK,SHORT,45,71.41,entry (SHORT),+0.0000
2026-03-18 18:22:22,swing,INDA,LONG,68,47.72,entry (LONG),+0.0000
2026-03-18 18:22:24,swing,IGV,LONG,9,84.34,entry (LONG),+0.0000
2026-03-18 18:22:24,swing,EWW,SHORT,49,72.38,entry (SHORT),+0.0000
2026-03-18 18:22:26,swing,SPY,LONG,5,661.43,entry (LONG),+0.0000
2026-03-18 18:22:27,swing,QQQ,LONG,2,594.90,entry (LONG),+0.0000
2026-03-18 18:22:28,swing,VGK,LONG,34,82.26,entry (LONG),+0.0000
2026-03-18 18:22:30,swing,IWM,LONG,14,246.02,entry (LONG),+0.0000
2026-03-18 18:22:31,swing,XLV,SHORT,21,147.14,entry (SHORT),+0.0000
2026-03-18 18:22:34,swing,MCHI,SHORT,45,57.23,entry (SHORT),+0.0000
2026-03-18 18:22:36,swing,XLY,SHORT,30,110.57,entry (SHORT),+0.0000
2026-03-18 18:22:38,swing,XLF,LONG,67,48.97,entry (LONG),+0.0000
2026-03-18 18:22:40,swing,CIBR,LONG,50,64.96,entry (LONG),+0.0000
2026-03-18 18:22:42,swing,ARKK,SHORT,45,71.41,entry (SHORT),+0.0000
2026-03-18 18:22:44,swing,INDA,LONG,68,47.72,entry (LONG),+0.0000
2026-03-18 18:22:45,swing,IGV,LONG,9,84.34,entry (LONG),+0.0000
2026-03-18 18:22:48,swing,QQQ,LONG,2,594.90,entry (LONG),+0.0000
2026-03-18 18:27:07,swing,USO,LONG,47,121.67,entry (LONG),+0.0000
2026-03-18 18:27:09,swing,PDBC,SHORT,267,17.46,entry (SHORT),+0.0000
2026-03-18 18:27:10,swing,XLE,SHORT,77,58.43,entry (SHORT),+0.0000
2026-03-18 18:27:12,swing,EWY,SHORT,33,131.88,entry (SHORT),+0.0000
2026-03-18 18:27:14,swing,XLU,LONG,47,46.73,entry (LONG),+0.0000
2026-03-18 18:27:16,swing,EWT,SHORT,54,71.34,entry (SHORT),+0.0000
2026-03-18 18:27:19,swing,GLD,LONG,17,444.74,entry (LONG),+0.0000
2026-03-18 18:27:24,swing,EWH,LONG,166,22.65,entry (LONG),+0.0000
2026-03-18 18:27:25,swing,XLB,LONG,77,48.48,entry (LONG),+0.0000
2026-03-18 18:27:27,swing,XLRE,LONG,35,42.02,entry (LONG),+0.0000
2026-03-18 18:27:30,swing,EWC,LONG,68,54.81,entry (LONG),+0.0000
2026-03-18 18:27:31,swing,EWU,LONG,82,45.38,entry (LONG),+0.0000
2026-03-18 18:27:33,swing,GLD,SHORT,3,444.74,entry (SHORT),+0.0000
2026-03-18 18:27:33,swing,EWA,LONG,98,28.00,entry (LONG),+0.0000
2026-03-18 18:27:36,swing,USO,LONG,47,121.67,entry (LONG),+0.0000
2026-03-18 18:27:36,swing,XLI,LONG,14,165.18,entry (LONG),+0.0000
2026-03-18 18:27:38,swing,PDBC,SHORT,267,17.46,entry (SHORT),+0.0000
2026-03-18 18:27:38,swing,VTV,LONG,18,196.75,entry (LONG),+0.0000
2026-03-18 18:27:40,swing,XLE,SHORT,77,58.43,entry (SHORT),+0.0000
2026-03-18 18:27:40,swing,IEF,LONG,38,95.75,entry (LONG),+0.0000
2026-03-18 18:27:42,swing,EWY,SHORT,33,131.88,entry (SHORT),+0.0000
2026-03-18 18:27:42,swing,HYG,LONG,46,79.40,entry (LONG),+0.0000
2026-03-18 18:27:44,swing,EEM,SHORT,25,57.56,entry (SHORT),+0.0000
2026-03-18 18:27:45,swing,EWT,SHORT,54,71.34,entry (SHORT),+0.0000
2026-03-18 18:27:47,swing,URNM,LONG,38,62.55,entry (LONG),+0.0000
2026-03-18 18:27:48,swing,GLD,LONG,17,444.74,entry (LONG),+0.0000
2026-03-18 18:27:49,swing,LQD,LONG,18,108.71,entry (LONG),+0.0000
2026-03-18 18:27:53,swing,EMB,SHORT,15,94.36,entry (SHORT),+0.0000
2026-03-18 18:27:53,swing,EWH,LONG,166,22.65,entry (LONG),+0.0000
2026-03-18 18:27:54,swing,XLB,LONG,39,48.48,entry (LONG),+0.0000
2026-03-18 18:27:56,swing,XLRE,LONG,54,42.02,entry (LONG),+0.0000
2026-03-18 18:27:56,swing,USO,LONG,47,121.67,entry (LONG),+0.0000
2026-03-18 18:27:57,swing,EWW,SHORT,49,72.38,entry (SHORT),+0.0000
2026-03-18 18:27:58,swing,EWC,LONG,68,54.81,entry (LONG),+0.0000
2026-03-18 18:27:58,swing,PDBC,SHORT,267,17.46,entry (SHORT),+0.0000
2026-03-18 18:27:59,swing,SPY,LONG,5,661.43,entry (LONG),+0.0000
2026-03-18 18:28:00,swing,EWU,LONG,82,45.38,entry (LONG),+0.0000
2026-03-18 18:28:01,swing,XLE,SHORT,77,58.43,entry (SHORT),+0.0000
2026-03-18 18:28:01,swing,VGK,LONG,34,82.26,entry (LONG),+0.0000
2026-03-18 18:28:02,swing,EWA,LONG,98,28.00,entry (LONG),+0.0000
2026-03-18 18:28:03,swing,EWY,SHORT,33,131.88,entry (SHORT),+0.0000
2026-03-18 18:28:03,swing,IWM,LONG,14,246.02,entry (LONG),+0.0000
2026-03-18 18:28:04,swing,XLI,SHORT,22,165.18,entry (SHORT),+0.0000
2026-03-18 18:28:04,swing,XLU,LONG,47,46.73,entry (LONG),+0.0000
2026-03-18 18:28:05,swing,XLV,SHORT,21,147.14,entry (SHORT),+0.0000
2026-03-18 18:28:06,swing,VTV,SHORT,18,196.75,entry (SHORT),+0.0000
2026-03-18 18:28:06,swing,EWT,SHORT,54,71.34,entry (SHORT),+0.0000
2026-03-18 18:28:08,swing,IEF,LONG,38,95.75,entry (LONG),+0.0000
2026-03-18 18:28:08,swing,MCHI,SHORT,45,57.23,entry (SHORT),+0.0000
2026-03-18 18:28:09,swing,GLD,LONG,17,444.74,entry (LONG),+0.0000
2026-03-18 18:28:10,swing,XLY,SHORT,30,110.57,entry (SHORT),+0.0000
2026-03-18 18:28:10,swing,HYG,LONG,46,79.40,entry (LONG),+0.0000
2026-03-18 18:28:12,swing,EEM,SHORT,25,57.56,entry (SHORT),+0.0000
2026-03-18 18:28:13,swing,CIBR,LONG,50,64.96,entry (LONG),+0.0000
2026-03-18 18:28:14,swing,EWH,LONG,166,22.65,entry (LONG),+0.0000
2026-03-18 18:28:15,swing,URNM,LONG,38,62.55,entry (LONG),+0.0000
2026-03-18 18:28:15,swing,ARKK,SHORT,45,71.41,entry (SHORT),+0.0000
2026-03-18 18:28:16,swing,XLB,LONG,77,48.48,entry (LONG),+0.0000
2026-03-18 18:28:17,swing,INDA,LONG,68,47.72,entry (LONG),+0.0000
2026-03-18 18:28:17,swing,LQD,LONG,18,108.71,entry (LONG),+0.0000
2026-03-18 18:28:18,swing,XLRE,LONG,54,42.02,entry (LONG),+0.0000
2026-03-18 18:28:19,swing,IGV,LONG,9,84.34,entry (LONG),+0.0000
2026-03-18 18:28:20,swing,EWC,LONG,68,54.81,entry (LONG),+0.0000
2026-03-18 18:28:20,swing,EMB,SHORT,15,94.36,entry (SHORT),+0.0000
2026-03-18 18:28:22,swing,EWU,LONG,82,45.38,entry (LONG),+0.0000
2026-03-18 18:28:24,swing,EWA,LONG,98,28.00,entry (LONG),+0.0000
2026-03-18 18:28:24,swing,QQQ,LONG,2,594.90,entry (LONG),+0.0000
2026-03-18 18:28:25,swing,EWW,SHORT,49,72.38,entry (SHORT),+0.0000
2026-03-18 18:28:26,swing,XLI,SHORT,22,165.18,entry (SHORT),+0.0000
2026-03-18 18:28:27,swing,SPY,LONG,5,661.43,entry (LONG),+0.0000
2026-03-18 18:28:28,swing,VTV,SHORT,18,196.75,entry (SHORT),+0.0000
2026-03-18 18:28:29,swing,VGK,LONG,34,82.26,entry (LONG),+0.0000
2026-03-18 18:28:30,swing,IEF,LONG,38,95.75,entry (LONG),+0.0000
2026-03-18 18:28:31,swing,IWM,LONG,14,246.02,entry (LONG),+0.0000
2026-03-18 18:28:32,swing,HYG,LONG,46,79.40,entry (LONG),+0.0000
2026-03-18 18:28:33,swing,XLV,SHORT,21,147.14,entry (SHORT),+0.0000
2026-03-18 18:28:34,swing,EEM,SHORT,25,57.56,entry (SHORT),+0.0000
2026-03-18 18:28:36,swing,MCHI,SHORT,45,57.23,entry (SHORT),+0.0000
2026-03-18 18:28:37,swing,URNM,LONG,38,62.55,entry (LONG),+0.0000
2026-03-18 18:28:38,swing,XLY,SHORT,30,110.57,entry (SHORT),+0.0000
2026-03-18 18:28:39,swing,LQD,LONG,18,108.71,entry (LONG),+0.0000
2026-03-18 18:28:40,swing,XLF,LONG,67,48.97,entry (LONG),+0.0000
2026-03-18 18:28:42,swing,CIBR,LONG,50,64.96,entry (LONG),+0.0000
2026-03-18 18:28:42,swing,EMB,SHORT,15,94.36,entry (SHORT),+0.0000
2026-03-18 18:28:44,swing,ARKK,SHORT,45,71.41,entry (SHORT),+0.0000
2026-03-18 18:28:45,swing,INDA,LONG,68,47.72,entry (LONG),+0.0000
2026-03-18 18:28:47,swing,EWW,SHORT,49,72.38,entry (SHORT),+0.0000
2026-03-18 18:28:48,swing,IGV,LONG,9,84.34,entry (LONG),+0.0000
2026-03-18 18:28:49,swing,SPY,LONG,5,661.43,entry (LONG),+0.0000
2026-03-18 18:28:50,swing,VGK,LONG,34,82.26,entry (LONG),+0.0000
2026-03-18 18:28:51,swing,QQQ,LONG,2,594.90,entry (LONG),+0.0000
2026-03-18 18:28:53,swing,IWM,LONG,14,246.02,entry (LONG),+0.0000
2026-03-18 18:28:54,swing,XLV,SHORT,21,147.14,entry (SHORT),+0.0000
2026-03-18 18:28:57,swing,MCHI,SHORT,45,57.23,entry (SHORT),+0.0000
2026-03-18 18:28:59,swing,XLY,SHORT,30,110.57,entry (SHORT),+0.0000
2026-03-18 18:29:00,swing,XLF,LONG,67,48.97,entry (LONG),+0.0000
2026-03-18 18:29:02,swing,CIBR,LONG,50,64.96,entry (LONG),+0.0000
2026-03-18 18:29:04,swing,ARKK,SHORT,45,71.41,entry (SHORT),+0.0000
2026-03-18 18:29:06,swing,INDA,LONG,68,47.72,entry (LONG),+0.0000
2026-03-18 18:29:07,swing,IGV,LONG,9,84.34,entry (LONG),+0.0000
2026-03-18 18:29:11,swing,QQQ,LONG,2,594.90,entry (LONG),+0.0000
2026-03-18 18:32:47,swing,GLD,SHORT,3,444.74,entry (SHORT),+0.0000
2026-03-18 18:34:06,swing,USO,LONG,47,121.67,entry (LONG),+0.0000
2026-03-18 18:34:06,swing,USO,LONG,47,121.67,entry (LONG),+0.0000
2026-03-18 18:34:07,swing,PDBC,SHORT,267,17.46,entry (SHORT),+0.0000
2026-03-18 18:34:07,swing,PDBC,SHORT,267,17.46,entry (SHORT),+0.0000
2026-03-18 18:34:09,swing,XLE,SHORT,77,58.43,entry (SHORT),+0.0000
2026-03-18 18:34:09,swing,XLE,SHORT,77,58.43,entry (SHORT),+0.0000
2026-03-18 18:34:11,swing,EWY,SHORT,33,131.88,entry (SHORT),+0.0000
2026-03-18 18:34:11,swing,EWY,SHORT,33,131.88,entry (SHORT),+0.0000
2026-03-18 18:34:13,swing,XLU,LONG,47,46.73,entry (LONG),+0.0000
2026-03-18 18:34:14,swing,EWT,SHORT,54,71.34,entry (SHORT),+0.0000
2026-03-18 18:34:15,swing,EWT,SHORT,54,71.34,entry (SHORT),+0.0000
2026-03-18 18:34:17,swing,GLD,LONG,17,444.74,entry (LONG),+0.0000
2026-03-18 18:34:17,swing,GLD,LONG,17,444.74,entry (LONG),+0.0000
2026-03-18 18:34:19,swing,USO,LONG,47,121.67,entry (LONG),+0.0000
2026-03-18 18:34:21,swing,PDBC,SHORT,267,17.46,entry (SHORT),+0.0000
2026-03-18 18:34:22,swing,EWH,LONG,166,22.65,entry (LONG),+0.0000
2026-03-18 18:34:22,swing,EWH,LONG,166,22.65,entry (LONG),+0.0000
2026-03-18 18:34:23,swing,XLE,SHORT,77,58.43,entry (SHORT),+0.0000
2026-03-18 18:34:24,swing,XLB,LONG,39,48.48,entry (LONG),+0.0000
2026-03-18 18:34:24,swing,XLB,LONG,77,48.48,entry (LONG),+0.0000
2026-03-18 18:34:25,swing,EWY,SHORT,33,131.88,entry (SHORT),+0.0000
2026-03-18 18:34:26,swing,XLRE,LONG,35,42.02,entry (LONG),+0.0000
2026-03-18 18:34:26,swing,XLRE,LONG,54,42.02,entry (LONG),+0.0000
2026-03-18 18:34:27,swing,XLU,LONG,47,46.73,entry (LONG),+0.0000
2026-03-18 18:34:28,swing,EWC,LONG,68,54.81,entry (LONG),+0.0000
2026-03-18 18:34:28,swing,EWC,LONG,68,54.81,entry (LONG),+0.0000
2026-03-18 18:34:29,swing,EWT,SHORT,54,71.34,entry (SHORT),+0.0000
2026-03-18 18:34:29,swing,EWU,LONG,82,45.38,entry (LONG),+0.0000
2026-03-18 18:34:30,swing,EWU,LONG,82,45.38,entry (LONG),+0.0000
2026-03-18 18:34:32,swing,EWA,LONG,98,28.00,entry (LONG),+0.0000
2026-03-18 18:34:32,swing,GLD,LONG,17,444.74,entry (LONG),+0.0000
2026-03-18 18:34:33,swing,XLI,SHORT,22,165.18,entry (SHORT),+0.0000
2026-03-18 18:34:33,swing,XLI,LONG,14,165.18,entry (LONG),+0.0000
2026-03-18 18:34:35,swing,VTV,SHORT,18,196.75,entry (SHORT),+0.0000
2026-03-18 18:34:35,swing,VTV,LONG,18,196.75,entry (LONG),+0.0000
2026-03-18 18:34:37,swing,EWH,LONG,166,22.65,entry (LONG),+0.0000
2026-03-18 18:34:37,swing,IEF,LONG,38,95.75,entry (LONG),+0.0000
2026-03-18 18:34:37,swing,IEF,LONG,38,95.75,entry (LONG),+0.0000
2026-03-18 18:34:39,swing,XLB,LONG,77,48.48,entry (LONG),+0.0000
2026-03-18 18:34:40,swing,HYG,LONG,46,79.40,entry (LONG),+0.0000
2026-03-18 18:34:40,swing,HYG,LONG,46,79.40,entry (LONG),+0.0000
2026-03-18 18:34:41,swing,XLRE,LONG,54,42.02,entry (LONG),+0.0000
2026-03-18 18:34:42,swing,EEM,SHORT,25,57.56,entry (SHORT),+0.0000
2026-03-18 18:34:42,swing,EEM,SHORT,25,57.56,entry (SHORT),+0.0000
2026-03-18 18:34:43,swing,EWC,LONG,68,54.81,entry (LONG),+0.0000
2026-03-18 18:34:46,swing,EWU,LONG,82,45.38,entry (LONG),+0.0000
2026-03-18 18:34:46,swing,URNM,LONG,38,62.55,entry (LONG),+0.0000
2026-03-18 18:34:46,swing,URNM,LONG,38,62.55,entry (LONG),+0.0000
2026-03-18 18:34:48,swing,EWA,LONG,98,28.00,entry (LONG),+0.0000
2026-03-18 18:34:48,swing,LQD,LONG,18,108.71,entry (LONG),+0.0000
2026-03-18 18:34:48,swing,LQD,LONG,18,108.71,entry (LONG),+0.0000
2026-03-18 18:34:50,swing,XLI,SHORT,22,165.18,entry (SHORT),+0.0000
2026-03-18 18:34:51,swing,EMB,SHORT,15,94.36,entry (SHORT),+0.0000
2026-03-18 18:34:51,swing,EMB,SHORT,15,94.36,entry (SHORT),+0.0000
2026-03-18 18:34:52,swing,VTV,SHORT,18,196.75,entry (SHORT),+0.0000
2026-03-18 18:34:54,swing,IEF,LONG,38,95.75,entry (LONG),+0.0000
2026-03-18 18:34:56,swing,HYG,LONG,46,79.40,entry (LONG),+0.0000
2026-03-18 18:34:56,swing,EWW,SHORT,49,72.38,entry (SHORT),+0.0000
2026-03-18 18:34:56,swing,EWW,SHORT,49,72.38,entry (SHORT),+0.0000
2026-03-18 18:34:58,swing,EEM,SHORT,25,57.56,entry (SHORT),+0.0000
2026-03-18 18:34:58,swing,SPY,LONG,5,661.43,entry (LONG),+0.0000
2026-03-18 18:34:58,swing,SPY,LONG,5,661.43,entry (LONG),+0.0000
2026-03-18 18:35:01,swing,VGK,LONG,34,82.26,entry (LONG),+0.0000
2026-03-18 18:35:01,swing,VGK,LONG,34,82.26,entry (LONG),+0.0000
2026-03-18 18:35:01,swing,URNM,LONG,38,62.55,entry (LONG),+0.0000
2026-03-18 18:35:03,swing,IWM,LONG,14,246.02,entry (LONG),+0.0000
2026-03-18 18:35:03,swing,IWM,LONG,14,246.02,entry (LONG),+0.0000
2026-03-18 18:35:04,swing,LQD,LONG,18,108.71,entry (LONG),+0.0000
2026-03-18 18:35:05,swing,XLV,SHORT,21,147.14,entry (SHORT),+0.0000
2026-03-18 18:35:05,swing,XLV,SHORT,21,147.14,entry (SHORT),+0.0000
2026-03-18 18:35:08,swing,EMB,SHORT,15,94.36,entry (SHORT),+0.0000
2026-03-18 18:35:08,swing,MCHI,SHORT,45,57.23,entry (SHORT),+0.0000
2026-03-18 18:35:09,swing,MCHI,SHORT,45,57.23,entry (SHORT),+0.0000
2026-03-18 18:35:11,swing,XLY,SHORT,30,110.57,entry (SHORT),+0.0000
2026-03-18 18:35:11,swing,XLY,SHORT,30,110.57,entry (SHORT),+0.0000
2026-03-18 18:35:13,swing,EWW,SHORT,49,72.38,entry (SHORT),+0.0000
2026-03-18 18:35:13,swing,XLF,LONG,67,48.97,entry (LONG),+0.0000
2026-03-18 18:35:13,swing,XLF,LONG,67,48.97,entry (LONG),+0.0000
2026-03-18 18:35:15,swing,CIBR,LONG,50,64.96,entry (LONG),+0.0000
2026-03-18 18:35:15,swing,SPY,LONG,5,661.43,entry (LONG),+0.0000
2026-03-18 18:35:15,swing,CIBR,LONG,50,64.96,entry (LONG),+0.0000
2026-03-18 18:35:17,swing,ARKK,SHORT,45,71.41,entry (SHORT),+0.0000
2026-03-18 18:35:17,swing,ARKK,SHORT,45,71.41,entry (SHORT),+0.0000
2026-03-18 18:35:17,swing,VGK,LONG,34,82.26,entry (LONG),+0.0000
2026-03-18 18:35:19,swing,INDA,LONG,68,47.72,entry (LONG),+0.0000
2026-03-18 18:35:19,swing,INDA,LONG,68,47.72,entry (LONG),+0.0000
2026-03-18 18:35:19,swing,IWM,LONG,14,246.02,entry (LONG),+0.0000
2026-03-18 18:35:21,swing,IGV,LONG,9,84.34,entry (LONG),+0.0000
2026-03-18 18:35:21,swing,IGV,LONG,9,84.34,entry (LONG),+0.0000
2026-03-18 18:35:21,swing,XLV,SHORT,21,147.14,entry (SHORT),+0.0000
2026-03-18 18:35:24,swing,MCHI,SHORT,45,57.23,entry (SHORT),+0.0000
2026-03-18 18:35:24,swing,QQQ,LONG,2,594.90,entry (LONG),+0.0000
2026-03-18 18:35:26,swing,QQQ,LONG,2,594.90,entry (LONG),+0.0000
2026-03-18 18:35:26,swing,XLY,SHORT,30,110.57,entry (SHORT),+0.0000
2026-03-18 18:35:28,swing,XLF,LONG,67,48.97,entry (LONG),+0.0000
2026-03-18 18:35:30,swing,CIBR,LONG,50,64.96,entry (LONG),+0.0000
2026-03-18 18:35:32,swing,ARKK,SHORT,45,71.41,entry (SHORT),+0.0000
2026-03-18 18:35:34,swing,INDA,LONG,68,47.72,entry (LONG),+0.0000
2026-03-18 18:35:43,swing,IGV,LONG,9,84.34,entry (LONG),+0.0000
2026-03-18 18:35:46,swing,QQQ,LONG,2,594.90,entry (LONG),+0.0000
2026-03-18 18:37:59,swing,GLD,SHORT,3,444.74,entry (SHORT),+0.0000
2026-03-18 18:40:33,swing,USO,LONG,47,121.67,entry (LONG),+0.0000
2026-03-18 18:40:33,swing,USO,LONG,47,121.67,entry (LONG),+0.0000
2026-03-18 18:40:34,swing,PDBC,SHORT,267,17.46,entry (SHORT),+0.0000
2026-03-18 18:40:34,swing,PDBC,SHORT,267,17.46,entry (SHORT),+0.0000
2026-03-18 18:40:36,swing,XLE,SHORT,77,58.43,entry (SHORT),+0.0000
2026-03-18 18:40:36,swing,XLE,SHORT,77,58.43,entry (SHORT),+0.0000
2026-03-18 18:40:38,swing,EWY,SHORT,33,131.88,entry (SHORT),+0.0000
2026-03-18 18:40:39,swing,EWY,SHORT,33,131.88,entry (SHORT),+0.0000
2026-03-18 18:40:40,swing,XLU,LONG,47,46.73,entry (LONG),+0.0000
2026-03-18 18:40:42,swing,EWT,SHORT,54,71.34,entry (SHORT),+0.0000
2026-03-18 18:40:42,swing,EWT,SHORT,54,71.34,entry (SHORT),+0.0000
2026-03-18 18:40:45,swing,GLD,LONG,17,444.74,entry (LONG),+0.0000
2026-03-18 18:40:45,swing,GLD,LONG,17,444.74,entry (LONG),+0.0000
2026-03-18 18:40:49,swing,EWH,LONG,166,22.65,entry (LONG),+0.0000
2026-03-18 18:40:50,swing,EWH,LONG,166,22.65,entry (LONG),+0.0000
2026-03-18 18:40:51,swing,XLB,LONG,39,48.48,entry (LONG),+0.0000
2026-03-18 18:40:51,swing,XLB,LONG,77,48.48,entry (LONG),+0.0000
2026-03-18 18:40:53,swing,XLRE,LONG,54,42.02,entry (LONG),+0.0000
2026-03-18 18:40:53,swing,XLRE,LONG,35,42.02,entry (LONG),+0.0000
2026-03-18 18:40:55,swing,USO,LONG,47,121.67,entry (LONG),+0.0000
2026-03-18 18:40:55,swing,EWC,LONG,68,54.81,entry (LONG),+0.0000
2026-03-18 18:40:55,swing,EWC,LONG,68,54.81,entry (LONG),+0.0000
2026-03-18 18:40:57,swing,PDBC,SHORT,267,17.46,entry (SHORT),+0.0000
2026-03-18 18:40:57,swing,EWU,LONG,82,45.38,entry (LONG),+0.0000
2026-03-18 18:40:57,swing,EWU,LONG,82,45.38,entry (LONG),+0.0000
2026-03-18 18:40:59,swing,EWA,LONG,98,28.00,entry (LONG),+0.0000
2026-03-18 18:40:59,swing,XLE,SHORT,77,58.43,entry (SHORT),+0.0000
2026-03-18 18:40:59,swing,EWA,LONG,98,28.00,entry (LONG),+0.0000
2026-03-18 18:41:01,swing,XLI,SHORT,22,165.18,entry (SHORT),+0.0000
2026-03-18 18:41:01,swing,XLI,LONG,14,165.18,entry (LONG),+0.0000
2026-03-18 18:41:03,swing,VTV,SHORT,18,196.75,entry (SHORT),+0.0000
2026-03-18 18:41:03,swing,VTV,LONG,18,196.75,entry (LONG),+0.0000
2026-03-18 18:41:03,swing,XLU,LONG,47,46.73,entry (LONG),+0.0000
2026-03-18 18:41:05,swing,IEF,LONG,38,95.75,entry (LONG),+0.0000
2026-03-18 18:41:05,swing,IEF,LONG,38,95.75,entry (LONG),+0.0000
2026-03-18 18:41:05,swing,EWT,SHORT,54,71.34,entry (SHORT),+0.0000
2026-03-18 18:41:07,swing,HYG,LONG,46,79.40,entry (LONG),+0.0000
2026-03-18 18:41:07,swing,HYG,LONG,46,79.40,entry (LONG),+0.0000
2026-03-18 18:41:08,swing,GLD,LONG,17,444.74,entry (LONG),+0.0000
2026-03-18 18:41:09,swing,EEM,SHORT,25,57.56,entry (SHORT),+0.0000
2026-03-18 18:41:09,swing,EEM,SHORT,25,57.56,entry (SHORT),+0.0000
2026-03-18 18:41:12,swing,URNM,LONG,38,62.55,entry (LONG),+0.0000
2026-03-18 18:41:12,swing,URNM,LONG,38,62.55,entry (LONG),+0.0000
2026-03-18 18:41:13,swing,EWH,LONG,166,22.65,entry (LONG),+0.0000
2026-03-18 18:41:14,swing,LQD,LONG,18,108.71,entry (LONG),+0.0000
2026-03-18 18:41:14,swing,LQD,LONG,18,108.71,entry (LONG),+0.0000
2026-03-18 18:41:16,swing,XLB,LONG,77,48.48,entry (LONG),+0.0000
2026-03-18 18:41:18,swing,EMB,SHORT,15,94.36,entry (SHORT),+0.0000
2026-03-18 18:41:18,swing,XLRE,LONG,54,42.02,entry (LONG),+0.0000
2026-03-18 18:41:18,swing,EMB,SHORT,15,94.36,entry (SHORT),+0.0000
2026-03-18 18:41:20,swing,EWC,LONG,68,54.81,entry (LONG),+0.0000
2026-03-18 18:41:22,swing,EWU,LONG,82,45.38,entry (LONG),+0.0000
2026-03-18 18:41:23,swing,EWW,SHORT,49,72.38,entry (SHORT),+0.0000
2026-03-18 18:41:24,swing,EWW,SHORT,49,72.38,entry (SHORT),+0.0000
2026-03-18 18:41:24,swing,EWA,LONG,98,28.00,entry (LONG),+0.0000
2026-03-18 18:41:25,swing,SPY,LONG,5,661.43,entry (LONG),+0.0000
2026-03-18 18:41:26,swing,SPY,LONG,5,661.43,entry (LONG),+0.0000
2026-03-18 18:41:26,swing,XLI,SHORT,22,165.18,entry (SHORT),+0.0000
2026-03-18 18:41:28,swing,VGK,LONG,34,82.26,entry (LONG),+0.0000
2026-03-18 18:41:28,swing,VGK,LONG,34,82.26,entry (LONG),+0.0000
2026-03-18 18:41:29,swing,VTV,SHORT,18,196.75,entry (SHORT),+0.0000
2026-03-18 18:41:30,swing,IWM,LONG,14,246.02,entry (LONG),+0.0000
2026-03-18 18:41:30,swing,IWM,LONG,14,246.02,entry (LONG),+0.0000
2026-03-18 18:41:31,swing,IEF,LONG,38,95.75,entry (LONG),+0.0000
2026-03-18 18:41:32,swing,XLV,SHORT,21,147.14,entry (SHORT),+0.0000
2026-03-18 18:41:32,swing,XLV,SHORT,21,147.14,entry (SHORT),+0.0000
2026-03-18 18:41:33,swing,HYG,LONG,46,79.40,entry (LONG),+0.0000
2026-03-18 18:41:35,swing,EEM,SHORT,25,57.56,entry (SHORT),+0.0000
2026-03-18 18:41:36,swing,MCHI,SHORT,45,57.23,entry (SHORT),+0.0000
2026-03-18 18:41:36,swing,MCHI,SHORT,45,57.23,entry (SHORT),+0.0000
2026-03-18 18:41:38,swing,XLY,SHORT,30,110.57,entry (SHORT),+0.0000
2026-03-18 18:41:38,swing,XLY,SHORT,30,110.57,entry (SHORT),+0.0000
2026-03-18 18:41:39,swing,URNM,LONG,38,62.55,entry (LONG),+0.0000
2026-03-18 18:41:39,swing,XLF,LONG,67,48.97,entry (LONG),+0.0000
2026-03-18 18:41:40,swing,XLF,LONG,67,48.97,entry (LONG),+0.0000
2026-03-18 18:41:41,swing,LQD,LONG,18,108.71,entry (LONG),+0.0000
2026-03-18 18:41:41,swing,CIBR,LONG,50,64.96,entry (LONG),+0.0000
2026-03-18 18:41:41,swing,CIBR,LONG,50,64.96,entry (LONG),+0.0000
2026-03-18 18:41:44,swing,ARKK,SHORT,45,71.41,entry (SHORT),+0.0000
2026-03-18 18:41:44,swing,ARKK,SHORT,45,71.41,entry (SHORT),+0.0000
2026-03-18 18:41:44,swing,EMB,SHORT,15,94.36,entry (SHORT),+0.0000
2026-03-18 18:41:45,swing,INDA,LONG,68,47.72,entry (LONG),+0.0000
2026-03-18 18:41:46,swing,INDA,LONG,68,47.72,entry (LONG),+0.0000
2026-03-18 18:41:47,swing,IGV,LONG,9,84.34,entry (LONG),+0.0000
2026-03-18 18:41:48,swing,IGV,LONG,9,84.34,entry (LONG),+0.0000
2026-03-18 18:41:49,swing,EWW,SHORT,49,72.38,entry (SHORT),+0.0000
2026-03-18 18:41:51,swing,SPY,LONG,5,661.43,entry (LONG),+0.0000
2026-03-18 18:41:51,swing,QQQ,LONG,2,594.90,entry (LONG),+0.0000
2026-03-18 18:41:52,swing,QQQ,LONG,2,594.90,entry (LONG),+0.0000
2026-03-18 18:41:52,swing,VGK,LONG,34,82.26,entry (LONG),+0.0000
2026-03-18 18:41:54,swing,IWM,LONG,14,246.02,entry (LONG),+0.0000
2026-03-18 18:41:56,swing,XLV,SHORT,21,147.14,entry (SHORT),+0.0000
2026-03-18 18:41:59,swing,MCHI,SHORT,45,57.23,entry (SHORT),+0.0000
2026-03-18 18:42:02,swing,XLY,SHORT,30,110.57,entry (SHORT),+0.0000
2026-03-18 18:42:04,swing,XLF,LONG,67,48.97,entry (LONG),+0.0000
2026-03-18 18:42:06,swing,CIBR,LONG,50,64.96,entry (LONG),+0.0000
2026-03-18 18:42:07,swing,ARKK,SHORT,45,71.41,entry (SHORT),+0.0000
2026-03-18 18:42:09,swing,INDA,LONG,68,47.72,entry (LONG),+0.0000
2026-03-18 18:42:11,swing,IGV,LONG,9,84.34,entry (LONG),+0.0000
2026-03-18 18:42:14,swing,QQQ,LONG,2,594.90,entry (LONG),+0.0000
2026-03-18 18:43:12,swing,GLD,SHORT,3,444.74,entry (SHORT),+0.0000
2026-03-18 18:46:59,swing,USO,LONG,47,121.67,entry (LONG),+0.0000
2026-03-18 18:46:59,swing,USO,LONG,47,121.67,entry (LONG),+0.0000
2026-03-18 18:47:01,swing,PDBC,SHORT,267,17.46,entry (SHORT),+0.0000
2026-03-18 18:47:01,swing,PDBC,SHORT,267,17.46,entry (SHORT),+0.0000
2026-03-18 18:47:03,swing,XLE,SHORT,77,58.43,entry (SHORT),+0.0000
2026-03-18 18:47:03,swing,XLE,SHORT,77,58.43,entry (SHORT),+0.0000
2026-03-18 18:47:04,swing,EWY,SHORT,33,131.88,entry (SHORT),+0.0000
2026-03-18 18:47:06,swing,EWY,SHORT,33,131.88,entry (SHORT),+0.0000
2026-03-18 18:47:07,swing,EWT,SHORT,54,71.34,entry (SHORT),+0.0000
2026-03-18 18:47:08,swing,XLU,LONG,47,46.73,entry (LONG),+0.0000
2026-03-18 18:47:10,swing,EWT,SHORT,54,71.34,entry (SHORT),+0.0000
2026-03-18 18:47:11,swing,GLD,LONG,17,444.74,entry (LONG),+0.0000
2026-03-18 18:47:13,swing,GLD,LONG,17,444.74,entry (LONG),+0.0000
2026-03-18 18:47:17,swing,EWH,LONG,166,22.65,entry (LONG),+0.0000
2026-03-18 18:47:18,swing,EWH,LONG,166,22.65,entry (LONG),+0.0000
2026-03-18 18:47:19,swing,XLB,LONG,39,48.48,entry (LONG),+0.0000
2026-03-18 18:47:20,swing,XLB,LONG,77,48.48,entry (LONG),+0.0000
2026-03-18 18:47:20,swing,XLRE,LONG,54,42.02,entry (LONG),+0.0000
2026-03-18 18:47:22,swing,XLRE,LONG,35,42.02,entry (LONG),+0.0000
2026-03-18 18:47:22,swing,USO,LONG,47,121.67,entry (LONG),+0.0000
2026-03-18 18:47:22,swing,EWC,LONG,68,54.81,entry (LONG),+0.0000
2026-03-18 18:47:24,swing,PDBC,SHORT,267,17.46,entry (SHORT),+0.0000
2026-03-18 18:47:24,swing,EWC,LONG,68,54.81,entry (LONG),+0.0000
2026-03-18 18:47:24,swing,EWU,LONG,82,45.38,entry (LONG),+0.0000
2026-03-18 18:47:25,swing,XLE,SHORT,77,58.43,entry (SHORT),+0.0000
2026-03-18 18:47:26,swing,EWU,LONG,82,45.38,entry (LONG),+0.0000
2026-03-18 18:47:26,swing,EWA,LONG,98,28.00,entry (LONG),+0.0000
2026-03-18 18:47:28,swing,EWY,SHORT,33,131.88,entry (SHORT),+0.0000
2026-03-18 18:47:28,swing,EWA,LONG,98,28.00,entry (LONG),+0.0000
2026-03-18 18:47:28,swing,XLI,SHORT,22,165.18,entry (SHORT),+0.0000
2026-03-18 18:47:30,swing,XLU,LONG,47,46.73,entry (LONG),+0.0000
2026-03-18 18:47:30,swing,XLI,LONG,14,165.18,entry (LONG),+0.0000
2026-03-18 18:47:30,swing,VTV,SHORT,18,196.75,entry (SHORT),+0.0000
2026-03-18 18:47:31,swing,EWT,SHORT,54,71.34,entry (SHORT),+0.0000
2026-03-18 18:47:32,swing,VTV,LONG,18,196.75,entry (LONG),+0.0000
2026-03-18 18:47:33,swing,IEF,LONG,38,95.75,entry (LONG),+0.0000
2026-03-18 18:47:34,swing,IEF,LONG,38,95.75,entry (LONG),+0.0000
2026-03-18 18:47:36,swing,HYG,LONG,46,79.40,entry (LONG),+0.0000
2026-03-18 18:47:36,swing,GLD,LONG,17,444.74,entry (LONG),+0.0000
2026-03-18 18:47:37,swing,HYG,LONG,46,79.40,entry (LONG),+0.0000
2026-03-18 18:47:37,swing,EEM,SHORT,25,57.56,entry (SHORT),+0.0000
2026-03-18 18:47:39,swing,EEM,SHORT,25,57.56,entry (SHORT),+0.0000
2026-03-18 18:47:40,swing,EWH,LONG,166,22.65,entry (LONG),+0.0000
2026-03-18 18:47:41,swing,URNM,LONG,38,62.55,entry (LONG),+0.0000
2026-03-18 18:47:42,swing,URNM,LONG,38,62.55,entry (LONG),+0.0000
2026-03-18 18:47:42,swing,XLB,LONG,77,48.48,entry (LONG),+0.0000
2026-03-18 18:47:42,swing,LQD,LONG,18,108.71,entry (LONG),+0.0000
2026-03-18 18:47:44,swing,LQD,LONG,18,108.71,entry (LONG),+0.0000
2026-03-18 18:47:44,swing,XLRE,LONG,54,42.02,entry (LONG),+0.0000
2026-03-18 18:47:46,swing,EMB,SHORT,15,94.36,entry (SHORT),+0.0000
2026-03-18 18:47:46,swing,EWC,LONG,68,54.81,entry (LONG),+0.0000
2026-03-18 18:47:47,swing,EMB,SHORT,15,94.36,entry (SHORT),+0.0000
2026-03-18 18:47:48,swing,EWU,LONG,82,45.38,entry (LONG),+0.0000
2026-03-18 18:47:50,swing,EWW,SHORT,49,72.38,entry (SHORT),+0.0000
2026-03-18 18:47:50,swing,EWA,LONG,98,28.00,entry (LONG),+0.0000
2026-03-18 18:47:51,swing,EWW,SHORT,49,72.38,entry (SHORT),+0.0000
2026-03-18 18:47:52,swing,SPY,LONG,5,661.43,entry (LONG),+0.0000
2026-03-18 18:47:52,swing,XLI,SHORT,22,165.18,entry (SHORT),+0.0000
2026-03-18 18:47:53,swing,SPY,LONG,5,661.43,entry (LONG),+0.0000
2026-03-18 18:47:54,swing,VGK,LONG,34,82.26,entry (LONG),+0.0000
2026-03-18 18:47:54,swing,VTV,SHORT,18,196.75,entry (SHORT),+0.0000
2026-03-18 18:47:56,swing,VGK,LONG,34,82.26,entry (LONG),+0.0000
2026-03-18 18:47:56,swing,IWM,LONG,14,246.02,entry (LONG),+0.0000
2026-03-18 18:47:56,swing,IEF,LONG,38,95.75,entry (LONG),+0.0000
2026-03-18 18:47:58,swing,XLV,SHORT,21,147.14,entry (SHORT),+0.0000
2026-03-18 18:47:58,swing,IWM,LONG,14,246.02,entry (LONG),+0.0000
2026-03-18 18:47:58,swing,HYG,LONG,46,79.40,entry (LONG),+0.0000
2026-03-18 18:48:00,swing,XLV,SHORT,21,147.14,entry (SHORT),+0.0000
2026-03-18 18:48:00,swing,EEM,SHORT,25,57.56,entry (SHORT),+0.0000
2026-03-18 18:48:01,swing,MCHI,SHORT,45,57.23,entry (SHORT),+0.0000
2026-03-18 18:48:03,swing,XLY,SHORT,30,110.57,entry (SHORT),+0.0000
2026-03-18 18:48:04,swing,URNM,LONG,38,62.55,entry (LONG),+0.0000
2026-03-18 18:48:04,swing,MCHI,SHORT,45,57.23,entry (SHORT),+0.0000
2026-03-18 18:48:05,swing,XLF,LONG,67,48.97,entry (LONG),+0.0000
2026-03-18 18:48:05,swing,LQD,LONG,18,108.71,entry (LONG),+0.0000
2026-03-18 18:48:06,swing,XLY,SHORT,30,110.57,entry (SHORT),+0.0000
2026-03-18 18:48:07,swing,CIBR,LONG,50,64.96,entry (LONG),+0.0000
2026-03-18 18:48:08,swing,XLF,LONG,67,48.97,entry (LONG),+0.0000
2026-03-18 18:48:09,swing,ARKK,SHORT,45,71.41,entry (SHORT),+0.0000
2026-03-18 18:48:09,swing,EMB,SHORT,15,94.36,entry (SHORT),+0.0000
2026-03-18 18:48:10,swing,CIBR,LONG,50,64.96,entry (LONG),+0.0000
2026-03-18 18:48:10,swing,INDA,LONG,68,47.72,entry (LONG),+0.0000
2026-03-18 18:48:12,swing,ARKK,SHORT,45,71.41,entry (SHORT),+0.0000
2026-03-18 18:48:12,swing,IGV,LONG,9,84.34,entry (LONG),+0.0000
2026-03-18 18:48:13,swing,EWW,SHORT,49,72.38,entry (SHORT),+0.0000
2026-03-18 18:48:14,swing,INDA,LONG,68,47.72,entry (LONG),+0.0000
2026-03-18 18:48:15,swing,SPY,LONG,5,661.43,entry (LONG),+0.0000
2026-03-18 18:48:16,swing,IGV,LONG,9,84.34,entry (LONG),+0.0000
2026-03-18 18:48:16,swing,QQQ,LONG,2,594.90,entry (LONG),+0.0000
2026-03-18 18:48:18,swing,VGK,LONG,34,82.26,entry (LONG),+0.0000
2026-03-18 18:48:20,swing,IWM,LONG,14,246.02,entry (LONG),+0.0000
2026-03-18 18:48:22,swing,QQQ,LONG,2,594.90,entry (LONG),+0.0000
2026-03-18 18:48:23,swing,XLV,SHORT,21,147.14,entry (SHORT),+0.0000
2026-03-18 18:48:26,swing,MCHI,SHORT,45,57.23,entry (SHORT),+0.0000
2026-03-18 18:48:27,swing,GLD,SHORT,3,444.74,entry (SHORT),+0.0000
2026-03-18 18:48:28,swing,XLY,SHORT,30,110.57,entry (SHORT),+0.0000
2026-03-18 18:48:32,swing,XLF,LONG,67,48.97,entry (LONG),+0.0000
2026-03-18 18:48:33,swing,CIBR,LONG,50,64.96,entry (LONG),+0.0000
2026-03-18 18:48:35,swing,ARKK,SHORT,45,71.41,entry (SHORT),+0.0000
2026-03-18 18:48:37,swing,INDA,LONG,68,47.72,entry (LONG),+0.0000
2026-03-18 18:48:39,swing,IGV,LONG,9,84.34,entry (LONG),+0.0000
2026-03-18 18:48:42,swing,QQQ,LONG,2,594.90,entry (LONG),+0.0000
2026-03-18 18:53:24,swing,USO,LONG,47,121.67,entry (LONG),+0.0000
2026-03-18 18:53:26,swing,PDBC,SHORT,267,17.46,entry (SHORT),+0.0000
2026-03-18 18:53:28,swing,XLE,SHORT,77,58.43,entry (SHORT),+0.0000
2026-03-18 18:53:30,swing,USO,LONG,47,121.67,entry (LONG),+0.0000
2026-03-18 18:53:30,swing,EWY,SHORT,33,131.88,entry (SHORT),+0.0000
2026-03-18 18:53:32,swing,PDBC,SHORT,267,17.46,entry (SHORT),+0.0000
2026-03-18 18:53:34,swing,EWT,SHORT,54,71.34,entry (SHORT),+0.0000
2026-03-18 18:53:35,swing,XLE,SHORT,77,58.43,entry (SHORT),+0.0000
2026-03-18 18:53:37,swing,EWY,SHORT,33,131.88,entry (SHORT),+0.0000
2026-03-18 18:53:37,swing,GLD,LONG,17,444.74,entry (LONG),+0.0000
2026-03-18 18:53:39,swing,XLU,LONG,47,46.73,entry (LONG),+0.0000
2026-03-18 18:53:41,swing,EWT,SHORT,54,71.34,entry (SHORT),+0.0000
2026-03-18 18:53:42,swing,EWH,LONG,166,22.65,entry (LONG),+0.0000
2026-03-18 18:53:42,swing,GLD,SHORT,3,444.74,entry (SHORT),+0.0000
2026-03-18 18:53:44,swing,XLB,LONG,39,48.48,entry (LONG),+0.0000
2026-03-18 18:53:44,swing,GLD,LONG,17,444.74,entry (LONG),+0.0000
2026-03-18 18:53:46,swing,XLRE,LONG,54,42.02,entry (LONG),+0.0000
2026-03-18 18:53:48,swing,EWC,LONG,68,54.81,entry (LONG),+0.0000
2026-03-18 18:53:49,swing,EWH,LONG,166,22.65,entry (LONG),+0.0000
2026-03-18 18:53:50,swing,EWU,LONG,82,45.38,entry (LONG),+0.0000
2026-03-18 18:53:51,swing,XLB,LONG,77,48.48,entry (LONG),+0.0000
2026-03-18 18:53:51,swing,USO,LONG,47,121.67,entry (LONG),+0.0000
2026-03-18 18:53:52,swing,EWA,LONG,98,28.00,entry (LONG),+0.0000
2026-03-18 18:53:53,swing,XLRE,LONG,35,42.02,entry (LONG),+0.0000
2026-03-18 18:53:53,swing,PDBC,SHORT,267,17.46,entry (SHORT),+0.0000
2026-03-18 18:53:54,swing,XLI,SHORT,22,165.18,entry (SHORT),+0.0000
2026-03-18 18:53:55,swing,EWC,LONG,68,54.81,entry (LONG),+0.0000
2026-03-18 18:53:55,swing,XLE,SHORT,77,58.43,entry (SHORT),+0.0000
2026-03-18 18:53:56,swing,VTV,SHORT,18,196.75,entry (SHORT),+0.0000
2026-03-18 18:53:57,swing,EWY,SHORT,33,131.88,entry (SHORT),+0.0000
2026-03-18 18:53:57,swing,EWU,LONG,82,45.38,entry (LONG),+0.0000
2026-03-18 18:53:58,swing,IEF,LONG,38,95.75,entry (LONG),+0.0000
2026-03-18 18:53:59,swing,XLU,LONG,47,46.73,entry (LONG),+0.0000
2026-03-18 18:53:59,swing,EWA,LONG,98,28.00,entry (LONG),+0.0000
2026-03-18 18:54:00,swing,HYG,LONG,46,79.40,entry (LONG),+0.0000
2026-03-18 18:54:01,swing,EWT,SHORT,54,71.34,entry (SHORT),+0.0000
2026-03-18 18:54:01,swing,XLI,LONG,14,165.18,entry (LONG),+0.0000
2026-03-18 18:54:02,swing,EEM,SHORT,25,57.56,entry (SHORT),+0.0000
2026-03-18 18:54:03,swing,VTV,LONG,18,196.75,entry (LONG),+0.0000
2026-03-18 18:54:04,swing,GLD,LONG,17,444.74,entry (LONG),+0.0000
2026-03-18 18:54:05,swing,IEF,LONG,38,95.75,entry (LONG),+0.0000
2026-03-18 18:54:06,swing,URNM,LONG,38,62.55,entry (LONG),+0.0000
2026-03-18 18:54:07,swing,HYG,LONG,46,79.40,entry (LONG),+0.0000
2026-03-18 18:54:08,swing,LQD,LONG,18,108.71,entry (LONG),+0.0000
2026-03-18 18:54:09,swing,EWH,LONG,166,22.65,entry (LONG),+0.0000
2026-03-18 18:54:09,swing,EEM,SHORT,25,57.56,entry (SHORT),+0.0000
2026-03-18 18:54:12,swing,EMB,SHORT,15,94.36,entry (SHORT),+0.0000
2026-03-18 18:54:12,swing,XLB,LONG,77,48.48,entry (LONG),+0.0000
2026-03-18 18:54:12,swing,URNM,LONG,38,62.55,entry (LONG),+0.0000
2026-03-18 18:54:15,swing,LQD,LONG,18,108.71,entry (LONG),+0.0000
2026-03-18 18:54:15,swing,XLRE,LONG,54,42.02,entry (LONG),+0.0000
2026-03-18 18:54:17,swing,EWW,SHORT,49,72.38,entry (SHORT),+0.0000
2026-03-18 18:54:17,swing,EWC,LONG,68,54.81,entry (LONG),+0.0000
2026-03-18 18:54:18,swing,EMB,SHORT,15,94.36,entry (SHORT),+0.0000
2026-03-18 18:54:18,swing,EWU,LONG,82,45.38,entry (LONG),+0.0000
2026-03-18 18:54:19,swing,SPY,LONG,5,661.43,entry (LONG),+0.0000
2026-03-18 18:54:21,swing,EWA,LONG,98,28.00,entry (LONG),+0.0000
2026-03-18 18:54:21,swing,VGK,LONG,34,82.26,entry (LONG),+0.0000
2026-03-18 18:54:23,swing,XLI,SHORT,22,165.18,entry (SHORT),+0.0000
2026-03-18 18:54:23,swing,EWW,SHORT,49,72.38,entry (SHORT),+0.0000
2026-03-18 18:54:23,swing,IWM,LONG,14,246.02,entry (LONG),+0.0000
2026-03-18 18:54:24,swing,VTV,SHORT,18,196.75,entry (SHORT),+0.0000
2026-03-18 18:54:25,swing,XLV,SHORT,21,147.14,entry (SHORT),+0.0000
2026-03-18 18:54:26,swing,SPY,LONG,5,661.43,entry (LONG),+0.0000
2026-03-18 18:54:26,swing,IEF,LONG,38,95.75,entry (LONG),+0.0000
2026-03-18 18:54:28,swing,VGK,LONG,34,82.26,entry (LONG),+0.0000
2026-03-18 18:54:28,swing,HYG,LONG,46,79.40,entry (LONG),+0.0000
2026-03-18 18:54:31,swing,EEM,SHORT,25,57.56,entry (SHORT),+0.0000
2026-03-18 18:54:31,swing,IWM,LONG,14,246.02,entry (LONG),+0.0000
2026-03-18 18:54:31,swing,MCHI,SHORT,45,57.23,entry (SHORT),+0.0000
2026-03-18 18:54:33,swing,XLV,SHORT,21,147.14,entry (SHORT),+0.0000
2026-03-18 18:54:33,swing,XLY,SHORT,30,110.57,entry (SHORT),+0.0000
2026-03-18 18:54:34,swing,URNM,LONG,38,62.55,entry (LONG),+0.0000
2026-03-18 18:54:36,swing,XLF,LONG,67,48.97,entry (LONG),+0.0000
2026-03-18 18:54:37,swing,LQD,LONG,18,108.71,entry (LONG),+0.0000
2026-03-18 18:54:37,swing,MCHI,SHORT,45,57.23,entry (SHORT),+0.0000
2026-03-18 18:54:38,swing,CIBR,LONG,50,64.96,entry (LONG),+0.0000
2026-03-18 18:54:40,swing,XLY,SHORT,30,110.57,entry (SHORT),+0.0000
2026-03-18 18:54:40,swing,ARKK,SHORT,45,71.41,entry (SHORT),+0.0000
2026-03-18 18:54:41,swing,EMB,SHORT,15,94.36,entry (SHORT),+0.0000
2026-03-18 18:54:42,swing,XLF,LONG,67,48.97,entry (LONG),+0.0000
2026-03-18 18:54:42,swing,INDA,LONG,68,47.72,entry (LONG),+0.0000
2026-03-18 18:54:44,swing,CIBR,LONG,50,64.96,entry (LONG),+0.0000
2026-03-18 18:54:45,swing,IGV,LONG,9,84.34,entry (LONG),+0.0000
2026-03-18 18:54:46,swing,ARKK,SHORT,45,71.41,entry (SHORT),+0.0000
2026-03-18 18:54:46,swing,EWW,SHORT,49,72.38,entry (SHORT),+0.0000
2026-03-18 18:54:48,swing,INDA,LONG,68,47.72,entry (LONG),+0.0000
2026-03-18 18:54:49,swing,SPY,LONG,5,661.43,entry (LONG),+0.0000
2026-03-18 18:54:50,swing,QQQ,LONG,2,594.90,entry (LONG),+0.0000
2026-03-18 18:54:50,swing,IGV,LONG,9,84.34,entry (LONG),+0.0000
2026-03-18 18:54:51,swing,VGK,LONG,34,82.26,entry (LONG),+0.0000
2026-03-18 18:54:53,swing,IWM,LONG,14,246.02,entry (LONG),+0.0000
2026-03-18 18:54:55,swing,XLV,SHORT,21,147.14,entry (SHORT),+0.0000
2026-03-18 18:54:56,swing,QQQ,LONG,2,594.90,entry (LONG),+0.0000
2026-03-18 18:54:58,swing,MCHI,SHORT,45,57.23,entry (SHORT),+0.0000
2026-03-18 18:55:00,swing,XLY,SHORT,30,110.57,entry (SHORT),+0.0000
2026-03-18 18:55:02,swing,XLF,LONG,67,48.97,entry (LONG),+0.0000
2026-03-18 18:55:04,swing,CIBR,LONG,50,64.96,entry (LONG),+0.0000
2026-03-18 18:55:07,swing,ARKK,SHORT,45,71.41,entry (SHORT),+0.0000
2026-03-18 18:55:10,swing,INDA,LONG,68,47.72,entry (LONG),+0.0000
2026-03-18 18:55:12,swing,IGV,LONG,9,84.34,entry (LONG),+0.0000
2026-03-18 18:55:17,swing,QQQ,LONG,2,594.90,entry (LONG),+0.0000
2026-03-18 18:58:55,swing,GLD,SHORT,3,444.74,entry (SHORT),+0.0000
2026-03-18 18:59:59,swing,USO,LONG,47,121.67,entry (LONG),+0.0000
2026-03-18 19:00:01,swing,PDBC,SHORT,267,17.46,entry (SHORT),+0.0000
2026-03-18 19:00:03,swing,USO,LONG,47,121.67,entry (LONG),+0.0000
2026-03-18 19:00:03,swing,XLE,SHORT,77,58.43,entry (SHORT),+0.0000
2026-03-18 19:00:04,swing,PDBC,SHORT,267,17.46,entry (SHORT),+0.0000
2026-03-18 19:00:05,swing,EWY,SHORT,33,131.88,entry (SHORT),+0.0000
2026-03-18 19:00:07,swing,XLE,SHORT,77,58.43,entry (SHORT),+0.0000
2026-03-18 19:00:08,swing,EWT,SHORT,54,71.34,entry (SHORT),+0.0000
2026-03-18 19:00:08,swing,EWY,SHORT,33,131.88,entry (SHORT),+0.0000
2026-03-18 19:00:10,swing,XLU,LONG,47,46.73,entry (LONG),+0.0000
2026-03-18 19:00:12,swing,GLD,LONG,17,444.74,entry (LONG),+0.0000
2026-03-18 19:00:12,swing,EWT,SHORT,54,71.34,entry (SHORT),+0.0000
2026-03-18 19:00:15,swing,GLD,LONG,17,444.74,entry (LONG),+0.0000
2026-03-18 19:00:16,swing,EWH,LONG,166,22.65,entry (LONG),+0.0000
2026-03-18 19:00:18,swing,XLB,LONG,39,48.48,entry (LONG),+0.0000
2026-03-18 19:00:20,swing,XLRE,LONG,54,42.02,entry (LONG),+0.0000
2026-03-18 19:00:20,swing,EWH,LONG,166,22.65,entry (LONG),+0.0000
2026-03-18 19:00:22,swing,EWC,LONG,68,54.81,entry (LONG),+0.0000
2026-03-18 19:00:22,swing,XLB,LONG,77,48.48,entry (LONG),+0.0000
2026-03-18 19:00:23,swing,EWU,LONG,82,45.38,entry (LONG),+0.0000
2026-03-18 19:00:24,swing,XLRE,LONG,35,42.02,entry (LONG),+0.0000
2026-03-18 19:00:25,swing,EWA,LONG,98,28.00,entry (LONG),+0.0000
2026-03-18 19:00:26,swing,USO,LONG,47,121.67,entry (LONG),+0.0000
2026-03-18 19:00:27,swing,EWC,LONG,68,54.81,entry (LONG),+0.0000
2026-03-18 19:00:27,swing,XLI,SHORT,22,165.18,entry (SHORT),+0.0000
2026-03-18 19:00:27,swing,PDBC,SHORT,267,17.46,entry (SHORT),+0.0000
2026-03-18 19:00:29,swing,EWU,LONG,82,45.38,entry (LONG),+0.0000
2026-03-18 19:00:29,swing,VTV,SHORT,18,196.75,entry (SHORT),+0.0000
2026-03-18 19:00:29,swing,XLE,SHORT,77,58.43,entry (SHORT),+0.0000
2026-03-18 19:00:31,swing,EWA,LONG,98,28.00,entry (LONG),+0.0000
2026-03-18 19:00:31,swing,IEF,LONG,38,95.75,entry (LONG),+0.0000
2026-03-18 19:00:31,swing,EWY,SHORT,33,131.88,entry (SHORT),+0.0000
2026-03-18 19:00:33,swing,XLU,LONG,47,46.73,entry (LONG),+0.0000
2026-03-18 19:00:33,swing,HYG,LONG,46,79.40,entry (LONG),+0.0000
2026-03-18 19:00:34,swing,XLI,LONG,14,165.18,entry (LONG),+0.0000
2026-03-18 19:00:35,swing,EWT,SHORT,54,71.34,entry (SHORT),+0.0000
2026-03-18 19:00:35,swing,EEM,SHORT,25,57.56,entry (SHORT),+0.0000
2026-03-18 19:00:38,swing,VTV,LONG,18,196.75,entry (LONG),+0.0000
2026-03-18 19:00:38,swing,URNM,LONG,38,62.55,entry (LONG),+0.0000
2026-03-18 19:00:39,swing,GLD,LONG,17,444.74,entry (LONG),+0.0000
2026-03-18 19:00:40,swing,IEF,LONG,38,95.75,entry (LONG),+0.0000
2026-03-18 19:00:40,swing,LQD,LONG,18,108.71,entry (LONG),+0.0000
2026-03-18 19:00:43,swing,HYG,LONG,46,79.40,entry (LONG),+0.0000
2026-03-18 19:00:44,swing,EWH,LONG,166,22.65,entry (LONG),+0.0000
2026-03-18 19:00:45,swing,EMB,SHORT,15,94.36,entry (SHORT),+0.0000
2026-03-18 19:00:46,swing,EEM,SHORT,25,57.56,entry (SHORT),+0.0000
2026-03-18 19:00:46,swing,XLB,LONG,77,48.48,entry (LONG),+0.0000
2026-03-18 19:00:49,swing,XLRE,LONG,54,42.02,entry (LONG),+0.0000
2026-03-18 19:00:51,swing,EWC,LONG,68,54.81,entry (LONG),+0.0000
2026-03-18 19:00:51,swing,URNM,LONG,38,62.55,entry (LONG),+0.0000
2026-03-18 19:00:51,swing,EWW,SHORT,49,72.38,entry (SHORT),+0.0000
2026-03-18 19:00:52,swing,EWU,LONG,82,45.38,entry (LONG),+0.0000
2026-03-18 19:00:53,swing,LQD,LONG,18,108.71,entry (LONG),+0.0000
2026-03-18 19:00:53,swing,SPY,LONG,5,661.43,entry (LONG),+0.0000
2026-03-18 19:00:54,swing,EWA,LONG,98,28.00,entry (LONG),+0.0000
2026-03-18 19:00:56,swing,VGK,LONG,34,82.26,entry (LONG),+0.0000
2026-03-18 19:00:58,swing,XLI,SHORT,22,165.18,entry (SHORT),+0.0000
2026-03-18 19:00:58,swing,EMB,SHORT,15,94.36,entry (SHORT),+0.0000
2026-03-18 19:01:00,swing,IWM,LONG,14,246.02,entry (LONG),+0.0000
2026-03-18 19:01:00,swing,VTV,SHORT,18,196.75,entry (SHORT),+0.0000
2026-03-18 19:01:03,swing,XLV,SHORT,21,147.14,entry (SHORT),+0.0000
2026-03-18 19:01:04,swing,IEF,LONG,38,95.75,entry (LONG),+0.0000
2026-03-18 19:01:06,swing,HYG,LONG,46,79.40,entry (LONG),+0.0000
2026-03-18 19:01:06,swing,EWW,SHORT,49,72.38,entry (SHORT),+0.0000
2026-03-18 19:01:07,swing,MCHI,SHORT,45,57.23,entry (SHORT),+0.0000
2026-03-18 19:01:08,swing,EEM,SHORT,25,57.56,entry (SHORT),+0.0000
2026-03-18 19:01:08,swing,SPY,LONG,5,661.43,entry (LONG),+0.0000
2026-03-18 19:01:09,swing,XLY,SHORT,30,110.57,entry (SHORT),+0.0000
2026-03-18 19:01:10,swing,VGK,LONG,34,82.26,entry (LONG),+0.0000
2026-03-18 19:01:10,swing,XLF,LONG,67,48.97,entry (LONG),+0.0000
2026-03-18 19:01:11,swing,URNM,LONG,38,62.55,entry (LONG),+0.0000
2026-03-18 19:01:12,swing,IWM,LONG,14,246.02,entry (LONG),+0.0000
2026-03-18 19:01:13,swing,CIBR,LONG,50,64.96,entry (LONG),+0.0000
2026-03-18 19:01:13,swing,LQD,LONG,18,108.71,entry (LONG),+0.0000
2026-03-18 19:01:15,swing,ARKK,SHORT,45,71.41,entry (SHORT),+0.0000
2026-03-18 19:01:15,swing,XLV,SHORT,21,147.14,entry (SHORT),+0.0000
2026-03-18 19:01:16,swing,EMB,SHORT,15,94.36,entry (SHORT),+0.0000
2026-03-18 19:01:17,swing,INDA,LONG,68,47.72,entry (LONG),+0.0000
2026-03-18 19:01:19,swing,MCHI,SHORT,45,57.23,entry (SHORT),+0.0000
2026-03-18 19:01:20,swing,IGV,LONG,9,84.34,entry (LONG),+0.0000
2026-03-18 19:01:21,swing,XLY,SHORT,30,110.57,entry (SHORT),+0.0000
2026-03-18 19:01:23,swing,EWW,SHORT,49,72.38,entry (SHORT),+0.0000
2026-03-18 19:01:24,swing,XLF,LONG,67,48.97,entry (LONG),+0.0000
2026-03-18 19:01:24,swing,QQQ,LONG,2,594.90,entry (LONG),+0.0000
2026-03-18 19:01:25,swing,SPY,LONG,5,661.43,entry (LONG),+0.0000
2026-03-18 19:01:26,swing,CIBR,LONG,50,64.96,entry (LONG),+0.0000
2026-03-18 19:01:27,swing,VGK,LONG,34,82.26,entry (LONG),+0.0000
2026-03-18 19:01:31,swing,IWM,LONG,14,246.02,entry (LONG),+0.0000
2026-03-18 19:01:32,swing,ARKK,SHORT,45,71.41,entry (SHORT),+0.0000
2026-03-18 19:01:34,swing,XLV,SHORT,21,147.14,entry (SHORT),+0.0000
2026-03-18 19:01:34,swing,INDA,LONG,68,47.72,entry (LONG),+0.0000
2026-03-18 19:01:37,swing,IGV,LONG,9,84.34,entry (LONG),+0.0000
2026-03-18 19:01:38,swing,MCHI,SHORT,45,57.23,entry (SHORT),+0.0000
2026-03-18 19:01:39,swing,XLY,SHORT,30,110.57,entry (SHORT),+0.0000
2026-03-18 19:01:43,swing,XLF,LONG,67,48.97,entry (LONG),+0.0000
2026-03-18 19:01:44,swing,QQQ,LONG,2,594.90,entry (LONG),+0.0000
2026-03-18 19:01:44,swing,CIBR,LONG,50,64.96,entry (LONG),+0.0000
2026-03-18 19:01:46,swing,ARKK,SHORT,45,71.41,entry (SHORT),+0.0000
2026-03-18 19:01:48,swing,INDA,LONG,68,47.72,entry (LONG),+0.0000
2026-03-18 19:01:50,swing,IGV,LONG,9,84.34,entry (LONG),+0.0000
2026-03-18 19:01:53,swing,QQQ,LONG,2,594.90,entry (LONG),+0.0000
2026-03-18 19:04:08,swing,GLD,SHORT,3,444.74,entry (SHORT),+0.0000
2026-03-18 19:06:37,swing,USO,LONG,47,121.67,entry (LONG),+0.0000
2026-03-18 19:06:39,swing,PDBC,SHORT,267,17.46,entry (SHORT),+0.0000
2026-03-18 19:06:41,swing,XLE,SHORT,77,58.43,entry (SHORT),+0.0000
2026-03-18 19:06:43,swing,EWY,SHORT,33,131.88,entry (SHORT),+0.0000
2026-03-18 19:06:46,swing,EWT,SHORT,54,71.34,entry (SHORT),+0.0000
2026-03-18 19:06:49,swing,GLD,LONG,17,444.74,entry (LONG),+0.0000
2026-03-18 19:06:52,swing,USO,LONG,47,121.67,entry (LONG),+0.0000
2026-03-18 19:06:54,swing,PDBC,SHORT,267,17.46,entry (SHORT),+0.0000
2026-03-18 19:06:54,swing,EWH,LONG,166,22.65,entry (LONG),+0.0000
2026-03-18 19:06:56,swing,XLE,SHORT,77,58.43,entry (SHORT),+0.0000
2026-03-18 19:06:56,swing,XLB,LONG,39,48.48,entry (LONG),+0.0000
2026-03-18 19:06:57,swing,EWY,SHORT,33,131.88,entry (SHORT),+0.0000
2026-03-18 19:06:58,swing,XLRE,LONG,54,42.02,entry (LONG),+0.0000
2026-03-18 19:06:59,swing,XLU,LONG,47,46.73,entry (LONG),+0.0000
2026-03-18 19:07:00,swing,EWC,LONG,68,54.81,entry (LONG),+0.0000
2026-03-18 19:07:01,swing,USO,LONG,47,121.67,entry (LONG),+0.0000
2026-03-18 19:07:01,swing,EWT,SHORT,54,71.34,entry (SHORT),+0.0000
2026-03-18 19:07:02,swing,EWU,LONG,82,45.38,entry (LONG),+0.0000
2026-03-18 19:07:03,swing,PDBC,SHORT,267,17.46,entry (SHORT),+0.0000
2026-03-18 19:07:04,swing,EWA,LONG,98,28.00,entry (LONG),+0.0000
2026-03-18 19:07:05,swing,GLD,LONG,17,444.74,entry (LONG),+0.0000
2026-03-18 19:07:05,swing,XLE,SHORT,77,58.43,entry (SHORT),+0.0000
2026-03-18 19:07:06,swing,XLI,SHORT,22,165.18,entry (SHORT),+0.0000
2026-03-18 19:07:07,swing,EWY,SHORT,33,131.88,entry (SHORT),+0.0000
2026-03-18 19:07:08,swing,VTV,SHORT,18,196.75,entry (SHORT),+0.0000
2026-03-18 19:07:09,swing,XLU,LONG,47,46.73,entry (LONG),+0.0000
2026-03-18 19:07:09,swing,EWH,LONG,166,22.65,entry (LONG),+0.0000
2026-03-18 19:07:10,swing,IEF,LONG,38,95.75,entry (LONG),+0.0000
2026-03-18 19:07:11,swing,EWT,SHORT,54,71.34,entry (SHORT),+0.0000
2026-03-18 19:07:11,swing,XLB,LONG,77,48.48,entry (LONG),+0.0000
2026-03-18 19:07:13,swing,HYG,LONG,46,79.40,entry (LONG),+0.0000
2026-03-18 19:07:14,swing,XLRE,LONG,35,42.02,entry (LONG),+0.0000
2026-03-18 19:07:15,swing,GLD,LONG,17,444.74,entry (LONG),+0.0000
2026-03-18 19:07:15,swing,EEM,SHORT,25,57.56,entry (SHORT),+0.0000
2026-03-18 19:07:16,swing,EWC,LONG,68,54.81,entry (LONG),+0.0000
2026-03-18 19:07:18,swing,EWU,LONG,82,45.38,entry (LONG),+0.0000
2026-03-18 19:07:18,swing,URNM,LONG,38,62.55,entry (LONG),+0.0000
2026-03-18 19:07:20,swing,EWA,LONG,98,28.00,entry (LONG),+0.0000
2026-03-18 19:07:20,swing,EWH,LONG,166,22.65,entry (LONG),+0.0000
2026-03-18 19:07:20,swing,LQD,LONG,18,108.71,entry (LONG),+0.0000
2026-03-18 19:07:22,swing,XLI,LONG,14,165.18,entry (LONG),+0.0000
2026-03-18 19:07:22,swing,XLB,LONG,77,48.48,entry (LONG),+0.0000
2026-03-18 19:07:24,swing,VTV,LONG,18,196.75,entry (LONG),+0.0000
2026-03-18 19:07:24,swing,EMB,SHORT,15,94.36,entry (SHORT),+0.0000
2026-03-18 19:07:24,swing,XLRE,LONG,54,42.02,entry (LONG),+0.0000
2026-03-18 19:07:26,swing,IEF,LONG,38,95.75,entry (LONG),+0.0000
2026-03-18 19:07:26,swing,EWC,LONG,68,54.81,entry (LONG),+0.0000
2026-03-18 19:07:28,swing,HYG,LONG,46,79.40,entry (LONG),+0.0000
2026-03-18 19:07:28,swing,EWU,LONG,82,45.38,entry (LONG),+0.0000
2026-03-18 19:07:29,swing,EWW,SHORT,49,72.38,entry (SHORT),+0.0000
2026-03-18 19:07:30,swing,EEM,SHORT,25,57.56,entry (SHORT),+0.0000
2026-03-18 19:07:30,swing,EWA,LONG,98,28.00,entry (LONG),+0.0000
2026-03-18 19:07:31,swing,SPY,LONG,5,661.43,entry (LONG),+0.0000
2026-03-18 19:07:32,swing,XLI,SHORT,22,165.18,entry (SHORT),+0.0000
2026-03-18 19:07:33,swing,VGK,LONG,34,82.26,entry (LONG),+0.0000
2026-03-18 19:07:33,swing,URNM,LONG,38,62.55,entry (LONG),+0.0000
2026-03-18 19:07:35,swing,VTV,SHORT,18,196.75,entry (SHORT),+0.0000
2026-03-18 19:07:35,swing,IWM,LONG,14,246.02,entry (LONG),+0.0000
2026-03-18 19:07:36,swing,LQD,LONG,18,108.71,entry (LONG),+0.0000
2026-03-18 19:07:37,swing,IEF,LONG,38,95.75,entry (LONG),+0.0000
2026-03-18 19:07:37,swing,XLV,SHORT,21,147.14,entry (SHORT),+0.0000
2026-03-18 19:07:39,swing,HYG,LONG,46,79.40,entry (LONG),+0.0000
2026-03-18 19:07:39,swing,EMB,SHORT,15,94.36,entry (SHORT),+0.0000
2026-03-18 19:07:41,swing,MCHI,SHORT,45,57.23,entry (SHORT),+0.0000
2026-03-18 19:07:41,swing,EEM,SHORT,25,57.56,entry (SHORT),+0.0000
2026-03-18 19:07:42,swing,XLY,SHORT,30,110.57,entry (SHORT),+0.0000
2026-03-18 19:07:44,swing,EWW,SHORT,49,72.38,entry (SHORT),+0.0000
2026-03-18 19:07:44,swing,URNM,LONG,38,62.55,entry (LONG),+0.0000
2026-03-18 19:07:44,swing,XLF,LONG,67,48.97,entry (LONG),+0.0000
2026-03-18 19:07:46,swing,SPY,LONG,5,661.43,entry (LONG),+0.0000
2026-03-18 19:07:47,swing,CIBR,LONG,50,64.96,entry (LONG),+0.0000
2026-03-18 19:07:47,swing,LQD,LONG,18,108.71,entry (LONG),+0.0000
2026-03-18 19:07:48,swing,VGK,LONG,34,82.26,entry (LONG),+0.0000
2026-03-18 19:07:49,swing,ARKK,SHORT,45,71.41,entry (SHORT),+0.0000
2026-03-18 19:07:50,swing,IWM,LONG,14,246.02,entry (LONG),+0.0000
2026-03-18 19:07:51,swing,EMB,SHORT,15,94.36,entry (SHORT),+0.0000
2026-03-18 19:07:51,swing,INDA,LONG,68,47.72,entry (LONG),+0.0000
2026-03-18 19:07:52,swing,XLV,SHORT,21,147.14,entry (SHORT),+0.0000
2026-03-18 19:07:53,swing,IGV,LONG,9,84.34,entry (LONG),+0.0000
2026-03-18 19:07:55,swing,MCHI,SHORT,45,57.23,entry (SHORT),+0.0000
2026-03-18 19:07:56,swing,EWW,SHORT,49,72.38,entry (SHORT),+0.0000
2026-03-18 19:07:56,swing,QQQ,LONG,2,594.90,entry (LONG),+0.0000
2026-03-18 19:07:58,swing,XLY,SHORT,30,110.57,entry (SHORT),+0.0000
2026-03-18 19:07:58,swing,SPY,LONG,5,661.43,entry (LONG),+0.0000
2026-03-18 19:07:59,swing,XLF,LONG,67,48.97,entry (LONG),+0.0000
2026-03-18 19:08:00,swing,VGK,LONG,34,82.26,entry (LONG),+0.0000
2026-03-18 19:08:02,swing,CIBR,LONG,50,64.96,entry (LONG),+0.0000
2026-03-18 19:08:02,swing,IWM,LONG,14,246.02,entry (LONG),+0.0000
2026-03-18 19:08:04,swing,ARKK,SHORT,45,71.41,entry (SHORT),+0.0000
2026-03-18 19:08:04,swing,XLV,SHORT,21,147.14,entry (SHORT),+0.0000
2026-03-18 19:08:05,swing,INDA,LONG,68,47.72,entry (LONG),+0.0000
2026-03-18 19:08:07,swing,IGV,LONG,9,84.34,entry (LONG),+0.0000
2026-03-18 19:08:07,swing,MCHI,SHORT,45,57.23,entry (SHORT),+0.0000
2026-03-18 19:08:09,swing,XLY,SHORT,30,110.57,entry (SHORT),+0.0000
2026-03-18 19:08:11,swing,XLF,LONG,67,48.97,entry (LONG),+0.0000
2026-03-18 19:08:12,swing,QQQ,LONG,2,594.90,entry (LONG),+0.0000
2026-03-18 19:08:13,swing,CIBR,LONG,50,64.96,entry (LONG),+0.0000
2026-03-18 19:08:15,swing,ARKK,SHORT,45,71.41,entry (SHORT),+0.0000
2026-03-18 19:08:17,swing,INDA,LONG,68,47.72,entry (LONG),+0.0000
2026-03-18 19:08:19,swing,IGV,LONG,9,84.34,entry (LONG),+0.0000
2026-03-18 19:08:21,swing,QQQ,LONG,2,594.90,entry (LONG),+0.0000
2026-03-18 19:09:22,swing,GLD,SHORT,3,444.74,entry (SHORT),+0.0000
2026-03-18 19:13:05,swing,USO,LONG,47,121.67,entry (LONG),+0.0000
2026-03-18 19:13:07,swing,PDBC,SHORT,267,17.46,entry (SHORT),+0.0000
2026-03-18 19:13:09,swing,XLE,SHORT,77,58.43,entry (SHORT),+0.0000
2026-03-18 19:13:11,swing,EWY,SHORT,33,131.88,entry (SHORT),+0.0000
2026-03-18 19:13:14,swing,EWT,SHORT,54,71.34,entry (SHORT),+0.0000
2026-03-18 19:13:18,swing,GLD,LONG,17,444.74,entry (LONG),+0.0000
2026-03-18 19:13:19,swing,USO,LONG,47,121.67,entry (LONG),+0.0000
2026-03-18 19:13:21,swing,PDBC,SHORT,267,17.46,entry (SHORT),+0.0000
2026-03-18 19:13:22,swing,EWH,LONG,166,22.65,entry (LONG),+0.0000
2026-03-18 19:13:23,swing,XLE,SHORT,77,58.43,entry (SHORT),+0.0000
2026-03-18 19:13:24,swing,XLB,LONG,39,48.48,entry (LONG),+0.0000
2026-03-18 19:13:25,swing,EWY,SHORT,33,131.88,entry (SHORT),+0.0000
2026-03-18 19:13:26,swing,XLRE,LONG,54,42.02,entry (LONG),+0.0000
2026-03-18 19:13:27,swing,XLU,LONG,47,46.73,entry (LONG),+0.0000
2026-03-18 19:13:28,swing,EWC,LONG,68,54.81,entry (LONG),+0.0000
2026-03-18 19:13:29,swing,EWT,SHORT,54,71.34,entry (SHORT),+0.0000
2026-03-18 19:13:30,swing,USO,LONG,47,121.67,entry (LONG),+0.0000
2026-03-18 19:13:31,swing,EWU,LONG,82,45.38,entry (LONG),+0.0000
2026-03-18 19:13:32,swing,PDBC,SHORT,267,17.46,entry (SHORT),+0.0000
2026-03-18 19:13:33,swing,EWA,LONG,98,28.00,entry (LONG),+0.0000
2026-03-18 19:13:33,swing,GLD,LONG,17,444.74,entry (LONG),+0.0000
2026-03-18 19:13:34,swing,XLE,SHORT,77,58.43,entry (SHORT),+0.0000
2026-03-18 19:13:35,swing,XLI,SHORT,22,165.18,entry (SHORT),+0.0000
2026-03-18 19:13:36,swing,EWY,SHORT,33,131.88,entry (SHORT),+0.0000
2026-03-18 19:13:37,swing,VTV,SHORT,18,196.75,entry (SHORT),+0.0000
2026-03-18 19:13:38,swing,EWH,LONG,166,22.65,entry (LONG),+0.0000
2026-03-18 19:13:38,swing,XLU,LONG,47,46.73,entry (LONG),+0.0000
2026-03-18 19:13:39,swing,IEF,LONG,38,95.75,entry (LONG),+0.0000
2026-03-18 19:13:40,swing,XLB,LONG,77,48.48,entry (LONG),+0.0000
2026-03-18 19:13:40,swing,EWT,SHORT,54,71.34,entry (SHORT),+0.0000
2026-03-18 19:13:41,swing,HYG,LONG,46,79.40,entry (LONG),+0.0000
2026-03-18 19:13:42,swing,XLRE,LONG,35,42.02,entry (LONG),+0.0000
2026-03-18 19:13:43,swing,EEM,SHORT,25,57.56,entry (SHORT),+0.0000
2026-03-18 19:13:43,swing,GLD,LONG,17,444.74,entry (LONG),+0.0000
2026-03-18 19:13:44,swing,EWC,LONG,68,54.81,entry (LONG),+0.0000
2026-03-18 19:13:46,swing,URNM,LONG,38,62.55,entry (LONG),+0.0000
2026-03-18 19:13:47,swing,EWU,LONG,82,45.38,entry (LONG),+0.0000
2026-03-18 19:13:48,swing,EWH,LONG,166,22.65,entry (LONG),+0.0000
2026-03-18 19:13:48,swing,LQD,LONG,18,108.71,entry (LONG),+0.0000
2026-03-18 19:13:48,swing,EWA,LONG,98,28.00,entry (LONG),+0.0000
2026-03-18 19:13:50,swing,XLB,LONG,77,48.48,entry (LONG),+0.0000
2026-03-18 19:13:51,swing,XLI,LONG,14,165.18,entry (LONG),+0.0000
2026-03-18 19:13:52,swing,EMB,SHORT,15,94.36,entry (SHORT),+0.0000
2026-03-18 19:13:52,swing,XLRE,LONG,54,42.02,entry (LONG),+0.0000
2026-03-18 19:13:53,swing,VTV,LONG,18,196.75,entry (LONG),+0.0000
2026-03-18 19:13:54,swing,EWC,LONG,68,54.81,entry (LONG),+0.0000
2026-03-18 19:13:55,swing,IEF,LONG,38,95.75,entry (LONG),+0.0000
2026-03-18 19:13:56,swing,EWU,LONG,82,45.38,entry (LONG),+0.0000
2026-03-18 19:13:56,swing,EWW,SHORT,49,72.38,entry (SHORT),+0.0000
2026-03-18 19:13:57,swing,HYG,LONG,46,79.40,entry (LONG),+0.0000
2026-03-18 19:13:58,swing,EWA,LONG,98,28.00,entry (LONG),+0.0000
2026-03-18 19:13:58,swing,SPY,LONG,5,661.43,entry (LONG),+0.0000
2026-03-18 19:13:58,swing,EEM,SHORT,25,57.56,entry (SHORT),+0.0000
2026-03-18 19:13:59,swing,XLI,SHORT,22,165.18,entry (SHORT),+0.0000
2026-03-18 19:14:00,swing,VGK,LONG,34,82.26,entry (LONG),+0.0000
2026-03-18 19:14:02,swing,VTV,SHORT,18,196.75,entry (SHORT),+0.0000
2026-03-18 19:14:02,swing,IWM,LONG,14,246.02,entry (LONG),+0.0000
2026-03-18 19:14:02,swing,URNM,LONG,38,62.55,entry (LONG),+0.0000
2026-03-18 19:14:04,swing,IEF,LONG,38,95.75,entry (LONG),+0.0000
2026-03-18 19:14:04,swing,XLV,SHORT,21,147.14,entry (SHORT),+0.0000
2026-03-18 19:14:04,swing,LQD,LONG,18,108.71,entry (LONG),+0.0000
2026-03-18 19:14:05,swing,HYG,LONG,46,79.40,entry (LONG),+0.0000
2026-03-18 19:14:07,swing,MCHI,SHORT,45,57.23,entry (SHORT),+0.0000
2026-03-18 19:14:07,swing,EEM,SHORT,25,57.56,entry (SHORT),+0.0000
2026-03-18 19:14:08,swing,EMB,SHORT,15,94.36,entry (SHORT),+0.0000
2026-03-18 19:14:09,swing,XLY,SHORT,30,110.57,entry (SHORT),+0.0000
2026-03-18 19:14:10,swing,URNM,LONG,38,62.55,entry (LONG),+0.0000
2026-03-18 19:14:11,swing,XLF,LONG,67,48.97,entry (LONG),+0.0000
2026-03-18 19:14:12,swing,LQD,LONG,18,108.71,entry (LONG),+0.0000
2026-03-18 19:14:12,swing,EWW,SHORT,49,72.38,entry (SHORT),+0.0000
2026-03-18 19:14:13,swing,CIBR,LONG,50,64.96,entry (LONG),+0.0000
2026-03-18 19:14:14,swing,SPY,LONG,5,661.43,entry (LONG),+0.0000
2026-03-18 19:14:15,swing,ARKK,SHORT,45,71.41,entry (SHORT),+0.0000
2026-03-18 19:14:16,swing,EMB,SHORT,15,94.36,entry (SHORT),+0.0000
2026-03-18 19:14:16,swing,VGK,LONG,34,82.26,entry (LONG),+0.0000
2026-03-18 19:14:16,swing,INDA,LONG,68,47.72,entry (LONG),+0.0000
2026-03-18 19:14:18,swing,IGV,LONG,9,84.34,entry (LONG),+0.0000
2026-03-18 19:14:18,swing,IWM,LONG,14,246.02,entry (LONG),+0.0000
2026-03-18 19:14:20,swing,EWW,SHORT,49,72.38,entry (SHORT),+0.0000
2026-03-18 19:14:21,swing,XLV,SHORT,21,147.14,entry (SHORT),+0.0000
2026-03-18 19:14:21,swing,QQQ,LONG,2,594.90,entry (LONG),+0.0000
2026-03-18 19:14:22,swing,SPY,LONG,5,661.43,entry (LONG),+0.0000
2026-03-18 19:14:24,swing,VGK,LONG,34,82.26,entry (LONG),+0.0000
2026-03-18 19:14:24,swing,MCHI,SHORT,45,57.23,entry (SHORT),+0.0000
2026-03-18 19:14:26,swing,IWM,LONG,14,246.02,entry (LONG),+0.0000
2026-03-18 19:14:26,swing,XLY,SHORT,30,110.57,entry (SHORT),+0.0000
2026-03-18 19:14:28,swing,XLV,SHORT,21,147.14,entry (SHORT),+0.0000
2026-03-18 19:14:28,swing,XLF,LONG,67,48.97,entry (LONG),+0.0000
2026-03-18 19:14:30,swing,CIBR,LONG,50,64.96,entry (LONG),+0.0000
2026-03-18 19:14:31,swing,MCHI,SHORT,45,57.23,entry (SHORT),+0.0000
2026-03-18 19:14:32,swing,ARKK,SHORT,45,71.41,entry (SHORT),+0.0000
2026-03-18 19:14:33,swing,XLY,SHORT,30,110.57,entry (SHORT),+0.0000
2026-03-18 19:14:34,swing,INDA,LONG,68,47.72,entry (LONG),+0.0000
2026-03-18 19:14:35,swing,XLF,LONG,67,48.97,entry (LONG),+0.0000
2026-03-18 19:14:36,swing,IGV,LONG,9,84.34,entry (LONG),+0.0000
2026-03-18 19:14:36,swing,GLD,SHORT,3,444.74,entry (SHORT),+0.0000
2026-03-18 19:14:37,swing,CIBR,LONG,50,64.96,entry (LONG),+0.0000
2026-03-18 19:14:39,swing,ARKK,SHORT,45,71.41,entry (SHORT),+0.0000
2026-03-18 19:14:41,swing,INDA,LONG,68,47.72,entry (LONG),+0.0000
2026-03-18 19:14:41,swing,QQQ,LONG,2,594.90,entry (LONG),+0.0000
2026-03-18 19:14:43,swing,IGV,LONG,9,84.34,entry (LONG),+0.0000
2026-03-18 19:14:46,swing,QQQ,LONG,2,594.90,entry (LONG),+0.0000
2026-03-18 19:19:30,swing,USO,LONG,47,121.67,entry (LONG),+0.0000
2026-03-18 19:19:32,swing,PDBC,SHORT,267,17.46,entry (SHORT),+0.0000
2026-03-18 19:19:33,swing,XLE,SHORT,77,58.43,entry (SHORT),+0.0000
2026-03-18 19:19:35,swing,EWY,SHORT,33,131.88,entry (SHORT),+0.0000
2026-03-18 19:19:38,swing,EWT,SHORT,54,71.34,entry (SHORT),+0.0000
2026-03-18 19:19:41,swing,GLD,LONG,17,444.74,entry (LONG),+0.0000
2026-03-18 19:19:46,swing,EWH,LONG,166,22.65,entry (LONG),+0.0000
2026-03-18 19:19:48,swing,USO,LONG,47,121.67,entry (LONG),+0.0000
2026-03-18 19:19:48,swing,XLB,LONG,39,48.48,entry (LONG),+0.0000
2026-03-18 19:19:49,swing,GLD,SHORT,3,444.74,entry (SHORT),+0.0000
2026-03-18 19:19:50,swing,PDBC,SHORT,267,17.46,entry (SHORT),+0.0000
2026-03-18 19:19:50,swing,XLRE,LONG,54,42.02,entry (LONG),+0.0000
2026-03-18 19:19:52,swing,XLE,SHORT,77,58.43,entry (SHORT),+0.0000
2026-03-18 19:19:52,swing,EWC,LONG,68,54.81,entry (LONG),+0.0000
2026-03-18 19:19:54,swing,EWY,SHORT,33,131.88,entry (SHORT),+0.0000
2026-03-18 19:19:54,swing,EWU,LONG,82,45.38,entry (LONG),+0.0000
2026-03-18 19:19:54,swing,USO,LONG,47,121.67,entry (LONG),+0.0000
2026-03-18 19:19:56,swing,EWA,LONG,98,28.00,entry (LONG),+0.0000
2026-03-18 19:19:56,swing,PDBC,SHORT,267,17.46,entry (SHORT),+0.0000
2026-03-18 19:19:56,swing,XLU,LONG,47,46.73,entry (LONG),+0.0000
2026-03-18 19:19:58,swing,XLI,SHORT,22,165.18,entry (SHORT),+0.0000
2026-03-18 19:19:58,swing,XLE,SHORT,77,58.43,entry (SHORT),+0.0000
2026-03-18 19:19:58,swing,EWT,SHORT,54,71.34,entry (SHORT),+0.0000
2026-03-18 19:20:00,swing,VTV,SHORT,18,196.75,entry (SHORT),+0.0000
2026-03-18 19:20:00,swing,EWY,SHORT,33,131.88,entry (SHORT),+0.0000
2026-03-18 19:20:01,swing,GLD,LONG,17,444.74,entry (LONG),+0.0000
2026-03-18 19:20:02,swing,XLU,LONG,47,46.73,entry (LONG),+0.0000
2026-03-18 19:20:04,swing,HYG,LONG,46,79.40,entry (LONG),+0.0000
2026-03-18 19:20:04,swing,EWT,SHORT,54,71.34,entry (SHORT),+0.0000
2026-03-18 19:20:06,swing,EEM,SHORT,25,57.56,entry (SHORT),+0.0000
2026-03-18 19:20:06,swing,EWH,LONG,166,22.65,entry (LONG),+0.0000
2026-03-18 19:20:07,swing,GLD,LONG,17,444.74,entry (LONG),+0.0000
2026-03-18 19:20:08,swing,XLB,LONG,77,48.48,entry (LONG),+0.0000
2026-03-18 19:20:09,swing,URNM,LONG,38,62.55,entry (LONG),+0.0000
2026-03-18 19:20:10,swing,XLRE,LONG,35,42.02,entry (LONG),+0.0000
2026-03-18 19:20:11,swing,LQD,LONG,18,108.71,entry (LONG),+0.0000
2026-03-18 19:20:12,swing,EWH,LONG,166,22.65,entry (LONG),+0.0000
2026-03-18 19:20:12,swing,EWC,LONG,68,54.81,entry (LONG),+0.0000
2026-03-18 19:20:14,swing,XLB,LONG,77,48.48,entry (LONG),+0.0000
2026-03-18 19:20:14,swing,EWU,LONG,82,45.38,entry (LONG),+0.0000
2026-03-18 19:20:14,swing,EMB,SHORT,15,94.36,entry (SHORT),+0.0000
2026-03-18 19:20:16,swing,XLRE,LONG,54,42.02,entry (LONG),+0.0000
2026-03-18 19:20:16,swing,EWA,LONG,98,28.00,entry (LONG),+0.0000
2026-03-18 19:20:18,swing,EWC,LONG,68,54.81,entry (LONG),+0.0000
2026-03-18 19:20:18,swing,XLI,LONG,14,165.18,entry (LONG),+0.0000
2026-03-18 19:20:19,swing,EWW,SHORT,49,72.38,entry (SHORT),+0.0000
2026-03-18 19:20:19,swing,EWU,LONG,82,45.38,entry (LONG),+0.0000
2026-03-18 19:20:20,swing,VTV,LONG,18,196.75,entry (LONG),+0.0000
2026-03-18 19:20:21,swing,SPY,LONG,5,661.43,entry (LONG),+0.0000
2026-03-18 19:20:21,swing,EWA,LONG,98,28.00,entry (LONG),+0.0000
2026-03-18 19:20:22,swing,IEF,LONG,38,95.75,entry (LONG),+0.0000
2026-03-18 19:20:23,swing,VGK,LONG,34,82.26,entry (LONG),+0.0000
2026-03-18 19:20:23,swing,XLI,SHORT,22,165.18,entry (SHORT),+0.0000
2026-03-18 19:20:24,swing,HYG,LONG,46,79.40,entry (LONG),+0.0000
2026-03-18 19:20:25,swing,IWM,LONG,14,246.02,entry (LONG),+0.0000
2026-03-18 19:20:25,swing,VTV,SHORT,18,196.75,entry (SHORT),+0.0000
2026-03-18 19:20:26,swing,EEM,SHORT,25,57.56,entry (SHORT),+0.0000
2026-03-18 19:20:27,swing,XLV,SHORT,21,147.14,entry (SHORT),+0.0000
2026-03-18 19:20:27,swing,IEF,LONG,38,95.75,entry (LONG),+0.0000
2026-03-18 19:20:29,swing,HYG,LONG,46,79.40,entry (LONG),+0.0000
2026-03-18 19:20:29,swing,URNM,LONG,38,62.55,entry (LONG),+0.0000
2026-03-18 19:20:30,swing,MCHI,SHORT,45,57.23,entry (SHORT),+0.0000
2026-03-18 19:20:32,swing,EEM,SHORT,25,57.56,entry (SHORT),+0.0000
2026-03-18 19:20:32,swing,LQD,LONG,18,108.71,entry (LONG),+0.0000
2026-03-18 19:20:32,swing,XLY,SHORT,30,110.57,entry (SHORT),+0.0000
2026-03-18 19:20:34,swing,XLF,LONG,67,48.97,entry (LONG),+0.0000
2026-03-18 19:20:35,swing,EMB,SHORT,15,94.36,entry (SHORT),+0.0000
2026-03-18 19:20:35,swing,URNM,LONG,38,62.55,entry (LONG),+0.0000
2026-03-18 19:20:37,swing,CIBR,LONG,50,64.96,entry (LONG),+0.0000
2026-03-18 19:20:37,swing,LQD,LONG,18,108.71,entry (LONG),+0.0000
2026-03-18 19:20:39,swing,ARKK,SHORT,45,71.41,entry (SHORT),+0.0000
2026-03-18 19:20:41,swing,EWW,SHORT,49,72.38,entry (SHORT),+0.0000
2026-03-18 19:20:41,swing,EMB,SHORT,15,94.36,entry (SHORT),+0.0000
2026-03-18 19:20:41,swing,INDA,LONG,68,47.72,entry (LONG),+0.0000
2026-03-18 19:20:43,swing,SPY,LONG,5,661.43,entry (LONG),+0.0000
2026-03-18 19:20:44,swing,IGV,LONG,9,84.34,entry (LONG),+0.0000
2026-03-18 19:20:45,swing,VGK,LONG,34,82.26,entry (LONG),+0.0000
2026-03-18 19:20:46,swing,EWW,SHORT,49,72.38,entry (SHORT),+0.0000
2026-03-18 19:20:47,swing,IWM,LONG,14,246.02,entry (LONG),+0.0000
2026-03-18 19:20:47,swing,QQQ,LONG,2,594.90,entry (LONG),+0.0000
2026-03-18 19:20:48,swing,SPY,LONG,5,661.43,entry (LONG),+0.0000
2026-03-18 19:20:49,swing,XLV,SHORT,21,147.14,entry (SHORT),+0.0000
2026-03-18 19:20:50,swing,VGK,LONG,34,82.26,entry (LONG),+0.0000
2026-03-18 19:20:52,swing,MCHI,SHORT,45,57.23,entry (SHORT),+0.0000
2026-03-18 19:20:52,swing,IWM,LONG,14,246.02,entry (LONG),+0.0000
2026-03-18 19:20:54,swing,XLY,SHORT,30,110.57,entry (SHORT),+0.0000
2026-03-18 19:20:54,swing,XLV,SHORT,21,147.14,entry (SHORT),+0.0000
2026-03-18 19:20:56,swing,XLF,LONG,67,48.97,entry (LONG),+0.0000
2026-03-18 19:20:57,swing,MCHI,SHORT,45,57.23,entry (SHORT),+0.0000
2026-03-18 19:20:57,swing,CIBR,LONG,50,64.96,entry (LONG),+0.0000
2026-03-18 19:20:59,swing,XLY,SHORT,30,110.57,entry (SHORT),+0.0000
2026-03-18 19:20:59,swing,ARKK,SHORT,45,71.41,entry (SHORT),+0.0000
2026-03-18 19:21:00,swing,XLF,LONG,67,48.97,entry (LONG),+0.0000
2026-03-18 19:21:01,swing,INDA,LONG,68,47.72,entry (LONG),+0.0000
2026-03-18 19:21:02,swing,CIBR,LONG,50,64.96,entry (LONG),+0.0000
2026-03-18 19:21:03,swing,IGV,LONG,9,84.34,entry (LONG),+0.0000
2026-03-18 19:21:04,swing,ARKK,SHORT,45,71.41,entry (SHORT),+0.0000
2026-03-18 19:21:06,swing,INDA,LONG,68,47.72,entry (LONG),+0.0000
2026-03-18 19:21:08,swing,IGV,LONG,9,84.34,entry (LONG),+0.0000
2026-03-18 19:21:08,swing,QQQ,LONG,2,594.90,entry (LONG),+0.0000
2026-03-18 19:21:12,swing,QQQ,LONG,2,594.90,entry (LONG),+0.0000
2026-03-18 19:25:05,swing,GLD,SHORT,3,444.74,entry (SHORT),+0.0000
2026-03-18 19:25:56,swing,USO,LONG,47,121.67,entry (LONG),+0.0000
2026-03-18 19:25:57,swing,PDBC,SHORT,267,17.46,entry (SHORT),+0.0000
2026-03-18 19:25:59,swing,XLE,SHORT,77,58.43,entry (SHORT),+0.0000
2026-03-18 19:26:01,swing,EWY,SHORT,33,131.88,entry (SHORT),+0.0000
2026-03-18 19:26:04,swing,EWT,SHORT,54,71.34,entry (SHORT),+0.0000
2026-03-18 19:26:07,swing,GLD,LONG,17,444.74,entry (LONG),+0.0000
2026-03-18 19:26:12,swing,EWH,LONG,166,22.65,entry (LONG),+0.0000
2026-03-18 19:26:14,swing,XLB,LONG,39,48.48,entry (LONG),+0.0000
2026-03-18 19:26:15,swing,XLRE,LONG,54,42.02,entry (LONG),+0.0000
2026-03-18 19:26:16,swing,USO,LONG,47,121.67,entry (LONG),+0.0000
2026-03-18 19:26:17,swing,EWC,LONG,68,54.81,entry (LONG),+0.0000
2026-03-18 19:26:17,swing,PDBC,SHORT,267,17.46,entry (SHORT),+0.0000
2026-03-18 19:26:19,swing,EWU,LONG,82,45.38,entry (LONG),+0.0000
2026-03-18 19:26:19,swing,XLE,SHORT,77,58.43,entry (SHORT),+0.0000
2026-03-18 19:26:20,swing,USO,LONG,47,121.67,entry (LONG),+0.0000
2026-03-18 19:26:21,swing,EWA,LONG,98,28.00,entry (LONG),+0.0000
2026-03-18 19:26:21,swing,EWY,SHORT,33,131.88,entry (SHORT),+0.0000
2026-03-18 19:26:22,swing,PDBC,SHORT,267,17.46,entry (SHORT),+0.0000
2026-03-18 19:26:23,swing,XLI,SHORT,22,165.18,entry (SHORT),+0.0000
2026-03-18 19:26:23,swing,XLU,LONG,47,46.73,entry (LONG),+0.0000
2026-03-18 19:26:24,swing,XLE,SHORT,77,58.43,entry (SHORT),+0.0000
2026-03-18 19:26:25,swing,VTV,SHORT,18,196.75,entry (SHORT),+0.0000
2026-03-18 19:26:25,swing,EWT,SHORT,54,71.34,entry (SHORT),+0.0000
2026-03-18 19:26:26,swing,EWY,SHORT,33,131.88,entry (SHORT),+0.0000
2026-03-18 19:26:27,swing,IEF,LONG,38,95.75,entry (LONG),+0.0000
2026-03-18 19:26:28,swing,XLU,LONG,47,46.73,entry (LONG),+0.0000
2026-03-18 19:26:28,swing,HYG,LONG,46,79.40,entry (LONG),+0.0000
2026-03-18 19:26:28,swing,GLD,LONG,17,444.74,entry (LONG),+0.0000
2026-03-18 19:26:30,swing,EWT,SHORT,54,71.34,entry (SHORT),+0.0000
2026-03-18 19:26:30,swing,EEM,SHORT,25,57.56,entry (SHORT),+0.0000
2026-03-18 19:26:33,swing,GLD,LONG,17,444.74,entry (LONG),+0.0000
2026-03-18 19:26:33,swing,EWH,LONG,166,22.65,entry (LONG),+0.0000
2026-03-18 19:26:33,swing,URNM,LONG,38,62.55,entry (LONG),+0.0000
2026-03-18 19:26:35,swing,XLB,LONG,77,48.48,entry (LONG),+0.0000
2026-03-18 19:26:35,swing,LQD,LONG,18,108.71,entry (LONG),+0.0000
2026-03-18 19:26:37,swing,XLRE,LONG,35,42.02,entry (LONG),+0.0000
2026-03-18 19:26:38,swing,EWH,LONG,166,22.65,entry (LONG),+0.0000
2026-03-18 19:26:40,swing,EMB,SHORT,15,94.36,entry (SHORT),+0.0000
2026-03-18 19:26:40,swing,EWC,LONG,68,54.81,entry (LONG),+0.0000
2026-03-18 19:26:41,swing,XLB,LONG,77,48.48,entry (LONG),+0.0000
2026-03-18 19:26:42,swing,EWU,LONG,82,45.38,entry (LONG),+0.0000
2026-03-18 19:26:44,swing,XLRE,LONG,54,42.02,entry (LONG),+0.0000
2026-03-18 19:26:45,swing,EWA,LONG,98,28.00,entry (LONG),+0.0000
2026-03-18 19:26:46,swing,EWW,SHORT,49,72.38,entry (SHORT),+0.0000
2026-03-18 19:26:46,swing,EWC,LONG,68,54.81,entry (LONG),+0.0000
2026-03-18 19:26:47,swing,XLI,LONG,14,165.18,entry (LONG),+0.0000
2026-03-18 19:26:48,swing,SPY,LONG,5,661.43,entry (LONG),+0.0000
2026-03-18 19:26:48,swing,EWU,LONG,82,45.38,entry (LONG),+0.0000
2026-03-18 19:26:49,swing,VTV,LONG,18,196.75,entry (LONG),+0.0000
2026-03-18 19:26:50,swing,VGK,LONG,34,82.26,entry (LONG),+0.0000
2026-03-18 19:26:50,swing,EWA,LONG,98,28.00,entry (LONG),+0.0000
2026-03-18 19:26:51,swing,IEF,LONG,38,95.75,entry (LONG),+0.0000
2026-03-18 19:26:52,swing,IWM,LONG,14,246.02,entry (LONG),+0.0000
2026-03-18 19:26:52,swing,XLI,SHORT,22,165.18,entry (SHORT),+0.0000
2026-03-18 19:26:54,swing,HYG,LONG,46,79.40,entry (LONG),+0.0000
2026-03-18 19:26:55,swing,XLV,SHORT,21,147.14,entry (SHORT),+0.0000
2026-03-18 19:26:55,swing,VTV,SHORT,18,196.75,entry (SHORT),+0.0000
2026-03-18 19:26:56,swing,EEM,SHORT,25,57.56,entry (SHORT),+0.0000
2026-03-18 19:26:57,swing,IEF,LONG,38,95.75,entry (LONG),+0.0000
2026-03-18 19:26:58,swing,MCHI,SHORT,45,57.23,entry (SHORT),+0.0000
2026-03-18 19:26:59,swing,HYG,LONG,46,79.40,entry (LONG),+0.0000
2026-03-18 19:27:00,swing,URNM,LONG,38,62.55,entry (LONG),+0.0000
2026-03-18 19:27:00,swing,XLY,SHORT,30,110.57,entry (SHORT),+0.0000
2026-03-18 19:27:01,swing,EEM,SHORT,25,57.56,entry (SHORT),+0.0000
2026-03-18 19:27:02,swing,LQD,LONG,18,108.71,entry (LONG),+0.0000
2026-03-18 19:27:02,swing,XLF,LONG,67,48.97,entry (LONG),+0.0000
2026-03-18 19:27:04,swing,CIBR,LONG,50,64.96,entry (LONG),+0.0000
2026-03-18 19:27:05,swing,URNM,LONG,38,62.55,entry (LONG),+0.0000
2026-03-18 19:27:06,swing,EMB,SHORT,15,94.36,entry (SHORT),+0.0000
2026-03-18 19:27:06,swing,ARKK,SHORT,45,71.41,entry (SHORT),+0.0000
2026-03-18 19:27:07,swing,LQD,LONG,18,108.71,entry (LONG),+0.0000
2026-03-18 19:27:08,swing,INDA,LONG,68,47.72,entry (LONG),+0.0000
2026-03-18 19:27:10,swing,IGV,LONG,9,84.34,entry (LONG),+0.0000
2026-03-18 19:27:11,swing,EMB,SHORT,15,94.36,entry (SHORT),+0.0000
2026-03-18 19:27:11,swing,EWW,SHORT,49,72.38,entry (SHORT),+0.0000
2026-03-18 19:27:13,swing,SPY,LONG,5,661.43,entry (LONG),+0.0000
2026-03-18 19:27:14,swing,QQQ,LONG,2,594.90,entry (LONG),+0.0000
2026-03-18 19:27:15,swing,VGK,LONG,34,82.26,entry (LONG),+0.0000
2026-03-18 19:27:16,swing,EWW,SHORT,49,72.38,entry (SHORT),+0.0000
2026-03-18 19:27:17,swing,IWM,LONG,14,246.02,entry (LONG),+0.0000
2026-03-18 19:27:18,swing,SPY,LONG,5,661.43,entry (LONG),+0.0000
2026-03-18 19:27:19,swing,XLV,SHORT,21,147.14,entry (SHORT),+0.0000
2026-03-18 19:27:20,swing,VGK,LONG,34,82.26,entry (LONG),+0.0000
2026-03-18 19:27:22,swing,IWM,LONG,14,246.02,entry (LONG),+0.0000
2026-03-18 19:27:22,swing,MCHI,SHORT,45,57.23,entry (SHORT),+0.0000
2026-03-18 19:27:24,swing,XLV,SHORT,21,147.14,entry (SHORT),+0.0000
2026-03-18 19:27:24,swing,XLY,SHORT,30,110.57,entry (SHORT),+0.0000
2026-03-18 19:27:26,swing,XLF,LONG,67,48.97,entry (LONG),+0.0000
2026-03-18 19:27:27,swing,MCHI,SHORT,45,57.23,entry (SHORT),+0.0000
2026-03-18 19:27:28,swing,CIBR,LONG,50,64.96,entry (LONG),+0.0000
2026-03-18 19:27:29,swing,XLY,SHORT,30,110.57,entry (SHORT),+0.0000
2026-03-18 19:27:30,swing,ARKK,SHORT,45,71.41,entry (SHORT),+0.0000
2026-03-18 19:27:31,swing,XLF,LONG,67,48.97,entry (LONG),+0.0000
2026-03-18 19:27:32,swing,INDA,LONG,68,47.72,entry (LONG),+0.0000
2026-03-18 19:27:33,swing,CIBR,LONG,50,64.96,entry (LONG),+0.0000
2026-03-18 19:27:34,swing,IGV,LONG,9,84.34,entry (LONG),+0.0000
2026-03-18 19:27:35,swing,ARKK,SHORT,45,71.41,entry (SHORT),+0.0000
2026-03-18 19:27:36,swing,INDA,LONG,68,47.72,entry (LONG),+0.0000
2026-03-18 19:27:38,swing,IGV,LONG,9,84.34,entry (LONG),+0.0000
2026-03-18 19:27:39,swing,QQQ,LONG,2,594.90,entry (LONG),+0.0000
2026-03-18 19:27:42,swing,QQQ,LONG,2,594.90,entry (LONG),+0.0000
2026-03-18 19:30:18,swing,GLD,SHORT,3,444.74,entry (SHORT),+0.0000
2026-03-18 19:32:23,swing,USO,LONG,47,121.67,entry (LONG),+0.0000
2026-03-18 19:32:24,swing,PDBC,SHORT,267,17.46,entry (SHORT),+0.0000
2026-03-18 19:32:26,swing,XLE,SHORT,77,58.43,entry (SHORT),+0.0000
2026-03-18 19:32:28,swing,EWY,SHORT,33,131.88,entry (SHORT),+0.0000
2026-03-18 19:32:31,swing,EWT,SHORT,54,71.34,entry (SHORT),+0.0000
2026-03-18 19:32:34,swing,GLD,LONG,17,444.74,entry (LONG),+0.0000
2026-03-18 19:32:39,swing,EWH,LONG,166,22.65,entry (LONG),+0.0000
2026-03-18 19:32:41,swing,XLB,LONG,39,48.48,entry (LONG),+0.0000
2026-03-18 19:32:44,swing,XLRE,LONG,54,42.02,entry (LONG),+0.0000
2026-03-18 19:32:45,swing,EWC,LONG,68,54.81,entry (LONG),+0.0000
2026-03-18 19:32:47,swing,EWU,LONG,82,45.38,entry (LONG),+0.0000
2026-03-18 19:32:47,swing,USO,LONG,47,121.67,entry (LONG),+0.0000
2026-03-18 19:32:49,swing,PDBC,SHORT,267,17.46,entry (SHORT),+0.0000
2026-03-18 19:32:49,swing,EWA,LONG,98,28.00,entry (LONG),+0.0000
2026-03-18 19:32:51,swing,USO,LONG,47,121.67,entry (LONG),+0.0000
2026-03-18 19:32:51,swing,XLE,SHORT,77,58.43,entry (SHORT),+0.0000
2026-03-18 19:32:51,swing,XLI,SHORT,22,165.18,entry (SHORT),+0.0000
2026-03-18 19:32:53,swing,PDBC,SHORT,267,17.46,entry (SHORT),+0.0000
2026-03-18 19:32:53,swing,EWY,SHORT,33,131.88,entry (SHORT),+0.0000
2026-03-18 19:32:53,swing,VTV,SHORT,18,196.75,entry (SHORT),+0.0000
2026-03-18 19:32:55,swing,XLE,SHORT,77,58.43,entry (SHORT),+0.0000
2026-03-18 19:32:55,swing,XLU,LONG,47,46.73,entry (LONG),+0.0000
2026-03-18 19:32:55,swing,IEF,LONG,38,95.75,entry (LONG),+0.0000
2026-03-18 19:32:57,swing,EWY,SHORT,33,131.88,entry (SHORT),+0.0000
2026-03-18 19:32:57,swing,EWT,SHORT,54,71.34,entry (SHORT),+0.0000
2026-03-18 19:32:57,swing,HYG,LONG,46,79.40,entry (LONG),+0.0000
2026-03-18 19:32:59,swing,XLU,LONG,47,46.73,entry (LONG),+0.0000
2026-03-18 19:32:59,swing,EEM,SHORT,25,57.56,entry (SHORT),+0.0000
2026-03-18 19:33:00,swing,EWT,SHORT,54,71.34,entry (SHORT),+0.0000
2026-03-18 19:33:01,swing,GLD,LONG,17,444.74,entry (LONG),+0.0000
2026-03-18 19:33:03,swing,URNM,LONG,38,62.55,entry (LONG),+0.0000
2026-03-18 19:33:04,swing,GLD,LONG,17,444.74,entry (LONG),+0.0000
2026-03-18 19:33:05,swing,LQD,LONG,18,108.71,entry (LONG),+0.0000
2026-03-18 19:33:05,swing,EWH,LONG,166,22.65,entry (LONG),+0.0000
2026-03-18 19:33:07,swing,XLB,LONG,77,48.48,entry (LONG),+0.0000
2026-03-18 19:33:08,swing,EMB,SHORT,15,94.36,entry (SHORT),+0.0000
2026-03-18 19:33:09,swing,EWH,LONG,166,22.65,entry (LONG),+0.0000
2026-03-18 19:33:09,swing,XLRE,LONG,35,42.02,entry (LONG),+0.0000
2026-03-18 19:33:11,swing,XLB,LONG,77,48.48,entry (LONG),+0.0000
2026-03-18 19:33:11,swing,EWC,LONG,68,54.81,entry (LONG),+0.0000
2026-03-18 19:33:13,swing,XLRE,LONG,54,42.02,entry (LONG),+0.0000
2026-03-18 19:33:13,swing,EWW,SHORT,49,72.38,entry (SHORT),+0.0000
2026-03-18 19:33:13,swing,EWU,LONG,82,45.38,entry (LONG),+0.0000
2026-03-18 19:33:15,swing,EWC,LONG,68,54.81,entry (LONG),+0.0000
2026-03-18 19:33:15,swing,EWA,LONG,98,28.00,entry (LONG),+0.0000
2026-03-18 19:33:15,swing,SPY,LONG,5,661.43,entry (LONG),+0.0000
2026-03-18 19:33:17,swing,EWU,LONG,82,45.38,entry (LONG),+0.0000
2026-03-18 19:33:18,swing,XLI,LONG,14,165.18,entry (LONG),+0.0000
2026-03-18 19:33:18,swing,VGK,LONG,34,82.26,entry (LONG),+0.0000
2026-03-18 19:33:19,swing,EWA,LONG,98,28.00,entry (LONG),+0.0000
2026-03-18 19:33:20,swing,IWM,LONG,14,246.02,entry (LONG),+0.0000
2026-03-18 19:33:20,swing,VTV,LONG,18,196.75,entry (LONG),+0.0000
2026-03-18 19:33:21,swing,XLI,SHORT,22,165.18,entry (SHORT),+0.0000
2026-03-18 19:33:22,swing,XLV,SHORT,21,147.14,entry (SHORT),+0.0000
2026-03-18 19:33:23,swing,IEF,LONG,38,95.75,entry (LONG),+0.0000
2026-03-18 19:33:23,swing,VTV,SHORT,18,196.75,entry (SHORT),+0.0000
2026-03-18 19:33:25,swing,HYG,LONG,46,79.40,entry (LONG),+0.0000
2026-03-18 19:33:25,swing,IEF,LONG,38,95.75,entry (LONG),+0.0000
2026-03-18 19:33:26,swing,MCHI,SHORT,45,57.23,entry (SHORT),+0.0000
2026-03-18 19:33:27,swing,EEM,SHORT,25,57.56,entry (SHORT),+0.0000
2026-03-18 19:33:27,swing,HYG,LONG,46,79.40,entry (LONG),+0.0000
2026-03-18 19:33:28,swing,XLY,SHORT,30,110.57,entry (SHORT),+0.0000
2026-03-18 19:33:29,swing,EEM,SHORT,25,57.56,entry (SHORT),+0.0000
2026-03-18 19:33:31,swing,URNM,LONG,38,62.55,entry (LONG),+0.0000
2026-03-18 19:33:31,swing,XLF,LONG,67,48.97,entry (LONG),+0.0000
2026-03-18 19:33:33,swing,LQD,LONG,18,108.71,entry (LONG),+0.0000
2026-03-18 19:33:33,swing,CIBR,LONG,50,64.96,entry (LONG),+0.0000
2026-03-18 19:33:33,swing,URNM,LONG,38,62.55,entry (LONG),+0.0000
2026-03-18 19:33:35,swing,ARKK,SHORT,45,71.41,entry (SHORT),+0.0000
2026-03-18 19:33:35,swing,LQD,LONG,18,108.71,entry (LONG),+0.0000
2026-03-18 19:33:36,swing,EMB,SHORT,15,94.36,entry (SHORT),+0.0000
2026-03-18 19:33:37,swing,INDA,LONG,68,47.72,entry (LONG),+0.0000
2026-03-18 19:33:39,swing,EMB,SHORT,15,94.36,entry (SHORT),+0.0000
2026-03-18 19:33:39,swing,IGV,LONG,9,84.34,entry (LONG),+0.0000
2026-03-18 19:33:41,swing,EWW,SHORT,49,72.38,entry (SHORT),+0.0000
2026-03-18 19:33:43,swing,QQQ,LONG,2,594.90,entry (LONG),+0.0000
2026-03-18 19:33:44,swing,SPY,LONG,5,661.43,entry (LONG),+0.0000
2026-03-18 19:33:44,swing,EWW,SHORT,49,72.38,entry (SHORT),+0.0000
2026-03-18 19:33:46,swing,VGK,LONG,34,82.26,entry (LONG),+0.0000
2026-03-18 19:33:46,swing,SPY,LONG,5,661.43,entry (LONG),+0.0000
2026-03-18 19:33:48,swing,IWM,LONG,14,246.02,entry (LONG),+0.0000
2026-03-18 19:33:49,swing,VGK,LONG,34,82.26,entry (LONG),+0.0000
2026-03-18 19:33:50,swing,XLV,SHORT,21,147.14,entry (SHORT),+0.0000
2026-03-18 19:33:50,swing,IWM,LONG,14,246.02,entry (LONG),+0.0000
2026-03-18 19:33:52,swing,XLV,SHORT,21,147.14,entry (SHORT),+0.0000
2026-03-18 19:33:54,swing,MCHI,SHORT,45,57.23,entry (SHORT),+0.0000
2026-03-18 19:33:55,swing,XLY,SHORT,30,110.57,entry (SHORT),+0.0000
2026-03-18 19:33:56,swing,MCHI,SHORT,45,57.23,entry (SHORT),+0.0000
2026-03-18 19:33:57,swing,XLF,LONG,67,48.97,entry (LONG),+0.0000
2026-03-18 19:33:58,swing,XLY,SHORT,30,110.57,entry (SHORT),+0.0000
2026-03-18 19:33:59,swing,CIBR,LONG,50,64.96,entry (LONG),+0.0000
2026-03-18 19:33:59,swing,XLF,LONG,67,48.97,entry (LONG),+0.0000
2026-03-18 19:34:01,swing,ARKK,SHORT,45,71.41,entry (SHORT),+0.0000
2026-03-18 19:34:01,swing,CIBR,LONG,50,64.96,entry (LONG),+0.0000
2026-03-18 19:34:03,swing,INDA,LONG,68,47.72,entry (LONG),+0.0000
2026-03-18 19:34:03,swing,ARKK,SHORT,45,71.41,entry (SHORT),+0.0000
2026-03-18 19:34:05,swing,IGV,LONG,9,84.34,entry (LONG),+0.0000
2026-03-18 19:34:05,swing,INDA,LONG,68,47.72,entry (LONG),+0.0000
2026-03-18 19:34:07,swing,IGV,LONG,9,84.34,entry (LONG),+0.0000
2026-03-18 19:34:10,swing,QQQ,LONG,2,594.90,entry (LONG),+0.0000
2026-03-18 19:34:11,swing,QQQ,LONG,2,594.90,entry (LONG),+0.0000
2026-03-18 19:35:36,swing,GLD,SHORT,3,444.74,entry (SHORT),+0.0000
2026-03-18 19:38:51,swing,USO,LONG,47,121.67,entry (LONG),+0.0000
2026-03-18 19:38:53,swing,PDBC,SHORT,267,17.46,entry (SHORT),+0.0000
2026-03-18 19:38:55,swing,XLE,SHORT,77,58.43,entry (SHORT),+0.0000
2026-03-18 19:38:57,swing,EWY,SHORT,33,131.88,entry (SHORT),+0.0000
2026-03-18 19:39:00,swing,EWT,SHORT,54,71.34,entry (SHORT),+0.0000
2026-03-18 19:39:04,swing,GLD,LONG,17,444.74,entry (LONG),+0.0000
2026-03-18 19:39:08,swing,EWH,LONG,166,22.65,entry (LONG),+0.0000
2026-03-18 19:39:10,swing,XLB,LONG,39,48.48,entry (LONG),+0.0000
2026-03-18 19:39:12,swing,XLRE,LONG,54,42.02,entry (LONG),+0.0000
2026-03-18 19:39:14,swing,EWC,LONG,68,54.81,entry (LONG),+0.0000
2026-03-18 19:39:16,swing,EWU,LONG,82,45.38,entry (LONG),+0.0000
2026-03-18 19:39:17,swing,USO,LONG,47,121.67,entry (LONG),+0.0000
2026-03-18 19:39:19,swing,USO,LONG,47,121.67,entry (LONG),+0.0000
2026-03-18 19:39:19,swing,EWA,LONG,98,28.00,entry (LONG),+0.0000
2026-03-18 19:39:20,swing,PDBC,SHORT,267,17.46,entry (SHORT),+0.0000
2026-03-18 19:39:21,swing,PDBC,SHORT,267,17.46,entry (SHORT),+0.0000
2026-03-18 19:39:22,swing,XLI,SHORT,22,165.18,entry (SHORT),+0.0000
2026-03-18 19:39:22,swing,XLE,SHORT,77,58.43,entry (SHORT),+0.0000
2026-03-18 19:39:23,swing,XLE,SHORT,77,58.43,entry (SHORT),+0.0000
2026-03-18 19:39:24,swing,VTV,SHORT,18,196.75,entry (SHORT),+0.0000
2026-03-18 19:39:24,swing,EWY,SHORT,33,131.88,entry (SHORT),+0.0000
2026-03-18 19:39:25,swing,EWY,SHORT,33,131.88,entry (SHORT),+0.0000
2026-03-18 19:39:26,swing,IEF,LONG,38,95.75,entry (LONG),+0.0000
2026-03-18 19:39:26,swing,XLU,LONG,47,46.73,entry (LONG),+0.0000
2026-03-18 19:39:27,swing,XLU,LONG,47,46.73,entry (LONG),+0.0000
2026-03-18 19:39:28,swing,HYG,LONG,46,79.40,entry (LONG),+0.0000
2026-03-18 19:39:29,swing,EWT,SHORT,54,71.34,entry (SHORT),+0.0000
2026-03-18 19:39:29,swing,EWT,SHORT,54,71.34,entry (SHORT),+0.0000
2026-03-18 19:39:30,swing,EEM,SHORT,25,57.56,entry (SHORT),+0.0000
2026-03-18 19:39:32,swing,GLD,LONG,17,444.74,entry (LONG),+0.0000
2026-03-18 19:39:32,swing,GLD,LONG,17,444.74,entry (LONG),+0.0000
2026-03-18 19:39:34,swing,URNM,LONG,38,62.55,entry (LONG),+0.0000
2026-03-18 19:39:36,swing,LQD,LONG,18,108.71,entry (LONG),+0.0000
2026-03-18 19:39:37,swing,EWH,LONG,166,22.65,entry (LONG),+0.0000
2026-03-18 19:39:37,swing,EWH,LONG,166,22.65,entry (LONG),+0.0000
2026-03-18 19:39:39,swing,XLB,LONG,77,48.48,entry (LONG),+0.0000
2026-03-18 19:39:39,swing,XLB,LONG,77,48.48,entry (LONG),+0.0000
2026-03-18 19:39:39,swing,EMB,SHORT,15,94.36,entry (SHORT),+0.0000
2026-03-18 19:39:41,swing,XLRE,LONG,54,42.02,entry (LONG),+0.0000
2026-03-18 19:39:41,swing,XLRE,LONG,35,42.02,entry (LONG),+0.0000
2026-03-18 19:39:43,swing,EWC,LONG,68,54.81,entry (LONG),+0.0000
2026-03-18 19:39:43,swing,EWC,LONG,68,54.81,entry (LONG),+0.0000
2026-03-18 19:39:44,swing,EWW,SHORT,49,72.38,entry (SHORT),+0.0000
2026-03-18 19:39:45,swing,EWU,LONG,82,45.38,entry (LONG),+0.0000
2026-03-18 19:39:45,swing,EWU,LONG,82,45.38,entry (LONG),+0.0000
2026-03-18 19:39:46,swing,SPY,LONG,5,661.43,entry (LONG),+0.0000
2026-03-18 19:39:47,swing,EWA,LONG,98,28.00,entry (LONG),+0.0000
2026-03-18 19:39:47,swing,EWA,LONG,98,28.00,entry (LONG),+0.0000
2026-03-18 19:39:48,swing,VGK,LONG,34,82.26,entry (LONG),+0.0000
2026-03-18 19:39:49,swing,XLI,SHORT,22,165.18,entry (SHORT),+0.0000
2026-03-18 19:39:49,swing,XLI,LONG,14,165.18,entry (LONG),+0.0000
2026-03-18 19:39:50,swing,IWM,LONG,14,246.02,entry (LONG),+0.0000
2026-03-18 19:39:50,swing,VTV,SHORT,18,196.75,entry (SHORT),+0.0000
2026-03-18 19:39:51,swing,VTV,LONG,18,196.75,entry (LONG),+0.0000
2026-03-18 19:39:54,swing,XLV,SHORT,21,147.14,entry (SHORT),+0.0000
2026-03-18 19:39:55,swing,IEF,LONG,38,95.75,entry (LONG),+0.0000
2026-03-18 19:39:56,swing,IEF,LONG,38,95.75,entry (LONG),+0.0000
2026-03-18 19:39:58,swing,HYG,LONG,46,79.40,entry (LONG),+0.0000
2026-03-18 19:39:58,swing,HYG,LONG,46,79.40,entry (LONG),+0.0000
2026-03-18 19:39:58,swing,MCHI,SHORT,45,57.23,entry (SHORT),+0.0000
2026-03-18 19:40:00,swing,XLY,SHORT,30,110.57,entry (SHORT),+0.0000
2026-03-18 19:40:00,swing,EEM,SHORT,25,57.56,entry (SHORT),+0.0000
2026-03-18 19:40:00,swing,EEM,SHORT,25,57.56,entry (SHORT),+0.0000
2026-03-18 19:40:02,swing,XLF,LONG,67,48.97,entry (LONG),+0.0000
2026-03-18 19:40:03,swing,URNM,LONG,38,62.55,entry (LONG),+0.0000
2026-03-18 19:40:04,swing,URNM,LONG,38,62.55,entry (LONG),+0.0000
2026-03-18 19:40:04,swing,CIBR,LONG,50,64.96,entry (LONG),+0.0000
2026-03-18 19:40:06,swing,LQD,LONG,18,108.71,entry (LONG),+0.0000
2026-03-18 19:40:06,swing,ARKK,SHORT,45,71.41,entry (SHORT),+0.0000
2026-03-18 19:40:06,swing,LQD,LONG,18,108.71,entry (LONG),+0.0000
2026-03-18 19:40:08,swing,INDA,LONG,68,47.72,entry (LONG),+0.0000
2026-03-18 19:40:09,swing,EMB,SHORT,15,94.36,entry (SHORT),+0.0000
2026-03-18 19:40:09,swing,EMB,SHORT,15,94.36,entry (SHORT),+0.0000
2026-03-18 19:40:10,swing,IGV,LONG,9,84.34,entry (LONG),+0.0000
2026-03-18 19:40:13,swing,QQQ,LONG,2,594.90,entry (LONG),+0.0000
2026-03-18 19:40:14,swing,EWW,SHORT,49,72.38,entry (SHORT),+0.0000
2026-03-18 19:40:14,swing,EWW,SHORT,49,72.38,entry (SHORT),+0.0000
2026-03-18 19:40:16,swing,SPY,LONG,5,661.43,entry (LONG),+0.0000
2026-03-18 19:40:16,swing,SPY,LONG,5,661.43,entry (LONG),+0.0000
2026-03-18 19:40:18,swing,VGK,LONG,34,82.26,entry (LONG),+0.0000
2026-03-18 19:40:18,swing,VGK,LONG,34,82.26,entry (LONG),+0.0000
2026-03-18 19:40:19,swing,IWM,LONG,14,246.02,entry (LONG),+0.0000
2026-03-18 19:40:21,swing,XLV,SHORT,21,147.14,entry (SHORT),+0.0000
2026-03-18 19:40:21,swing,XLV,SHORT,21,147.14,entry (SHORT),+0.0000
2026-03-18 19:40:24,swing,MCHI,SHORT,45,57.23,entry (SHORT),+0.0000
2026-03-18 19:40:24,swing,MCHI,SHORT,45,57.23,entry (SHORT),+0.0000
2026-03-18 19:40:26,swing,XLY,SHORT,30,110.57,entry (SHORT),+0.0000
2026-03-18 19:40:26,swing,XLY,SHORT,30,110.57,entry (SHORT),+0.0000
2026-03-18 19:40:28,swing,XLF,LONG,67,48.97,entry (LONG),+0.0000
2026-03-18 19:40:28,swing,XLF,LONG,67,48.97,entry (LONG),+0.0000
2026-03-18 19:40:29,swing,CIBR,LONG,50,64.96,entry (LONG),+0.0000
2026-03-18 19:40:29,swing,CIBR,LONG,50,64.96,entry (LONG),+0.0000
2026-03-18 19:40:31,swing,ARKK,SHORT,45,71.41,entry (SHORT),+0.0000
2026-03-18 19:40:32,swing,ARKK,SHORT,45,71.41,entry (SHORT),+0.0000
2026-03-18 19:40:33,swing,INDA,LONG,68,47.72,entry (LONG),+0.0000
2026-03-18 19:40:33,swing,INDA,LONG,68,47.72,entry (LONG),+0.0000
2026-03-18 19:40:35,swing,IGV,LONG,9,84.34,entry (LONG),+0.0000
2026-03-18 19:40:35,swing,IGV,LONG,9,84.34,entry (LONG),+0.0000
2026-03-18 19:40:40,swing,QQQ,LONG,2,594.90,entry (LONG),+0.0000
2026-03-18 19:40:40,swing,QQQ,LONG,2,594.90,entry (LONG),+0.0000
2026-03-18 19:40:50,swing,GLD,SHORT,3,444.74,entry (SHORT),+0.0000
2026-03-18 19:45:22,swing,USO,LONG,47,121.67,entry (LONG),+0.0000
2026-03-18 19:45:24,swing,PDBC,SHORT,267,17.46,entry (SHORT),+0.0000
2026-03-18 19:45:26,swing,XLE,SHORT,77,58.43,entry (SHORT),+0.0000
2026-03-18 19:45:28,swing,EWY,SHORT,33,131.88,entry (SHORT),+0.0000
2026-03-18 19:45:31,swing,EWT,SHORT,54,71.34,entry (SHORT),+0.0000
2026-03-18 19:45:35,swing,GLD,LONG,17,444.74,entry (LONG),+0.0000
2026-03-18 19:45:40,swing,EWH,LONG,166,22.65,entry (LONG),+0.0000
2026-03-18 19:45:42,swing,XLB,LONG,39,48.48,entry (LONG),+0.0000
2026-03-18 19:45:43,swing,XLRE,LONG,54,42.02,entry (LONG),+0.0000
2026-03-18 19:45:46,swing,EWC,LONG,68,54.81,entry (LONG),+0.0000
2026-03-18 19:45:47,swing,USO,LONG,47,121.67,entry (LONG),+0.0000
2026-03-18 19:45:47,swing,USO,LONG,47,121.67,entry (LONG),+0.0000
2026-03-18 19:45:48,swing,EWU,LONG,82,45.38,entry (LONG),+0.0000
2026-03-18 19:45:49,swing,PDBC,SHORT,267,17.46,entry (SHORT),+0.0000
2026-03-18 19:45:50,swing,PDBC,SHORT,267,17.46,entry (SHORT),+0.0000
2026-03-18 19:45:50,swing,EWA,LONG,98,28.00,entry (LONG),+0.0000
2026-03-18 19:45:52,swing,XLE,SHORT,77,58.43,entry (SHORT),+0.0000
2026-03-18 19:45:52,swing,XLE,SHORT,77,58.43,entry (SHORT),+0.0000
2026-03-18 19:45:52,swing,XLI,SHORT,22,165.18,entry (SHORT),+0.0000
2026-03-18 19:45:53,swing,EWY,SHORT,33,131.88,entry (SHORT),+0.0000
2026-03-18 19:45:54,swing,EWY,SHORT,33,131.88,entry (SHORT),+0.0000
2026-03-18 19:45:54,swing,VTV,SHORT,18,196.75,entry (SHORT),+0.0000
2026-03-18 19:45:55,swing,XLU,LONG,47,46.73,entry (LONG),+0.0000
2026-03-18 19:45:56,swing,XLU,LONG,47,46.73,entry (LONG),+0.0000
2026-03-18 19:45:56,swing,IEF,LONG,38,95.75,entry (LONG),+0.0000
2026-03-18 19:45:57,swing,EWT,SHORT,54,71.34,entry (SHORT),+0.0000
2026-03-18 19:45:58,swing,EWT,SHORT,54,71.34,entry (SHORT),+0.0000
2026-03-18 19:45:58,swing,HYG,LONG,46,79.40,entry (LONG),+0.0000
2026-03-18 19:46:00,swing,EEM,SHORT,25,57.56,entry (SHORT),+0.0000
2026-03-18 19:46:01,swing,GLD,LONG,17,444.74,entry (LONG),+0.0000
2026-03-18 19:46:02,swing,GLD,LONG,17,444.74,entry (LONG),+0.0000
2026-03-18 19:46:04,swing,URNM,LONG,38,62.55,entry (LONG),+0.0000
2026-03-18 19:46:05,swing,GLD,SHORT,3,444.74,entry (SHORT),+0.0000
2026-03-18 19:46:06,swing,EWH,LONG,166,22.65,entry (LONG),+0.0000
2026-03-18 19:46:06,swing,LQD,LONG,18,108.71,entry (LONG),+0.0000
2026-03-18 19:46:06,swing,EWH,LONG,166,22.65,entry (LONG),+0.0000
2026-03-18 19:46:08,swing,XLB,LONG,77,48.48,entry (LONG),+0.0000
2026-03-18 19:46:09,swing,XLB,LONG,77,48.48,entry (LONG),+0.0000
2026-03-18 19:46:10,swing,EMB,SHORT,15,94.36,entry (SHORT),+0.0000
2026-03-18 19:46:10,swing,XLRE,LONG,54,42.02,entry (LONG),+0.0000
2026-03-18 19:46:11,swing,XLRE,LONG,35,42.02,entry (LONG),+0.0000
2026-03-18 19:46:12,swing,EWC,LONG,68,54.81,entry (LONG),+0.0000
2026-03-18 19:46:13,swing,EWC,LONG,68,54.81,entry (LONG),+0.0000
2026-03-18 19:46:14,swing,EWU,LONG,82,45.38,entry (LONG),+0.0000
2026-03-18 19:46:14,swing,EWW,SHORT,49,72.38,entry (SHORT),+0.0000
2026-03-18 19:46:15,swing,EWU,LONG,82,45.38,entry (LONG),+0.0000
2026-03-18 19:46:16,swing,EWA,LONG,98,28.00,entry (LONG),+0.0000
2026-03-18 19:46:17,swing,SPY,LONG,5,661.43,entry (LONG),+0.0000
2026-03-18 19:46:17,swing,EWA,LONG,98,28.00,entry (LONG),+0.0000
2026-03-18 19:46:19,swing,XLI,SHORT,22,165.18,entry (SHORT),+0.0000
2026-03-18 19:46:19,swing,XLI,LONG,14,165.18,entry (LONG),+0.0000
2026-03-18 19:46:19,swing,VGK,LONG,34,82.26,entry (LONG),+0.0000
2026-03-18 19:46:21,swing,VTV,SHORT,18,196.75,entry (SHORT),+0.0000
2026-03-18 19:46:21,swing,VTV,LONG,18,196.75,entry (LONG),+0.0000
2026-03-18 19:46:21,swing,IWM,LONG,14,246.02,entry (LONG),+0.0000
2026-03-18 19:46:22,swing,IEF,LONG,38,95.75,entry (LONG),+0.0000
2026-03-18 19:46:23,swing,IEF,LONG,38,95.75,entry (LONG),+0.0000
2026-03-18 19:46:23,swing,XLV,SHORT,21,147.14,entry (SHORT),+0.0000
2026-03-18 19:46:25,swing,HYG,LONG,46,79.40,entry (LONG),+0.0000
2026-03-18 19:46:25,swing,HYG,LONG,46,79.40,entry (LONG),+0.0000
2026-03-18 19:46:26,swing,MCHI,SHORT,45,57.23,entry (SHORT),+0.0000
2026-03-18 19:46:26,swing,EEM,SHORT,25,57.56,entry (SHORT),+0.0000
2026-03-18 19:46:27,swing,EEM,SHORT,25,57.56,entry (SHORT),+0.0000
2026-03-18 19:46:28,swing,XLY,SHORT,30,110.57,entry (SHORT),+0.0000
2026-03-18 19:46:30,swing,URNM,LONG,38,62.55,entry (LONG),+0.0000
2026-03-18 19:46:31,swing,XLF,LONG,67,48.97,entry (LONG),+0.0000
2026-03-18 19:46:31,swing,URNM,LONG,38,62.55,entry (LONG),+0.0000
2026-03-18 19:46:32,swing,LQD,LONG,18,108.71,entry (LONG),+0.0000
2026-03-18 19:46:33,swing,CIBR,LONG,50,64.96,entry (LONG),+0.0000
2026-03-18 19:46:33,swing,LQD,LONG,18,108.71,entry (LONG),+0.0000
2026-03-18 19:46:35,swing,ARKK,SHORT,45,71.41,entry (SHORT),+0.0000
2026-03-18 19:46:36,swing,EMB,SHORT,15,94.36,entry (SHORT),+0.0000
2026-03-18 19:46:36,swing,EMB,SHORT,15,94.36,entry (SHORT),+0.0000
2026-03-18 19:46:37,swing,INDA,LONG,68,47.72,entry (LONG),+0.0000
2026-03-18 19:46:39,swing,IGV,LONG,9,84.34,entry (LONG),+0.0000
2026-03-18 19:46:41,swing,EWW,SHORT,49,72.38,entry (SHORT),+0.0000
2026-03-18 19:46:42,swing,EWW,SHORT,49,72.38,entry (SHORT),+0.0000
2026-03-18 19:46:43,swing,QQQ,LONG,2,594.90,entry (LONG),+0.0000
2026-03-18 19:46:43,swing,SPY,LONG,5,661.43,entry (LONG),+0.0000
2026-03-18 19:46:44,swing,SPY,LONG,5,661.43,entry (LONG),+0.0000
2026-03-18 19:46:45,swing,VGK,LONG,34,82.26,entry (LONG),+0.0000
2026-03-18 19:46:46,swing,VGK,LONG,34,82.26,entry (LONG),+0.0000
2026-03-18 19:46:47,swing,IWM,LONG,14,246.02,entry (LONG),+0.0000
2026-03-18 19:46:48,swing,IWM,LONG,14,246.02,entry (LONG),+0.0000
2026-03-18 19:46:49,swing,XLV,SHORT,21,147.14,entry (SHORT),+0.0000
2026-03-18 19:46:49,swing,XLV,SHORT,21,147.14,entry (SHORT),+0.0000
2026-03-18 19:46:52,swing,MCHI,SHORT,45,57.23,entry (SHORT),+0.0000
2026-03-18 19:46:53,swing,MCHI,SHORT,45,57.23,entry (SHORT),+0.0000
2026-03-18 19:46:54,swing,XLY,SHORT,30,110.57,entry (SHORT),+0.0000
2026-03-18 19:46:55,swing,XLY,SHORT,30,110.57,entry (SHORT),+0.0000
2026-03-18 19:46:56,swing,XLF,LONG,67,48.97,entry (LONG),+0.0000
2026-03-18 19:46:56,swing,XLF,LONG,67,48.97,entry (LONG),+0.0000
2026-03-18 19:46:58,swing,CIBR,LONG,50,64.96,entry (LONG),+0.0000
2026-03-18 19:46:58,swing,CIBR,LONG,50,64.96,entry (LONG),+0.0000
2026-03-18 19:46:59,swing,ARKK,SHORT,45,71.41,entry (SHORT),+0.0000
2026-03-18 19:47:00,swing,ARKK,SHORT,45,71.41,entry (SHORT),+0.0000
2026-03-18 19:47:01,swing,INDA,LONG,68,47.72,entry (LONG),+0.0000
2026-03-18 19:47:02,swing,INDA,LONG,68,47.72,entry (LONG),+0.0000
2026-03-18 19:47:03,swing,IGV,LONG,9,84.34,entry (LONG),+0.0000
2026-03-18 19:47:03,swing,IGV,LONG,9,84.34,entry (LONG),+0.0000
2026-03-18 19:47:06,swing,QQQ,LONG,2,594.90,entry (LONG),+0.0000
2026-03-18 19:47:08,swing,QQQ,LONG,2,594.90,entry (LONG),+0.0000
2026-03-18 19:51:20,swing,GLD,SHORT,3,444.74,entry (SHORT),+0.0000
2026-03-18 19:51:51,swing,USO,LONG,47,121.67,entry (LONG),+0.0000
2026-03-18 19:51:53,swing,PDBC,SHORT,267,17.46,entry (SHORT),+0.0000
2026-03-18 19:51:55,swing,XLE,SHORT,77,58.43,entry (SHORT),+0.0000
2026-03-18 19:51:57,swing,EWY,SHORT,33,131.88,entry (SHORT),+0.0000
2026-03-18 19:52:00,swing,EWT,SHORT,54,71.34,entry (SHORT),+0.0000
2026-03-18 19:52:03,swing,GLD,LONG,17,444.74,entry (LONG),+0.0000
2026-03-18 19:52:07,swing,EWH,LONG,166,22.65,entry (LONG),+0.0000
2026-03-18 19:52:09,swing,XLB,LONG,39,48.48,entry (LONG),+0.0000
2026-03-18 19:52:11,swing,XLRE,LONG,54,42.02,entry (LONG),+0.0000
2026-03-18 19:52:13,swing,EWC,LONG,68,54.81,entry (LONG),+0.0000
2026-03-18 19:52:14,swing,USO,LONG,47,121.67,entry (LONG),+0.0000
2026-03-18 19:52:15,swing,EWU,LONG,82,45.38,entry (LONG),+0.0000
2026-03-18 19:52:15,swing,USO,LONG,47,121.67,entry (LONG),+0.0000
2026-03-18 19:52:16,swing,PDBC,SHORT,267,17.46,entry (SHORT),+0.0000
2026-03-18 19:52:17,swing,EWA,LONG,98,28.00,entry (LONG),+0.0000
2026-03-18 19:52:17,swing,PDBC,SHORT,267,17.46,entry (SHORT),+0.0000
2026-03-18 19:52:18,swing,XLE,SHORT,77,58.43,entry (SHORT),+0.0000
2026-03-18 19:52:19,swing,XLI,SHORT,22,165.18,entry (SHORT),+0.0000
2026-03-18 19:52:19,swing,XLE,SHORT,77,58.43,entry (SHORT),+0.0000
2026-03-18 19:52:20,swing,EWY,SHORT,33,131.88,entry (SHORT),+0.0000
2026-03-18 19:52:21,swing,VTV,SHORT,18,196.75,entry (SHORT),+0.0000
2026-03-18 19:52:21,swing,EWY,SHORT,33,131.88,entry (SHORT),+0.0000
2026-03-18 19:52:22,swing,XLU,LONG,47,46.73,entry (LONG),+0.0000
2026-03-18 19:52:23,swing,XLU,LONG,47,46.73,entry (LONG),+0.0000
2026-03-18 19:52:23,swing,IEF,LONG,38,95.75,entry (LONG),+0.0000
2026-03-18 19:52:24,swing,EWT,SHORT,54,71.34,entry (SHORT),+0.0000
2026-03-18 19:52:25,swing,EWT,SHORT,54,71.34,entry (SHORT),+0.0000
2026-03-18 19:52:25,swing,HYG,LONG,46,79.40,entry (LONG),+0.0000
2026-03-18 19:52:27,swing,EEM,SHORT,25,57.56,entry (SHORT),+0.0000
2026-03-18 19:52:27,swing,GLD,LONG,17,444.74,entry (LONG),+0.0000
2026-03-18 19:52:29,swing,GLD,LONG,17,444.74,entry (LONG),+0.0000
2026-03-18 19:52:31,swing,URNM,LONG,38,62.55,entry (LONG),+0.0000
2026-03-18 19:52:32,swing,EWH,LONG,166,22.65,entry (LONG),+0.0000
2026-03-18 19:52:33,swing,LQD,LONG,18,108.71,entry (LONG),+0.0000
2026-03-18 19:52:33,swing,EWH,LONG,166,22.65,entry (LONG),+0.0000
2026-03-18 19:52:34,swing,XLB,LONG,77,48.48,entry (LONG),+0.0000
2026-03-18 19:52:35,swing,XLB,LONG,77,48.48,entry (LONG),+0.0000
2026-03-18 19:52:36,swing,XLRE,LONG,54,42.02,entry (LONG),+0.0000
2026-03-18 19:52:36,swing,EMB,SHORT,15,94.36,entry (SHORT),+0.0000
2026-03-18 19:52:37,swing,XLRE,LONG,35,42.02,entry (LONG),+0.0000
2026-03-18 19:52:38,swing,EWC,LONG,68,54.81,entry (LONG),+0.0000
2026-03-18 19:52:39,swing,EWC,LONG,68,54.81,entry (LONG),+0.0000
2026-03-18 19:52:40,swing,EWU,LONG,82,45.38,entry (LONG),+0.0000
2026-03-18 19:52:42,swing,EWU,LONG,82,45.38,entry (LONG),+0.0000
2026-03-18 19:52:42,swing,EWW,SHORT,49,72.38,entry (SHORT),+0.0000
2026-03-18 19:52:43,swing,EWA,LONG,98,28.00,entry (LONG),+0.0000
2026-03-18 19:52:44,swing,EWA,LONG,98,28.00,entry (LONG),+0.0000
2026-03-18 19:52:44,swing,SPY,LONG,5,661.43,entry (LONG),+0.0000
2026-03-18 19:52:45,swing,XLI,SHORT,22,165.18,entry (SHORT),+0.0000
2026-03-18 19:52:46,swing,XLI,LONG,14,165.18,entry (LONG),+0.0000
2026-03-18 19:52:46,swing,VGK,LONG,34,82.26,entry (LONG),+0.0000
2026-03-18 19:52:47,swing,VTV,SHORT,18,196.75,entry (SHORT),+0.0000
2026-03-18 19:52:48,swing,VTV,LONG,18,196.75,entry (LONG),+0.0000
2026-03-18 19:52:48,swing,IWM,LONG,14,246.02,entry (LONG),+0.0000
2026-03-18 19:52:49,swing,IEF,LONG,38,95.75,entry (LONG),+0.0000
2026-03-18 19:52:50,swing,IEF,LONG,38,95.75,entry (LONG),+0.0000
2026-03-18 19:52:50,swing,XLV,SHORT,21,147.14,entry (SHORT),+0.0000
2026-03-18 19:52:51,swing,HYG,LONG,46,79.40,entry (LONG),+0.0000
2026-03-18 19:52:52,swing,HYG,LONG,46,79.40,entry (LONG),+0.0000
2026-03-18 19:52:53,swing,EEM,SHORT,25,57.56,entry (SHORT),+0.0000
2026-03-18 19:52:54,swing,EEM,SHORT,25,57.56,entry (SHORT),+0.0000
2026-03-18 19:52:54,swing,MCHI,SHORT,45,57.23,entry (SHORT),+0.0000
2026-03-18 19:52:56,swing,XLY,SHORT,30,110.57,entry (SHORT),+0.0000
2026-03-18 19:52:56,swing,URNM,LONG,38,62.55,entry (LONG),+0.0000
2026-03-18 19:52:57,swing,URNM,LONG,38,62.55,entry (LONG),+0.0000
2026-03-18 19:52:58,swing,XLF,LONG,67,48.97,entry (LONG),+0.0000
2026-03-18 19:52:58,swing,LQD,LONG,18,108.71,entry (LONG),+0.0000
2026-03-18 19:52:58,swing,LQD,LONG,18,108.71,entry (LONG),+0.0000
2026-03-18 19:53:00,swing,CIBR,LONG,50,64.96,entry (LONG),+0.0000
2026-03-18 19:53:02,swing,ARKK,SHORT,45,71.41,entry (SHORT),+0.0000
2026-03-18 19:53:02,swing,EMB,SHORT,15,94.36,entry (SHORT),+0.0000
2026-03-18 19:53:02,swing,EMB,SHORT,15,94.36,entry (SHORT),+0.0000
2026-03-18 19:53:03,swing,INDA,LONG,68,47.72,entry (LONG),+0.0000
2026-03-18 19:53:05,swing,IGV,LONG,9,84.34,entry (LONG),+0.0000
2026-03-18 19:53:06,swing,EWW,SHORT,49,72.38,entry (SHORT),+0.0000
2026-03-18 19:53:06,swing,EWW,SHORT,49,72.38,entry (SHORT),+0.0000
2026-03-18 19:53:08,swing,SPY,LONG,5,661.43,entry (LONG),+0.0000
2026-03-18 19:53:08,swing,QQQ,LONG,2,594.90,entry (LONG),+0.0000
2026-03-18 19:53:08,swing,SPY,LONG,5,661.43,entry (LONG),+0.0000
2026-03-18 19:53:10,swing,VGK,LONG,34,82.26,entry (LONG),+0.0000
2026-03-18 19:53:11,swing,VGK,LONG,34,82.26,entry (LONG),+0.0000
2026-03-18 19:53:12,swing,IWM,LONG,14,246.02,entry (LONG),+0.0000
2026-03-18 19:53:12,swing,IWM,LONG,14,246.02,entry (LONG),+0.0000
2026-03-18 19:53:14,swing,XLV,SHORT,21,147.14,entry (SHORT),+0.0000
2026-03-18 19:53:14,swing,XLV,SHORT,21,147.14,entry (SHORT),+0.0000
2026-03-18 19:53:17,swing,MCHI,SHORT,45,57.23,entry (SHORT),+0.0000
2026-03-18 19:53:18,swing,MCHI,SHORT,45,57.23,entry (SHORT),+0.0000
2026-03-18 19:53:19,swing,XLY,SHORT,30,110.57,entry (SHORT),+0.0000
2026-03-18 19:53:20,swing,XLY,SHORT,30,110.57,entry (SHORT),+0.0000
2026-03-18 19:53:21,swing,XLF,LONG,67,48.97,entry (LONG),+0.0000
2026-03-18 19:53:22,swing,XLF,LONG,67,48.97,entry (LONG),+0.0000
2026-03-18 19:53:23,swing,CIBR,LONG,50,64.96,entry (LONG),+0.0000
2026-03-18 19:53:24,swing,CIBR,LONG,50,64.96,entry (LONG),+0.0000
2026-03-18 19:53:25,swing,ARKK,SHORT,45,71.41,entry (SHORT),+0.0000
2026-03-18 19:53:26,swing,ARKK,SHORT,45,71.41,entry (SHORT),+0.0000
2026-03-18 19:53:26,swing,INDA,LONG,68,47.72,entry (LONG),+0.0000
2026-03-18 19:53:27,swing,INDA,LONG,68,47.72,entry (LONG),+0.0000
2026-03-18 19:53:28,swing,IGV,LONG,9,84.34,entry (LONG),+0.0000
2026-03-18 19:53:29,swing,IGV,LONG,9,84.34,entry (LONG),+0.0000
2026-03-18 19:53:32,swing,QQQ,LONG,2,594.90,entry (LONG),+0.0000
2026-03-18 19:53:35,swing,QQQ,LONG,2,594.90,entry (LONG),+0.0000
2026-03-18 19:56:32,swing,GLD,SHORT,3,444.74,entry (SHORT),+0.0000
2026-03-18 19:58:17,swing,USO,LONG,47,121.67,entry (LONG),+0.0000
2026-03-18 19:58:19,swing,PDBC,SHORT,267,17.46,entry (SHORT),+0.0000
2026-03-18 19:58:21,swing,XLE,SHORT,77,58.43,entry (SHORT),+0.0000
2026-03-18 19:58:23,swing,EWY,SHORT,33,131.88,entry (SHORT),+0.0000
2026-03-18 19:58:26,swing,EWT,SHORT,54,71.34,entry (SHORT),+0.0000
2026-03-18 19:58:29,swing,GLD,LONG,17,444.74,entry (LONG),+0.0000
2026-03-18 19:58:33,swing,EWH,LONG,166,22.65,entry (LONG),+0.0000
2026-03-18 19:58:35,swing,XLB,LONG,39,48.48,entry (LONG),+0.0000
2026-03-18 19:58:36,swing,XLRE,LONG,54,42.02,entry (LONG),+0.0000
2026-03-18 19:58:38,swing,EWC,LONG,68,54.81,entry (LONG),+0.0000
2026-03-18 19:58:40,swing,USO,LONG,47,121.67,entry (LONG),+0.0000
2026-03-18 19:58:40,swing,EWU,LONG,82,45.38,entry (LONG),+0.0000
2026-03-18 19:58:42,swing,PDBC,SHORT,267,17.46,entry (SHORT),+0.0000
2026-03-18 19:58:42,swing,EWA,LONG,98,28.00,entry (LONG),+0.0000
2026-03-18 19:58:43,swing,USO,LONG,47,121.67,entry (LONG),+0.0000
2026-03-18 19:58:44,swing,XLE,SHORT,77,58.43,entry (SHORT),+0.0000
2026-03-18 19:58:44,swing,XLI,SHORT,22,165.18,entry (SHORT),+0.0000
2026-03-18 19:58:45,swing,PDBC,SHORT,267,17.46,entry (SHORT),+0.0000
2026-03-18 19:58:46,swing,EWY,SHORT,33,131.88,entry (SHORT),+0.0000
2026-03-18 19:58:46,swing,VTV,SHORT,18,196.75,entry (SHORT),+0.0000
2026-03-18 19:58:47,swing,XLE,SHORT,77,58.43,entry (SHORT),+0.0000
2026-03-18 19:58:48,swing,XLU,LONG,47,46.73,entry (LONG),+0.0000
2026-03-18 19:58:48,swing,IEF,LONG,38,95.75,entry (LONG),+0.0000
2026-03-18 19:58:49,swing,EWY,SHORT,33,131.88,entry (SHORT),+0.0000
2026-03-18 19:58:49,swing,EWT,SHORT,54,71.34,entry (SHORT),+0.0000
2026-03-18 19:58:50,swing,HYG,LONG,46,79.40,entry (LONG),+0.0000
2026-03-18 19:58:51,swing,XLU,LONG,47,46.73,entry (LONG),+0.0000
2026-03-18 19:58:52,swing,EEM,SHORT,25,57.56,entry (SHORT),+0.0000
2026-03-18 19:58:53,swing,GLD,LONG,17,444.74,entry (LONG),+0.0000
2026-03-18 19:58:53,swing,EWT,SHORT,54,71.34,entry (SHORT),+0.0000
2026-03-18 19:58:56,swing,URNM,LONG,38,62.55,entry (LONG),+0.0000
2026-03-18 19:58:57,swing,GLD,LONG,17,444.74,entry (LONG),+0.0000
2026-03-18 19:58:58,swing,EWH,LONG,166,22.65,entry (LONG),+0.0000
2026-03-18 19:58:59,swing,LQD,LONG,18,108.71,entry (LONG),+0.0000
2026-03-18 19:59:00,swing,XLB,LONG,77,48.48,entry (LONG),+0.0000
2026-03-18 19:59:02,swing,EWH,LONG,166,22.65,entry (LONG),+0.0000
2026-03-18 19:59:02,swing,EMB,SHORT,15,94.36,entry (SHORT),+0.0000
2026-03-18 19:59:02,swing,XLRE,LONG,54,42.02,entry (LONG),+0.0000
2026-03-18 19:59:04,swing,XLB,LONG,77,48.48,entry (LONG),+0.0000
2026-03-18 19:59:04,swing,EWC,LONG,68,54.81,entry (LONG),+0.0000
2026-03-18 19:59:06,swing,XLRE,LONG,35,42.02,entry (LONG),+0.0000
2026-03-18 19:59:07,swing,EWU,LONG,82,45.38,entry (LONG),+0.0000
2026-03-18 19:59:07,swing,EWW,SHORT,49,72.38,entry (SHORT),+0.0000
2026-03-18 19:59:08,swing,EWC,LONG,68,54.81,entry (LONG),+0.0000
2026-03-18 19:59:09,swing,EWA,LONG,98,28.00,entry (LONG),+0.0000
2026-03-18 19:59:10,swing,SPY,LONG,5,661.43,entry (LONG),+0.0000
2026-03-18 19:59:10,swing,EWU,LONG,82,45.38,entry (LONG),+0.0000
2026-03-18 19:59:11,swing,XLI,SHORT,22,165.18,entry (SHORT),+0.0000
2026-03-18 19:59:12,swing,VGK,LONG,34,82.26,entry (LONG),+0.0000
2026-03-18 19:59:12,swing,EWA,LONG,98,28.00,entry (LONG),+0.0000
2026-03-18 19:59:13,swing,VTV,SHORT,18,196.75,entry (SHORT),+0.0000
2026-03-18 19:59:14,swing,IWM,LONG,14,246.02,entry (LONG),+0.0000
2026-03-18 19:59:15,swing,XLI,LONG,14,165.18,entry (LONG),+0.0000
2026-03-18 19:59:16,swing,IEF,LONG,38,95.75,entry (LONG),+0.0000
2026-03-18 19:59:16,swing,XLV,SHORT,21,147.14,entry (SHORT),+0.0000
2026-03-18 19:59:18,swing,VTV,LONG,18,196.75,entry (LONG),+0.0000
2026-03-18 19:59:18,swing,HYG,LONG,46,79.40,entry (LONG),+0.0000
2026-03-18 19:59:20,swing,IEF,LONG,38,95.75,entry (LONG),+0.0000
2026-03-18 19:59:21,swing,EEM,SHORT,25,57.56,entry (SHORT),+0.0000
2026-03-18 19:59:21,swing,MCHI,SHORT,45,57.23,entry (SHORT),+0.0000
2026-03-18 19:59:23,swing,XLY,SHORT,30,110.57,entry (SHORT),+0.0000
2026-03-18 19:59:23,swing,HYG,LONG,46,79.40,entry (LONG),+0.0000
2026-03-18 19:59:25,swing,URNM,LONG,38,62.55,entry (LONG),+0.0000
2026-03-18 19:59:25,swing,EEM,SHORT,25,57.56,entry (SHORT),+0.0000
2026-03-18 19:59:26,swing,XLF,LONG,67,48.97,entry (LONG),+0.0000
2026-03-18 19:59:27,swing,LQD,LONG,18,108.71,entry (LONG),+0.0000
2026-03-18 19:59:28,swing,CIBR,LONG,50,64.96,entry (LONG),+0.0000
2026-03-18 19:59:29,swing,URNM,LONG,38,62.55,entry (LONG),+0.0000
2026-03-18 19:59:30,swing,ARKK,SHORT,45,71.41,entry (SHORT),+0.0000
2026-03-18 19:59:32,swing,EMB,SHORT,15,94.36,entry (SHORT),+0.0000
2026-03-18 19:59:32,swing,LQD,LONG,18,108.71,entry (LONG),+0.0000
2026-03-18 19:59:33,swing,INDA,LONG,68,47.72,entry (LONG),+0.0000
2026-03-18 19:59:35,swing,IGV,LONG,9,84.34,entry (LONG),+0.0000
2026-03-18 19:59:36,swing,EMB,SHORT,15,94.36,entry (SHORT),+0.0000
2026-03-18 19:59:37,swing,EWW,SHORT,49,72.38,entry (SHORT),+0.0000
2026-03-18 19:59:38,swing,QQQ,LONG,2,594.90,entry (LONG),+0.0000
2026-03-18 19:59:39,swing,SPY,LONG,5,661.43,entry (LONG),+0.0000
2026-03-18 19:59:41,swing,EWW,SHORT,49,72.38,entry (SHORT),+0.0000
2026-03-18 19:59:41,swing,VGK,LONG,34,82.26,entry (LONG),+0.0000
2026-03-18 19:59:43,swing,SPY,LONG,5,661.43,entry (LONG),+0.0000
2026-03-18 19:59:43,swing,IWM,LONG,14,246.02,entry (LONG),+0.0000
2026-03-18 19:59:45,swing,VGK,LONG,34,82.26,entry (LONG),+0.0000
2026-03-18 19:59:45,swing,XLV,SHORT,21,147.14,entry (SHORT),+0.0000
2026-03-18 19:59:47,swing,IWM,LONG,14,246.02,entry (LONG),+0.0000
2026-03-18 19:59:48,swing,MCHI,SHORT,45,57.23,entry (SHORT),+0.0000
2026-03-18 19:59:49,swing,XLV,SHORT,21,147.14,entry (SHORT),+0.0000
2026-03-18 19:59:51,swing,XLY,SHORT,30,110.57,entry (SHORT),+0.0000
2026-03-18 19:59:52,swing,MCHI,SHORT,45,57.23,entry (SHORT),+0.0000
2026-03-18 19:59:53,swing,XLF,LONG,67,48.97,entry (LONG),+0.0000
2026-03-18 19:59:54,swing,XLY,SHORT,30,110.57,entry (SHORT),+0.0000
2026-03-18 19:59:55,swing,CIBR,LONG,50,64.96,entry (LONG),+0.0000
2026-03-18 19:59:56,swing,XLF,LONG,67,48.97,entry (LONG),+0.0000
2026-03-18 20:00:00,swing,ARKK,SHORT,45,71.41,entry (SHORT),+0.0000
2026-03-18 20:00:00,swing,CIBR,LONG,50,64.96,entry (LONG),+0.0000
2026-03-18 20:00:02,swing,ARKK,SHORT,45,71.41,entry (SHORT),+0.0000
2026-03-18 20:00:02,swing,INDA,LONG,68,47.72,entry (LONG),+0.0000
2026-03-18 20:00:04,swing,INDA,LONG,68,47.72,entry (LONG),+0.0000
2026-03-18 20:00:05,swing,IGV,LONG,9,84.34,entry (LONG),+0.0000
2026-03-18 20:00:07,swing,IGV,LONG,9,84.34,entry (LONG),+0.0000
2026-03-18 20:00:08,swing,QQQ,LONG,2,594.90,entry (LONG),+0.0000
2026-03-18 20:00:12,swing,QQQ,LONG,2,594.90,entry (LONG),+0.0000
2026-03-18 20:01:44,swing,GLD,SHORT,3,444.74,entry (SHORT),+0.0000
2026-03-18 20:04:47,swing,USO,LONG,47,121.67,entry (LONG),+0.0000
2026-03-18 20:04:48,swing,PDBC,SHORT,267,17.46,entry (SHORT),+0.0000
2026-03-18 20:04:50,swing,XLE,SHORT,77,58.43,entry (SHORT),+0.0000
2026-03-18 20:04:52,swing,EWY,SHORT,33,131.88,entry (SHORT),+0.0000
2026-03-18 20:04:55,swing,EWT,SHORT,54,71.34,entry (SHORT),+0.0000
2026-03-18 20:04:58,swing,GLD,LONG,17,444.74,entry (LONG),+0.0000
2026-03-18 20:05:02,swing,EWH,LONG,166,22.65,entry (LONG),+0.0000
2026-03-18 20:05:04,swing,XLB,LONG,39,48.48,entry (LONG),+0.0000
2026-03-18 20:05:06,swing,XLRE,LONG,54,42.02,entry (LONG),+0.0000
2026-03-18 20:05:07,swing,EWC,LONG,68,54.81,entry (LONG),+0.0000
2026-03-18 20:05:09,swing,EWU,LONG,82,45.38,entry (LONG),+0.0000
2026-03-18 20:05:12,swing,EWA,LONG,98,28.00,entry (LONG),+0.0000
2026-03-18 20:05:14,swing,XLI,SHORT,22,165.18,entry (SHORT),+0.0000
2026-03-18 20:05:16,swing,VTV,SHORT,18,196.75,entry (SHORT),+0.0000
2026-03-18 20:05:17,swing,USO,LONG,47,121.67,entry (LONG),+0.0000
2026-03-18 20:05:18,swing,IEF,LONG,38,95.75,entry (LONG),+0.0000
2026-03-18 20:05:19,swing,USO,LONG,47,121.67,entry (LONG),+0.0000
2026-03-18 20:05:19,swing,PDBC,SHORT,267,17.46,entry (SHORT),+0.0000
2026-03-18 20:05:20,swing,HYG,LONG,46,79.40,entry (LONG),+0.0000
2026-03-18 20:05:21,swing,PDBC,SHORT,267,17.46,entry (SHORT),+0.0000
2026-03-18 20:05:21,swing,XLE,SHORT,77,58.43,entry (SHORT),+0.0000
2026-03-18 20:05:22,swing,EEM,SHORT,25,57.56,entry (SHORT),+0.0000
2026-03-18 20:05:23,swing,XLE,SHORT,77,58.43,entry (SHORT),+0.0000
2026-03-18 20:05:23,swing,EWY,SHORT,33,131.88,entry (SHORT),+0.0000
2026-03-18 20:05:25,swing,EWY,SHORT,33,131.88,entry (SHORT),+0.0000
2026-03-18 20:05:25,swing,XLU,LONG,47,46.73,entry (LONG),+0.0000
2026-03-18 20:05:25,swing,URNM,LONG,38,62.55,entry (LONG),+0.0000
2026-03-18 20:05:27,swing,XLU,LONG,47,46.73,entry (LONG),+0.0000
2026-03-18 20:05:27,swing,EWT,SHORT,54,71.34,entry (SHORT),+0.0000
2026-03-18 20:05:27,swing,LQD,LONG,18,108.71,entry (LONG),+0.0000
2026-03-18 20:05:29,swing,EWT,SHORT,54,71.34,entry (SHORT),+0.0000
2026-03-18 20:05:31,swing,EMB,SHORT,15,94.36,entry (SHORT),+0.0000
2026-03-18 20:05:31,swing,GLD,LONG,17,444.74,entry (LONG),+0.0000
2026-03-18 20:05:33,swing,GLD,LONG,17,444.74,entry (LONG),+0.0000
2026-03-18 20:05:36,swing,EWH,LONG,166,22.65,entry (LONG),+0.0000
2026-03-18 20:05:36,swing,EWW,SHORT,49,72.38,entry (SHORT),+0.0000
2026-03-18 20:05:38,swing,EWH,LONG,166,22.65,entry (LONG),+0.0000
2026-03-18 20:05:38,swing,XLB,LONG,77,48.48,entry (LONG),+0.0000
2026-03-18 20:05:38,swing,SPY,LONG,5,661.43,entry (LONG),+0.0000
2026-03-18 20:05:40,swing,XLB,LONG,77,48.48,entry (LONG),+0.0000
2026-03-18 20:05:40,swing,XLRE,LONG,54,42.02,entry (LONG),+0.0000
2026-03-18 20:05:40,swing,VGK,LONG,34,82.26,entry (LONG),+0.0000
2026-03-18 20:05:41,swing,XLRE,LONG,35,42.02,entry (LONG),+0.0000
2026-03-18 20:05:42,swing,EWC,LONG,68,54.81,entry (LONG),+0.0000
2026-03-18 20:05:42,swing,IWM,LONG,14,246.02,entry (LONG),+0.0000
2026-03-18 20:05:43,swing,EWC,LONG,68,54.81,entry (LONG),+0.0000
2026-03-18 20:05:44,swing,EWU,LONG,82,45.38,entry (LONG),+0.0000
2026-03-18 20:05:44,swing,XLV,SHORT,21,147.14,entry (SHORT),+0.0000
2026-03-18 20:05:45,swing,EWU,LONG,82,45.38,entry (LONG),+0.0000
2026-03-18 20:05:45,swing,EWA,LONG,98,28.00,entry (LONG),+0.0000
2026-03-18 20:05:47,swing,EWA,LONG,98,28.00,entry (LONG),+0.0000
2026-03-18 20:05:48,swing,MCHI,SHORT,45,57.23,entry (SHORT),+0.0000
2026-03-18 20:05:48,swing,XLI,SHORT,22,165.18,entry (SHORT),+0.0000
2026-03-18 20:05:49,swing,XLI,LONG,14,165.18,entry (LONG),+0.0000
2026-03-18 20:05:49,swing,XLY,SHORT,30,110.57,entry (SHORT),+0.0000
2026-03-18 20:05:50,swing,VTV,SHORT,18,196.75,entry (SHORT),+0.0000
2026-03-18 20:05:51,swing,VTV,LONG,18,196.75,entry (LONG),+0.0000
2026-03-18 20:05:51,swing,XLF,LONG,67,48.97,entry (LONG),+0.0000
2026-03-18 20:05:52,swing,IEF,LONG,38,95.75,entry (LONG),+0.0000
2026-03-18 20:05:53,swing,IEF,LONG,38,95.75,entry (LONG),+0.0000
2026-03-18 20:05:53,swing,HYG,LONG,46,79.40,entry (LONG),+0.0000
2026-03-18 20:05:54,swing,CIBR,LONG,50,64.96,entry (LONG),+0.0000
2026-03-18 20:05:55,swing,HYG,LONG,46,79.40,entry (LONG),+0.0000
2026-03-18 20:05:55,swing,EEM,SHORT,25,57.56,entry (SHORT),+0.0000
2026-03-18 20:05:55,swing,ARKK,SHORT,45,71.41,entry (SHORT),+0.0000
2026-03-18 20:05:57,swing,EEM,SHORT,25,57.56,entry (SHORT),+0.0000
2026-03-18 20:05:57,swing,INDA,LONG,68,47.72,entry (LONG),+0.0000
2026-03-18 20:05:58,swing,URNM,LONG,38,62.55,entry (LONG),+0.0000
2026-03-18 20:05:59,swing,IGV,LONG,9,84.34,entry (LONG),+0.0000
2026-03-18 20:06:00,swing,URNM,LONG,38,62.55,entry (LONG),+0.0000
2026-03-18 20:06:01,swing,LQD,LONG,18,108.71,entry (LONG),+0.0000
2026-03-18 20:06:02,swing,LQD,LONG,18,108.71,entry (LONG),+0.0000
2026-03-18 20:06:02,swing,QQQ,LONG,2,594.90,entry (LONG),+0.0000
2026-03-18 20:06:04,swing,EMB,SHORT,15,94.36,entry (SHORT),+0.0000
2026-03-18 20:06:06,swing,EMB,SHORT,15,94.36,entry (SHORT),+0.0000
2026-03-18 20:06:08,swing,EWW,SHORT,49,72.38,entry (SHORT),+0.0000
2026-03-18 20:06:10,swing,EWW,SHORT,49,72.38,entry (SHORT),+0.0000
2026-03-18 20:06:10,swing,SPY,LONG,5,661.43,entry (LONG),+0.0000
2026-03-18 20:06:12,swing,SPY,LONG,5,661.43,entry (LONG),+0.0000
2026-03-18 20:06:12,swing,VGK,LONG,34,82.26,entry (LONG),+0.0000
2026-03-18 20:06:14,swing,VGK,LONG,34,82.26,entry (LONG),+0.0000
2026-03-18 20:06:14,swing,IWM,LONG,14,246.02,entry (LONG),+0.0000
2026-03-18 20:06:16,swing,IWM,LONG,14,246.02,entry (LONG),+0.0000
2026-03-18 20:06:16,swing,XLV,SHORT,21,147.14,entry (SHORT),+0.0000
2026-03-18 20:06:18,swing,XLV,SHORT,21,147.14,entry (SHORT),+0.0000
2026-03-18 20:06:19,swing,MCHI,SHORT,45,57.23,entry (SHORT),+0.0000
2026-03-18 20:06:21,swing,MCHI,SHORT,45,57.23,entry (SHORT),+0.0000
2026-03-18 20:06:21,swing,XLY,SHORT,30,110.57,entry (SHORT),+0.0000
2026-03-18 20:06:23,swing,XLY,SHORT,30,110.57,entry (SHORT),+0.0000
2026-03-18 20:06:23,swing,XLF,LONG,67,48.97,entry (LONG),+0.0000
2026-03-18 20:06:35,swing,XLF,LONG,67,48.97,entry (LONG),+0.0000
2026-03-18 20:06:35,swing,CIBR,LONG,50,64.96,entry (LONG),+0.0000
2026-03-18 20:06:37,swing,ARKK,SHORT,45,71.41,entry (SHORT),+0.0000
2026-03-18 20:06:37,swing,CIBR,LONG,50,64.96,entry (LONG),+0.0000
2026-03-18 20:06:39,swing,ARKK,SHORT,45,71.41,entry (SHORT),+0.0000
2026-03-18 20:06:39,swing,INDA,LONG,68,47.72,entry (LONG),+0.0000
2026-03-18 20:06:41,swing,INDA,LONG,68,47.72,entry (LONG),+0.0000
2026-03-18 20:06:41,swing,IGV,LONG,9,84.34,entry (LONG),+0.0000
2026-03-18 20:06:43,swing,IGV,LONG,9,84.34,entry (LONG),+0.0000
2026-03-18 20:06:45,swing,QQQ,LONG,2,594.90,entry (LONG),+0.0000
2026-03-18 20:06:48,swing,QQQ,LONG,2,594.90,entry (LONG),+0.0000
2026-03-18 20:06:56,swing,GLD,SHORT,3,444.74,entry (SHORT),+0.0000
2026-03-18 20:11:11,swing,USO,LONG,47,121.67,entry (LONG),+0.0000
2026-03-18 20:11:13,swing,PDBC,SHORT,267,17.46,entry (SHORT),+0.0000
2026-03-18 20:11:15,swing,XLE,SHORT,77,58.43,entry (SHORT),+0.0000
2026-03-18 20:11:17,swing,EWY,SHORT,33,131.88,entry (SHORT),+0.0000
2026-03-18 20:11:20,swing,EWT,SHORT,54,71.34,entry (SHORT),+0.0000
2026-03-18 20:11:23,swing,GLD,LONG,17,444.74,entry (LONG),+0.0000
2026-03-18 20:11:27,swing,EWH,LONG,166,22.65,entry (LONG),+0.0000
2026-03-18 20:11:29,swing,XLB,LONG,39,48.48,entry (LONG),+0.0000
2026-03-18 20:11:31,swing,XLRE,LONG,54,42.02,entry (LONG),+0.0000
2026-03-18 20:11:33,swing,EWC,LONG,68,54.81,entry (LONG),+0.0000
2026-03-18 20:11:35,swing,EWU,LONG,82,45.38,entry (LONG),+0.0000
2026-03-18 20:11:37,swing,EWA,LONG,98,28.00,entry (LONG),+0.0000
2026-03-18 20:11:38,swing,XLI,SHORT,22,165.18,entry (SHORT),+0.0000
2026-03-18 20:11:40,swing,VTV,SHORT,18,196.75,entry (SHORT),+0.0000
2026-03-18 20:11:42,swing,IEF,LONG,38,95.75,entry (LONG),+0.0000
2026-03-18 20:11:44,swing,HYG,LONG,46,79.40,entry (LONG),+0.0000
2026-03-18 20:11:46,swing,EEM,SHORT,25,57.56,entry (SHORT),+0.0000
2026-03-18 20:11:49,swing,URNM,LONG,38,62.55,entry (LONG),+0.0000
2026-03-18 20:11:50,swing,LQD,LONG,18,108.71,entry (LONG),+0.0000
2026-03-18 20:11:53,swing,USO,LONG,47,121.67,entry (LONG),+0.0000
2026-03-18 20:11:53,swing,EMB,SHORT,15,94.36,entry (SHORT),+0.0000
2026-03-18 20:11:55,swing,USO,LONG,47,121.67,entry (LONG),+0.0000
2026-03-18 20:11:55,swing,PDBC,SHORT,267,17.46,entry (SHORT),+0.0000
2026-03-18 20:11:56,swing,PDBC,SHORT,267,17.46,entry (SHORT),+0.0000
2026-03-18 20:11:57,swing,XLE,SHORT,77,58.43,entry (SHORT),+0.0000
2026-03-18 20:11:58,swing,EWW,SHORT,49,72.38,entry (SHORT),+0.0000
2026-03-18 20:11:58,swing,XLE,SHORT,77,58.43,entry (SHORT),+0.0000
2026-03-18 20:11:59,swing,EWY,SHORT,33,131.88,entry (SHORT),+0.0000
2026-03-18 20:12:00,swing,SPY,LONG,5,661.43,entry (LONG),+0.0000
2026-03-18 20:12:00,swing,EWY,SHORT,33,131.88,entry (SHORT),+0.0000
2026-03-18 20:12:01,swing,XLU,LONG,47,46.73,entry (LONG),+0.0000
2026-03-18 20:12:02,swing,VGK,LONG,34,82.26,entry (LONG),+0.0000
2026-03-18 20:12:02,swing,XLU,LONG,47,46.73,entry (LONG),+0.0000
2026-03-18 20:12:03,swing,EWT,SHORT,54,71.34,entry (SHORT),+0.0000
2026-03-18 20:12:04,swing,IWM,LONG,14,246.02,entry (LONG),+0.0000
2026-03-18 20:12:04,swing,EWT,SHORT,54,71.34,entry (SHORT),+0.0000
2026-03-18 20:12:06,swing,XLV,SHORT,21,147.14,entry (SHORT),+0.0000
2026-03-18 20:12:07,swing,GLD,LONG,17,444.74,entry (LONG),+0.0000
2026-03-18 20:12:08,swing,GLD,LONG,17,444.74,entry (LONG),+0.0000
2026-03-18 20:12:10,swing,MCHI,SHORT,45,57.23,entry (SHORT),+0.0000
2026-03-18 20:12:11,swing,GLD,SHORT,3,444.74,entry (SHORT),+0.0000
2026-03-18 20:12:12,swing,EWH,LONG,166,22.65,entry (LONG),+0.0000
2026-03-18 20:12:12,swing,XLY,SHORT,30,110.57,entry (SHORT),+0.0000
2026-03-18 20:12:13,swing,EWH,LONG,166,22.65,entry (LONG),+0.0000
2026-03-18 20:12:14,swing,XLB,LONG,77,48.48,entry (LONG),+0.0000
2026-03-18 20:12:14,swing,XLF,LONG,67,48.97,entry (LONG),+0.0000
2026-03-18 20:12:15,swing,XLB,LONG,77,48.48,entry (LONG),+0.0000
2026-03-18 20:12:15,swing,XLRE,LONG,54,42.02,entry (LONG),+0.0000
2026-03-18 20:12:16,swing,CIBR,LONG,50,64.96,entry (LONG),+0.0000
2026-03-18 20:12:17,swing,XLRE,LONG,35,42.02,entry (LONG),+0.0000
2026-03-18 20:12:17,swing,EWC,LONG,68,54.81,entry (LONG),+0.0000
2026-03-18 20:12:17,swing,ARKK,SHORT,45,71.41,entry (SHORT),+0.0000
2026-03-18 20:12:19,swing,EWC,LONG,68,54.81,entry (LONG),+0.0000
2026-03-18 20:12:19,swing,INDA,LONG,68,47.72,entry (LONG),+0.0000
2026-03-18 20:12:19,swing,EWU,LONG,82,45.38,entry (LONG),+0.0000
2026-03-18 20:12:20,swing,EWU,LONG,82,45.38,entry (LONG),+0.0000
2026-03-18 20:12:21,swing,IGV,LONG,9,84.34,entry (LONG),+0.0000
2026-03-18 20:12:21,swing,EWA,LONG,98,28.00,entry (LONG),+0.0000
2026-03-18 20:12:22,swing,EWA,LONG,98,28.00,entry (LONG),+0.0000
2026-03-18 20:12:23,swing,XLI,SHORT,22,165.18,entry (SHORT),+0.0000
2026-03-18 20:12:24,swing,QQQ,LONG,2,594.90,entry (LONG),+0.0000
2026-03-18 20:12:24,swing,XLI,LONG,14,165.18,entry (LONG),+0.0000
2026-03-18 20:12:25,swing,VTV,SHORT,18,196.75,entry (SHORT),+0.0000
2026-03-18 20:12:26,swing,VTV,LONG,18,196.75,entry (LONG),+0.0000
2026-03-18 20:12:27,swing,IEF,LONG,38,95.75,entry (LONG),+0.0000
2026-03-18 20:12:28,swing,IEF,LONG,38,95.75,entry (LONG),+0.0000
2026-03-18 20:12:29,swing,HYG,LONG,46,79.40,entry (LONG),+0.0000
2026-03-18 20:12:30,swing,HYG,LONG,46,79.40,entry (LONG),+0.0000
2026-03-18 20:12:31,swing,EEM,SHORT,25,57.56,entry (SHORT),+0.0000
2026-03-18 20:12:32,swing,EEM,SHORT,25,57.56,entry (SHORT),+0.0000
2026-03-18 20:12:34,swing,URNM,LONG,38,62.55,entry (LONG),+0.0000
2026-03-18 20:12:35,swing,URNM,LONG,38,62.55,entry (LONG),+0.0000
2026-03-18 20:12:36,swing,LQD,LONG,18,108.71,entry (LONG),+0.0000
2026-03-18 20:12:37,swing,LQD,LONG,18,108.71,entry (LONG),+0.0000
2026-03-18 20:12:39,swing,EMB,SHORT,15,94.36,entry (SHORT),+0.0000
2026-03-18 20:12:41,swing,EMB,SHORT,15,94.36,entry (SHORT),+0.0000
2026-03-18 20:12:44,swing,EWW,SHORT,49,72.38,entry (SHORT),+0.0000
2026-03-18 20:12:45,swing,EWW,SHORT,49,72.38,entry (SHORT),+0.0000
2026-03-18 20:12:46,swing,SPY,LONG,5,661.43,entry (LONG),+0.0000
2026-03-18 20:12:47,swing,SPY,LONG,5,661.43,entry (LONG),+0.0000
2026-03-18 20:12:48,swing,VGK,LONG,34,82.26,entry (LONG),+0.0000
2026-03-18 20:12:49,swing,VGK,LONG,34,82.26,entry (LONG),+0.0000
2026-03-18 20:12:50,swing,IWM,LONG,14,246.02,entry (LONG),+0.0000
2026-03-18 20:12:51,swing,IWM,LONG,14,246.02,entry (LONG),+0.0000
2026-03-18 20:12:52,swing,XLV,SHORT,21,147.14,entry (SHORT),+0.0000
2026-03-18 20:12:53,swing,XLV,SHORT,21,147.14,entry (SHORT),+0.0000
2026-03-18 20:12:55,swing,MCHI,SHORT,45,57.23,entry (SHORT),+0.0000
2026-03-18 20:12:56,swing,MCHI,SHORT,45,57.23,entry (SHORT),+0.0000
2026-03-18 20:12:57,swing,XLY,SHORT,30,110.57,entry (SHORT),+0.0000
2026-03-18 20:12:58,swing,XLY,SHORT,30,110.57,entry (SHORT),+0.0000
2026-03-18 20:12:58,swing,XLF,LONG,67,48.97,entry (LONG),+0.0000
2026-03-18 20:12:59,swing,XLF,LONG,67,48.97,entry (LONG),+0.0000
2026-03-18 20:13:00,swing,CIBR,LONG,50,64.96,entry (LONG),+0.0000
2026-03-18 20:13:01,swing,CIBR,LONG,50,64.96,entry (LONG),+0.0000
2026-03-18 20:13:02,swing,ARKK,SHORT,45,71.41,entry (SHORT),+0.0000
2026-03-18 20:13:03,swing,ARKK,SHORT,45,71.41,entry (SHORT),+0.0000
2026-03-18 20:13:04,swing,INDA,LONG,68,47.72,entry (LONG),+0.0000
2026-03-18 20:13:05,swing,INDA,LONG,68,47.72,entry (LONG),+0.0000
2026-03-18 20:13:06,swing,IGV,LONG,9,84.34,entry (LONG),+0.0000
2026-03-18 20:13:07,swing,IGV,LONG,9,84.34,entry (LONG),+0.0000
2026-03-18 20:13:09,swing,QQQ,LONG,2,594.90,entry (LONG),+0.0000
2026-03-18 20:13:12,swing,QQQ,LONG,2,594.90,entry (LONG),+0.0000
2026-03-18 20:17:25,swing,GLD,SHORT,3,444.74,entry (SHORT),+0.0000
2026-03-18 20:17:33,swing,USO,LONG,47,121.67,entry (LONG),+0.0000
2026-03-18 20:17:35,swing,PDBC,SHORT,267,17.46,entry (SHORT),+0.0000
2026-03-18 20:17:37,swing,XLE,SHORT,77,58.43,entry (SHORT),+0.0000
2026-03-18 20:17:39,swing,EWY,SHORT,33,131.88,entry (SHORT),+0.0000
2026-03-18 20:17:42,swing,EWT,SHORT,54,71.34,entry (SHORT),+0.0000
2026-03-18 20:17:45,swing,GLD,LONG,17,444.74,entry (LONG),+0.0000
2026-03-18 20:17:50,swing,EWH,LONG,166,22.65,entry (LONG),+0.0000
2026-03-18 20:17:52,swing,XLB,LONG,39,48.48,entry (LONG),+0.0000
2026-03-18 20:17:54,swing,XLRE,LONG,54,42.02,entry (LONG),+0.0000
2026-03-18 20:17:55,swing,EWC,LONG,68,54.81,entry (LONG),+0.0000
2026-03-18 20:17:57,swing,EWU,LONG,82,45.38,entry (LONG),+0.0000
2026-03-18 20:17:59,swing,EWA,LONG,98,28.00,entry (LONG),+0.0000
2026-03-18 20:18:01,swing,XLI,SHORT,22,165.18,entry (SHORT),+0.0000
2026-03-18 20:18:03,swing,VTV,SHORT,18,196.75,entry (SHORT),+0.0000
2026-03-18 20:18:04,swing,IEF,LONG,38,95.75,entry (LONG),+0.0000
2026-03-18 20:18:08,swing,HYG,LONG,46,79.40,entry (LONG),+0.0000
2026-03-18 20:18:10,swing,EEM,SHORT,25,57.56,entry (SHORT),+0.0000
2026-03-18 20:18:13,swing,URNM,LONG,38,62.55,entry (LONG),+0.0000
2026-03-18 20:18:15,swing,LQD,LONG,18,108.71,entry (LONG),+0.0000
2026-03-18 20:18:18,swing,EMB,SHORT,15,94.36,entry (SHORT),+0.0000
2026-03-18 20:18:18,swing,USO,LONG,47,121.67,entry (LONG),+0.0000
2026-03-18 20:18:18,swing,USO,LONG,47,121.67,entry (LONG),+0.0000
2026-03-18 20:18:20,swing,PDBC,SHORT,267,17.46,entry (SHORT),+0.0000
2026-03-18 20:18:20,swing,PDBC,SHORT,267,17.46,entry (SHORT),+0.0000
2026-03-18 20:18:22,swing,XLE,SHORT,77,58.43,entry (SHORT),+0.0000
2026-03-18 20:18:23,swing,XLE,SHORT,77,58.43,entry (SHORT),+0.0000
2026-03-18 20:18:23,swing,EWW,SHORT,49,72.38,entry (SHORT),+0.0000
2026-03-18 20:18:24,swing,EWY,SHORT,33,131.88,entry (SHORT),+0.0000
2026-03-18 20:18:25,swing,EWY,SHORT,33,131.88,entry (SHORT),+0.0000
2026-03-18 20:18:25,swing,SPY,LONG,5,661.43,entry (LONG),+0.0000
2026-03-18 20:18:26,swing,XLU,LONG,47,46.73,entry (LONG),+0.0000
2026-03-18 20:18:27,swing,XLU,LONG,47,46.73,entry (LONG),+0.0000
2026-03-18 20:18:27,swing,VGK,LONG,34,82.26,entry (LONG),+0.0000
2026-03-18 20:18:28,swing,EWT,SHORT,54,71.34,entry (SHORT),+0.0000
2026-03-18 20:18:29,swing,EWT,SHORT,54,71.34,entry (SHORT),+0.0000
2026-03-18 20:18:29,swing,IWM,LONG,14,246.02,entry (LONG),+0.0000
2026-03-18 20:18:31,swing,XLV,SHORT,21,147.14,entry (SHORT),+0.0000
2026-03-18 20:18:31,swing,GLD,LONG,17,444.74,entry (LONG),+0.0000
2026-03-18 20:18:32,swing,GLD,LONG,17,444.74,entry (LONG),+0.0000
2026-03-18 20:18:34,swing,MCHI,SHORT,45,57.23,entry (SHORT),+0.0000
2026-03-18 20:18:36,swing,XLY,SHORT,30,110.57,entry (SHORT),+0.0000
2026-03-18 20:18:36,swing,EWH,LONG,166,22.65,entry (LONG),+0.0000
2026-03-18 20:18:37,swing,EWH,LONG,166,22.65,entry (LONG),+0.0000
2026-03-18 20:18:38,swing,XLF,LONG,67,48.97,entry (LONG),+0.0000
2026-03-18 20:18:38,swing,XLB,LONG,77,48.48,entry (LONG),+0.0000
2026-03-18 20:18:39,swing,XLB,LONG,77,48.48,entry (LONG),+0.0000
2026-03-18 20:18:41,swing,CIBR,LONG,50,64.96,entry (LONG),+0.0000
2026-03-18 20:18:41,swing,XLRE,LONG,35,42.02,entry (LONG),+0.0000
2026-03-18 20:18:42,swing,XLRE,LONG,54,42.02,entry (LONG),+0.0000
2026-03-18 20:18:43,swing,ARKK,SHORT,45,71.41,entry (SHORT),+0.0000
2026-03-18 20:18:43,swing,EWC,LONG,68,54.81,entry (LONG),+0.0000
2026-03-18 20:18:44,swing,EWC,LONG,68,54.81,entry (LONG),+0.0000
2026-03-18 20:18:45,swing,INDA,LONG,68,47.72,entry (LONG),+0.0000
2026-03-18 20:18:45,swing,EWU,LONG,82,45.38,entry (LONG),+0.0000
2026-03-18 20:18:46,swing,EWU,LONG,82,45.38,entry (LONG),+0.0000
2026-03-18 20:18:47,swing,IGV,LONG,9,84.34,entry (LONG),+0.0000
2026-03-18 20:18:47,swing,EWA,LONG,98,28.00,entry (LONG),+0.0000
2026-03-18 20:18:48,swing,EWA,LONG,98,28.00,entry (LONG),+0.0000
2026-03-18 20:18:49,swing,XLI,LONG,14,165.18,entry (LONG),+0.0000
2026-03-18 20:18:50,swing,XLI,SHORT,22,165.18,entry (SHORT),+0.0000
2026-03-18 20:18:50,swing,QQQ,LONG,2,594.90,entry (LONG),+0.0000
2026-03-18 20:18:51,swing,VTV,LONG,18,196.75,entry (LONG),+0.0000
2026-03-18 20:18:52,swing,VTV,SHORT,18,196.75,entry (SHORT),+0.0000
2026-03-18 20:18:53,swing,IEF,LONG,38,95.75,entry (LONG),+0.0000
2026-03-18 20:18:54,swing,IEF,LONG,38,95.75,entry (LONG),+0.0000
2026-03-18 20:18:55,swing,HYG,LONG,46,79.40,entry (LONG),+0.0000
2026-03-18 20:18:56,swing,HYG,LONG,46,79.40,entry (LONG),+0.0000
2026-03-18 20:18:57,swing,EEM,SHORT,25,57.56,entry (SHORT),+0.0000
2026-03-18 20:18:58,swing,EEM,SHORT,25,57.56,entry (SHORT),+0.0000
2026-03-18 20:19:00,swing,URNM,LONG,38,62.55,entry (LONG),+0.0000
2026-03-18 20:19:01,swing,URNM,LONG,38,62.55,entry (LONG),+0.0000
2026-03-18 20:19:02,swing,LQD,LONG,18,108.71,entry (LONG),+0.0000
2026-03-18 20:19:03,swing,LQD,LONG,18,108.71,entry (LONG),+0.0000
2026-03-18 20:19:07,swing,EMB,SHORT,15,94.36,entry (SHORT),+0.0000
2026-03-18 20:19:08,swing,EMB,SHORT,15,94.36,entry (SHORT),+0.0000
2026-03-18 20:19:12,swing,EWW,SHORT,49,72.38,entry (SHORT),+0.0000
2026-03-18 20:19:13,swing,EWW,SHORT,49,72.38,entry (SHORT),+0.0000
2026-03-18 20:19:14,swing,SPY,LONG,5,661.43,entry (LONG),+0.0000
2026-03-18 20:19:15,swing,SPY,LONG,5,661.43,entry (LONG),+0.0000
2026-03-18 20:19:16,swing,VGK,LONG,34,82.26,entry (LONG),+0.0000
2026-03-18 20:19:17,swing,VGK,LONG,34,82.26,entry (LONG),+0.0000
2026-03-18 20:19:19,swing,IWM,LONG,14,246.02,entry (LONG),+0.0000
2026-03-18 20:19:19,swing,IWM,LONG,14,246.02,entry (LONG),+0.0000
2026-03-18 20:19:21,swing,XLV,SHORT,21,147.14,entry (SHORT),+0.0000
2026-03-18 20:19:21,swing,XLV,SHORT,21,147.14,entry (SHORT),+0.0000
2026-03-18 20:19:25,swing,MCHI,SHORT,45,57.23,entry (SHORT),+0.0000
2026-03-18 20:19:25,swing,MCHI,SHORT,45,57.23,entry (SHORT),+0.0000
2026-03-18 20:19:27,swing,XLY,SHORT,30,110.57,entry (SHORT),+0.0000
2026-03-18 20:19:27,swing,XLY,SHORT,30,110.57,entry (SHORT),+0.0000
2026-03-18 20:19:29,swing,XLF,LONG,67,48.97,entry (LONG),+0.0000
2026-03-18 20:19:29,swing,XLF,LONG,67,48.97,entry (LONG),+0.0000
2026-03-18 20:19:31,swing,CIBR,LONG,50,64.96,entry (LONG),+0.0000
2026-03-18 20:19:31,swing,CIBR,LONG,50,64.96,entry (LONG),+0.0000
2026-03-18 20:19:33,swing,ARKK,SHORT,45,71.41,entry (SHORT),+0.0000
2026-03-18 20:19:33,swing,ARKK,SHORT,45,71.41,entry (SHORT),+0.0000
2026-03-18 20:19:35,swing,INDA,LONG,68,47.72,entry (LONG),+0.0000
2026-03-18 20:19:35,swing,INDA,LONG,68,47.72,entry (LONG),+0.0000
2026-03-18 20:19:37,swing,IGV,LONG,9,84.34,entry (LONG),+0.0000
2026-03-18 20:19:37,swing,IGV,LONG,9,84.34,entry (LONG),+0.0000
2026-03-18 20:19:40,swing,QQQ,LONG,2,594.90,entry (LONG),+0.0000
2026-03-18 20:19:42,swing,QQQ,LONG,2,594.90,entry (LONG),+0.0000
2026-03-18 20:22:38,swing,GLD,SHORT,3,444.74,entry (SHORT),+0.0000
2026-03-18 20:24:00,swing,USO,LONG,47,121.67,entry (LONG),+0.0000
2026-03-18 20:24:01,swing,PDBC,SHORT,267,17.46,entry (SHORT),+0.0000
2026-03-18 20:24:03,swing,XLE,SHORT,77,58.43,entry (SHORT),+0.0000
2026-03-18 20:24:05,swing,EWY,SHORT,33,131.88,entry (SHORT),+0.0000
2026-03-18 20:24:08,swing,EWT,SHORT,54,71.34,entry (SHORT),+0.0000
2026-03-18 20:24:11,swing,GLD,LONG,17,444.74,entry (LONG),+0.0000
2026-03-18 20:24:15,swing,EWH,LONG,166,22.65,entry (LONG),+0.0000
2026-03-18 20:24:17,swing,XLB,LONG,39,48.48,entry (LONG),+0.0000
2026-03-18 20:24:19,swing,XLRE,LONG,54,42.02,entry (LONG),+0.0000
2026-03-18 20:24:21,swing,EWC,LONG,68,54.81,entry (LONG),+0.0000
2026-03-18 20:24:23,swing,EWU,LONG,82,45.38,entry (LONG),+0.0000
2026-03-18 20:24:25,swing,EWA,LONG,98,28.00,entry (LONG),+0.0000
2026-03-18 20:24:27,swing,XLI,SHORT,22,165.18,entry (SHORT),+0.0000
2026-03-18 20:24:29,swing,VTV,SHORT,18,196.75,entry (SHORT),+0.0000
2026-03-18 20:24:30,swing,IEF,LONG,38,95.75,entry (LONG),+0.0000
2026-03-18 20:24:32,swing,HYG,LONG,46,79.40,entry (LONG),+0.0000
2026-03-18 20:24:34,swing,EEM,SHORT,25,57.56,entry (SHORT),+0.0000
2026-03-18 20:24:38,swing,URNM,LONG,38,62.55,entry (LONG),+0.0000
2026-03-18 20:24:39,swing,LQD,LONG,18,108.71,entry (LONG),+0.0000
2026-03-18 20:24:43,swing,EMB,SHORT,15,94.36,entry (SHORT),+0.0000
2026-03-18 20:24:47,swing,EWW,SHORT,49,72.38,entry (SHORT),+0.0000
2026-03-18 20:24:49,swing,SPY,LONG,5,661.43,entry (LONG),+0.0000
2026-03-18 20:24:49,swing,USO,LONG,47,121.67,entry (LONG),+0.0000
2026-03-18 20:24:49,swing,USO,LONG,47,121.67,entry (LONG),+0.0000
2026-03-18 20:24:51,swing,VGK,LONG,34,82.26,entry (LONG),+0.0000
2026-03-18 20:24:51,swing,PDBC,SHORT,267,17.46,entry (SHORT),+0.0000
2026-03-18 20:24:51,swing,PDBC,SHORT,267,17.46,entry (SHORT),+0.0000
2026-03-18 20:24:53,swing,IWM,LONG,14,246.02,entry (LONG),+0.0000
2026-03-18 20:24:53,swing,XLE,SHORT,77,58.43,entry (SHORT),+0.0000
2026-03-18 20:24:53,swing,XLE,SHORT,77,58.43,entry (SHORT),+0.0000
2026-03-18 20:24:55,swing,XLV,SHORT,21,147.14,entry (SHORT),+0.0000
2026-03-18 20:24:55,swing,EWY,SHORT,33,131.88,entry (SHORT),+0.0000
2026-03-18 20:24:55,swing,EWY,SHORT,33,131.88,entry (SHORT),+0.0000
2026-03-18 20:24:57,swing,XLU,LONG,47,46.73,entry (LONG),+0.0000
2026-03-18 20:24:57,swing,XLU,LONG,47,46.73,entry (LONG),+0.0000
2026-03-18 20:24:58,swing,MCHI,SHORT,45,57.23,entry (SHORT),+0.0000
2026-03-18 20:24:59,swing,EWT,SHORT,54,71.34,entry (SHORT),+0.0000
2026-03-18 20:24:59,swing,EWT,SHORT,54,71.34,entry (SHORT),+0.0000
2026-03-18 20:25:00,swing,XLY,SHORT,30,110.57,entry (SHORT),+0.0000
2026-03-18 20:25:02,swing,GLD,LONG,17,444.74,entry (LONG),+0.0000
2026-03-18 20:25:02,swing,XLF,LONG,67,48.97,entry (LONG),+0.0000
2026-03-18 20:25:02,swing,GLD,LONG,17,444.74,entry (LONG),+0.0000
2026-03-18 20:25:04,swing,CIBR,LONG,50,64.96,entry (LONG),+0.0000
2026-03-18 20:25:06,swing,ARKK,SHORT,45,71.41,entry (SHORT),+0.0000
2026-03-18 20:25:07,swing,EWH,LONG,166,22.65,entry (LONG),+0.0000
2026-03-18 20:25:07,swing,EWH,LONG,166,22.65,entry (LONG),+0.0000
2026-03-18 20:25:08,swing,INDA,LONG,68,47.72,entry (LONG),+0.0000
2026-03-18 20:25:09,swing,XLB,LONG,77,48.48,entry (LONG),+0.0000
2026-03-18 20:25:09,swing,XLB,LONG,77,48.48,entry (LONG),+0.0000
2026-03-18 20:25:09,swing,IGV,LONG,9,84.34,entry (LONG),+0.0000
2026-03-18 20:25:10,swing,XLRE,LONG,35,42.02,entry (LONG),+0.0000
2026-03-18 20:25:11,swing,XLRE,LONG,54,42.02,entry (LONG),+0.0000
2026-03-18 20:25:13,swing,EWC,LONG,68,54.81,entry (LONG),+0.0000
2026-03-18 20:25:13,swing,EWC,LONG,68,54.81,entry (LONG),+0.0000
2026-03-18 20:25:13,swing,QQQ,LONG,2,594.90,entry (LONG),+0.0000
2026-03-18 20:25:15,swing,EWU,LONG,82,45.38,entry (LONG),+0.0000
2026-03-18 20:25:15,swing,EWU,LONG,82,45.38,entry (LONG),+0.0000
2026-03-18 20:25:17,swing,EWA,LONG,98,28.00,entry (LONG),+0.0000
2026-03-18 20:25:17,swing,EWA,LONG,98,28.00,entry (LONG),+0.0000
2026-03-18 20:25:19,swing,XLI,SHORT,22,165.18,entry (SHORT),+0.0000
2026-03-18 20:25:20,swing,VTV,LONG,18,196.75,entry (LONG),+0.0000
2026-03-18 20:25:20,swing,VTV,SHORT,18,196.75,entry (SHORT),+0.0000
2026-03-18 20:25:22,swing,IEF,LONG,38,95.75,entry (LONG),+0.0000
2026-03-18 20:25:22,swing,IEF,LONG,38,95.75,entry (LONG),+0.0000
2026-03-18 20:25:24,swing,HYG,LONG,46,79.40,entry (LONG),+0.0000
2026-03-18 20:25:24,swing,HYG,LONG,46,79.40,entry (LONG),+0.0000
2026-03-18 20:25:26,swing,EEM,SHORT,25,57.56,entry (SHORT),+0.0000
2026-03-18 20:25:26,swing,EEM,SHORT,25,57.56,entry (SHORT),+0.0000
2026-03-18 20:25:29,swing,URNM,LONG,38,62.55,entry (LONG),+0.0000
2026-03-18 20:25:29,swing,URNM,LONG,38,62.55,entry (LONG),+0.0000
2026-03-18 20:25:31,swing,LQD,LONG,18,108.71,entry (LONG),+0.0000
2026-03-18 20:25:32,swing,LQD,LONG,18,108.71,entry (LONG),+0.0000
2026-03-18 20:25:35,swing,EMB,SHORT,15,94.36,entry (SHORT),+0.0000
2026-03-18 20:25:35,swing,EMB,SHORT,15,94.36,entry (SHORT),+0.0000
2026-03-18 20:25:39,swing,EWW,SHORT,49,72.38,entry (SHORT),+0.0000
2026-03-18 20:25:40,swing,EWW,SHORT,49,72.38,entry (SHORT),+0.0000
2026-03-18 20:25:41,swing,SPY,LONG,5,661.43,entry (LONG),+0.0000
2026-03-18 20:25:42,swing,SPY,LONG,5,661.43,entry (LONG),+0.0000
2026-03-18 20:25:43,swing,VGK,LONG,34,82.26,entry (LONG),+0.0000
2026-03-18 20:25:43,swing,VGK,LONG,34,82.26,entry (LONG),+0.0000
2026-03-18 20:25:45,swing,IWM,LONG,14,246.02,entry (LONG),+0.0000
2026-03-18 20:25:45,swing,IWM,LONG,14,246.02,entry (LONG),+0.0000
2026-03-18 20:25:47,swing,XLV,SHORT,21,147.14,entry (SHORT),+0.0000
2026-03-18 20:25:47,swing,XLV,SHORT,21,147.14,entry (SHORT),+0.0000
2026-03-18 20:25:50,swing,MCHI,SHORT,45,57.23,entry (SHORT),+0.0000
2026-03-18 20:25:50,swing,MCHI,SHORT,45,57.23,entry (SHORT),+0.0000
2026-03-18 20:25:52,swing,XLY,SHORT,30,110.57,entry (SHORT),+0.0000
2026-03-18 20:25:52,swing,XLY,SHORT,30,110.57,entry (SHORT),+0.0000
2026-03-18 20:25:54,swing,XLF,LONG,67,48.97,entry (LONG),+0.0000
2026-03-18 20:25:54,swing,XLF,LONG,67,48.97,entry (LONG),+0.0000
2026-03-18 20:25:56,swing,CIBR,LONG,50,64.96,entry (LONG),+0.0000
2026-03-18 20:25:56,swing,CIBR,LONG,50,64.96,entry (LONG),+0.0000
2026-03-18 20:25:57,swing,ARKK,SHORT,45,71.41,entry (SHORT),+0.0000
2026-03-18 20:25:57,swing,ARKK,SHORT,45,71.41,entry (SHORT),+0.0000
2026-03-18 20:25:59,swing,INDA,LONG,68,47.72,entry (LONG),+0.0000
2026-03-18 20:25:59,swing,INDA,LONG,68,47.72,entry (LONG),+0.0000
2026-03-18 20:26:01,swing,IGV,LONG,9,84.34,entry (LONG),+0.0000
2026-03-18 20:26:01,swing,IGV,LONG,9,84.34,entry (LONG),+0.0000
2026-03-18 20:26:04,swing,QQQ,LONG,2,594.90,entry (LONG),+0.0000
2026-03-18 20:26:06,swing,QQQ,LONG,2,594.90,entry (LONG),+0.0000
2026-03-18 20:27:41,crypto,FARTCOIN/USD,SHORT,17635.826777,0.21,"profit_lock_trail (2.52% from peak, PnL=+3.45%, trail=2.00%)",+0.0345
2026-03-18 20:27:51,swing,GLD,SHORT,3,444.74,entry (SHORT),+0.0000
2026-03-18 20:28:09,crypto,FARTCOIN/USD,SHORT,17635.826777,0.21,"profit_lock_trail (2.57% from peak, PnL=+3.40%, trail=2.00%)",+0.0340
2026-03-18 20:28:41,crypto,FARTCOIN/USD,SHORT,17635.826777,0.21,"profit_lock_trail (2.67% from peak, PnL=+3.36%, trail=2.00%)",+0.0336
2026-03-18 20:30:22,swing,USO,LONG,47,121.67,entry (LONG),+0.0000
2026-03-18 20:30:24,swing,PDBC,SHORT,267,17.46,entry (SHORT),+0.0000
2026-03-18 20:30:26,swing,XLE,SHORT,77,58.43,entry (SHORT),+0.0000
2026-03-18 20:30:27,swing,EWY,SHORT,33,131.88,entry (SHORT),+0.0000
2026-03-18 20:30:31,swing,EWT,SHORT,54,71.34,entry (SHORT),+0.0000
2026-03-18 20:30:34,swing,GLD,LONG,17,444.74,entry (LONG),+0.0000
2026-03-18 20:30:39,swing,EWH,LONG,166,22.65,entry (LONG),+0.0000
2026-03-18 20:30:41,swing,XLB,LONG,39,48.48,entry (LONG),+0.0000
2026-03-18 20:30:43,swing,XLRE,LONG,54,42.02,entry (LONG),+0.0000
2026-03-18 20:30:45,swing,EWC,LONG,68,54.81,entry (LONG),+0.0000
2026-03-18 20:30:47,swing,EWU,LONG,82,45.38,entry (LONG),+0.0000
2026-03-18 20:30:49,swing,EWA,LONG,98,28.00,entry (LONG),+0.0000
2026-03-18 20:30:51,swing,XLI,SHORT,22,165.18,entry (SHORT),+0.0000
2026-03-18 20:30:52,swing,VTV,SHORT,18,196.75,entry (SHORT),+0.0000
2026-03-18 20:30:54,swing,IEF,LONG,38,95.75,entry (LONG),+0.0000
2026-03-18 20:30:56,swing,HYG,LONG,46,79.40,entry (LONG),+0.0000
2026-03-18 20:30:58,swing,EEM,SHORT,25,57.56,entry (SHORT),+0.0000
2026-03-18 20:31:02,swing,URNM,LONG,38,62.55,entry (LONG),+0.0000
2026-03-18 20:31:03,swing,LQD,LONG,18,108.71,entry (LONG),+0.0000
2026-03-18 20:31:07,swing,EMB,SHORT,15,94.36,entry (SHORT),+0.0000
2026-03-18 20:31:11,swing,EWW,SHORT,49,72.38,entry (SHORT),+0.0000
2026-03-18 20:31:12,swing,USO,LONG,47,121.67,entry (LONG),+0.0000
2026-03-18 20:31:13,swing,USO,LONG,47,121.67,entry (LONG),+0.0000
2026-03-18 20:31:13,swing,SPY,LONG,5,661.43,entry (LONG),+0.0000
2026-03-18 20:31:14,swing,PDBC,SHORT,267,17.46,entry (SHORT),+0.0000
2026-03-18 20:31:15,swing,PDBC,SHORT,267,17.46,entry (SHORT),+0.0000
2026-03-18 20:31:15,swing,VGK,LONG,34,82.26,entry (LONG),+0.0000
2026-03-18 20:31:17,swing,XLE,SHORT,77,58.43,entry (SHORT),+0.0000
2026-03-18 20:31:17,swing,XLE,SHORT,77,58.43,entry (SHORT),+0.0000
2026-03-18 20:31:18,swing,IWM,LONG,14,246.02,entry (LONG),+0.0000
2026-03-18 20:31:19,swing,EWY,SHORT,33,131.88,entry (SHORT),+0.0000
2026-03-18 20:31:19,swing,EWY,SHORT,33,131.88,entry (SHORT),+0.0000
2026-03-18 20:31:20,swing,XLV,SHORT,21,147.14,entry (SHORT),+0.0000
2026-03-18 20:31:21,swing,XLU,LONG,47,46.73,entry (LONG),+0.0000
2026-03-18 20:31:21,swing,XLU,LONG,47,46.73,entry (LONG),+0.0000
2026-03-18 20:31:23,swing,EWT,SHORT,54,71.34,entry (SHORT),+0.0000
2026-03-18 20:31:23,swing,MCHI,SHORT,45,57.23,entry (SHORT),+0.0000
2026-03-18 20:31:23,swing,EWT,SHORT,54,71.34,entry (SHORT),+0.0000
2026-03-18 20:31:25,swing,XLY,SHORT,30,110.57,entry (SHORT),+0.0000
2026-03-18 20:31:26,swing,GLD,LONG,17,444.74,entry (LONG),+0.0000
2026-03-18 20:31:27,swing,GLD,LONG,17,444.74,entry (LONG),+0.0000
2026-03-18 20:31:27,swing,XLF,LONG,67,48.97,entry (LONG),+0.0000
2026-03-18 20:31:30,swing,CIBR,LONG,50,64.96,entry (LONG),+0.0000
2026-03-18 20:31:32,swing,EWH,LONG,166,22.65,entry (LONG),+0.0000
2026-03-18 20:31:32,swing,ARKK,SHORT,45,71.41,entry (SHORT),+0.0000
2026-03-18 20:31:32,swing,EWH,LONG,166,22.65,entry (LONG),+0.0000
2026-03-18 20:31:34,swing,XLB,LONG,77,48.48,entry (LONG),+0.0000
2026-03-18 20:31:34,swing,INDA,LONG,68,47.72,entry (LONG),+0.0000
2026-03-18 20:31:34,swing,XLB,LONG,77,48.48,entry (LONG),+0.0000
2026-03-18 20:31:36,swing,IGV,LONG,9,84.34,entry (LONG),+0.0000
2026-03-18 20:31:36,swing,XLRE,LONG,54,42.02,entry (LONG),+0.0000
2026-03-18 20:31:37,swing,XLRE,LONG,35,42.02,entry (LONG),+0.0000
2026-03-18 20:31:38,swing,EWC,LONG,68,54.81,entry (LONG),+0.0000
2026-03-18 20:31:39,swing,EWC,LONG,68,54.81,entry (LONG),+0.0000
2026-03-18 20:31:40,swing,QQQ,LONG,2,594.90,entry (LONG),+0.0000
2026-03-18 20:31:40,swing,EWU,LONG,82,45.38,entry (LONG),+0.0000
2026-03-18 20:31:41,swing,EWU,LONG,82,45.38,entry (LONG),+0.0000
2026-03-18 20:31:42,swing,EWA,LONG,98,28.00,entry (LONG),+0.0000
2026-03-18 20:31:43,swing,EWA,LONG,98,28.00,entry (LONG),+0.0000
2026-03-18 20:31:45,swing,XLI,LONG,14,165.18,entry (LONG),+0.0000
2026-03-18 20:31:46,swing,XLI,SHORT,22,165.18,entry (SHORT),+0.0000
2026-03-18 20:31:47,swing,VTV,LONG,18,196.75,entry (LONG),+0.0000
2026-03-18 20:31:48,swing,VTV,SHORT,18,196.75,entry (SHORT),+0.0000
2026-03-18 20:31:49,swing,IEF,LONG,38,95.75,entry (LONG),+0.0000
2026-03-18 20:31:49,swing,IEF,LONG,38,95.75,entry (LONG),+0.0000
2026-03-18 20:31:51,swing,HYG,LONG,46,79.40,entry (LONG),+0.0000
2026-03-18 20:31:52,swing,HYG,LONG,46,79.40,entry (LONG),+0.0000
2026-03-18 20:31:53,swing,EEM,SHORT,25,57.56,entry (SHORT),+0.0000
2026-03-18 20:31:54,swing,EEM,SHORT,25,57.56,entry (SHORT),+0.0000
2026-03-18 20:31:56,swing,URNM,LONG,38,62.55,entry (LONG),+0.0000
2026-03-18 20:31:57,swing,URNM,LONG,38,62.55,entry (LONG),+0.0000
2026-03-18 20:31:59,swing,LQD,LONG,18,108.71,entry (LONG),+0.0000
2026-03-18 20:31:59,swing,LQD,LONG,18,108.71,entry (LONG),+0.0000
2026-03-18 20:32:02,swing,EMB,SHORT,15,94.36,entry (SHORT),+0.0000
2026-03-18 20:32:03,swing,EMB,SHORT,15,94.36,entry (SHORT),+0.0000
2026-03-18 20:32:07,swing,EWW,SHORT,49,72.38,entry (SHORT),+0.0000
2026-03-18 20:32:09,swing,SPY,LONG,5,661.43,entry (LONG),+0.0000
2026-03-18 20:32:09,swing,SPY,LONG,5,661.43,entry (LONG),+0.0000
2026-03-18 20:32:11,swing,VGK,LONG,34,82.26,entry (LONG),+0.0000
2026-03-18 20:32:11,swing,VGK,LONG,34,82.26,entry (LONG),+0.0000
2026-03-18 20:32:13,swing,IWM,LONG,14,246.02,entry (LONG),+0.0000
2026-03-18 20:32:13,swing,IWM,LONG,14,246.02,entry (LONG),+0.0000
2026-03-18 20:32:15,swing,XLV,SHORT,21,147.14,entry (SHORT),+0.0000
2026-03-18 20:32:15,swing,XLV,SHORT,21,147.14,entry (SHORT),+0.0000
2026-03-18 20:32:18,swing,MCHI,SHORT,45,57.23,entry (SHORT),+0.0000
2026-03-18 20:32:18,swing,MCHI,SHORT,45,57.23,entry (SHORT),+0.0000
2026-03-18 20:32:20,swing,XLY,SHORT,30,110.57,entry (SHORT),+0.0000
2026-03-18 20:32:20,swing,XLY,SHORT,30,110.57,entry (SHORT),+0.0000
2026-03-18 20:32:22,swing,XLF,LONG,67,48.97,entry (LONG),+0.0000
2026-03-18 20:32:23,swing,XLF,LONG,67,48.97,entry (LONG),+0.0000
2026-03-18 20:32:24,swing,CIBR,LONG,50,64.96,entry (LONG),+0.0000
2026-03-18 20:32:25,swing,CIBR,LONG,50,64.96,entry (LONG),+0.0000
2026-03-18 20:32:26,swing,ARKK,SHORT,45,71.41,entry (SHORT),+0.0000
2026-03-18 20:32:26,swing,ARKK,SHORT,45,71.41,entry (SHORT),+0.0000
2026-03-18 20:32:28,swing,INDA,LONG,68,47.72,entry (LONG),+0.0000
2026-03-18 20:32:28,swing,INDA,LONG,68,47.72,entry (LONG),+0.0000
2026-03-18 20:32:29,swing,IGV,LONG,9,84.34,entry (LONG),+0.0000
2026-03-18 20:32:30,swing,IGV,LONG,9,84.34,entry (LONG),+0.0000
2026-03-18 20:32:33,swing,QQQ,LONG,2,594.90,entry (LONG),+0.0000
2026-03-18 20:32:36,swing,QQQ,LONG,2,594.90,entry (LONG),+0.0000
2026-03-18 20:33:05,swing,GLD,SHORT,3,444.74,entry (SHORT),+0.0000
2026-03-18 20:36:49,swing,USO,LONG,47,121.67,entry (LONG),+0.0000
2026-03-18 20:36:51,swing,PDBC,SHORT,267,17.46,entry (SHORT),+0.0000
2026-03-18 20:36:53,swing,XLE,SHORT,77,58.43,entry (SHORT),+0.0000
2026-03-18 20:36:55,swing,EWY,SHORT,33,131.88,entry (SHORT),+0.0000
2026-03-18 20:36:58,swing,EWT,SHORT,54,71.34,entry (SHORT),+0.0000
2026-03-18 20:37:01,swing,GLD,LONG,17,444.74,entry (LONG),+0.0000
2026-03-18 20:37:06,swing,EWH,LONG,166,22.65,entry (LONG),+0.0000
2026-03-18 20:37:08,swing,XLB,LONG,39,48.48,entry (LONG),+0.0000
2026-03-18 20:37:09,swing,XLRE,LONG,54,42.02,entry (LONG),+0.0000
2026-03-18 20:37:11,swing,EWC,LONG,68,54.81,entry (LONG),+0.0000
2026-03-18 20:37:14,swing,EWU,LONG,82,45.38,entry (LONG),+0.0000
2026-03-18 20:37:16,swing,EWA,LONG,98,28.00,entry (LONG),+0.0000
2026-03-18 20:37:18,swing,XLI,SHORT,22,165.18,entry (SHORT),+0.0000
2026-03-18 20:37:19,swing,VTV,SHORT,18,196.75,entry (SHORT),+0.0000
2026-03-18 20:37:21,swing,IEF,LONG,38,95.75,entry (LONG),+0.0000
2026-03-18 20:37:23,swing,HYG,LONG,46,79.40,entry (LONG),+0.0000
2026-03-18 20:37:25,swing,EEM,SHORT,25,57.56,entry (SHORT),+0.0000
2026-03-18 20:37:29,swing,URNM,LONG,38,62.55,entry (LONG),+0.0000
2026-03-18 20:37:31,swing,LQD,LONG,18,108.71,entry (LONG),+0.0000
2026-03-18 20:37:34,swing,EMB,SHORT,15,94.36,entry (SHORT),+0.0000
2026-03-18 20:37:39,swing,EWW,SHORT,49,72.38,entry (SHORT),+0.0000
2026-03-18 20:37:41,swing,USO,LONG,47,121.67,entry (LONG),+0.0000
2026-03-18 20:37:41,swing,SPY,LONG,5,661.43,entry (LONG),+0.0000
2026-03-18 20:37:43,swing,PDBC,SHORT,267,17.46,entry (SHORT),+0.0000
2026-03-18 20:37:43,swing,USO,LONG,47,121.67,entry (LONG),+0.0000
2026-03-18 20:37:43,swing,VGK,LONG,34,82.26,entry (LONG),+0.0000
2026-03-18 20:37:45,swing,XLE,SHORT,77,58.43,entry (SHORT),+0.0000
2026-03-18 20:37:45,swing,PDBC,SHORT,267,17.46,entry (SHORT),+0.0000
2026-03-18 20:37:45,swing,IWM,LONG,14,246.02,entry (LONG),+0.0000
2026-03-18 20:37:47,swing,EWY,SHORT,33,131.88,entry (SHORT),+0.0000
2026-03-18 20:37:47,swing,XLE,SHORT,77,58.43,entry (SHORT),+0.0000
2026-03-18 20:37:48,swing,XLV,SHORT,21,147.14,entry (SHORT),+0.0000
2026-03-18 20:37:50,swing,XLU,LONG,47,46.73,entry (LONG),+0.0000
2026-03-18 20:37:50,swing,EWY,SHORT,33,131.88,entry (SHORT),+0.0000
2026-03-18 20:37:51,swing,MCHI,SHORT,45,57.23,entry (SHORT),+0.0000
2026-03-18 20:37:52,swing,EWT,SHORT,54,71.34,entry (SHORT),+0.0000
2026-03-18 20:37:52,swing,XLU,LONG,47,46.73,entry (LONG),+0.0000
2026-03-18 20:37:53,swing,XLY,SHORT,30,110.57,entry (SHORT),+0.0000
2026-03-18 20:37:54,swing,EWT,SHORT,54,71.34,entry (SHORT),+0.0000
2026-03-18 20:37:55,swing,GLD,LONG,17,444.74,entry (LONG),+0.0000
2026-03-18 20:37:55,swing,XLF,LONG,67,48.97,entry (LONG),+0.0000
2026-03-18 20:37:57,swing,GLD,LONG,17,444.74,entry (LONG),+0.0000
2026-03-18 20:37:57,swing,CIBR,LONG,50,64.96,entry (LONG),+0.0000
2026-03-18 20:37:59,swing,ARKK,SHORT,45,71.41,entry (SHORT),+0.0000
2026-03-18 20:38:01,swing,INDA,LONG,68,47.72,entry (LONG),+0.0000
2026-03-18 20:38:01,swing,EWH,LONG,166,22.65,entry (LONG),+0.0000
2026-03-18 20:38:02,swing,EWH,LONG,166,22.65,entry (LONG),+0.0000
2026-03-18 20:38:03,swing,IGV,LONG,9,84.34,entry (LONG),+0.0000
2026-03-18 20:38:03,swing,XLB,LONG,77,48.48,entry (LONG),+0.0000
2026-03-18 20:38:04,swing,XLB,LONG,77,48.48,entry (LONG),+0.0000
2026-03-18 20:38:05,swing,XLRE,LONG,35,42.02,entry (LONG),+0.0000
2026-03-18 20:38:06,swing,QQQ,LONG,2,594.90,entry (LONG),+0.0000
2026-03-18 20:38:07,swing,XLRE,LONG,54,42.02,entry (LONG),+0.0000
2026-03-18 20:38:07,swing,EWC,LONG,68,54.81,entry (LONG),+0.0000
2026-03-18 20:38:09,swing,EWC,LONG,68,54.81,entry (LONG),+0.0000
2026-03-18 20:38:09,swing,EWU,LONG,82,45.38,entry (LONG),+0.0000
2026-03-18 20:38:11,swing,EWU,LONG,82,45.38,entry (LONG),+0.0000
2026-03-18 20:38:11,swing,EWA,LONG,98,28.00,entry (LONG),+0.0000
2026-03-18 20:38:12,swing,EWA,LONG,98,28.00,entry (LONG),+0.0000
2026-03-18 20:38:13,swing,XLI,LONG,14,165.18,entry (LONG),+0.0000
2026-03-18 20:38:15,swing,XLI,SHORT,22,165.18,entry (SHORT),+0.0000
2026-03-18 20:38:15,swing,VTV,LONG,18,196.75,entry (LONG),+0.0000
2026-03-18 20:38:17,swing,VTV,SHORT,18,196.75,entry (SHORT),+0.0000
2026-03-18 20:38:17,swing,IEF,LONG,38,95.75,entry (LONG),+0.0000
2026-03-18 20:38:18,swing,GLD,SHORT,3,444.74,entry (SHORT),+0.0000
2026-03-18 20:38:19,swing,IEF,LONG,38,95.75,entry (LONG),+0.0000
2026-03-18 20:38:19,swing,HYG,LONG,46,79.40,entry (LONG),+0.0000
2026-03-18 20:38:21,swing,HYG,LONG,46,79.40,entry (LONG),+0.0000
2026-03-18 20:38:21,swing,EEM,SHORT,25,57.56,entry (SHORT),+0.0000
2026-03-18 20:38:23,swing,EEM,SHORT,25,57.56,entry (SHORT),+0.0000
2026-03-18 20:38:24,swing,URNM,LONG,38,62.55,entry (LONG),+0.0000
2026-03-18 20:38:26,swing,URNM,LONG,38,62.55,entry (LONG),+0.0000
2026-03-18 20:38:26,swing,LQD,LONG,18,108.71,entry (LONG),+0.0000
2026-03-18 20:38:28,swing,LQD,LONG,18,108.71,entry (LONG),+0.0000
2026-03-18 20:38:30,swing,EMB,SHORT,15,94.36,entry (SHORT),+0.0000
2026-03-18 20:38:31,swing,EMB,SHORT,15,94.36,entry (SHORT),+0.0000
2026-03-18 20:38:35,swing,EWW,SHORT,49,72.38,entry (SHORT),+0.0000
2026-03-18 20:38:36,swing,EWW,SHORT,49,72.38,entry (SHORT),+0.0000
2026-03-18 20:38:36,swing,SPY,LONG,5,661.43,entry (LONG),+0.0000
2026-03-18 20:38:38,swing,SPY,LONG,5,661.43,entry (LONG),+0.0000
2026-03-18 20:38:38,swing,VGK,LONG,34,82.26,entry (LONG),+0.0000
2026-03-18 20:38:40,swing,VGK,LONG,34,82.26,entry (LONG),+0.0000
2026-03-18 20:38:40,swing,IWM,LONG,14,246.02,entry (LONG),+0.0000
2026-03-18 20:38:42,swing,IWM,LONG,14,246.02,entry (LONG),+0.0000
2026-03-18 20:38:42,swing,XLV,SHORT,21,147.14,entry (SHORT),+0.0000
2026-03-18 20:38:44,swing,XLV,SHORT,21,147.14,entry (SHORT),+0.0000
2026-03-18 20:38:46,swing,MCHI,SHORT,45,57.23,entry (SHORT),+0.0000
2026-03-18 20:38:48,swing,XLY,SHORT,30,110.57,entry (SHORT),+0.0000
2026-03-18 20:38:48,swing,MCHI,SHORT,45,57.23,entry (SHORT),+0.0000
2026-03-18 20:38:50,swing,XLF,LONG,67,48.97,entry (LONG),+0.0000
2026-03-18 20:38:50,swing,XLY,SHORT,30,110.57,entry (SHORT),+0.0000
2026-03-18 20:38:52,swing,CIBR,LONG,50,64.96,entry (LONG),+0.0000
2026-03-18 20:38:52,swing,XLF,LONG,67,48.97,entry (LONG),+0.0000
2026-03-18 20:38:54,swing,ARKK,SHORT,45,71.41,entry (SHORT),+0.0000
2026-03-18 20:38:54,swing,CIBR,LONG,50,64.96,entry (LONG),+0.0000
2026-03-18 20:38:55,swing,INDA,LONG,68,47.72,entry (LONG),+0.0000
2026-03-18 20:38:56,swing,ARKK,SHORT,45,71.41,entry (SHORT),+0.0000
2026-03-18 20:38:57,swing,IGV,LONG,9,84.34,entry (LONG),+0.0000
2026-03-18 20:38:58,swing,INDA,LONG,68,47.72,entry (LONG),+0.0000
2026-03-18 20:38:59,swing,IGV,LONG,9,84.34,entry (LONG),+0.0000
2026-03-18 20:39:02,swing,QQQ,LONG,2,594.90,entry (LONG),+0.0000
2026-03-18 20:39:03,swing,QQQ,LONG,2,594.90,entry (LONG),+0.0000
2026-03-18 20:43:15,swing,USO,LONG,47,121.67,entry (LONG),+0.0000
2026-03-18 20:43:17,swing,PDBC,SHORT,267,17.46,entry (SHORT),+0.0000
2026-03-18 20:43:19,swing,XLE,SHORT,77,58.43,entry (SHORT),+0.0000
2026-03-18 20:43:21,swing,EWY,SHORT,33,131.88,entry (SHORT),+0.0000
2026-03-18 20:43:24,swing,EWT,SHORT,54,71.34,entry (SHORT),+0.0000
2026-03-18 20:43:27,swing,GLD,LONG,17,444.74,entry (LONG),+0.0000
2026-03-18 20:43:32,swing,EWH,LONG,166,22.65,entry (LONG),+0.0000
2026-03-18 20:43:33,swing,GLD,SHORT,3,444.74,entry (SHORT),+0.0000
2026-03-18 20:43:34,swing,XLB,LONG,39,48.48,entry (LONG),+0.0000
2026-03-18 20:43:37,swing,XLRE,LONG,54,42.02,entry (LONG),+0.0000
2026-03-18 20:43:39,swing,EWC,LONG,68,54.81,entry (LONG),+0.0000
2026-03-18 20:43:41,swing,EWU,LONG,82,45.38,entry (LONG),+0.0000
2026-03-18 20:43:42,swing,EWA,LONG,98,28.00,entry (LONG),+0.0000
2026-03-18 20:43:44,swing,XLI,SHORT,22,165.18,entry (SHORT),+0.0000
2026-03-18 20:43:46,swing,VTV,SHORT,18,196.75,entry (SHORT),+0.0000
2026-03-18 20:43:48,swing,IEF,LONG,38,95.75,entry (LONG),+0.0000
2026-03-18 20:43:50,swing,HYG,LONG,46,79.40,entry (LONG),+0.0000
2026-03-18 20:43:52,swing,EEM,SHORT,25,57.56,entry (SHORT),+0.0000
2026-03-18 20:43:55,swing,URNM,LONG,38,62.55,entry (LONG),+0.0000
2026-03-18 20:43:57,swing,LQD,LONG,18,108.71,entry (LONG),+0.0000
2026-03-18 20:44:00,swing,EMB,SHORT,15,94.36,entry (SHORT),+0.0000
2026-03-18 20:44:05,swing,EWW,SHORT,49,72.38,entry (SHORT),+0.0000
2026-03-18 20:44:07,swing,SPY,LONG,5,661.43,entry (LONG),+0.0000
2026-03-18 20:44:08,swing,VGK,LONG,34,82.26,entry (LONG),+0.0000
2026-03-18 20:44:09,swing,USO,LONG,47,121.67,entry (LONG),+0.0000
2026-03-18 20:44:11,swing,PDBC,SHORT,267,17.46,entry (SHORT),+0.0000
2026-03-18 20:44:11,swing,IWM,LONG,14,246.02,entry (LONG),+0.0000
2026-03-18 20:44:12,swing,USO,LONG,47,121.67,entry (LONG),+0.0000
2026-03-18 20:44:13,swing,XLV,SHORT,21,147.14,entry (SHORT),+0.0000
2026-03-18 20:44:13,swing,XLE,SHORT,77,58.43,entry (SHORT),+0.0000
2026-03-18 20:44:14,swing,PDBC,SHORT,267,17.46,entry (SHORT),+0.0000
2026-03-18 20:44:15,swing,EWY,SHORT,33,131.88,entry (SHORT),+0.0000
2026-03-18 20:44:16,swing,MCHI,SHORT,45,57.23,entry (SHORT),+0.0000
2026-03-18 20:44:16,swing,XLE,SHORT,77,58.43,entry (SHORT),+0.0000
2026-03-18 20:44:17,swing,XLU,LONG,47,46.73,entry (LONG),+0.0000
2026-03-18 20:44:18,swing,EWY,SHORT,33,131.88,entry (SHORT),+0.0000
2026-03-18 20:44:18,swing,XLY,SHORT,30,110.57,entry (SHORT),+0.0000
2026-03-18 20:44:19,swing,EWT,SHORT,54,71.34,entry (SHORT),+0.0000
2026-03-18 20:44:20,swing,XLU,LONG,47,46.73,entry (LONG),+0.0000
2026-03-18 20:44:20,swing,XLF,LONG,67,48.97,entry (LONG),+0.0000
2026-03-18 20:44:22,swing,EWT,SHORT,54,71.34,entry (SHORT),+0.0000
2026-03-18 20:44:22,swing,GLD,LONG,17,444.74,entry (LONG),+0.0000
2026-03-18 20:44:22,swing,CIBR,LONG,50,64.96,entry (LONG),+0.0000
2026-03-18 20:44:24,swing,ARKK,SHORT,45,71.41,entry (SHORT),+0.0000
2026-03-18 20:44:25,swing,GLD,LONG,17,444.74,entry (LONG),+0.0000
2026-03-18 20:44:26,swing,INDA,LONG,68,47.72,entry (LONG),+0.0000
2026-03-18 20:44:27,swing,EWH,LONG,166,22.65,entry (LONG),+0.0000
2026-03-18 20:44:29,swing,IGV,LONG,9,84.34,entry (LONG),+0.0000
2026-03-18 20:44:29,swing,XLB,LONG,77,48.48,entry (LONG),+0.0000
2026-03-18 20:44:30,swing,EWH,LONG,166,22.65,entry (LONG),+0.0000
2026-03-18 20:44:31,swing,XLRE,LONG,35,42.02,entry (LONG),+0.0000
2026-03-18 20:44:32,swing,QQQ,LONG,2,594.90,entry (LONG),+0.0000
2026-03-18 20:44:32,swing,XLB,LONG,77,48.48,entry (LONG),+0.0000
2026-03-18 20:44:33,swing,EWC,LONG,68,54.81,entry (LONG),+0.0000
2026-03-18 20:44:34,swing,XLRE,LONG,54,42.02,entry (LONG),+0.0000
2026-03-18 20:44:35,swing,EWU,LONG,82,45.38,entry (LONG),+0.0000
2026-03-18 20:44:36,swing,EWC,LONG,68,54.81,entry (LONG),+0.0000
2026-03-18 20:44:37,swing,EWA,LONG,98,28.00,entry (LONG),+0.0000
2026-03-18 20:44:38,swing,EWU,LONG,82,45.38,entry (LONG),+0.0000
2026-03-18 20:44:39,swing,XLI,LONG,14,165.18,entry (LONG),+0.0000
2026-03-18 20:44:39,swing,EWA,LONG,98,28.00,entry (LONG),+0.0000
2026-03-18 20:44:41,swing,VTV,LONG,18,196.75,entry (LONG),+0.0000
2026-03-18 20:44:42,swing,XLI,SHORT,22,165.18,entry (SHORT),+0.0000
2026-03-18 20:44:43,swing,IEF,LONG,38,95.75,entry (LONG),+0.0000
2026-03-18 20:44:44,swing,VTV,SHORT,18,196.75,entry (SHORT),+0.0000
2026-03-18 20:44:45,swing,HYG,LONG,46,79.40,entry (LONG),+0.0000
2026-03-18 20:44:46,swing,IEF,LONG,38,95.75,entry (LONG),+0.0000
2026-03-18 20:44:47,swing,EEM,SHORT,25,57.56,entry (SHORT),+0.0000
2026-03-18 20:44:48,swing,HYG,LONG,46,79.40,entry (LONG),+0.0000
2026-03-18 20:44:50,swing,EEM,SHORT,25,57.56,entry (SHORT),+0.0000
2026-03-18 20:44:50,swing,URNM,LONG,38,62.55,entry (LONG),+0.0000
2026-03-18 20:44:52,swing,LQD,LONG,18,108.71,entry (LONG),+0.0000
2026-03-18 20:44:53,swing,URNM,LONG,38,62.55,entry (LONG),+0.0000
2026-03-18 20:44:55,swing,LQD,LONG,18,108.71,entry (LONG),+0.0000
2026-03-18 20:44:55,swing,EMB,SHORT,15,94.36,entry (SHORT),+0.0000
2026-03-18 20:44:58,swing,EMB,SHORT,15,94.36,entry (SHORT),+0.0000
2026-03-18 20:45:00,swing,EWW,SHORT,49,72.38,entry (SHORT),+0.0000
2026-03-18 20:45:02,swing,SPY,LONG,5,661.43,entry (LONG),+0.0000
2026-03-18 20:45:03,swing,EWW,SHORT,49,72.38,entry (SHORT),+0.0000
2026-03-18 20:45:04,swing,VGK,LONG,34,82.26,entry (LONG),+0.0000
2026-03-18 20:45:05,swing,SPY,LONG,5,661.43,entry (LONG),+0.0000
2026-03-18 20:45:06,swing,IWM,LONG,14,246.02,entry (LONG),+0.0000
2026-03-18 20:45:07,swing,VGK,LONG,34,82.26,entry (LONG),+0.0000
2026-03-18 20:45:08,swing,XLV,SHORT,21,147.14,entry (SHORT),+0.0000
2026-03-18 20:45:09,swing,IWM,LONG,14,246.02,entry (LONG),+0.0000
2026-03-18 20:45:11,swing,XLV,SHORT,21,147.14,entry (SHORT),+0.0000
2026-03-18 20:45:11,swing,MCHI,SHORT,45,57.23,entry (SHORT),+0.0000
2026-03-18 20:45:13,swing,XLY,SHORT,30,110.57,entry (SHORT),+0.0000
2026-03-18 20:45:14,swing,MCHI,SHORT,45,57.23,entry (SHORT),+0.0000
2026-03-18 20:45:16,swing,XLF,LONG,67,48.97,entry (LONG),+0.0000
2026-03-18 20:45:17,swing,XLY,SHORT,30,110.57,entry (SHORT),+0.0000
2026-03-18 20:45:18,swing,CIBR,LONG,50,64.96,entry (LONG),+0.0000
2026-03-18 20:45:19,swing,XLF,LONG,67,48.97,entry (LONG),+0.0000
2026-03-18 20:45:20,swing,ARKK,SHORT,45,71.41,entry (SHORT),+0.0000
2026-03-18 20:45:21,swing,CIBR,LONG,50,64.96,entry (LONG),+0.0000
2026-03-18 20:45:22,swing,INDA,LONG,68,47.72,entry (LONG),+0.0000
2026-03-18 20:45:23,swing,ARKK,SHORT,45,71.41,entry (SHORT),+0.0000
2026-03-18 20:45:24,swing,IGV,LONG,9,84.34,entry (LONG),+0.0000
2026-03-18 20:45:25,swing,INDA,LONG,68,47.72,entry (LONG),+0.0000
2026-03-18 20:45:26,swing,IGV,LONG,9,84.34,entry (LONG),+0.0000
2026-03-18 20:45:29,swing,QQQ,LONG,2,594.90,entry (LONG),+0.0000
2026-03-18 20:45:30,swing,QQQ,LONG,2,594.90,entry (LONG),+0.0000
2026-03-18 20:48:48,swing,GLD,SHORT,3,444.74,entry (SHORT),+0.0000
2026-03-18 20:49:40,swing,USO,LONG,47,121.67,entry (LONG),+0.0000
2026-03-18 20:49:42,swing,PDBC,SHORT,267,17.46,entry (SHORT),+0.0000
2026-03-18 20:49:44,swing,XLE,SHORT,77,58.43,entry (SHORT),+0.0000
2026-03-18 20:49:45,swing,EWY,SHORT,33,131.88,entry (SHORT),+0.0000
2026-03-18 20:49:48,swing,EWT,SHORT,54,71.34,entry (SHORT),+0.0000
2026-03-18 20:49:52,swing,GLD,LONG,17,444.74,entry (LONG),+0.0000
2026-03-18 20:49:56,swing,EWH,LONG,166,22.65,entry (LONG),+0.0000
2026-03-18 20:49:58,swing,XLB,LONG,39,48.48,entry (LONG),+0.0000
2026-03-18 20:50:00,swing,XLRE,LONG,54,42.02,entry (LONG),+0.0000
2026-03-18 20:50:02,swing,EWC,LONG,68,54.81,entry (LONG),+0.0000
2026-03-18 20:50:03,swing,EWU,LONG,82,45.38,entry (LONG),+0.0000
2026-03-18 20:50:05,swing,EWA,LONG,98,28.00,entry (LONG),+0.0000
2026-03-18 20:50:07,swing,XLI,SHORT,22,165.18,entry (SHORT),+0.0000
2026-03-18 20:50:08,swing,VTV,SHORT,18,196.75,entry (SHORT),+0.0000
2026-03-18 20:50:10,swing,IEF,LONG,38,95.75,entry (LONG),+0.0000
2026-03-18 20:50:12,swing,HYG,LONG,46,79.40,entry (LONG),+0.0000
2026-03-18 20:50:14,swing,EEM,SHORT,25,57.56,entry (SHORT),+0.0000
2026-03-18 20:50:16,swing,URNM,LONG,38,62.55,entry (LONG),+0.0000
2026-03-18 20:50:18,swing,LQD,LONG,18,108.71,entry (LONG),+0.0000
2026-03-18 20:50:21,swing,EMB,SHORT,15,94.36,entry (SHORT),+0.0000
2026-03-18 20:50:25,swing,EWW,SHORT,49,72.38,entry (SHORT),+0.0000
2026-03-18 20:50:27,swing,SPY,LONG,5,661.43,entry (LONG),+0.0000
2026-03-18 20:50:28,swing,VGK,LONG,34,82.26,entry (LONG),+0.0000
2026-03-18 20:50:30,swing,IWM,LONG,14,246.02,entry (LONG),+0.0000
2026-03-18 20:50:32,swing,XLV,SHORT,21,147.14,entry (SHORT),+0.0000
2026-03-18 20:50:35,swing,MCHI,SHORT,45,57.23,entry (SHORT),+0.0000
2026-03-18 20:50:36,swing,USO,LONG,47,121.67,entry (LONG),+0.0000
2026-03-18 20:50:36,swing,XLY,SHORT,30,110.57,entry (SHORT),+0.0000
2026-03-18 20:50:37,swing,PDBC,SHORT,267,17.46,entry (SHORT),+0.0000
2026-03-18 20:50:38,swing,USO,LONG,47,121.67,entry (LONG),+0.0000
2026-03-18 20:50:38,swing,XLF,LONG,67,48.97,entry (LONG),+0.0000
2026-03-18 20:50:39,swing,XLE,SHORT,77,58.43,entry (SHORT),+0.0000
2026-03-18 20:50:40,swing,PDBC,SHORT,267,17.46,entry (SHORT),+0.0000
2026-03-18 20:50:40,swing,CIBR,LONG,50,64.96,entry (LONG),+0.0000
2026-03-18 20:50:41,swing,EWY,SHORT,33,131.88,entry (SHORT),+0.0000
2026-03-18 20:50:42,swing,XLE,SHORT,77,58.43,entry (SHORT),+0.0000
2026-03-18 20:50:42,swing,ARKK,SHORT,45,71.41,entry (SHORT),+0.0000
2026-03-18 20:50:43,swing,XLU,LONG,47,46.73,entry (LONG),+0.0000
2026-03-18 20:50:44,swing,INDA,LONG,68,47.72,entry (LONG),+0.0000
2026-03-18 20:50:44,swing,EWY,SHORT,33,131.88,entry (SHORT),+0.0000
2026-03-18 20:50:45,swing,EWT,SHORT,54,71.34,entry (SHORT),+0.0000
2026-03-18 20:50:45,swing,IGV,LONG,9,84.34,entry (LONG),+0.0000
2026-03-18 20:50:45,swing,XLU,LONG,47,46.73,entry (LONG),+0.0000
2026-03-18 20:50:47,swing,EWT,SHORT,54,71.34,entry (SHORT),+0.0000
2026-03-18 20:50:48,swing,GLD,LONG,17,444.74,entry (LONG),+0.0000
2026-03-18 20:50:48,swing,QQQ,LONG,2,594.90,entry (LONG),+0.0000
2026-03-18 20:50:50,swing,GLD,LONG,17,444.74,entry (LONG),+0.0000
2026-03-18 20:50:52,swing,EWH,LONG,166,22.65,entry (LONG),+0.0000
2026-03-18 20:50:54,swing,XLB,LONG,77,48.48,entry (LONG),+0.0000
2026-03-18 20:50:54,swing,EWH,LONG,166,22.65,entry (LONG),+0.0000
2026-03-18 20:50:55,swing,XLRE,LONG,35,42.02,entry (LONG),+0.0000
2026-03-18 20:50:56,swing,XLB,LONG,77,48.48,entry (LONG),+0.0000
2026-03-18 20:50:57,swing,EWC,LONG,68,54.81,entry (LONG),+0.0000
2026-03-18 20:50:58,swing,XLRE,LONG,54,42.02,entry (LONG),+0.0000
2026-03-18 20:50:59,swing,EWU,LONG,82,45.38,entry (LONG),+0.0000
2026-03-18 20:50:59,swing,EWC,LONG,68,54.81,entry (LONG),+0.0000
2026-03-18 20:51:01,swing,EWA,LONG,98,28.00,entry (LONG),+0.0000
2026-03-18 20:51:01,swing,EWU,LONG,82,45.38,entry (LONG),+0.0000
2026-03-18 20:51:02,swing,XLI,LONG,14,165.18,entry (LONG),+0.0000
2026-03-18 20:51:03,swing,EWA,LONG,98,28.00,entry (LONG),+0.0000
2026-03-18 20:51:04,swing,VTV,LONG,18,196.75,entry (LONG),+0.0000
2026-03-18 20:51:05,swing,XLI,SHORT,22,165.18,entry (SHORT),+0.0000
2026-03-18 20:51:06,swing,IEF,LONG,38,95.75,entry (LONG),+0.0000
2026-03-18 20:51:06,swing,VTV,SHORT,18,196.75,entry (SHORT),+0.0000
2026-03-18 20:51:08,swing,HYG,LONG,46,79.40,entry (LONG),+0.0000
2026-03-18 20:51:08,swing,IEF,LONG,38,95.75,entry (LONG),+0.0000
2026-03-18 20:51:09,swing,EEM,SHORT,25,57.56,entry (SHORT),+0.0000
2026-03-18 20:51:10,swing,HYG,LONG,46,79.40,entry (LONG),+0.0000
2026-03-18 20:51:11,swing,EEM,SHORT,25,57.56,entry (SHORT),+0.0000
2026-03-18 20:51:12,swing,URNM,LONG,38,62.55,entry (LONG),+0.0000
2026-03-18 20:51:14,swing,LQD,LONG,18,108.71,entry (LONG),+0.0000
2026-03-18 20:51:14,swing,URNM,LONG,38,62.55,entry (LONG),+0.0000
2026-03-18 20:51:16,swing,LQD,LONG,18,108.71,entry (LONG),+0.0000
2026-03-18 20:51:17,swing,EMB,SHORT,15,94.36,entry (SHORT),+0.0000
2026-03-18 20:51:19,swing,EMB,SHORT,15,94.36,entry (SHORT),+0.0000
2026-03-18 20:51:21,swing,EWW,SHORT,49,72.38,entry (SHORT),+0.0000
2026-03-18 20:51:23,swing,SPY,LONG,5,661.43,entry (LONG),+0.0000
2026-03-18 20:51:24,swing,EWW,SHORT,49,72.38,entry (SHORT),+0.0000
2026-03-18 20:51:25,swing,VGK,LONG,34,82.26,entry (LONG),+0.0000
2026-03-18 20:51:25,swing,SPY,LONG,5,661.43,entry (LONG),+0.0000
2026-03-18 20:51:27,swing,IWM,LONG,14,246.02,entry (LONG),+0.0000
2026-03-18 20:51:27,swing,VGK,LONG,34,82.26,entry (LONG),+0.0000
2026-03-18 20:51:28,swing,XLV,SHORT,21,147.14,entry (SHORT),+0.0000
2026-03-18 20:51:29,swing,IWM,LONG,14,246.02,entry (LONG),+0.0000
2026-03-18 20:51:30,swing,XLV,SHORT,21,147.14,entry (SHORT),+0.0000
2026-03-18 20:51:31,swing,MCHI,SHORT,45,57.23,entry (SHORT),+0.0000
2026-03-18 20:51:33,swing,XLY,SHORT,30,110.57,entry (SHORT),+0.0000
2026-03-18 20:51:33,swing,MCHI,SHORT,45,57.23,entry (SHORT),+0.0000
2026-03-18 20:51:35,swing,XLF,LONG,67,48.97,entry (LONG),+0.0000
2026-03-18 20:51:35,swing,XLY,SHORT,30,110.57,entry (SHORT),+0.0000
2026-03-18 20:51:36,swing,CIBR,LONG,50,64.96,entry (LONG),+0.0000
2026-03-18 20:51:37,swing,XLF,LONG,67,48.97,entry (LONG),+0.0000
2026-03-18 20:51:38,swing,ARKK,SHORT,45,71.41,entry (SHORT),+0.0000
2026-03-18 20:51:39,swing,CIBR,LONG,50,64.96,entry (LONG),+0.0000
2026-03-18 20:51:39,swing,INDA,LONG,68,47.72,entry (LONG),+0.0000
2026-03-18 20:51:41,swing,ARKK,SHORT,45,71.41,entry (SHORT),+0.0000
2026-03-18 20:51:41,swing,IGV,LONG,9,84.34,entry (LONG),+0.0000
2026-03-18 20:51:43,swing,INDA,LONG,68,47.72,entry (LONG),+0.0000
2026-03-18 20:51:44,swing,IGV,LONG,9,84.34,entry (LONG),+0.0000
2026-03-18 20:51:45,swing,QQQ,LONG,2,594.90,entry (LONG),+0.0000
2026-03-18 20:51:47,swing,QQQ,LONG,2,594.90,entry (LONG),+0.0000
2026-03-18 20:54:00,swing,GLD,SHORT,3,444.74,entry (SHORT),+0.0000
2026-03-18 20:55:56,swing,USO,LONG,47,121.67,entry (LONG),+0.0000
2026-03-18 20:55:58,swing,PDBC,SHORT,267,17.46,entry (SHORT),+0.0000
2026-03-18 20:56:00,swing,XLE,SHORT,77,58.43,entry (SHORT),+0.0000
2026-03-18 20:56:02,swing,EWY,SHORT,33,131.88,entry (SHORT),+0.0000
2026-03-18 20:56:05,swing,EWT,SHORT,54,71.34,entry (SHORT),+0.0000
2026-03-18 20:56:07,swing,GLD,LONG,17,444.74,entry (LONG),+0.0000
2026-03-18 20:56:12,swing,EWH,LONG,166,22.65,entry (LONG),+0.0000
2026-03-18 20:56:13,swing,XLB,LONG,39,48.48,entry (LONG),+0.0000
2026-03-18 20:56:15,swing,XLRE,LONG,54,42.02,entry (LONG),+0.0000
2026-03-18 20:56:17,swing,EWC,LONG,68,54.81,entry (LONG),+0.0000
2026-03-18 20:56:19,swing,EWU,LONG,82,45.38,entry (LONG),+0.0000
2026-03-18 20:56:21,swing,EWA,LONG,98,28.00,entry (LONG),+0.0000
2026-03-18 20:56:22,swing,XLI,SHORT,22,165.18,entry (SHORT),+0.0000
2026-03-18 20:56:24,swing,VTV,SHORT,18,196.75,entry (SHORT),+0.0000
2026-03-18 20:56:26,swing,IEF,LONG,38,95.75,entry (LONG),+0.0000
2026-03-18 20:56:27,swing,HYG,LONG,46,79.40,entry (LONG),+0.0000
2026-03-18 20:56:29,swing,EEM,SHORT,25,57.56,entry (SHORT),+0.0000
2026-03-18 20:56:34,swing,URNM,LONG,38,62.55,entry (LONG),+0.0000
2026-03-18 20:56:36,swing,LQD,LONG,18,108.71,entry (LONG),+0.0000
2026-03-18 20:56:39,swing,EMB,SHORT,15,94.36,entry (SHORT),+0.0000
2026-03-18 20:56:43,swing,EWW,SHORT,49,72.38,entry (SHORT),+0.0000
2026-03-18 20:56:45,swing,SPY,LONG,5,661.43,entry (LONG),+0.0000
2026-03-18 20:56:46,swing,VGK,LONG,34,82.26,entry (LONG),+0.0000
2026-03-18 20:56:48,swing,IWM,LONG,14,246.02,entry (LONG),+0.0000
2026-03-18 20:56:50,swing,XLV,SHORT,21,147.14,entry (SHORT),+0.0000
2026-03-18 20:56:52,swing,USO,LONG,47,121.67,entry (LONG),+0.0000
2026-03-18 20:56:53,swing,MCHI,SHORT,45,57.23,entry (SHORT),+0.0000
2026-03-18 20:56:54,swing,PDBC,SHORT,267,17.46,entry (SHORT),+0.0000
2026-03-18 20:56:55,swing,USO,LONG,47,121.67,entry (LONG),+0.0000
2026-03-18 20:56:55,swing,XLY,SHORT,30,110.57,entry (SHORT),+0.0000
2026-03-18 20:56:55,swing,XLE,SHORT,77,58.43,entry (SHORT),+0.0000
2026-03-18 20:56:57,swing,PDBC,SHORT,267,17.46,entry (SHORT),+0.0000
2026-03-18 20:56:57,swing,XLF,LONG,67,48.97,entry (LONG),+0.0000
2026-03-18 20:56:57,swing,EWY,SHORT,33,131.88,entry (SHORT),+0.0000
2026-03-18 20:56:58,swing,XLE,SHORT,77,58.43,entry (SHORT),+0.0000
2026-03-18 20:56:59,swing,XLU,LONG,47,46.73,entry (LONG),+0.0000
2026-03-18 20:56:59,swing,CIBR,LONG,50,64.96,entry (LONG),+0.0000
2026-03-18 20:57:00,swing,EWY,SHORT,33,131.88,entry (SHORT),+0.0000
2026-03-18 20:57:01,swing,ARKK,SHORT,45,71.41,entry (SHORT),+0.0000
2026-03-18 20:57:01,swing,EWT,SHORT,54,71.34,entry (SHORT),+0.0000
2026-03-18 20:57:02,swing,XLU,LONG,47,46.73,entry (LONG),+0.0000
2026-03-18 20:57:02,swing,INDA,LONG,68,47.72,entry (LONG),+0.0000
2026-03-18 20:57:04,swing,GLD,LONG,17,444.74,entry (LONG),+0.0000
2026-03-18 20:57:04,swing,EWT,SHORT,54,71.34,entry (SHORT),+0.0000
2026-03-18 20:57:04,swing,IGV,LONG,9,84.34,entry (LONG),+0.0000
2026-03-18 20:57:07,swing,GLD,LONG,17,444.74,entry (LONG),+0.0000
2026-03-18 20:57:07,swing,QQQ,LONG,2,594.90,entry (LONG),+0.0000
2026-03-18 20:57:09,swing,EWH,LONG,166,22.65,entry (LONG),+0.0000
2026-03-18 20:57:10,swing,XLB,LONG,77,48.48,entry (LONG),+0.0000
2026-03-18 20:57:11,swing,EWH,LONG,166,22.65,entry (LONG),+0.0000
2026-03-18 20:57:12,swing,XLRE,LONG,35,42.02,entry (LONG),+0.0000
2026-03-18 20:57:13,swing,XLB,LONG,77,48.48,entry (LONG),+0.0000
2026-03-18 20:57:14,swing,EWC,LONG,68,54.81,entry (LONG),+0.0000
2026-03-18 20:57:15,swing,XLRE,LONG,54,42.02,entry (LONG),+0.0000
2026-03-18 20:57:16,swing,EWU,LONG,82,45.38,entry (LONG),+0.0000
2026-03-18 20:57:16,swing,EWC,LONG,68,54.81,entry (LONG),+0.0000
2026-03-18 20:57:17,swing,EWA,LONG,98,28.00,entry (LONG),+0.0000
2026-03-18 20:57:18,swing,EWU,LONG,82,45.38,entry (LONG),+0.0000
2026-03-18 20:57:19,swing,XLI,LONG,14,165.18,entry (LONG),+0.0000
2026-03-18 20:57:20,swing,EWA,LONG,98,28.00,entry (LONG),+0.0000
2026-03-18 20:57:21,swing,VTV,LONG,18,196.75,entry (LONG),+0.0000
2026-03-18 20:57:22,swing,XLI,SHORT,22,165.18,entry (SHORT),+0.0000
2026-03-18 20:57:23,swing,IEF,LONG,38,95.75,entry (LONG),+0.0000
2026-03-18 20:57:24,swing,VTV,SHORT,18,196.75,entry (SHORT),+0.0000
2026-03-18 20:57:25,swing,HYG,LONG,46,79.40,entry (LONG),+0.0000
2026-03-18 20:57:25,swing,IEF,LONG,38,95.75,entry (LONG),+0.0000
2026-03-18 20:57:27,swing,EEM,SHORT,25,57.56,entry (SHORT),+0.0000
2026-03-18 20:57:27,swing,HYG,LONG,46,79.40,entry (LONG),+0.0000
2026-03-18 20:57:29,swing,EEM,SHORT,25,57.56,entry (SHORT),+0.0000
2026-03-18 20:57:30,swing,URNM,LONG,38,62.55,entry (LONG),+0.0000
2026-03-18 20:57:42,swing,LQD,LONG,18,108.71,entry (LONG),+0.0000
2026-03-18 20:57:42,swing,URNM,LONG,38,62.55,entry (LONG),+0.0000
2026-03-18 20:57:44,swing,LQD,LONG,18,108.71,entry (LONG),+0.0000
2026-03-18 20:57:45,swing,EMB,SHORT,15,94.36,entry (SHORT),+0.0000
2026-03-18 20:57:47,swing,EMB,SHORT,15,94.36,entry (SHORT),+0.0000
2026-03-18 20:57:50,swing,EWW,SHORT,49,72.38,entry (SHORT),+0.0000
2026-03-18 20:57:52,swing,SPY,LONG,5,661.43,entry (LONG),+0.0000
2026-03-18 20:57:52,swing,EWW,SHORT,49,72.38,entry (SHORT),+0.0000
2026-03-18 20:57:53,swing,VGK,LONG,34,82.26,entry (LONG),+0.0000
2026-03-18 20:57:53,swing,SPY,LONG,5,661.43,entry (LONG),+0.0000
2026-03-18 20:57:55,swing,VGK,LONG,34,82.26,entry (LONG),+0.0000
2026-03-18 20:57:55,swing,IWM,LONG,14,246.02,entry (LONG),+0.0000
2026-03-18 20:57:57,swing,IWM,LONG,14,246.02,entry (LONG),+0.0000
2026-03-18 20:57:57,swing,XLV,SHORT,21,147.14,entry (SHORT),+0.0000
2026-03-18 20:57:58,swing,XLV,SHORT,21,147.14,entry (SHORT),+0.0000
2026-03-18 20:58:00,swing,MCHI,SHORT,45,57.23,entry (SHORT),+0.0000
2026-03-18 20:58:01,swing,XLY,SHORT,30,110.57,entry (SHORT),+0.0000
2026-03-18 20:58:01,swing,MCHI,SHORT,45,57.23,entry (SHORT),+0.0000
2026-03-18 20:58:03,swing,XLF,LONG,67,48.97,entry (LONG),+0.0000
2026-03-18 20:58:03,swing,XLY,SHORT,30,110.57,entry (SHORT),+0.0000
2026-03-18 20:58:05,swing,CIBR,LONG,50,64.96,entry (LONG),+0.0000
2026-03-18 20:58:05,swing,XLF,LONG,67,48.97,entry (LONG),+0.0000
2026-03-18 20:58:06,swing,ARKK,SHORT,45,71.41,entry (SHORT),+0.0000
2026-03-18 20:58:06,swing,CIBR,LONG,50,64.96,entry (LONG),+0.0000
2026-03-18 20:58:08,swing,ARKK,SHORT,45,71.41,entry (SHORT),+0.0000
2026-03-18 20:58:08,swing,INDA,LONG,68,47.72,entry (LONG),+0.0000
2026-03-18 20:58:10,swing,INDA,LONG,68,47.72,entry (LONG),+0.0000
2026-03-18 20:58:10,swing,IGV,LONG,9,84.34,entry (LONG),+0.0000
2026-03-18 20:58:11,swing,IGV,LONG,9,84.34,entry (LONG),+0.0000
2026-03-18 20:58:14,swing,QQQ,LONG,2,594.90,entry (LONG),+0.0000
2026-03-18 20:58:14,swing,QQQ,LONG,2,594.90,entry (LONG),+0.0000
2026-03-18 20:59:16,swing,GLD,SHORT,3,444.74,entry (SHORT),+0.0000
2026-03-18 21:02:16,swing,USO,LONG,47,121.67,entry (LONG),+0.0000
2026-03-18 21:02:17,swing,PDBC,SHORT,267,17.46,entry (SHORT),+0.0000
2026-03-18 21:02:19,swing,XLE,SHORT,77,58.43,entry (SHORT),+0.0000
2026-03-18 21:02:21,swing,EWY,SHORT,33,131.88,entry (SHORT),+0.0000
2026-03-18 21:02:24,swing,EWT,SHORT,54,71.34,entry (SHORT),+0.0000
2026-03-18 21:02:27,swing,GLD,LONG,17,444.74,entry (LONG),+0.0000
2026-03-18 21:02:31,swing,EWH,LONG,166,22.65,entry (LONG),+0.0000
2026-03-18 21:02:32,swing,XLB,LONG,39,48.48,entry (LONG),+0.0000
2026-03-18 21:02:34,swing,XLRE,LONG,54,42.02,entry (LONG),+0.0000
2026-03-18 21:02:36,swing,EWC,LONG,68,54.81,entry (LONG),+0.0000
2026-03-18 21:02:37,swing,EWU,LONG,82,45.38,entry (LONG),+0.0000
2026-03-18 21:02:39,swing,EWA,LONG,98,28.00,entry (LONG),+0.0000
2026-03-18 21:02:41,swing,XLI,SHORT,22,165.18,entry (SHORT),+0.0000
2026-03-18 21:02:43,swing,VTV,SHORT,18,196.75,entry (SHORT),+0.0000
2026-03-18 21:02:44,swing,IEF,LONG,38,95.75,entry (LONG),+0.0000
2026-03-18 21:02:46,swing,HYG,LONG,46,79.40,entry (LONG),+0.0000
2026-03-18 21:02:48,swing,EEM,SHORT,25,57.56,entry (SHORT),+0.0000
2026-03-18 21:02:51,swing,URNM,LONG,38,62.55,entry (LONG),+0.0000
2026-03-18 21:02:53,swing,LQD,LONG,18,108.71,entry (LONG),+0.0000
2026-03-18 21:02:56,swing,EMB,SHORT,15,94.36,entry (SHORT),+0.0000
2026-03-18 21:03:00,swing,EWW,SHORT,49,72.38,entry (SHORT),+0.0000
2026-03-18 21:03:01,swing,SPY,LONG,5,661.43,entry (LONG),+0.0000
2026-03-18 21:03:04,swing,VGK,LONG,34,82.26,entry (LONG),+0.0000
2026-03-18 21:03:06,swing,IWM,LONG,14,246.02,entry (LONG),+0.0000
2026-03-18 21:03:07,swing,XLV,SHORT,21,147.14,entry (SHORT),+0.0000
2026-03-18 21:03:10,swing,MCHI,SHORT,45,57.23,entry (SHORT),+0.0000
2026-03-18 21:03:12,swing,XLY,SHORT,30,110.57,entry (SHORT),+0.0000
2026-03-18 21:03:14,swing,XLF,LONG,67,48.97,entry (LONG),+0.0000
2026-03-18 21:03:16,swing,CIBR,LONG,50,64.96,entry (LONG),+0.0000
2026-03-18 21:03:18,swing,ARKK,SHORT,45,71.41,entry (SHORT),+0.0000
2026-03-18 21:03:19,swing,INDA,LONG,68,47.72,entry (LONG),+0.0000
2026-03-18 21:03:21,swing,USO,LONG,47,121.67,entry (LONG),+0.0000
2026-03-18 21:03:21,swing,IGV,LONG,9,84.34,entry (LONG),+0.0000
2026-03-18 21:03:22,swing,USO,LONG,47,121.67,entry (LONG),+0.0000
2026-03-18 21:03:22,swing,PDBC,SHORT,267,17.46,entry (SHORT),+0.0000
2026-03-18 21:03:23,swing,PDBC,SHORT,267,17.46,entry (SHORT),+0.0000
2026-03-18 21:03:24,swing,XLE,SHORT,77,58.43,entry (SHORT),+0.0000
2026-03-18 21:03:24,swing,QQQ,LONG,2,594.90,entry (LONG),+0.0000
2026-03-18 21:03:25,swing,XLE,SHORT,77,58.43,entry (SHORT),+0.0000
2026-03-18 21:03:26,swing,EWY,SHORT,33,131.88,entry (SHORT),+0.0000
2026-03-18 21:03:27,swing,EWY,SHORT,33,131.88,entry (SHORT),+0.0000
2026-03-18 21:03:27,swing,XLU,LONG,47,46.73,entry (LONG),+0.0000
2026-03-18 21:03:29,swing,EWT,SHORT,54,71.34,entry (SHORT),+0.0000
2026-03-18 21:03:29,swing,XLU,LONG,47,46.73,entry (LONG),+0.0000
2026-03-18 21:03:31,swing,EWT,SHORT,54,71.34,entry (SHORT),+0.0000
2026-03-18 21:03:32,swing,GLD,LONG,17,444.74,entry (LONG),+0.0000
2026-03-18 21:03:34,swing,GLD,LONG,17,444.74,entry (LONG),+0.0000
2026-03-18 21:03:36,swing,EWH,LONG,166,22.65,entry (LONG),+0.0000
2026-03-18 21:03:38,swing,XLB,LONG,77,48.48,entry (LONG),+0.0000
2026-03-18 21:03:38,swing,EWH,LONG,166,22.65,entry (LONG),+0.0000
2026-03-18 21:03:39,swing,XLRE,LONG,35,42.02,entry (LONG),+0.0000
2026-03-18 21:03:40,swing,XLB,LONG,77,48.48,entry (LONG),+0.0000
2026-03-18 21:03:41,swing,EWC,LONG,68,54.81,entry (LONG),+0.0000
2026-03-18 21:03:41,swing,XLRE,LONG,54,42.02,entry (LONG),+0.0000
2026-03-18 21:03:43,swing,EWU,LONG,82,45.38,entry (LONG),+0.0000
2026-03-18 21:03:43,swing,EWC,LONG,68,54.81,entry (LONG),+0.0000
2026-03-18 21:03:45,swing,EWA,LONG,98,28.00,entry (LONG),+0.0000
2026-03-18 21:03:45,swing,EWU,LONG,82,45.38,entry (LONG),+0.0000
2026-03-18 21:03:46,swing,XLI,LONG,14,165.18,entry (LONG),+0.0000
2026-03-18 21:03:47,swing,EWA,LONG,98,28.00,entry (LONG),+0.0000
2026-03-18 21:03:48,swing,VTV,LONG,18,196.75,entry (LONG),+0.0000
2026-03-18 21:03:48,swing,XLI,SHORT,22,165.18,entry (SHORT),+0.0000
2026-03-18 21:03:50,swing,IEF,LONG,38,95.75,entry (LONG),+0.0000
2026-03-18 21:03:50,swing,VTV,SHORT,18,196.75,entry (SHORT),+0.0000
2026-03-18 21:03:51,swing,HYG,LONG,46,79.40,entry (LONG),+0.0000
2026-03-18 21:03:52,swing,IEF,LONG,38,95.75,entry (LONG),+0.0000
2026-03-18 21:03:53,swing,EEM,SHORT,25,57.56,entry (SHORT),+0.0000
2026-03-18 21:03:53,swing,HYG,LONG,46,79.40,entry (LONG),+0.0000
2026-03-18 21:03:55,swing,EEM,SHORT,25,57.56,entry (SHORT),+0.0000
2026-03-18 21:03:56,swing,URNM,LONG,38,62.55,entry (LONG),+0.0000
2026-03-18 21:03:58,swing,LQD,LONG,18,108.71,entry (LONG),+0.0000
2026-03-18 21:03:58,swing,URNM,LONG,38,62.55,entry (LONG),+0.0000
2026-03-18 21:03:59,swing,LQD,LONG,18,108.71,entry (LONG),+0.0000
2026-03-18 21:04:00,swing,EMB,SHORT,15,94.36,entry (SHORT),+0.0000
2026-03-18 21:04:02,swing,EMB,SHORT,15,94.36,entry (SHORT),+0.0000
2026-03-18 21:04:04,swing,EWW,SHORT,49,72.38,entry (SHORT),+0.0000
2026-03-18 21:04:06,swing,SPY,LONG,5,661.43,entry (LONG),+0.0000
2026-03-18 21:04:06,swing,EWW,SHORT,49,72.38,entry (SHORT),+0.0000
2026-03-18 21:04:08,swing,VGK,LONG,34,82.26,entry (LONG),+0.0000
2026-03-18 21:04:08,swing,SPY,LONG,5,661.43,entry (LONG),+0.0000
2026-03-18 21:04:10,swing,IWM,LONG,14,246.02,entry (LONG),+0.0000
2026-03-18 21:04:10,swing,VGK,LONG,34,82.26,entry (LONG),+0.0000
2026-03-18 21:04:11,swing,XLV,SHORT,21,147.14,entry (SHORT),+0.0000
2026-03-18 21:04:11,swing,IWM,LONG,14,246.02,entry (LONG),+0.0000
2026-03-18 21:04:13,swing,XLV,SHORT,21,147.14,entry (SHORT),+0.0000
2026-03-18 21:04:14,swing,MCHI,SHORT,45,57.23,entry (SHORT),+0.0000
2026-03-18 21:04:16,swing,XLY,SHORT,30,110.57,entry (SHORT),+0.0000
2026-03-18 21:04:16,swing,MCHI,SHORT,45,57.23,entry (SHORT),+0.0000
2026-03-18 21:04:18,swing,XLF,LONG,67,48.97,entry (LONG),+0.0000
2026-03-18 21:04:18,swing,XLY,SHORT,30,110.57,entry (SHORT),+0.0000
2026-03-18 21:04:19,swing,CIBR,LONG,50,64.96,entry (LONG),+0.0000
2026-03-18 21:04:20,swing,XLF,LONG,67,48.97,entry (LONG),+0.0000
2026-03-18 21:04:21,swing,ARKK,SHORT,45,71.41,entry (SHORT),+0.0000
2026-03-18 21:04:21,swing,CIBR,LONG,50,64.96,entry (LONG),+0.0000
2026-03-18 21:04:23,swing,INDA,LONG,68,47.72,entry (LONG),+0.0000
2026-03-18 21:04:23,swing,ARKK,SHORT,45,71.41,entry (SHORT),+0.0000
2026-03-18 21:04:24,swing,INDA,LONG,68,47.72,entry (LONG),+0.0000
2026-03-18 21:04:24,swing,IGV,LONG,9,84.34,entry (LONG),+0.0000
2026-03-18 21:04:26,swing,IGV,LONG,9,84.34,entry (LONG),+0.0000
2026-03-18 21:04:29,swing,QQQ,LONG,2,594.90,entry (LONG),+0.0000
2026-03-18 21:04:29,swing,QQQ,LONG,2,594.90,entry (LONG),+0.0000
2026-03-18 21:04:36,swing,GLD,SHORT,3,444.74,entry (SHORT),+0.0000
2026-03-18 21:08:32,swing,USO,LONG,47,121.67,entry (LONG),+0.0000
2026-03-18 21:08:34,swing,PDBC,SHORT,267,17.46,entry (SHORT),+0.0000
2026-03-18 21:08:35,swing,XLE,SHORT,77,58.43,entry (SHORT),+0.0000
2026-03-18 21:08:37,swing,EWY,SHORT,33,131.88,entry (SHORT),+0.0000
2026-03-18 21:08:40,swing,EWT,SHORT,54,71.34,entry (SHORT),+0.0000
2026-03-18 21:08:43,swing,GLD,LONG,17,444.74,entry (LONG),+0.0000
2026-03-18 21:08:47,swing,EWH,LONG,166,22.65,entry (LONG),+0.0000
2026-03-18 21:08:49,swing,XLB,LONG,39,48.48,entry (LONG),+0.0000
2026-03-18 21:08:50,swing,XLRE,LONG,54,42.02,entry (LONG),+0.0000
2026-03-18 21:08:52,swing,EWC,LONG,68,54.81,entry (LONG),+0.0000
2026-03-18 21:08:54,swing,EWU,LONG,82,45.38,entry (LONG),+0.0000
2026-03-18 21:08:55,swing,EWA,LONG,98,28.00,entry (LONG),+0.0000
2026-03-18 21:08:57,swing,XLI,SHORT,22,165.18,entry (SHORT),+0.0000
2026-03-18 21:08:59,swing,VTV,SHORT,18,196.75,entry (SHORT),+0.0000
2026-03-18 21:09:00,swing,IEF,LONG,38,95.75,entry (LONG),+0.0000
2026-03-18 21:09:02,swing,HYG,LONG,46,79.40,entry (LONG),+0.0000
2026-03-18 21:09:04,swing,EEM,SHORT,25,57.56,entry (SHORT),+0.0000
2026-03-18 21:09:07,swing,URNM,LONG,38,62.55,entry (LONG),+0.0000
2026-03-18 21:09:09,swing,LQD,LONG,18,108.71,entry (LONG),+0.0000
2026-03-18 21:09:11,swing,EMB,SHORT,15,94.36,entry (SHORT),+0.0000
2026-03-18 21:09:15,swing,EWW,SHORT,49,72.38,entry (SHORT),+0.0000
2026-03-18 21:09:17,swing,SPY,LONG,5,661.43,entry (LONG),+0.0000
2026-03-18 21:09:19,swing,VGK,LONG,34,82.26,entry (LONG),+0.0000
2026-03-18 21:09:20,swing,IWM,LONG,14,246.02,entry (LONG),+0.0000
2026-03-18 21:09:22,swing,XLV,SHORT,21,147.14,entry (SHORT),+0.0000
2026-03-18 21:09:25,swing,MCHI,SHORT,45,57.23,entry (SHORT),+0.0000
2026-03-18 21:09:27,swing,XLY,SHORT,30,110.57,entry (SHORT),+0.0000
2026-03-18 21:09:29,swing,XLF,LONG,67,48.97,entry (LONG),+0.0000
2026-03-18 21:09:30,swing,CIBR,LONG,50,64.96,entry (LONG),+0.0000
2026-03-18 21:09:32,swing,ARKK,SHORT,45,71.41,entry (SHORT),+0.0000
2026-03-18 21:09:34,swing,INDA,LONG,68,47.72,entry (LONG),+0.0000
2026-03-18 21:09:35,swing,USO,LONG,47,121.67,entry (LONG),+0.0000
2026-03-18 21:09:36,swing,IGV,LONG,9,84.34,entry (LONG),+0.0000
2026-03-18 21:09:37,swing,USO,LONG,47,121.67,entry (LONG),+0.0000
2026-03-18 21:09:37,swing,PDBC,SHORT,267,17.46,entry (SHORT),+0.0000
2026-03-18 21:09:38,swing,PDBC,SHORT,267,17.46,entry (SHORT),+0.0000
2026-03-18 21:09:39,swing,QQQ,LONG,2,594.90,entry (LONG),+0.0000
2026-03-18 21:09:39,swing,XLE,SHORT,77,58.43,entry (SHORT),+0.0000
2026-03-18 21:09:40,swing,XLE,SHORT,77,58.43,entry (SHORT),+0.0000
2026-03-18 21:09:41,swing,EWY,SHORT,33,131.88,entry (SHORT),+0.0000
2026-03-18 21:09:42,swing,EWY,SHORT,33,131.88,entry (SHORT),+0.0000
2026-03-18 21:09:43,swing,XLU,LONG,47,46.73,entry (LONG),+0.0000
2026-03-18 21:09:44,swing,XLU,LONG,47,46.73,entry (LONG),+0.0000
2026-03-18 21:09:44,swing,EWT,SHORT,54,71.34,entry (SHORT),+0.0000
2026-03-18 21:09:45,swing,EWT,SHORT,54,71.34,entry (SHORT),+0.0000
2026-03-18 21:09:47,swing,GLD,LONG,17,444.74,entry (LONG),+0.0000
2026-03-18 21:09:48,swing,GLD,SHORT,3,444.74,entry (SHORT),+0.0000
2026-03-18 21:09:48,swing,GLD,LONG,17,444.74,entry (LONG),+0.0000
2026-03-18 21:09:52,swing,EWH,LONG,166,22.65,entry (LONG),+0.0000
2026-03-18 21:09:53,swing,EWH,LONG,166,22.65,entry (LONG),+0.0000
2026-03-18 21:09:54,swing,XLB,LONG,77,48.48,entry (LONG),+0.0000
2026-03-18 21:09:54,swing,XLB,LONG,77,48.48,entry (LONG),+0.0000
2026-03-18 21:09:56,swing,XLRE,LONG,35,42.02,entry (LONG),+0.0000
2026-03-18 21:09:56,swing,XLRE,LONG,54,42.02,entry (LONG),+0.0000
2026-03-18 21:09:57,swing,EWC,LONG,68,54.81,entry (LONG),+0.0000
2026-03-18 21:09:58,swing,EWC,LONG,68,54.81,entry (LONG),+0.0000
2026-03-18 21:09:59,swing,EWU,LONG,82,45.38,entry (LONG),+0.0000
2026-03-18 21:10:00,swing,EWU,LONG,82,45.38,entry (LONG),+0.0000
2026-03-18 21:10:01,swing,EWA,LONG,98,28.00,entry (LONG),+0.0000
2026-03-18 21:10:02,swing,EWA,LONG,98,28.00,entry (LONG),+0.0000
2026-03-18 21:10:03,swing,XLI,LONG,14,165.18,entry (LONG),+0.0000
2026-03-18 21:10:04,swing,XLI,SHORT,22,165.18,entry (SHORT),+0.0000
2026-03-18 21:10:05,swing,VTV,LONG,18,196.75,entry (LONG),+0.0000
2026-03-18 21:10:05,swing,VTV,SHORT,18,196.75,entry (SHORT),+0.0000
2026-03-18 21:10:06,swing,IEF,LONG,38,95.75,entry (LONG),+0.0000
2026-03-18 21:10:07,swing,IEF,LONG,38,95.75,entry (LONG),+0.0000
2026-03-18 21:10:08,swing,HYG,LONG,46,79.40,entry (LONG),+0.0000
2026-03-18 21:10:09,swing,HYG,LONG,46,79.40,entry (LONG),+0.0000
2026-03-18 21:10:10,swing,EEM,SHORT,25,57.56,entry (SHORT),+0.0000
2026-03-18 21:10:11,swing,EEM,SHORT,25,57.56,entry (SHORT),+0.0000
2026-03-18 21:10:13,swing,URNM,LONG,38,62.55,entry (LONG),+0.0000
2026-03-18 21:10:14,swing,URNM,LONG,38,62.55,entry (LONG),+0.0000
2026-03-18 21:10:15,swing,LQD,LONG,18,108.71,entry (LONG),+0.0000
2026-03-18 21:10:16,swing,LQD,LONG,18,108.71,entry (LONG),+0.0000
2026-03-18 21:10:18,swing,EMB,SHORT,15,94.36,entry (SHORT),+0.0000
2026-03-18 21:10:19,swing,EMB,SHORT,15,94.36,entry (SHORT),+0.0000
2026-03-18 21:10:22,swing,EWW,SHORT,49,72.38,entry (SHORT),+0.0000
2026-03-18 21:10:23,swing,EWW,SHORT,49,72.38,entry (SHORT),+0.0000
2026-03-18 21:10:24,swing,SPY,LONG,5,661.43,entry (LONG),+0.0000
2026-03-18 21:10:25,swing,SPY,LONG,5,661.43,entry (LONG),+0.0000
2026-03-18 21:10:26,swing,VGK,LONG,34,82.26,entry (LONG),+0.0000
2026-03-18 21:10:26,swing,VGK,LONG,34,82.26,entry (LONG),+0.0000
2026-03-18 21:10:27,swing,IWM,LONG,14,246.02,entry (LONG),+0.0000
2026-03-18 21:10:28,swing,IWM,LONG,14,246.02,entry (LONG),+0.0000
2026-03-18 21:10:29,swing,XLV,SHORT,21,147.14,entry (SHORT),+0.0000
2026-03-18 21:10:30,swing,XLV,SHORT,21,147.14,entry (SHORT),+0.0000
2026-03-18 21:10:32,swing,MCHI,SHORT,45,57.23,entry (SHORT),+0.0000
2026-03-18 21:10:33,swing,MCHI,SHORT,45,57.23,entry (SHORT),+0.0000
2026-03-18 21:10:34,swing,XLY,SHORT,30,110.57,entry (SHORT),+0.0000
2026-03-18 21:10:35,swing,XLY,SHORT,30,110.57,entry (SHORT),+0.0000
2026-03-18 21:10:36,swing,XLF,LONG,67,48.97,entry (LONG),+0.0000
2026-03-18 21:10:37,swing,XLF,LONG,67,48.97,entry (LONG),+0.0000
2026-03-18 21:10:37,swing,CIBR,LONG,50,64.96,entry (LONG),+0.0000
2026-03-18 21:10:38,swing,CIBR,LONG,50,64.96,entry (LONG),+0.0000
2026-03-18 21:10:39,swing,ARKK,SHORT,45,71.41,entry (SHORT),+0.0000
2026-03-18 21:10:40,swing,ARKK,SHORT,45,71.41,entry (SHORT),+0.0000
2026-03-18 21:10:41,swing,INDA,LONG,68,47.72,entry (LONG),+0.0000
2026-03-18 21:10:42,swing,INDA,LONG,68,47.72,entry (LONG),+0.0000
2026-03-18 21:10:43,swing,IGV,LONG,9,84.34,entry (LONG),+0.0000
2026-03-18 21:10:44,swing,IGV,LONG,9,84.34,entry (LONG),+0.0000
2026-03-18 21:10:47,swing,QQQ,LONG,2,594.90,entry (LONG),+0.0000
2026-03-18 21:10:48,swing,QQQ,LONG,2,594.90,entry (LONG),+0.0000
2026-03-18 21:14:46,swing,USO,LONG,47,121.67,entry (LONG),+0.0000
2026-03-18 21:14:48,swing,PDBC,SHORT,267,17.46,entry (SHORT),+0.0000
2026-03-18 21:14:50,swing,XLE,SHORT,77,58.43,entry (SHORT),+0.0000
2026-03-18 21:14:52,swing,EWY,SHORT,33,131.88,entry (SHORT),+0.0000
2026-03-18 21:14:55,swing,EWT,SHORT,54,71.34,entry (SHORT),+0.0000
2026-03-18 21:14:58,swing,GLD,LONG,17,444.74,entry (LONG),+0.0000
2026-03-18 21:15:00,swing,GLD,SHORT,3,444.74,entry (SHORT),+0.0000
2026-03-18 21:15:02,swing,EWH,LONG,166,22.65,entry (LONG),+0.0000
2026-03-18 21:15:04,swing,XLB,LONG,39,48.48,entry (LONG),+0.0000
2026-03-18 21:15:06,swing,XLRE,LONG,54,42.02,entry (LONG),+0.0000
2026-03-18 21:15:07,swing,EWC,LONG,68,54.81,entry (LONG),+0.0000
2026-03-18 21:15:09,swing,EWU,LONG,82,45.38,entry (LONG),+0.0000
2026-03-18 21:15:11,swing,EWA,LONG,98,28.00,entry (LONG),+0.0000
2026-03-18 21:15:12,swing,XLI,SHORT,22,165.18,entry (SHORT),+0.0000
2026-03-18 21:15:14,swing,VTV,SHORT,18,196.75,entry (SHORT),+0.0000
2026-03-18 21:15:16,swing,IEF,LONG,38,95.75,entry (LONG),+0.0000
2026-03-18 21:15:18,swing,HYG,LONG,46,79.40,entry (LONG),+0.0000
2026-03-18 21:15:19,swing,EEM,SHORT,25,57.56,entry (SHORT),+0.0000
2026-03-18 21:15:22,swing,URNM,LONG,38,62.55,entry (LONG),+0.0000
2026-03-18 21:15:24,swing,LQD,LONG,18,108.71,entry (LONG),+0.0000
2026-03-18 21:15:27,swing,EMB,SHORT,15,94.36,entry (SHORT),+0.0000
2026-03-18 21:15:31,swing,EWW,SHORT,49,72.38,entry (SHORT),+0.0000
2026-03-18 21:15:33,swing,SPY,LONG,5,661.43,entry (LONG),+0.0000
2026-03-18 21:15:35,swing,VGK,LONG,34,82.26,entry (LONG),+0.0000
2026-03-18 21:15:36,swing,IWM,LONG,14,246.02,entry (LONG),+0.0000
2026-03-18 21:15:38,swing,XLV,SHORT,21,147.14,entry (SHORT),+0.0000
2026-03-18 21:15:41,swing,MCHI,SHORT,45,57.23,entry (SHORT),+0.0000
2026-03-18 21:15:43,swing,XLY,SHORT,30,110.57,entry (SHORT),+0.0000
2026-03-18 21:15:45,swing,XLF,LONG,67,48.97,entry (LONG),+0.0000
2026-03-18 21:15:46,swing,CIBR,LONG,50,64.96,entry (LONG),+0.0000
2026-03-18 21:15:48,swing,ARKK,SHORT,45,71.41,entry (SHORT),+0.0000
2026-03-18 21:15:50,swing,INDA,LONG,68,47.72,entry (LONG),+0.0000
2026-03-18 21:15:52,swing,IGV,LONG,9,84.34,entry (LONG),+0.0000
2026-03-18 21:15:55,swing,USO,LONG,47,121.67,entry (LONG),+0.0000
2026-03-18 21:15:56,swing,QQQ,LONG,2,594.90,entry (LONG),+0.0000
2026-03-18 21:15:56,swing,USO,LONG,47,121.67,entry (LONG),+0.0000
2026-03-18 21:15:57,swing,PDBC,SHORT,267,17.46,entry (SHORT),+0.0000
2026-03-18 21:15:57,swing,PDBC,SHORT,267,17.46,entry (SHORT),+0.0000
2026-03-18 21:15:59,swing,XLE,SHORT,77,58.43,entry (SHORT),+0.0000
2026-03-18 21:15:59,swing,XLE,SHORT,77,58.43,entry (SHORT),+0.0000
2026-03-18 21:16:01,swing,EWY,SHORT,33,131.88,entry (SHORT),+0.0000
2026-03-18 21:16:02,swing,EWY,SHORT,33,131.88,entry (SHORT),+0.0000
2026-03-18 21:16:04,swing,XLU,LONG,47,46.73,entry (LONG),+0.0000
2026-03-18 21:16:04,swing,XLU,LONG,47,46.73,entry (LONG),+0.0000
2026-03-18 21:16:06,swing,EWT,SHORT,54,71.34,entry (SHORT),+0.0000
2026-03-18 21:16:06,swing,EWT,SHORT,54,71.34,entry (SHORT),+0.0000
2026-03-18 21:16:08,swing,GLD,LONG,17,444.74,entry (LONG),+0.0000
2026-03-18 21:16:09,swing,GLD,LONG,17,444.74,entry (LONG),+0.0000
2026-03-18 21:16:13,swing,EWH,LONG,166,22.65,entry (LONG),+0.0000
2026-03-18 21:16:13,swing,EWH,LONG,166,22.65,entry (LONG),+0.0000
2026-03-18 21:16:14,swing,XLB,LONG,77,48.48,entry (LONG),+0.0000
2026-03-18 21:16:15,swing,XLB,LONG,77,48.48,entry (LONG),+0.0000
2026-03-18 21:16:16,swing,XLRE,LONG,35,42.02,entry (LONG),+0.0000
2026-03-18 21:16:16,swing,XLRE,LONG,54,42.02,entry (LONG),+0.0000
2026-03-18 21:16:18,swing,EWC,LONG,68,54.81,entry (LONG),+0.0000
2026-03-18 21:16:18,swing,EWC,LONG,68,54.81,entry (LONG),+0.0000
2026-03-18 21:16:20,swing,EWU,LONG,82,45.38,entry (LONG),+0.0000
2026-03-18 21:16:21,swing,EWA,LONG,98,28.00,entry (LONG),+0.0000
2026-03-18 21:16:23,swing,EWU,LONG,82,45.38,entry (LONG),+0.0000
2026-03-18 21:16:23,swing,XLI,SHORT,22,165.18,entry (SHORT),+0.0000
2026-03-18 21:16:24,swing,EWA,LONG,98,28.00,entry (LONG),+0.0000
2026-03-18 21:16:25,swing,VTV,SHORT,18,196.75,entry (SHORT),+0.0000
2026-03-18 21:16:26,swing,XLI,LONG,14,165.18,entry (LONG),+0.0000
2026-03-18 21:16:27,swing,IEF,LONG,38,95.75,entry (LONG),+0.0000
2026-03-18 21:16:28,swing,VTV,LONG,18,196.75,entry (LONG),+0.0000
2026-03-18 21:16:28,swing,HYG,LONG,46,79.40,entry (LONG),+0.0000
2026-03-18 21:16:29,swing,IEF,LONG,38,95.75,entry (LONG),+0.0000
2026-03-18 21:16:30,swing,EEM,SHORT,25,57.56,entry (SHORT),+0.0000
2026-03-18 21:16:31,swing,HYG,LONG,46,79.40,entry (LONG),+0.0000
2026-03-18 21:16:33,swing,EEM,SHORT,25,57.56,entry (SHORT),+0.0000
2026-03-18 21:16:33,swing,URNM,LONG,38,62.55,entry (LONG),+0.0000
2026-03-18 21:16:35,swing,LQD,LONG,18,108.71,entry (LONG),+0.0000
2026-03-18 21:16:36,swing,URNM,LONG,38,62.55,entry (LONG),+0.0000
2026-03-18 21:16:38,swing,LQD,LONG,18,108.71,entry (LONG),+0.0000
2026-03-18 21:16:38,swing,EMB,SHORT,15,94.36,entry (SHORT),+0.0000
2026-03-18 21:16:41,swing,EMB,SHORT,15,94.36,entry (SHORT),+0.0000
2026-03-18 21:16:42,swing,EWW,SHORT,49,72.38,entry (SHORT),+0.0000
2026-03-18 21:16:44,swing,SPY,LONG,5,661.43,entry (LONG),+0.0000
2026-03-18 21:16:45,swing,VGK,LONG,34,82.26,entry (LONG),+0.0000
2026-03-18 21:16:46,swing,EWW,SHORT,49,72.38,entry (SHORT),+0.0000
2026-03-18 21:16:47,swing,IWM,LONG,14,246.02,entry (LONG),+0.0000
2026-03-18 21:16:47,swing,SPY,LONG,5,661.43,entry (LONG),+0.0000
2026-03-18 21:16:49,swing,XLV,SHORT,21,147.14,entry (SHORT),+0.0000
2026-03-18 21:16:49,swing,VGK,LONG,34,82.26,entry (LONG),+0.0000
2026-03-18 21:16:51,swing,IWM,LONG,14,246.02,entry (LONG),+0.0000
2026-03-18 21:16:53,swing,MCHI,SHORT,45,57.23,entry (SHORT),+0.0000
2026-03-18 21:16:53,swing,XLV,SHORT,21,147.14,entry (SHORT),+0.0000
2026-03-18 21:16:55,swing,XLY,SHORT,30,110.57,entry (SHORT),+0.0000
2026-03-18 21:16:56,swing,XLF,LONG,67,48.97,entry (LONG),+0.0000
2026-03-18 21:16:56,swing,MCHI,SHORT,45,57.23,entry (SHORT),+0.0000
2026-03-18 21:16:58,swing,CIBR,LONG,50,64.96,entry (LONG),+0.0000
2026-03-18 21:16:58,swing,XLY,SHORT,30,110.57,entry (SHORT),+0.0000
2026-03-18 21:16:59,swing,ARKK,SHORT,45,71.41,entry (SHORT),+0.0000
2026-03-18 21:17:00,swing,XLF,LONG,67,48.97,entry (LONG),+0.0000
2026-03-18 21:17:01,swing,INDA,LONG,68,47.72,entry (LONG),+0.0000
2026-03-18 21:17:01,swing,CIBR,LONG,50,64.96,entry (LONG),+0.0000
2026-03-18 21:17:03,swing,IGV,LONG,9,84.34,entry (LONG),+0.0000
2026-03-18 21:17:03,swing,ARKK,SHORT,45,71.41,entry (SHORT),+0.0000
2026-03-18 21:17:05,swing,INDA,LONG,68,47.72,entry (LONG),+0.0000
2026-03-18 21:17:06,swing,QQQ,LONG,2,594.90,entry (LONG),+0.0000
2026-03-18 21:17:06,swing,IGV,LONG,9,84.34,entry (LONG),+0.0000
2026-03-18 21:17:11,swing,QQQ,LONG,2,594.90,entry (LONG),+0.0000
2026-03-18 21:20:12,swing,GLD,SHORT,3,444.74,entry (SHORT),+0.0000
2026-03-18 21:21:05,swing,USO,LONG,47,121.67,entry (LONG),+0.0000
2026-03-18 21:21:06,swing,PDBC,SHORT,267,17.46,entry (SHORT),+0.0000
2026-03-18 21:21:08,swing,XLE,SHORT,77,58.43,entry (SHORT),+0.0000
2026-03-18 21:21:09,swing,EWY,SHORT,33,131.88,entry (SHORT),+0.0000
2026-03-18 21:21:12,swing,EWT,SHORT,54,71.34,entry (SHORT),+0.0000
2026-03-18 21:21:15,swing,GLD,LONG,17,444.74,entry (LONG),+0.0000
2026-03-18 21:21:19,swing,EWH,LONG,166,22.65,entry (LONG),+0.0000
2026-03-18 21:21:21,swing,XLB,LONG,39,48.48,entry (LONG),+0.0000
2026-03-18 21:21:23,swing,XLRE,LONG,54,42.02,entry (LONG),+0.0000
2026-03-18 21:21:25,swing,EWC,LONG,68,54.81,entry (LONG),+0.0000
2026-03-18 21:21:26,swing,EWU,LONG,82,45.38,entry (LONG),+0.0000
2026-03-18 21:21:28,swing,EWA,LONG,98,28.00,entry (LONG),+0.0000
2026-03-18 21:21:30,swing,XLI,SHORT,22,165.18,entry (SHORT),+0.0000
2026-03-18 21:21:32,swing,VTV,SHORT,18,196.75,entry (SHORT),+0.0000
2026-03-18 21:21:34,swing,IEF,LONG,38,95.75,entry (LONG),+0.0000
2026-03-18 21:21:35,swing,HYG,LONG,46,79.40,entry (LONG),+0.0000
2026-03-18 21:21:37,swing,EEM,SHORT,25,57.56,entry (SHORT),+0.0000
2026-03-18 21:21:40,swing,URNM,LONG,38,62.55,entry (LONG),+0.0000
2026-03-18 21:21:42,swing,LQD,LONG,18,108.71,entry (LONG),+0.0000
2026-03-18 21:21:44,swing,EMB,SHORT,15,94.36,entry (SHORT),+0.0000
2026-03-18 21:21:49,swing,EWW,SHORT,49,72.38,entry (SHORT),+0.0000
2026-03-18 21:21:50,swing,SPY,LONG,5,661.43,entry (LONG),+0.0000
2026-03-18 21:21:52,swing,VGK,LONG,34,82.26,entry (LONG),+0.0000
2026-03-18 21:21:54,swing,IWM,LONG,14,246.02,entry (LONG),+0.0000
2026-03-18 21:21:56,swing,XLV,SHORT,21,147.14,entry (SHORT),+0.0000
2026-03-18 21:21:59,swing,MCHI,SHORT,45,57.23,entry (SHORT),+0.0000
2026-03-18 21:22:01,swing,XLY,SHORT,30,110.57,entry (SHORT),+0.0000
2026-03-18 21:22:02,swing,XLF,LONG,67,48.97,entry (LONG),+0.0000
2026-03-18 21:22:04,swing,CIBR,LONG,50,64.96,entry (LONG),+0.0000
2026-03-18 21:22:06,swing,ARKK,SHORT,45,71.41,entry (SHORT),+0.0000
2026-03-18 21:22:08,swing,INDA,LONG,68,47.72,entry (LONG),+0.0000
2026-03-18 21:22:10,swing,IGV,LONG,9,84.34,entry (LONG),+0.0000
2026-03-18 21:22:13,swing,QQQ,LONG,2,594.90,entry (LONG),+0.0000
2026-03-18 21:22:14,swing,USO,LONG,47,121.67,entry (LONG),+0.0000
2026-03-18 21:22:16,swing,PDBC,SHORT,267,17.46,entry (SHORT),+0.0000
2026-03-18 21:22:17,swing,USO,LONG,47,121.67,entry (LONG),+0.0000
2026-03-18 21:22:18,swing,XLE,SHORT,77,58.43,entry (SHORT),+0.0000
2026-03-18 21:22:19,swing,PDBC,SHORT,267,17.46,entry (SHORT),+0.0000
2026-03-18 21:22:20,swing,EWY,SHORT,33,131.88,entry (SHORT),+0.0000
2026-03-18 21:22:20,swing,XLE,SHORT,77,58.43,entry (SHORT),+0.0000
2026-03-18 21:22:21,swing,XLU,LONG,47,46.73,entry (LONG),+0.0000
2026-03-18 21:22:22,swing,EWY,SHORT,33,131.88,entry (SHORT),+0.0000
2026-03-18 21:22:23,swing,EWT,SHORT,54,71.34,entry (SHORT),+0.0000
2026-03-18 21:22:24,swing,XLU,LONG,47,46.73,entry (LONG),+0.0000
2026-03-18 21:22:26,swing,EWT,SHORT,54,71.34,entry (SHORT),+0.0000
2026-03-18 21:22:26,swing,GLD,LONG,17,444.74,entry (LONG),+0.0000
2026-03-18 21:22:29,swing,GLD,LONG,17,444.74,entry (LONG),+0.0000
2026-03-18 21:22:30,swing,EWH,LONG,166,22.65,entry (LONG),+0.0000
2026-03-18 21:22:32,swing,XLB,LONG,77,48.48,entry (LONG),+0.0000
2026-03-18 21:22:33,swing,EWH,LONG,166,22.65,entry (LONG),+0.0000
2026-03-18 21:22:34,swing,XLRE,LONG,54,42.02,entry (LONG),+0.0000
2026-03-18 21:22:35,swing,XLB,LONG,77,48.48,entry (LONG),+0.0000
2026-03-18 21:22:35,swing,EWC,LONG,68,54.81,entry (LONG),+0.0000
2026-03-18 21:22:36,swing,XLRE,LONG,35,42.02,entry (LONG),+0.0000
2026-03-18 21:22:37,swing,EWU,LONG,82,45.38,entry (LONG),+0.0000
2026-03-18 21:22:38,swing,EWC,LONG,68,54.81,entry (LONG),+0.0000
2026-03-18 21:22:39,swing,EWA,LONG,98,28.00,entry (LONG),+0.0000
2026-03-18 21:22:40,swing,EWU,LONG,82,45.38,entry (LONG),+0.0000
2026-03-18 21:22:41,swing,XLI,SHORT,22,165.18,entry (SHORT),+0.0000
2026-03-18 21:22:42,swing,EWA,LONG,98,28.00,entry (LONG),+0.0000
2026-03-18 21:22:43,swing,VTV,SHORT,18,196.75,entry (SHORT),+0.0000
2026-03-18 21:22:44,swing,XLI,LONG,14,165.18,entry (LONG),+0.0000
2026-03-18 21:22:45,swing,IEF,LONG,38,95.75,entry (LONG),+0.0000
2026-03-18 21:22:46,swing,VTV,LONG,18,196.75,entry (LONG),+0.0000
2026-03-18 21:22:46,swing,HYG,LONG,46,79.40,entry (LONG),+0.0000
2026-03-18 21:22:47,swing,IEF,LONG,38,95.75,entry (LONG),+0.0000
2026-03-18 21:22:48,swing,EEM,SHORT,25,57.56,entry (SHORT),+0.0000
2026-03-18 21:22:49,swing,HYG,LONG,46,79.40,entry (LONG),+0.0000
2026-03-18 21:22:51,swing,EEM,SHORT,25,57.56,entry (SHORT),+0.0000
2026-03-18 21:22:51,swing,URNM,LONG,38,62.55,entry (LONG),+0.0000
2026-03-18 21:22:53,swing,LQD,LONG,18,108.71,entry (LONG),+0.0000
2026-03-18 21:22:54,swing,URNM,LONG,38,62.55,entry (LONG),+0.0000
2026-03-18 21:22:56,swing,LQD,LONG,18,108.71,entry (LONG),+0.0000
2026-03-18 21:22:56,swing,EMB,SHORT,15,94.36,entry (SHORT),+0.0000
2026-03-18 21:22:59,swing,EMB,SHORT,15,94.36,entry (SHORT),+0.0000
2026-03-18 21:23:01,swing,EWW,SHORT,49,72.38,entry (SHORT),+0.0000
2026-03-18 21:23:03,swing,SPY,LONG,5,661.43,entry (LONG),+0.0000
2026-03-18 21:23:03,swing,EWW,SHORT,49,72.38,entry (SHORT),+0.0000
2026-03-18 21:23:04,swing,VGK,LONG,34,82.26,entry (LONG),+0.0000
2026-03-18 21:23:05,swing,SPY,LONG,5,661.43,entry (LONG),+0.0000
2026-03-18 21:23:06,swing,IWM,LONG,14,246.02,entry (LONG),+0.0000
2026-03-18 21:23:07,swing,VGK,LONG,34,82.26,entry (LONG),+0.0000
2026-03-18 21:23:08,swing,XLV,SHORT,21,147.14,entry (SHORT),+0.0000
2026-03-18 21:23:09,swing,IWM,LONG,14,246.02,entry (LONG),+0.0000
2026-03-18 21:23:11,swing,XLV,SHORT,21,147.14,entry (SHORT),+0.0000
2026-03-18 21:23:11,swing,MCHI,SHORT,45,57.23,entry (SHORT),+0.0000
2026-03-18 21:23:13,swing,XLY,SHORT,30,110.57,entry (SHORT),+0.0000
2026-03-18 21:23:14,swing,MCHI,SHORT,45,57.23,entry (SHORT),+0.0000
2026-03-18 21:23:15,swing,XLF,LONG,67,48.97,entry (LONG),+0.0000
2026-03-18 21:23:16,swing,XLY,SHORT,30,110.57,entry (SHORT),+0.0000
2026-03-18 21:23:17,swing,CIBR,LONG,50,64.96,entry (LONG),+0.0000
2026-03-18 21:23:18,swing,XLF,LONG,67,48.97,entry (LONG),+0.0000
2026-03-18 21:23:19,swing,ARKK,SHORT,45,71.41,entry (SHORT),+0.0000
2026-03-18 21:23:20,swing,CIBR,LONG,50,64.96,entry (LONG),+0.0000
2026-03-18 21:23:20,swing,INDA,LONG,68,47.72,entry (LONG),+0.0000
2026-03-18 21:23:22,swing,ARKK,SHORT,45,71.41,entry (SHORT),+0.0000
2026-03-18 21:23:22,swing,IGV,LONG,9,84.34,entry (LONG),+0.0000
2026-03-18 21:23:23,swing,INDA,LONG,68,47.72,entry (LONG),+0.0000
2026-03-18 21:23:25,swing,QQQ,LONG,2,594.90,entry (LONG),+0.0000
2026-03-18 21:23:25,swing,IGV,LONG,9,84.34,entry (LONG),+0.0000
2026-03-18 21:23:30,swing,QQQ,LONG,2,594.90,entry (LONG),+0.0000
2026-03-18 21:25:24,swing,GLD,SHORT,3,444.74,entry (SHORT),+0.0000
2026-03-18 21:27:21,swing,USO,LONG,47,121.67,entry (LONG),+0.0000
2026-03-18 21:27:23,swing,PDBC,SHORT,267,17.46,entry (SHORT),+0.0000
2026-03-18 21:27:25,swing,XLE,SHORT,77,58.43,entry (SHORT),+0.0000
2026-03-18 21:27:26,swing,EWY,SHORT,33,131.88,entry (SHORT),+0.0000
2026-03-18 21:27:29,swing,EWT,SHORT,54,71.34,entry (SHORT),+0.0000
2026-03-18 21:27:32,swing,GLD,LONG,17,444.74,entry (LONG),+0.0000
2026-03-18 21:27:36,swing,EWH,LONG,166,22.65,entry (LONG),+0.0000
2026-03-18 21:27:39,swing,XLB,LONG,39,48.48,entry (LONG),+0.0000
2026-03-18 21:27:41,swing,XLRE,LONG,54,42.02,entry (LONG),+0.0000
2026-03-18 21:27:42,swing,EWC,LONG,68,54.81,entry (LONG),+0.0000
2026-03-18 21:27:44,swing,EWU,LONG,82,45.38,entry (LONG),+0.0000
2026-03-18 21:27:46,swing,EWA,LONG,98,28.00,entry (LONG),+0.0000
2026-03-18 21:27:48,swing,XLI,SHORT,22,165.18,entry (SHORT),+0.0000
2026-03-18 21:27:50,swing,VTV,SHORT,18,196.75,entry (SHORT),+0.0000
2026-03-18 21:27:53,swing,IEF,LONG,38,95.75,entry (LONG),+0.0000
2026-03-18 21:27:55,swing,HYG,LONG,46,79.40,entry (LONG),+0.0000
2026-03-18 21:27:56,swing,EEM,SHORT,25,57.56,entry (SHORT),+0.0000
2026-03-18 21:27:59,swing,URNM,LONG,38,62.55,entry (LONG),+0.0000
2026-03-18 21:28:01,swing,LQD,LONG,18,108.71,entry (LONG),+0.0000
2026-03-18 21:28:04,swing,EMB,SHORT,15,94.36,entry (SHORT),+0.0000
2026-03-18 21:28:08,swing,EWW,SHORT,49,72.38,entry (SHORT),+0.0000
2026-03-18 21:28:10,swing,SPY,LONG,5,661.43,entry (LONG),+0.0000
2026-03-18 21:28:12,swing,VGK,LONG,34,82.26,entry (LONG),+0.0000
2026-03-18 21:28:13,swing,IWM,LONG,14,246.02,entry (LONG),+0.0000
2026-03-18 21:28:15,swing,XLV,SHORT,21,147.14,entry (SHORT),+0.0000
2026-03-18 21:28:18,swing,MCHI,SHORT,45,57.23,entry (SHORT),+0.0000
2026-03-18 21:28:20,swing,XLY,SHORT,30,110.57,entry (SHORT),+0.0000
2026-03-18 21:28:22,swing,XLF,LONG,67,48.97,entry (LONG),+0.0000
2026-03-18 21:28:23,swing,CIBR,LONG,50,64.96,entry (LONG),+0.0000
2026-03-18 21:28:25,swing,ARKK,SHORT,45,71.41,entry (SHORT),+0.0000
2026-03-18 21:28:28,swing,INDA,LONG,68,47.72,entry (LONG),+0.0000
2026-03-18 21:28:30,swing,IGV,LONG,9,84.34,entry (LONG),+0.0000
2026-03-18 21:28:33,swing,USO,LONG,47,121.67,entry (LONG),+0.0000
2026-03-18 21:28:34,swing,QQQ,LONG,2,594.90,entry (LONG),+0.0000
2026-03-18 21:28:35,swing,PDBC,SHORT,267,17.46,entry (SHORT),+0.0000
2026-03-18 21:28:37,swing,XLE,SHORT,77,58.43,entry (SHORT),+0.0000
2026-03-18 21:28:37,swing,USO,LONG,47,121.67,entry (LONG),+0.0000
2026-03-18 21:28:38,swing,EWY,SHORT,33,131.88,entry (SHORT),+0.0000
2026-03-18 21:28:38,swing,PDBC,SHORT,267,17.46,entry (SHORT),+0.0000
2026-03-18 21:28:40,swing,XLU,LONG,47,46.73,entry (LONG),+0.0000
2026-03-18 21:28:40,swing,XLE,SHORT,77,58.43,entry (SHORT),+0.0000
2026-03-18 21:28:43,swing,EWT,SHORT,54,71.34,entry (SHORT),+0.0000
2026-03-18 21:28:43,swing,EWY,SHORT,33,131.88,entry (SHORT),+0.0000
2026-03-18 21:28:45,swing,XLU,LONG,47,46.73,entry (LONG),+0.0000
2026-03-18 21:28:46,swing,EWT,SHORT,54,71.34,entry (SHORT),+0.0000
2026-03-18 21:28:47,swing,GLD,LONG,17,444.74,entry (LONG),+0.0000
2026-03-18 21:28:49,swing,GLD,LONG,17,444.74,entry (LONG),+0.0000
2026-03-18 21:28:51,swing,EWH,LONG,166,22.65,entry (LONG),+0.0000
2026-03-18 21:28:53,swing,XLB,LONG,77,48.48,entry (LONG),+0.0000
2026-03-18 21:28:54,swing,EWH,LONG,166,22.65,entry (LONG),+0.0000
2026-03-18 21:28:55,swing,XLRE,LONG,54,42.02,entry (LONG),+0.0000
2026-03-18 21:28:55,swing,XLB,LONG,77,48.48,entry (LONG),+0.0000
2026-03-18 21:28:57,swing,EWC,LONG,68,54.81,entry (LONG),+0.0000
2026-03-18 21:28:57,swing,XLRE,LONG,35,42.02,entry (LONG),+0.0000
2026-03-18 21:28:58,swing,EWU,LONG,82,45.38,entry (LONG),+0.0000
2026-03-18 21:28:59,swing,EWC,LONG,68,54.81,entry (LONG),+0.0000
2026-03-18 21:29:00,swing,EWA,LONG,98,28.00,entry (LONG),+0.0000
2026-03-18 21:29:01,swing,EWU,LONG,82,45.38,entry (LONG),+0.0000
2026-03-18 21:29:02,swing,XLI,SHORT,22,165.18,entry (SHORT),+0.0000
2026-03-18 21:29:02,swing,EWA,LONG,98,28.00,entry (LONG),+0.0000
2026-03-18 21:29:03,swing,VTV,SHORT,18,196.75,entry (SHORT),+0.0000
2026-03-18 21:29:04,swing,XLI,LONG,14,165.18,entry (LONG),+0.0000
2026-03-18 21:29:05,swing,IEF,LONG,38,95.75,entry (LONG),+0.0000
2026-03-18 21:29:06,swing,VTV,LONG,18,196.75,entry (LONG),+0.0000
2026-03-18 21:29:07,swing,HYG,LONG,46,79.40,entry (LONG),+0.0000
2026-03-18 21:29:08,swing,IEF,LONG,38,95.75,entry (LONG),+0.0000
2026-03-18 21:29:09,swing,EEM,SHORT,25,57.56,entry (SHORT),+0.0000
2026-03-18 21:29:10,swing,HYG,LONG,46,79.40,entry (LONG),+0.0000
2026-03-18 21:29:12,swing,EEM,SHORT,25,57.56,entry (SHORT),+0.0000
2026-03-18 21:29:12,swing,URNM,LONG,38,62.55,entry (LONG),+0.0000
2026-03-18 21:29:14,swing,LQD,LONG,18,108.71,entry (LONG),+0.0000
2026-03-18 21:29:16,swing,URNM,LONG,38,62.55,entry (LONG),+0.0000
2026-03-18 21:29:18,swing,EMB,SHORT,15,94.36,entry (SHORT),+0.0000
2026-03-18 21:29:18,swing,LQD,LONG,18,108.71,entry (LONG),+0.0000
2026-03-18 21:29:21,swing,EMB,SHORT,15,94.36,entry (SHORT),+0.0000
2026-03-18 21:29:22,swing,EWW,SHORT,49,72.38,entry (SHORT),+0.0000
2026-03-18 21:29:24,swing,SPY,LONG,5,661.43,entry (LONG),+0.0000
2026-03-18 21:29:26,swing,EWW,SHORT,49,72.38,entry (SHORT),+0.0000
2026-03-18 21:29:26,swing,VGK,LONG,34,82.26,entry (LONG),+0.0000
2026-03-18 21:29:28,swing,SPY,LONG,5,661.43,entry (LONG),+0.0000
2026-03-18 21:29:28,swing,IWM,LONG,14,246.02,entry (LONG),+0.0000
2026-03-18 21:29:30,swing,VGK,LONG,34,82.26,entry (LONG),+0.0000
2026-03-18 21:29:30,swing,XLV,SHORT,21,147.14,entry (SHORT),+0.0000
2026-03-18 21:29:32,swing,IWM,LONG,14,246.02,entry (LONG),+0.0000
2026-03-18 21:29:33,swing,MCHI,SHORT,45,57.23,entry (SHORT),+0.0000
2026-03-18 21:29:34,swing,XLV,SHORT,21,147.14,entry (SHORT),+0.0000
2026-03-18 21:29:36,swing,XLY,SHORT,30,110.57,entry (SHORT),+0.0000
2026-03-18 21:29:37,swing,MCHI,SHORT,45,57.23,entry (SHORT),+0.0000
2026-03-18 21:29:37,swing,XLF,LONG,67,48.97,entry (LONG),+0.0000
2026-03-18 21:29:40,swing,CIBR,LONG,50,64.96,entry (LONG),+0.0000
2026-03-18 21:29:40,swing,XLY,SHORT,30,110.57,entry (SHORT),+0.0000
2026-03-18 21:29:41,swing,ARKK,SHORT,45,71.41,entry (SHORT),+0.0000
2026-03-18 21:29:41,swing,XLF,LONG,67,48.97,entry (LONG),+0.0000
2026-03-18 21:29:43,swing,INDA,LONG,68,47.72,entry (LONG),+0.0000
2026-03-18 21:29:44,swing,CIBR,LONG,50,64.96,entry (LONG),+0.0000
2026-03-18 21:29:46,swing,IGV,LONG,9,84.34,entry (LONG),+0.0000
2026-03-18 21:29:47,swing,ARKK,SHORT,45,71.41,entry (SHORT),+0.0000
2026-03-18 21:29:50,swing,INDA,LONG,68,47.72,entry (LONG),+0.0000
2026-03-18 21:29:50,swing,QQQ,LONG,2,594.90,entry (LONG),+0.0000
2026-03-18 21:29:52,swing,IGV,LONG,9,84.34,entry (LONG),+0.0000
2026-03-18 21:29:56,swing,QQQ,LONG,2,594.90,entry (LONG),+0.0000
2026-03-18 21:30:37,swing,GLD,SHORT,3,444.74,entry (SHORT),+0.0000
2026-03-18 21:33:41,swing,USO,LONG,47,121.67,entry (LONG),+0.0000
2026-03-18 21:33:43,swing,PDBC,SHORT,267,17.46,entry (SHORT),+0.0000
2026-03-18 21:33:45,swing,XLE,SHORT,77,58.43,entry (SHORT),+0.0000
2026-03-18 21:33:46,swing,EWY,SHORT,33,131.88,entry (SHORT),+0.0000
2026-03-18 21:33:50,swing,EWT,SHORT,54,71.34,entry (SHORT),+0.0000
2026-03-18 21:33:52,swing,GLD,LONG,17,444.74,entry (LONG),+0.0000
2026-03-18 21:33:56,swing,EWH,LONG,166,22.65,entry (LONG),+0.0000
2026-03-18 21:33:58,swing,XLB,LONG,39,48.48,entry (LONG),+0.0000
2026-03-18 21:34:00,swing,XLRE,LONG,54,42.02,entry (LONG),+0.0000
2026-03-18 21:34:02,swing,EWC,LONG,68,54.81,entry (LONG),+0.0000
2026-03-18 21:34:03,swing,EWU,LONG,82,45.38,entry (LONG),+0.0000
2026-03-18 21:34:05,swing,EWA,LONG,98,28.00,entry (LONG),+0.0000
2026-03-18 21:34:07,swing,XLI,SHORT,22,165.18,entry (SHORT),+0.0000
2026-03-18 21:34:09,swing,VTV,SHORT,18,196.75,entry (SHORT),+0.0000
2026-03-18 21:34:10,swing,IEF,LONG,38,95.75,entry (LONG),+0.0000
2026-03-18 21:34:12,swing,HYG,LONG,46,79.40,entry (LONG),+0.0000
2026-03-18 21:34:14,swing,EEM,SHORT,25,57.56,entry (SHORT),+0.0000
2026-03-18 21:34:17,swing,URNM,LONG,38,62.55,entry (LONG),+0.0000
2026-03-18 21:34:18,swing,LQD,LONG,18,108.71,entry (LONG),+0.0000
2026-03-18 21:34:21,swing,EMB,SHORT,15,94.36,entry (SHORT),+0.0000
2026-03-18 21:34:26,swing,EWW,SHORT,49,72.38,entry (SHORT),+0.0000
2026-03-18 21:34:27,swing,SPY,LONG,5,661.43,entry (LONG),+0.0000
2026-03-18 21:34:29,swing,VGK,LONG,34,82.26,entry (LONG),+0.0000
2026-03-18 21:34:31,swing,IWM,LONG,14,246.02,entry (LONG),+0.0000
2026-03-18 21:34:32,swing,XLV,SHORT,21,147.14,entry (SHORT),+0.0000
2026-03-18 21:34:36,swing,MCHI,SHORT,45,57.23,entry (SHORT),+0.0000
2026-03-18 21:34:38,swing,XLY,SHORT,30,110.57,entry (SHORT),+0.0000
2026-03-18 21:34:39,swing,XLF,LONG,67,48.97,entry (LONG),+0.0000
2026-03-18 21:34:41,swing,CIBR,LONG,50,64.96,entry (LONG),+0.0000
2026-03-18 21:34:43,swing,ARKK,SHORT,45,71.41,entry (SHORT),+0.0000
2026-03-18 21:34:45,swing,INDA,LONG,68,47.72,entry (LONG),+0.0000
2026-03-18 21:34:47,swing,IGV,LONG,9,84.34,entry (LONG),+0.0000
2026-03-18 21:34:49,swing,QQQ,LONG,2,594.90,entry (LONG),+0.0000
2026-03-18 21:34:59,swing,USO,LONG,47,121.67,entry (LONG),+0.0000
2026-03-18 21:35:01,swing,PDBC,SHORT,267,17.46,entry (SHORT),+0.0000
2026-03-18 21:35:03,swing,XLE,SHORT,77,58.43,entry (SHORT),+0.0000
2026-03-18 21:35:03,swing,USO,LONG,47,121.67,entry (LONG),+0.0000
2026-03-18 21:35:05,swing,EWY,SHORT,33,131.88,entry (SHORT),+0.0000
2026-03-18 21:35:05,swing,PDBC,SHORT,267,17.46,entry (SHORT),+0.0000
2026-03-18 21:35:06,swing,XLU,LONG,47,46.73,entry (LONG),+0.0000
2026-03-18 21:35:06,swing,XLE,SHORT,77,58.43,entry (SHORT),+0.0000
2026-03-18 21:35:08,swing,EWT,SHORT,54,71.34,entry (SHORT),+0.0000

2026-03-18 21:35:10,swing,XLU,LONG,47,46.73,entry (LONG),+0.0000
2026-03-18 21:35:11,swing,GLD,LONG,17,444.74,entry (LONG),+0.0000
2026-03-18 21:35:11,swing,EWT,SHORT,54,71.34,entry (SHORT),+0.0000
2026-03-18 21:35:14,swing,GLD,LONG,17,444.74,entry (LONG),+0.0000
2026-03-18 21:35:16,swing,EWH,LONG,166,22.65,entry (LONG),+0.0000
2026-03-18 21:35:18,swing,EWH,LONG,166,22.65,entry (LONG),+0.0000
2026-03-18 21:35:19,swing,XLB,LONG,77,48.48,entry (LONG),+0.0000
2026-03-18 21:35:20,swing,XLB,LONG,77,48.48,entry (LONG),+0.0000
2026-03-18 21:35:21,swing,XLRE,LONG,54,42.02,entry (LONG),+0.0000
2026-03-18 21:35:22,swing,XLRE,LONG,35,42.02,entry (LONG),+0.0000
2026-03-18 21:35:23,swing,EWC,LONG,68,54.81,entry (LONG),+0.0000
2026-03-18 21:35:23,swing,EWC,LONG,68,54.81,entry (LONG),+0.0000
2026-03-18 21:35:24,swing,EWU,LONG,82,45.38,entry (LONG),+0.0000
2026-03-18 21:35:25,swing,EWU,LONG,82,45.38,entry (LONG),+0.0000
2026-03-18 21:35:26,swing,EWA,LONG,98,28.00,entry (LONG),+0.0000
2026-03-18 21:35:26,swing,EWA,LONG,98,28.00,entry (LONG),+0.0000
2026-03-18 21:35:28,swing,XLI,SHORT,22,165.18,entry (SHORT),+0.0000
2026-03-18 21:35:28,swing,XLI,LONG,14,165.18,entry (LONG),+0.0000
2026-03-18 21:35:30,swing,VTV,SHORT,18,196.75,entry (SHORT),+0.0000
2026-03-18 21:35:30,swing,VTV,LONG,18,196.75,entry (LONG),+0.0000
2026-03-18 21:35:32,swing,IEF,LONG,38,95.75,entry (LONG),+0.0000
2026-03-18 21:35:33,swing,HYG,LONG,46,79.40,entry (LONG),+0.0000
2026-03-18 21:35:33,swing,HYG,LONG,46,79.40,entry (LONG),+0.0000
2026-03-18 21:35:35,swing,EEM,SHORT,25,57.56,entry (SHORT),+0.0000
2026-03-18 21:35:35,swing,EEM,SHORT,25,57.56,entry (SHORT),+0.0000
2026-03-18 21:35:38,swing,URNM,LONG,38,62.55,entry (LONG),+0.0000
2026-03-18 21:35:38,swing,URNM,LONG,38,62.55,entry (LONG),+0.0000
2026-03-18 21:35:40,swing,LQD,LONG,18,108.71,entry (LONG),+0.0000
2026-03-18 21:35:40,swing,LQD,LONG,18,108.71,entry (LONG),+0.0000
2026-03-18 21:35:43,swing,EMB,SHORT,15,94.36,entry (SHORT),+0.0000
2026-03-18 21:35:43,swing,EMB,SHORT,15,94.36,entry (SHORT),+0.0000
2026-03-18 21:35:47,swing,EWW,SHORT,49,72.38,entry (SHORT),+0.0000
2026-03-18 21:35:47,swing,EWW,SHORT,49,72.38,entry (SHORT),+0.0000
2026-03-18 21:35:49,swing,SPY,LONG,5,661.43,entry (LONG),+0.0000
2026-03-18 21:35:49,swing,SPY,LONG,5,661.43,entry (LONG),+0.0000
2026-03-18 21:35:51,swing,VGK,LONG,34,82.26,entry (LONG),+0.0000
2026-03-18 21:35:51,swing,VGK,LONG,34,82.26,entry (LONG),+0.0000
2026-03-18 21:35:52,swing,GLD,SHORT,3,444.74,entry (SHORT),+0.0000
2026-03-18 21:35:53,swing,IWM,LONG,14,246.02,entry (LONG),+0.0000
2026-03-18 21:35:53,swing,IWM,LONG,14,246.02,entry (LONG),+0.0000
2026-03-18 21:35:55,swing,XLV,SHORT,21,147.14,entry (SHORT),+0.0000
2026-03-18 21:35:55,swing,XLV,SHORT,21,147.14,entry (SHORT),+0.0000
2026-03-18 21:35:57,swing,MCHI,SHORT,45,57.23,entry (SHORT),+0.0000
2026-03-18 21:35:58,swing,MCHI,SHORT,45,57.23,entry (SHORT),+0.0000
2026-03-18 21:35:59,swing,XLY,SHORT,30,110.57,entry (SHORT),+0.0000
2026-03-18 21:35:59,swing,XLY,SHORT,30,110.57,entry (SHORT),+0.0000
2026-03-18 21:36:01,swing,XLF,LONG,67,48.97,entry (LONG),+0.0000
2026-03-18 21:36:01,swing,XLF,LONG,67,48.97,entry (LONG),+0.0000
2026-03-18 21:36:03,swing,CIBR,LONG,50,64.96,entry (LONG),+0.0000
2026-03-18 21:36:03,swing,CIBR,LONG,50,64.96,entry (LONG),+0.0000
2026-03-18 21:36:05,swing,ARKK,SHORT,45,71.41,entry (SHORT),+0.0000
2026-03-18 21:36:05,swing,ARKK,SHORT,45,71.41,entry (SHORT),+0.0000
2026-03-18 21:36:07,swing,INDA,LONG,68,47.72,entry (LONG),+0.0000
2026-03-18 21:36:07,swing,INDA,LONG,68,47.72,entry (LONG),+0.0000
2026-03-18 21:36:08,swing,IGV,LONG,9,84.34,entry (LONG),+0.0000
2026-03-18 21:36:08,swing,IGV,LONG,9,84.34,entry (LONG),+0.0000
2026-03-18 21:36:11,swing,QQQ,LONG,2,594.90,entry (LONG),+0.0000
2026-03-18 21:36:13,swing,QQQ,LONG,2,594.90,entry (LONG),+0.0000
2026-03-18 21:39:57,swing,USO,LONG,47,121.67,entry (LONG),+0.0000
2026-03-18 21:39:59,swing,PDBC,SHORT,267,17.46,entry (SHORT),+0.0000
2026-03-18 21:40:00,swing,XLE,SHORT,77,58.43,entry (SHORT),+0.0000
2026-03-18 21:40:02,swing,EWY,SHORT,33,131.88,entry (SHORT),+0.0000
2026-03-18 21:40:05,swing,EWT,SHORT,54,71.34,entry (SHORT),+0.0000
2026-03-18 21:40:08,swing,GLD,LONG,17,444.74,entry (LONG),+0.0000
2026-03-18 21:40:12,swing,EWH,LONG,167,22.65,entry (LONG),+0.0000
2026-03-18 21:40:14,swing,XLB,LONG,39,48.48,entry (LONG),+0.0000
2026-03-18 21:40:15,swing,XLRE,LONG,54,42.02,entry (LONG),+0.0000
2026-03-18 21:40:17,swing,EWC,LONG,68,54.81,entry (LONG),+0.0000
2026-03-18 21:40:19,swing,EWU,LONG,82,45.38,entry (LONG),+0.0000
2026-03-18 21:40:20,swing,EWA,LONG,98,28.00,entry (LONG),+0.0000
2026-03-18 21:40:22,swing,XLI,SHORT,22,165.18,entry (SHORT),+0.0000
2026-03-18 21:40:24,swing,VTV,SHORT,18,196.75,entry (SHORT),+0.0000
2026-03-18 21:40:25,swing,IEF,LONG,38,95.75,entry (LONG),+0.0000
2026-03-18 21:40:27,swing,HYG,LONG,46,79.40,entry (LONG),+0.0000
2026-03-18 21:40:29,swing,EEM,SHORT,25,57.56,entry (SHORT),+0.0000
2026-03-18 21:40:32,swing,URNM,LONG,38,62.55,entry (LONG),+0.0000
2026-03-18 21:40:34,swing,LQD,LONG,18,108.71,entry (LONG),+0.0000
2026-03-18 21:40:37,swing,EMB,SHORT,15,94.36,entry (SHORT),+0.0000
2026-03-18 21:40:41,swing,EWW,SHORT,49,72.38,entry (SHORT),+0.0000
2026-03-18 21:40:43,swing,SPY,LONG,5,661.43,entry (LONG),+0.0000
2026-03-18 21:40:44,swing,VGK,LONG,34,82.26,entry (LONG),+0.0000
2026-03-18 21:40:46,swing,IWM,LONG,14,246.02,entry (LONG),+0.0000
2026-03-18 21:40:48,swing,XLV,SHORT,21,147.14,entry (SHORT),+0.0000
2026-03-18 21:40:51,swing,MCHI,SHORT,45,57.23,entry (SHORT),+0.0000
2026-03-18 21:40:53,swing,XLY,SHORT,30,110.57,entry (SHORT),+0.0000
2026-03-18 21:40:54,swing,XLF,LONG,67,48.97,entry (LONG),+0.0000
2026-03-18 21:40:56,swing,CIBR,LONG,50,64.96,entry (LONG),+0.0000
2026-03-18 21:40:57,swing,ARKK,SHORT,45,71.41,entry (SHORT),+0.0000
2026-03-18 21:40:59,swing,INDA,LONG,68,47.72,entry (LONG),+0.0000
2026-03-18 21:41:01,swing,IGV,LONG,9,84.34,entry (LONG),+0.0000
2026-03-18 21:41:04,swing,QQQ,LONG,2,594.90,entry (LONG),+0.0000
2026-03-18 21:41:06,swing,GLD,SHORT,3,444.74,entry (SHORT),+0.0000
2026-03-18 21:41:19,swing,USO,LONG,47,121.67,entry (LONG),+0.0000
2026-03-18 21:41:19,swing,USO,LONG,47,121.67,entry (LONG),+0.0000
2026-03-18 21:41:21,swing,PDBC,SHORT,267,17.46,entry (SHORT),+0.0000
2026-03-18 21:41:21,swing,PDBC,SHORT,267,17.46,entry (SHORT),+0.0000
2026-03-18 21:41:23,swing,XLE,SHORT,77,58.43,entry (SHORT),+0.0000
2026-03-18 21:41:23,swing,XLE,SHORT,77,58.43,entry (SHORT),+0.0000
2026-03-18 21:41:25,swing,EWY,SHORT,33,131.88,entry (SHORT),+0.0000
2026-03-18 21:41:25,swing,EWY,SHORT,33,131.88,entry (SHORT),+0.0000
2026-03-18 21:41:26,swing,XLU,LONG,47,46.73,entry (LONG),+0.0000
2026-03-18 21:41:27,swing,XLU,LONG,47,46.73,entry (LONG),+0.0000
2026-03-18 21:41:28,swing,EWT,SHORT,54,71.34,entry (SHORT),+0.0000
2026-03-18 21:41:28,swing,EWT,SHORT,54,71.34,entry (SHORT),+0.0000
2026-03-18 21:41:31,swing,GLD,LONG,17,444.74,entry (LONG),+0.0000
2026-03-18 21:41:31,swing,GLD,LONG,17,444.74,entry (LONG),+0.0000
2026-03-18 21:41:35,swing,EWH,LONG,167,22.65,entry (LONG),+0.0000
2026-03-18 21:41:35,swing,EWH,LONG,167,22.65,entry (LONG),+0.0000
2026-03-18 21:41:37,swing,XLB,LONG,77,48.48,entry (LONG),+0.0000
2026-03-18 21:41:37,swing,XLB,LONG,77,48.48,entry (LONG),+0.0000
2026-03-18 21:41:39,swing,XLRE,LONG,54,42.02,entry (LONG),+0.0000
2026-03-18 21:41:39,swing,XLRE,LONG,35,42.02,entry (LONG),+0.0000
2026-03-18 21:41:40,swing,EWC,LONG,68,54.81,entry (LONG),+0.0000
2026-03-18 21:41:41,swing,EWC,LONG,68,54.81,entry (LONG),+0.0000
2026-03-18 21:41:42,swing,EWU,LONG,82,45.38,entry (LONG),+0.0000
2026-03-18 21:41:42,swing,EWU,LONG,82,45.38,entry (LONG),+0.0000
2026-03-18 21:41:44,swing,EWA,LONG,98,28.00,entry (LONG),+0.0000
2026-03-18 21:41:44,swing,EWA,LONG,98,28.00,entry (LONG),+0.0000
2026-03-18 21:41:46,swing,XLI,LONG,14,165.18,entry (LONG),+0.0000
2026-03-18 21:41:46,swing,XLI,SHORT,22,165.18,entry (SHORT),+0.0000
2026-03-18 21:41:48,swing,VTV,LONG,18,196.75,entry (LONG),+0.0000
2026-03-18 21:41:48,swing,VTV,SHORT,18,196.75,entry (SHORT),+0.0000
2026-03-18 21:41:49,swing,IEF,LONG,38,95.75,entry (LONG),+0.0000
2026-03-18 21:41:50,swing,IEF,LONG,38,95.75,entry (LONG),+0.0000
2026-03-18 21:41:51,swing,HYG,LONG,46,79.40,entry (LONG),+0.0000
2026-03-18 21:41:51,swing,HYG,LONG,46,79.40,entry (LONG),+0.0000
2026-03-18 21:41:53,swing,EEM,SHORT,25,57.56,entry (SHORT),+0.0000
2026-03-18 21:41:53,swing,EEM,SHORT,25,57.56,entry (SHORT),+0.0000
2026-03-18 21:41:56,swing,URNM,LONG,38,62.55,entry (LONG),+0.0000
2026-03-18 21:41:56,swing,URNM,LONG,38,62.55,entry (LONG),+0.0000
2026-03-18 21:41:58,swing,LQD,LONG,18,108.71,entry (LONG),+0.0000
2026-03-18 21:41:58,swing,LQD,LONG,18,108.71,entry (LONG),+0.0000
2026-03-18 21:42:00,swing,EMB,SHORT,15,94.36,entry (SHORT),+0.0000
2026-03-18 21:42:01,swing,EMB,SHORT,15,94.36,entry (SHORT),+0.0000
2026-03-18 21:42:05,swing,EWW,SHORT,49,72.38,entry (SHORT),+0.0000
2026-03-18 21:42:06,swing,EWW,SHORT,49,72.38,entry (SHORT),+0.0000
2026-03-18 21:42:06,swing,SPY,LONG,5,661.43,entry (LONG),+0.0000
2026-03-18 21:42:07,swing,SPY,LONG,5,661.43,entry (LONG),+0.0000
2026-03-18 21:42:08,swing,VGK,LONG,34,82.26,entry (LONG),+0.0000
2026-03-18 21:42:09,swing,VGK,LONG,34,82.26,entry (LONG),+0.0000
2026-03-18 21:42:10,swing,IWM,LONG,14,246.02,entry (LONG),+0.0000
2026-03-18 21:42:11,swing,IWM,LONG,14,246.02,entry (LONG),+0.0000
2026-03-18 21:42:11,swing,XLV,SHORT,21,147.14,entry (SHORT),+0.0000
2026-03-18 21:42:13,swing,XLV,SHORT,21,147.14,entry (SHORT),+0.0000
2026-03-18 21:42:14,swing,MCHI,SHORT,45,57.23,entry (SHORT),+0.0000
2026-03-18 21:42:15,swing,MCHI,SHORT,45,57.23,entry (SHORT),+0.0000
2026-03-18 21:42:16,swing,XLY,SHORT,30,110.57,entry (SHORT),+0.0000
2026-03-18 21:42:17,swing,XLY,SHORT,30,110.57,entry (SHORT),+0.0000
2026-03-18 21:42:18,swing,XLF,LONG,67,48.97,entry (LONG),+0.0000
2026-03-18 21:42:19,swing,XLF,LONG,67,48.97,entry (LONG),+0.0000
2026-03-18 21:42:20,swing,CIBR,LONG,50,64.96,entry (LONG),+0.0000
2026-03-18 21:42:21,swing,CIBR,LONG,50,64.96,entry (LONG),+0.0000
2026-03-18 21:42:21,swing,ARKK,SHORT,45,71.41,entry (SHORT),+0.0000
2026-03-18 21:42:22,swing,ARKK,SHORT,45,71.41,entry (SHORT),+0.0000
2026-03-18 21:42:23,swing,INDA,LONG,68,47.72,entry (LONG),+0.0000
2026-03-18 21:42:24,swing,INDA,LONG,68,47.72,entry (LONG),+0.0000
2026-03-18 21:42:25,swing,IGV,LONG,9,84.34,entry (LONG),+0.0000
2026-03-18 21:42:26,swing,IGV,LONG,9,84.34,entry (LONG),+0.0000
2026-03-18 21:42:29,swing,QQQ,LONG,2,594.90,entry (LONG),+0.0000
2026-03-18 21:42:30,swing,QQQ,LONG,2,594.90,entry (LONG),+0.0000
2026-03-18 21:46:11,swing,USO,LONG,47,121.67,entry (LONG),+0.0000
2026-03-18 21:46:13,swing,PDBC,SHORT,267,17.46,entry (SHORT),+0.0000
2026-03-18 21:46:15,swing,XLE,SHORT,77,58.43,entry (SHORT),+0.0000
2026-03-18 21:46:17,swing,GLD,SHORT,3,444.74,entry (SHORT),+0.0000
2026-03-18 21:46:17,swing,EWY,SHORT,33,131.88,entry (SHORT),+0.0000
2026-03-18 21:46:20,swing,EWT,SHORT,54,71.34,entry (SHORT),+0.0000
2026-03-18 21:46:22,swing,GLD,LONG,17,444.74,entry (LONG),+0.0000
2026-03-18 21:46:27,swing,EWH,LONG,167,22.65,entry (LONG),+0.0000
2026-03-18 21:46:28,swing,XLB,LONG,39,48.48,entry (LONG),+0.0000
2026-03-18 21:46:30,swing,XLRE,LONG,54,42.02,entry (LONG),+0.0000
2026-03-18 21:46:32,swing,EWC,LONG,68,54.81,entry (LONG),+0.0000
2026-03-18 21:46:34,swing,EWU,LONG,82,45.38,entry (LONG),+0.0000
2026-03-18 21:46:35,swing,EWA,LONG,98,28.00,entry (LONG),+0.0000
2026-03-18 21:46:37,swing,XLI,SHORT,22,165.18,entry (SHORT),+0.0000
2026-03-18 21:46:39,swing,VTV,SHORT,18,196.75,entry (SHORT),+0.0000
2026-03-18 21:46:40,swing,IEF,LONG,38,95.75,entry (LONG),+0.0000
2026-03-18 21:46:42,swing,HYG,LONG,46,79.40,entry (LONG),+0.0000
2026-03-18 21:46:44,swing,EEM,SHORT,25,57.56,entry (SHORT),+0.0000
2026-03-18 21:46:47,swing,URNM,LONG,38,62.55,entry (LONG),+0.0000
2026-03-18 21:46:49,swing,LQD,LONG,18,108.71,entry (LONG),+0.0000
2026-03-18 21:46:51,swing,EMB,SHORT,15,94.36,entry (SHORT),+0.0000
2026-03-18 21:46:56,swing,EWW,SHORT,49,72.38,entry (SHORT),+0.0000
2026-03-18 21:46:58,swing,SPY,LONG,5,661.43,entry (LONG),+0.0000
2026-03-18 21:46:59,swing,VGK,LONG,34,82.26,entry (LONG),+0.0000
2026-03-18 21:47:01,swing,IWM,LONG,14,246.02,entry (LONG),+0.0000
2026-03-18 21:47:03,swing,XLV,SHORT,21,147.14,entry (SHORT),+0.0000
2026-03-18 21:47:05,swing,MCHI,SHORT,45,57.23,entry (SHORT),+0.0000
2026-03-18 21:47:07,swing,XLY,SHORT,30,110.57,entry (SHORT),+0.0000
2026-03-18 21:47:09,swing,XLF,LONG,67,48.97,entry (LONG),+0.0000
2026-03-18 21:47:11,swing,CIBR,LONG,50,64.96,entry (LONG),+0.0000
2026-03-18 21:47:12,swing,ARKK,SHORT,45,71.41,entry (SHORT),+0.0000
2026-03-18 21:47:14,swing,INDA,LONG,68,47.72,entry (LONG),+0.0000
2026-03-18 21:47:16,swing,IGV,LONG,9,84.34,entry (LONG),+0.0000
2026-03-18 21:47:19,swing,QQQ,LONG,2,594.90,entry (LONG),+0.0000
2026-03-18 21:47:36,swing,USO,LONG,47,121.67,entry (LONG),+0.0000
2026-03-18 21:47:36,swing,USO,LONG,47,121.67,entry (LONG),+0.0000
2026-03-18 21:47:38,swing,PDBC,SHORT,267,17.46,entry (SHORT),+0.0000
2026-03-18 21:47:38,swing,PDBC,SHORT,267,17.46,entry (SHORT),+0.0000
2026-03-18 21:47:39,swing,XLE,SHORT,77,58.43,entry (SHORT),+0.0000
2026-03-18 21:47:41,swing,XLE,SHORT,77,58.43,entry (SHORT),+0.0000
2026-03-18 21:47:41,swing,EWY,SHORT,33,131.88,entry (SHORT),+0.0000
2026-03-18 21:47:43,swing,EWY,SHORT,33,131.88,entry (SHORT),+0.0000
2026-03-18 21:47:43,swing,XLU,LONG,47,46.73,entry (LONG),+0.0000
2026-03-18 21:47:44,swing,XLU,LONG,47,46.73,entry (LONG),+0.0000
2026-03-18 21:47:44,swing,EWT,SHORT,54,71.34,entry (SHORT),+0.0000
2026-03-18 21:47:46,swing,EWT,SHORT,54,71.34,entry (SHORT),+0.0000
2026-03-18 21:47:47,swing,GLD,LONG,17,444.74,entry (LONG),+0.0000
2026-03-18 21:47:49,swing,GLD,LONG,17,444.74,entry (LONG),+0.0000
2026-03-18 21:47:52,swing,EWH,LONG,167,22.65,entry (LONG),+0.0000
2026-03-18 21:47:53,swing,EWH,LONG,167,22.65,entry (LONG),+0.0000
2026-03-18 21:47:53,swing,XLB,LONG,77,48.48,entry (LONG),+0.0000
2026-03-18 21:47:54,swing,XLB,LONG,77,48.48,entry (LONG),+0.0000
2026-03-18 21:47:55,swing,XLRE,LONG,35,42.02,entry (LONG),+0.0000
2026-03-18 21:47:56,swing,XLRE,LONG,54,42.02,entry (LONG),+0.0000
2026-03-18 21:47:57,swing,EWC,LONG,68,54.81,entry (LONG),+0.0000
2026-03-18 21:47:58,swing,EWC,LONG,68,54.81,entry (LONG),+0.0000
2026-03-18 21:47:59,swing,EWU,LONG,82,45.38,entry (LONG),+0.0000
2026-03-18 21:48:00,swing,EWU,LONG,82,45.38,entry (LONG),+0.0000
2026-03-18 21:48:01,swing,EWA,LONG,98,28.00,entry (LONG),+0.0000
2026-03-18 21:48:01,swing,EWA,LONG,98,28.00,entry (LONG),+0.0000
2026-03-18 21:48:02,swing,XLI,LONG,14,165.18,entry (LONG),+0.0000
2026-03-18 21:48:03,swing,XLI,SHORT,22,165.18,entry (SHORT),+0.0000
2026-03-18 21:48:04,swing,VTV,LONG,18,196.75,entry (LONG),+0.0000
2026-03-18 21:48:05,swing,VTV,SHORT,18,196.75,entry (SHORT),+0.0000
2026-03-18 21:48:06,swing,IEF,LONG,38,95.75,entry (LONG),+0.0000
2026-03-18 21:48:07,swing,IEF,LONG,38,95.75,entry (LONG),+0.0000
2026-03-18 21:48:08,swing,HYG,LONG,46,79.40,entry (LONG),+0.0000
2026-03-18 21:48:09,swing,HYG,LONG,46,79.40,entry (LONG),+0.0000
2026-03-18 21:48:09,swing,EEM,SHORT,25,57.56,entry (SHORT),+0.0000
2026-03-18 21:48:11,swing,EEM,SHORT,25,57.56,entry (SHORT),+0.0000
2026-03-18 21:48:12,swing,URNM,LONG,38,62.55,entry (LONG),+0.0000
2026-03-18 21:48:14,swing,LQD,LONG,18,108.71,entry (LONG),+0.0000
2026-03-18 21:48:14,swing,URNM,LONG,38,62.55,entry (LONG),+0.0000
2026-03-18 21:48:16,swing,LQD,LONG,18,108.71,entry (LONG),+0.0000
2026-03-18 21:48:17,swing,EMB,SHORT,15,94.36,entry (SHORT),+0.0000
2026-03-18 21:48:19,swing,EMB,SHORT,15,94.36,entry (SHORT),+0.0000
2026-03-18 21:48:22,swing,EWW,SHORT,49,72.38,entry (SHORT),+0.0000
2026-03-18 21:48:23,swing,EWW,SHORT,49,72.38,entry (SHORT),+0.0000
2026-03-18 21:48:23,swing,SPY,LONG,5,661.43,entry (LONG),+0.0000
2026-03-18 21:48:25,swing,SPY,LONG,5,661.43,entry (LONG),+0.0000
2026-03-18 21:48:25,swing,VGK,LONG,34,82.26,entry (LONG),+0.0000
2026-03-18 21:48:26,swing,VGK,LONG,34,82.26,entry (LONG),+0.0000
2026-03-18 21:48:27,swing,IWM,LONG,14,246.02,entry (LONG),+0.0000
2026-03-18 21:48:28,swing,IWM,LONG,14,246.02,entry (LONG),+0.0000
2026-03-18 21:48:28,swing,XLV,SHORT,21,147.14,entry (SHORT),+0.0000
2026-03-18 21:48:30,swing,XLV,SHORT,21,147.14,entry (SHORT),+0.0000
2026-03-18 21:48:31,swing,MCHI,SHORT,45,57.23,entry (SHORT),+0.0000
2026-03-18 21:48:33,swing,MCHI,SHORT,45,57.23,entry (SHORT),+0.0000
2026-03-18 21:48:33,swing,XLY,SHORT,30,110.57,entry (SHORT),+0.0000
2026-03-18 21:48:34,swing,XLY,SHORT,30,110.57,entry (SHORT),+0.0000
2026-03-18 21:48:35,swing,XLF,LONG,67,48.97,entry (LONG),+0.0000
2026-03-18 21:48:36,swing,XLF,LONG,67,48.97,entry (LONG),+0.0000
2026-03-18 21:48:37,swing,CIBR,LONG,50,64.96,entry (LONG),+0.0000
2026-03-18 21:48:38,swing,CIBR,LONG,50,64.96,entry (LONG),+0.0000
2026-03-18 21:48:38,swing,ARKK,SHORT,45,71.41,entry (SHORT),+0.0000
2026-03-18 21:48:39,swing,ARKK,SHORT,45,71.41,entry (SHORT),+0.0000
2026-03-18 21:48:40,swing,INDA,LONG,68,47.72,entry (LONG),+0.0000
2026-03-18 21:48:41,swing,INDA,LONG,68,47.72,entry (LONG),+0.0000
2026-03-18 21:48:42,swing,IGV,LONG,9,84.34,entry (LONG),+0.0000
2026-03-18 21:48:43,swing,IGV,LONG,9,84.34,entry (LONG),+0.0000
2026-03-18 21:48:46,swing,QQQ,LONG,2,594.90,entry (LONG),+0.0000
2026-03-18 21:48:46,swing,QQQ,LONG,2,594.90,entry (LONG),+0.0000
2026-03-18 21:51:40,swing,GLD,SHORT,3,444.74,entry (SHORT),+0.0000
2026-03-18 21:57:19,swing,GLD,SHORT,3,444.74,entry (SHORT),+0.0000
2026-03-18 21:58:40,crypto,FIL/USD,SHORT,621.696939,0.93,signal_decay (E[r]=+0.0454),-0.0054
2026-03-18 22:02:46,swing,GLD,SHORT,3,444.74,entry (SHORT),+0.0000
2026-03-18 22:08:11,swing,GLD,SHORT,3,444.74,entry (SHORT),+0.0000
2026-03-18 22:09:34,crypto,FIL/USD,SHORT,619.3802,0.93,entry (SHORT),+0.0000
2026-03-18 22:15:14,swing,GLD,SHORT,3,444.74,entry (SHORT),+0.0000
2026-03-18 22:20:54,swing,GLD,SHORT,3,444.74,entry (SHORT),+0.0000
2026-03-18 22:21:54,crypto,FIL/USD,SHORT,619.3802,0.93,signal_decay (E[r]=+0.0434),+0.0000
2026-03-18 22:26:21,swing,GLD,SHORT,3,444.74,entry (SHORT),+0.0000
2026-03-18 22:31:38,swing,GLD,SHORT,3,444.74,entry (SHORT),+0.0000
2026-03-18 22:33:10,crypto,FIL/USD,SHORT,620.997403,0.93,entry (SHORT),+0.0000
2026-03-18 22:36:52,swing,GLD,SHORT,3,444.74,entry (SHORT),+0.0000
2026-03-18 22:42:06,swing,GLD,SHORT,3,444.74,entry (SHORT),+0.0000
2026-03-18 22:47:22,swing,GLD,SHORT,3,444.74,entry (SHORT),+0.0000
2026-03-18 22:52:35,swing,GLD,SHORT,3,444.74,entry (SHORT),+0.0000
2026-03-18 22:57:48,swing,GLD,SHORT,3,444.74,entry (SHORT),+0.0000
2026-03-18 23:03:01,swing,GLD,SHORT,3,444.74,entry (SHORT),+0.0000
2026-03-18 23:08:17,swing,GLD,SHORT,3,444.74,entry (SHORT),+0.0000
2026-03-18 23:13:34,swing,GLD,SHORT,3,444.74,entry (SHORT),+0.0000
2026-03-18 23:18:48,swing,GLD,SHORT,3,444.74,entry (SHORT),+0.0000
2026-03-18 23:24:00,swing,GLD,SHORT,3,444.74,entry (SHORT),+0.0000
2026-03-18 23:29:11,swing,GLD,SHORT,3,444.74,entry (SHORT),+0.0000
2026-03-18 23:34:22,swing,GLD,SHORT,3,444.74,entry (SHORT),+0.0000
2026-03-18 23:39:39,swing,GLD,SHORT,3,444.74,entry (SHORT),+0.0000
2026-03-18 23:44:51,swing,GLD,SHORT,3,444.74,entry (SHORT),+0.0000
2026-03-18 23:50:02,swing,GLD,SHORT,3,444.74,entry (SHORT),+0.0000
2026-03-18 23:55:13,swing,GLD,SHORT,3,444.74,entry (SHORT),+0.0000
