timestamp,group,symbol,side,qty,price,reason,pnl_pct
2026-04-11 00:18:40,intraday,MCHI,LONG,101,57.17,entry (LONG),+0.0000
2026-04-11 00:18:41,intraday,VTV,LONG,13,201.31,entry (LONG),+0.0000
2026-04-11 00:18:42,intraday,EWY,LONG,17,138.78,entry (LONG),+0.0000
2026-04-11 00:18:43,intraday,IGV,SHORT,21,74.63,entry (SHORT),+0.0000
2026-04-11 00:18:44,intraday,PDBC,LONG,65,16.98,entry (LONG),+0.0000
2026-04-11 00:19:51,intraday,MCHI,LONG,101,57.17,entry (LONG),+0.0000
2026-04-11 00:19:51,intraday,VTV,LONG,13,201.31,entry (LONG),+0.0000
2026-04-11 00:19:52,intraday,EWY,LONG,17,138.78,entry (LONG),+0.0000
2026-04-11 00:19:53,intraday,IGV,SHORT,21,74.63,entry (SHORT),+0.0000
2026-04-11 00:19:54,intraday,PDBC,LONG,65,16.98,entry (LONG),+0.0000
2026-04-11 00:19:59,swing,CIBR,SHORT,70,60.74,entry (SHORT),+0.0000
2026-04-11 00:20:07,swing,USMV,SHORT,152,92.75,entry (SHORT),+0.0000
2026-04-11 00:20:14,swing,EWY,SHORT,20,138.73,entry (SHORT),+0.0000
2026-04-11 00:20:34,swing,IBIT,SHORT,94,41.56,entry (SHORT),+0.0000
2026-04-11 00:20:59,intraday,MCHI,LONG,101,57.17,entry (LONG),+0.0000
2026-04-11 00:21:00,intraday,VTV,LONG,13,201.31,entry (LONG),+0.0000
2026-04-11 00:21:01,intraday,EWY,LONG,17,138.78,entry (LONG),+0.0000
2026-04-11 00:21:02,intraday,IGV,SHORT,21,74.63,entry (SHORT),+0.0000
2026-04-11 00:21:03,intraday,PDBC,LONG,65,16.98,entry (LONG),+0.0000
2026-04-11 00:22:09,intraday,MCHI,LONG,101,57.17,entry (LONG),+0.0000
2026-04-11 00:22:09,intraday,VTV,LONG,13,201.31,entry (LONG),+0.0000
2026-04-11 00:22:10,intraday,EWY,LONG,17,138.78,entry (LONG),+0.0000
2026-04-11 00:22:11,intraday,IGV,SHORT,21,74.63,entry (SHORT),+0.0000
2026-04-11 00:22:12,intraday,PDBC,LONG,65,16.98,entry (LONG),+0.0000
2026-04-11 00:23:17,intraday,MCHI,LONG,101,57.17,entry (LONG),+0.0000
2026-04-11 00:23:18,intraday,VTV,LONG,13,201.31,entry (LONG),+0.0000
2026-04-11 00:23:19,intraday,EWY,LONG,17,138.78,entry (LONG),+0.0000
2026-04-11 00:23:20,intraday,IGV,SHORT,21,74.63,entry (SHORT),+0.0000
2026-04-11 00:23:20,intraday,PDBC,LONG,65,16.98,entry (LONG),+0.0000
2026-04-11 00:24:26,intraday,MCHI,LONG,101,57.17,entry (LONG),+0.0000
2026-04-11 00:24:27,intraday,VTV,LONG,13,201.31,entry (LONG),+0.0000
2026-04-11 00:24:28,intraday,EWY,LONG,17,138.78,entry (LONG),+0.0000
2026-04-11 00:24:29,intraday,IGV,SHORT,21,74.63,entry (SHORT),+0.0000
2026-04-11 00:24:30,intraday,PDBC,LONG,65,16.98,entry (LONG),+0.0000
2026-04-11 00:25:35,intraday,MCHI,LONG,101,57.17,entry (LONG),+0.0000
2026-04-11 00:25:36,intraday,VTV,LONG,13,201.31,entry (LONG),+0.0000
2026-04-11 00:25:37,intraday,EWY,LONG,17,138.78,entry (LONG),+0.0000
2026-04-11 00:25:38,intraday,IGV,SHORT,21,74.63,entry (SHORT),+0.0000
2026-04-11 00:25:38,intraday,PDBC,LONG,65,16.98,entry (LONG),+0.0000
2026-04-11 00:26:09,swing,CIBR,SHORT,70,60.74,entry (SHORT),+0.0000
2026-04-11 00:26:11,swing,USMV,SHORT,152,92.75,entry (SHORT),+0.0000
2026-04-11 00:26:13,swing,EWY,SHORT,20,138.73,entry (SHORT),+0.0000
2026-04-11 00:26:18,swing,IBIT,SHORT,94,41.56,entry (SHORT),+0.0000
2026-04-11 00:26:44,intraday,MCHI,LONG,101,57.17,entry (LONG),+0.0000
2026-04-11 00:26:44,intraday,VTV,LONG,13,201.31,entry (LONG),+0.0000
2026-04-11 00:26:45,intraday,EWY,LONG,17,138.78,entry (LONG),+0.0000
2026-04-11 00:26:46,intraday,IGV,SHORT,21,74.63,entry (SHORT),+0.0000
2026-04-11 00:26:47,intraday,PDBC,LONG,65,16.98,entry (LONG),+0.0000
2026-04-11 00:27:52,intraday,MCHI,LONG,101,57.17,entry (LONG),+0.0000
2026-04-11 00:27:53,intraday,VTV,LONG,13,201.31,entry (LONG),+0.0000
2026-04-11 00:27:54,intraday,EWY,LONG,17,138.78,entry (LONG),+0.0000
2026-04-11 00:27:55,intraday,IGV,SHORT,21,74.63,entry (SHORT),+0.0000
2026-04-11 00:27:55,intraday,PDBC,LONG,65,16.98,entry (LONG),+0.0000
2026-04-11 00:29:01,intraday,MCHI,LONG,101,57.17,entry (LONG),+0.0000
2026-04-11 00:29:02,intraday,VTV,LONG,13,201.31,entry (LONG),+0.0000
2026-04-11 00:29:03,intraday,EWY,LONG,17,138.78,entry (LONG),+0.0000
2026-04-11 00:29:04,intraday,IGV,SHORT,21,74.63,entry (SHORT),+0.0000
2026-04-11 00:29:04,intraday,PDBC,LONG,65,16.98,entry (LONG),+0.0000
2026-04-11 00:30:10,intraday,MCHI,LONG,101,57.17,entry (LONG),+0.0000
2026-04-11 00:30:11,intraday,VTV,LONG,13,201.31,entry (LONG),+0.0000
2026-04-11 00:30:11,intraday,EWY,LONG,17,138.78,entry (LONG),+0.0000
2026-04-11 00:30:12,intraday,IGV,SHORT,21,74.63,entry (SHORT),+0.0000
2026-04-11 00:30:13,intraday,PDBC,LONG,65,16.98,entry (LONG),+0.0000
2026-04-11 00:31:18,intraday,MCHI,LONG,101,57.17,entry (LONG),+0.0000
2026-04-11 00:31:19,intraday,VTV,LONG,13,201.31,entry (LONG),+0.0000
2026-04-11 00:31:20,intraday,EWY,LONG,17,138.78,entry (LONG),+0.0000
2026-04-11 00:31:21,intraday,IGV,SHORT,21,74.63,entry (SHORT),+0.0000
2026-04-11 00:31:22,intraday,PDBC,LONG,65,16.98,entry (LONG),+0.0000
2026-04-11 00:31:36,swing,CIBR,SHORT,70,60.74,entry (SHORT),+0.0000
2026-04-11 00:31:38,swing,USMV,SHORT,152,92.75,entry (SHORT),+0.0000
2026-04-11 00:31:40,swing,EWY,SHORT,20,138.73,entry (SHORT),+0.0000
2026-04-11 00:31:45,swing,IBIT,SHORT,94,41.56,entry (SHORT),+0.0000
2026-04-11 00:32:27,intraday,MCHI,LONG,101,57.17,entry (LONG),+0.0000
2026-04-11 00:32:28,intraday,VTV,LONG,13,201.31,entry (LONG),+0.0000
2026-04-11 00:32:29,intraday,EWY,LONG,17,138.78,entry (LONG),+0.0000
2026-04-11 00:32:29,intraday,IGV,SHORT,21,74.63,entry (SHORT),+0.0000
2026-04-11 00:32:30,intraday,PDBC,LONG,65,16.98,entry (LONG),+0.0000
2026-04-11 00:33:36,intraday,MCHI,LONG,101,57.17,entry (LONG),+0.0000
2026-04-11 00:33:37,intraday,VTV,LONG,13,201.31,entry (LONG),+0.0000
2026-04-11 00:33:38,intraday,EWY,LONG,17,138.78,entry (LONG),+0.0000
2026-04-11 00:33:39,intraday,IGV,SHORT,21,74.63,entry (SHORT),+0.0000
2026-04-11 00:33:39,intraday,PDBC,LONG,65,16.98,entry (LONG),+0.0000
2026-04-11 00:34:45,intraday,MCHI,LONG,101,57.17,entry (LONG),+0.0000
2026-04-11 00:34:46,intraday,VTV,LONG,13,201.31,entry (LONG),+0.0000
2026-04-11 00:34:47,intraday,EWY,LONG,17,138.78,entry (LONG),+0.0000
2026-04-11 00:34:48,intraday,IGV,SHORT,21,74.63,entry (SHORT),+0.0000
2026-04-11 00:34:48,intraday,PDBC,LONG,65,16.98,entry (LONG),+0.0000
2026-04-11 00:35:54,intraday,MCHI,LONG,101,57.17,entry (LONG),+0.0000
2026-04-11 00:35:55,intraday,VTV,LONG,13,201.31,entry (LONG),+0.0000
2026-04-11 00:35:55,intraday,EWY,LONG,17,138.78,entry (LONG),+0.0000
2026-04-11 00:35:56,intraday,IGV,SHORT,21,74.63,entry (SHORT),+0.0000
2026-04-11 00:35:57,intraday,PDBC,LONG,65,16.98,entry (LONG),+0.0000
2026-04-11 00:37:01,swing,CIBR,SHORT,70,60.74,entry (SHORT),+0.0000
2026-04-11 00:37:02,intraday,MCHI,LONG,101,57.17,entry (LONG),+0.0000
2026-04-11 00:37:03,swing,USMV,SHORT,152,92.75,entry (SHORT),+0.0000
2026-04-11 00:37:03,intraday,VTV,LONG,13,201.31,entry (LONG),+0.0000
2026-04-11 00:37:04,intraday,EWY,LONG,17,138.78,entry (LONG),+0.0000
2026-04-11 00:37:04,intraday,IGV,SHORT,21,74.63,entry (SHORT),+0.0000
2026-04-11 00:37:05,swing,EWY,SHORT,20,138.73,entry (SHORT),+0.0000
2026-04-11 00:37:05,intraday,PDBC,LONG,65,16.98,entry (LONG),+0.0000
2026-04-11 00:37:10,swing,IBIT,SHORT,94,41.56,entry (SHORT),+0.0000
2026-04-11 00:38:11,intraday,MCHI,LONG,101,57.17,entry (LONG),+0.0000
2026-04-11 00:38:11,intraday,VTV,LONG,13,201.31,entry (LONG),+0.0000
2026-04-11 00:38:12,intraday,EWY,LONG,17,138.78,entry (LONG),+0.0000
2026-04-11 00:38:13,intraday,IGV,SHORT,21,74.63,entry (SHORT),+0.0000
2026-04-11 00:38:14,intraday,PDBC,LONG,65,16.98,entry (LONG),+0.0000
2026-04-11 00:39:19,intraday,MCHI,LONG,101,57.17,entry (LONG),+0.0000
2026-04-11 00:39:20,intraday,VTV,LONG,13,201.31,entry (LONG),+0.0000
2026-04-11 00:39:20,intraday,EWY,LONG,17,138.78,entry (LONG),+0.0000
2026-04-11 00:39:21,intraday,IGV,SHORT,21,74.63,entry (SHORT),+0.0000
2026-04-11 00:39:22,intraday,PDBC,LONG,65,16.98,entry (LONG),+0.0000
2026-04-11 00:40:27,intraday,MCHI,LONG,101,57.17,entry (LONG),+0.0000
2026-04-11 00:40:28,intraday,VTV,LONG,13,201.31,entry (LONG),+0.0000
2026-04-11 00:40:29,intraday,EWY,LONG,17,138.78,entry (LONG),+0.0000
2026-04-11 00:40:30,intraday,IGV,SHORT,21,74.63,entry (SHORT),+0.0000
2026-04-11 00:40:31,intraday,PDBC,LONG,65,16.98,entry (LONG),+0.0000
2026-04-11 00:41:36,intraday,MCHI,LONG,101,57.17,entry (LONG),+0.0000
2026-04-11 00:41:37,intraday,VTV,LONG,13,201.31,entry (LONG),+0.0000
2026-04-11 00:41:37,intraday,EWY,LONG,17,138.78,entry (LONG),+0.0000
2026-04-11 00:41:38,intraday,IGV,SHORT,21,74.63,entry (SHORT),+0.0000
2026-04-11 00:41:39,intraday,PDBC,LONG,65,16.98,entry (LONG),+0.0000
2026-04-11 00:42:26,swing,CIBR,SHORT,70,60.74,entry (SHORT),+0.0000
2026-04-11 00:42:28,swing,USMV,SHORT,152,92.75,entry (SHORT),+0.0000
2026-04-11 00:42:29,swing,EWY,SHORT,20,138.73,entry (SHORT),+0.0000
2026-04-11 00:42:34,swing,IBIT,SHORT,94,41.56,entry (SHORT),+0.0000
2026-04-11 00:42:44,intraday,MCHI,LONG,101,57.17,entry (LONG),+0.0000
2026-04-11 00:42:45,intraday,VTV,LONG,13,201.31,entry (LONG),+0.0000
2026-04-11 00:42:46,intraday,EWY,LONG,17,138.78,entry (LONG),+0.0000
2026-04-11 00:42:47,intraday,IGV,SHORT,21,74.63,entry (SHORT),+0.0000
2026-04-11 00:42:47,intraday,PDBC,LONG,65,16.98,entry (LONG),+0.0000
2026-04-11 00:43:52,intraday,MCHI,LONG,101,57.17,entry (LONG),+0.0000
2026-04-11 00:43:53,intraday,VTV,LONG,13,201.31,entry (LONG),+0.0000
2026-04-11 00:43:54,intraday,EWY,LONG,17,138.78,entry (LONG),+0.0000
2026-04-11 00:43:55,intraday,IGV,SHORT,21,74.63,entry (SHORT),+0.0000
2026-04-11 00:43:56,intraday,PDBC,LONG,65,16.98,entry (LONG),+0.0000
2026-04-11 00:45:01,intraday,MCHI,LONG,101,57.17,entry (LONG),+0.0000
2026-04-11 00:45:02,intraday,VTV,LONG,13,201.31,entry (LONG),+0.0000
2026-04-11 00:45:02,intraday,EWY,LONG,17,138.78,entry (LONG),+0.0000
2026-04-11 00:45:03,intraday,IGV,SHORT,21,74.63,entry (SHORT),+0.0000
2026-04-11 00:45:04,intraday,PDBC,LONG,65,16.98,entry (LONG),+0.0000
2026-04-11 00:46:09,intraday,MCHI,LONG,101,57.17,entry (LONG),+0.0000
2026-04-11 00:46:10,intraday,VTV,LONG,13,201.31,entry (LONG),+0.0000
2026-04-11 00:46:11,intraday,EWY,LONG,17,138.78,entry (LONG),+0.0000
2026-04-11 00:46:12,intraday,IGV,SHORT,21,74.63,entry (SHORT),+0.0000
2026-04-11 00:46:12,intraday,PDBC,LONG,65,16.98,entry (LONG),+0.0000
2026-04-11 00:47:18,intraday,MCHI,LONG,101,57.17,entry (LONG),+0.0000
2026-04-11 00:47:18,intraday,VTV,LONG,13,201.31,entry (LONG),+0.0000
2026-04-11 00:47:19,intraday,EWY,LONG,17,138.78,entry (LONG),+0.0000
2026-04-11 00:47:20,intraday,IGV,SHORT,21,74.63,entry (SHORT),+0.0000
2026-04-11 00:47:21,intraday,PDBC,LONG,65,16.98,entry (LONG),+0.0000
2026-04-11 00:47:49,swing,CIBR,SHORT,70,60.74,entry (SHORT),+0.0000
2026-04-11 00:47:51,swing,USMV,SHORT,152,92.75,entry (SHORT),+0.0000
2026-04-11 00:47:53,swing,EWY,SHORT,20,138.73,entry (SHORT),+0.0000
2026-04-11 00:47:58,swing,IBIT,SHORT,94,41.56,entry (SHORT),+0.0000
2026-04-11 00:48:26,intraday,MCHI,LONG,101,57.17,entry (LONG),+0.0000
2026-04-11 00:48:27,intraday,VTV,LONG,13,201.31,entry (LONG),+0.0000
2026-04-11 00:48:28,intraday,EWY,LONG,17,138.78,entry (LONG),+0.0000
2026-04-11 00:48:29,intraday,IGV,SHORT,21,74.63,entry (SHORT),+0.0000
2026-04-11 00:48:29,intraday,PDBC,LONG,65,16.98,entry (LONG),+0.0000
2026-04-11 00:49:36,intraday,MCHI,LONG,101,57.17,entry (LONG),+0.0000
2026-04-11 00:49:36,intraday,VTV,LONG,13,201.31,entry (LONG),+0.0000
2026-04-11 00:49:37,intraday,EWY,LONG,17,138.78,entry (LONG),+0.0000
2026-04-11 00:49:38,intraday,IGV,SHORT,21,74.63,entry (SHORT),+0.0000
2026-04-11 00:49:39,intraday,PDBC,LONG,65,16.98,entry (LONG),+0.0000
2026-04-11 00:50:44,intraday,MCHI,LONG,101,57.17,entry (LONG),+0.0000
2026-04-11 00:50:45,intraday,VTV,LONG,13,201.31,entry (LONG),+0.0000
2026-04-11 00:50:45,intraday,EWY,LONG,17,138.78,entry (LONG),+0.0000
2026-04-11 00:50:46,intraday,IGV,SHORT,21,74.63,entry (SHORT),+0.0000
2026-04-11 00:50:47,intraday,PDBC,LONG,65,16.98,entry (LONG),+0.0000
2026-04-11 00:51:52,intraday,MCHI,LONG,101,57.17,entry (LONG),+0.0000
2026-04-11 00:51:53,intraday,VTV,LONG,13,201.31,entry (LONG),+0.0000
2026-04-11 00:51:54,intraday,EWY,LONG,17,138.78,entry (LONG),+0.0000
2026-04-11 00:51:55,intraday,IGV,SHORT,21,74.63,entry (SHORT),+0.0000
2026-04-11 00:51:55,intraday,PDBC,LONG,65,16.98,entry (LONG),+0.0000
2026-04-11 00:53:01,intraday,MCHI,LONG,101,57.17,entry (LONG),+0.0000
2026-04-11 00:53:02,intraday,VTV,LONG,13,201.31,entry (LONG),+0.0000
2026-04-11 00:53:02,intraday,EWY,LONG,17,138.78,entry (LONG),+0.0000
2026-04-11 00:53:03,intraday,IGV,SHORT,21,74.63,entry (SHORT),+0.0000
2026-04-11 00:53:04,intraday,PDBC,LONG,65,16.98,entry (LONG),+0.0000
2026-04-11 00:53:16,swing,CIBR,SHORT,70,60.74,entry (SHORT),+0.0000
2026-04-11 00:53:18,swing,USMV,SHORT,152,92.75,entry (SHORT),+0.0000
2026-04-11 00:53:20,swing,EWY,SHORT,20,138.73,entry (SHORT),+0.0000
2026-04-11 00:53:25,swing,IBIT,SHORT,94,41.56,entry (SHORT),+0.0000
2026-04-11 00:54:09,intraday,MCHI,LONG,101,57.17,entry (LONG),+0.0000
2026-04-11 00:54:10,intraday,VTV,LONG,13,201.31,entry (LONG),+0.0000
2026-04-11 00:54:11,intraday,EWY,LONG,17,138.78,entry (LONG),+0.0000
2026-04-11 00:54:12,intraday,IGV,SHORT,21,74.63,entry (SHORT),+0.0000
2026-04-11 00:54:13,intraday,PDBC,LONG,65,16.98,entry (LONG),+0.0000
2026-04-11 00:55:18,intraday,MCHI,LONG,101,57.17,entry (LONG),+0.0000
2026-04-11 00:55:19,intraday,VTV,LONG,13,201.31,entry (LONG),+0.0000
2026-04-11 00:55:20,intraday,EWY,LONG,17,138.78,entry (LONG),+0.0000
2026-04-11 00:55:20,intraday,IGV,SHORT,21,74.63,entry (SHORT),+0.0000
2026-04-11 00:55:21,intraday,PDBC,LONG,65,16.98,entry (LONG),+0.0000
2026-04-11 00:56:27,intraday,MCHI,LONG,101,57.17,entry (LONG),+0.0000
2026-04-11 00:56:27,intraday,VTV,LONG,13,201.31,entry (LONG),+0.0000
2026-04-11 00:56:28,intraday,EWY,LONG,17,138.78,entry (LONG),+0.0000
2026-04-11 00:56:29,intraday,IGV,SHORT,21,74.63,entry (SHORT),+0.0000
2026-04-11 00:56:30,intraday,PDBC,LONG,65,16.98,entry (LONG),+0.0000
2026-04-11 00:57:35,intraday,MCHI,LONG,101,57.17,entry (LONG),+0.0000
2026-04-11 00:57:36,intraday,VTV,LONG,13,201.31,entry (LONG),+0.0000
2026-04-11 00:57:36,intraday,EWY,LONG,17,138.78,entry (LONG),+0.0000
2026-04-11 00:57:37,intraday,IGV,SHORT,21,74.63,entry (SHORT),+0.0000
2026-04-11 00:57:38,intraday,PDBC,LONG,65,16.98,entry (LONG),+0.0000
2026-04-11 00:58:40,swing,CIBR,SHORT,70,60.74,entry (SHORT),+0.0000
2026-04-11 00:58:42,swing,USMV,SHORT,152,92.75,entry (SHORT),+0.0000
2026-04-11 00:58:43,intraday,MCHI,LONG,101,57.17,entry (LONG),+0.0000
2026-04-11 00:58:44,swing,EWY,SHORT,20,138.73,entry (SHORT),+0.0000
2026-04-11 00:58:44,intraday,VTV,LONG,13,201.31,entry (LONG),+0.0000
2026-04-11 00:58:45,intraday,EWY,LONG,17,138.78,entry (LONG),+0.0000
2026-04-11 00:58:46,intraday,IGV,SHORT,21,74.63,entry (SHORT),+0.0000
2026-04-11 00:58:46,intraday,PDBC,LONG,65,16.98,entry (LONG),+0.0000
2026-04-11 00:58:48,swing,IBIT,SHORT,94,41.56,entry (SHORT),+0.0000
2026-04-11 00:59:54,intraday,MCHI,LONG,101,57.17,entry (LONG),+0.0000
2026-04-11 00:59:55,intraday,VTV,LONG,13,201.31,entry (LONG),+0.0000
2026-04-11 00:59:56,intraday,EWY,LONG,17,138.78,entry (LONG),+0.0000
2026-04-11 00:59:57,intraday,IGV,SHORT,21,74.63,entry (SHORT),+0.0000
2026-04-11 00:59:57,intraday,PDBC,LONG,65,16.98,entry (LONG),+0.0000
2026-04-11 01:01:03,intraday,MCHI,LONG,101,57.17,entry (LONG),+0.0000
2026-04-11 01:01:03,intraday,VTV,LONG,13,201.31,entry (LONG),+0.0000
2026-04-11 01:01:04,intraday,EWY,LONG,17,138.78,entry (LONG),+0.0000
2026-04-11 01:01:05,intraday,IGV,SHORT,21,74.63,entry (SHORT),+0.0000
2026-04-11 01:01:05,intraday,PDBC,LONG,65,16.98,entry (LONG),+0.0000
2026-04-11 01:02:12,intraday,MCHI,LONG,101,57.17,entry (LONG),+0.0000
2026-04-11 01:02:13,intraday,VTV,LONG,13,201.31,entry (LONG),+0.0000
2026-04-11 01:02:14,intraday,EWY,LONG,17,138.78,entry (LONG),+0.0000
2026-04-11 01:02:15,intraday,IGV,SHORT,21,74.63,entry (SHORT),+0.0000
2026-04-11 01:02:15,intraday,PDBC,LONG,65,16.98,entry (LONG),+0.0000
2026-04-11 01:03:21,intraday,MCHI,LONG,101,57.17,entry (LONG),+0.0000
2026-04-11 01:03:21,intraday,VTV,LONG,13,201.31,entry (LONG),+0.0000
2026-04-11 01:03:22,intraday,EWY,LONG,17,138.78,entry (LONG),+0.0000
2026-04-11 01:03:23,intraday,IGV,SHORT,21,74.63,entry (SHORT),+0.0000
2026-04-11 01:03:24,intraday,PDBC,LONG,65,16.98,entry (LONG),+0.0000
2026-04-11 01:04:05,swing,CIBR,SHORT,70,60.74,entry (SHORT),+0.0000
2026-04-11 01:04:08,swing,USMV,SHORT,152,92.75,entry (SHORT),+0.0000
2026-04-11 01:04:11,swing,EWY,SHORT,20,138.73,entry (SHORT),+0.0000
2026-04-11 01:04:17,swing,IBIT,SHORT,94,41.56,entry (SHORT),+0.0000
2026-04-11 01:04:29,intraday,MCHI,LONG,101,57.17,entry (LONG),+0.0000
2026-04-11 01:04:30,intraday,VTV,LONG,13,201.31,entry (LONG),+0.0000
2026-04-11 01:04:31,intraday,EWY,LONG,17,138.78,entry (LONG),+0.0000
2026-04-11 01:04:31,intraday,IGV,SHORT,21,74.63,entry (SHORT),+0.0000
2026-04-11 01:04:32,intraday,PDBC,LONG,65,16.98,entry (LONG),+0.0000
2026-04-11 01:05:39,intraday,MCHI,LONG,101,57.17,entry (LONG),+0.0000
2026-04-11 01:05:40,intraday,VTV,LONG,13,201.31,entry (LONG),+0.0000
2026-04-11 01:05:41,intraday,EWY,LONG,17,138.78,entry (LONG),+0.0000
2026-04-11 01:05:41,intraday,IGV,SHORT,21,74.63,entry (SHORT),+0.0000
2026-04-11 01:05:42,intraday,PDBC,LONG,65,16.98,entry (LONG),+0.0000
2026-04-11 01:06:48,intraday,MCHI,LONG,101,57.17,entry (LONG),+0.0000
2026-04-11 01:06:48,intraday,VTV,LONG,13,201.31,entry (LONG),+0.0000
2026-04-11 01:06:49,intraday,EWY,LONG,17,138.78,entry (LONG),+0.0000
2026-04-11 01:06:50,intraday,IGV,SHORT,21,74.63,entry (SHORT),+0.0000
2026-04-11 01:06:51,intraday,PDBC,LONG,65,16.98,entry (LONG),+0.0000
2026-04-11 01:07:56,intraday,MCHI,LONG,101,57.17,entry (LONG),+0.0000
2026-04-11 01:07:57,intraday,VTV,LONG,13,201.31,entry (LONG),+0.0000
2026-04-11 01:07:58,intraday,EWY,LONG,17,138.78,entry (LONG),+0.0000
2026-04-11 01:07:59,intraday,IGV,SHORT,21,74.63,entry (SHORT),+0.0000
2026-04-11 01:08:00,intraday,PDBC,LONG,65,16.98,entry (LONG),+0.0000
2026-04-11 01:09:06,intraday,MCHI,LONG,101,57.17,entry (LONG),+0.0000
2026-04-11 01:09:07,intraday,VTV,LONG,13,201.31,entry (LONG),+0.0000
2026-04-11 01:09:07,intraday,EWY,LONG,17,138.78,entry (LONG),+0.0000
2026-04-11 01:09:08,intraday,IGV,SHORT,21,74.63,entry (SHORT),+0.0000
2026-04-11 01:09:09,intraday,PDBC,LONG,65,16.98,entry (LONG),+0.0000
2026-04-11 01:09:33,swing,CIBR,SHORT,70,60.74,entry (SHORT),+0.0000
2026-04-11 01:09:36,swing,USMV,SHORT,152,92.75,entry (SHORT),+0.0000
2026-04-11 01:09:39,swing,EWY,SHORT,20,138.73,entry (SHORT),+0.0000
2026-04-11 01:09:44,swing,IBIT,SHORT,94,41.56,entry (SHORT),+0.0000
2026-04-11 01:10:15,intraday,MCHI,LONG,101,57.17,entry (LONG),+0.0000
2026-04-11 01:10:16,intraday,VTV,LONG,13,201.31,entry (LONG),+0.0000
2026-04-11 01:10:17,intraday,EWY,LONG,17,138.78,entry (LONG),+0.0000
2026-04-11 01:10:17,intraday,IGV,SHORT,21,74.63,entry (SHORT),+0.0000
2026-04-11 01:10:18,intraday,PDBC,LONG,65,16.98,entry (LONG),+0.0000
2026-04-11 01:11:23,intraday,MCHI,LONG,101,57.17,entry (LONG),+0.0000
2026-04-11 01:11:24,intraday,VTV,LONG,13,201.31,entry (LONG),+0.0000
2026-04-11 01:11:25,intraday,EWY,LONG,17,138.78,entry (LONG),+0.0000
2026-04-11 01:11:26,intraday,IGV,SHORT,21,74.63,entry (SHORT),+0.0000
2026-04-11 01:11:26,intraday,PDBC,LONG,65,16.98,entry (LONG),+0.0000
2026-04-11 01:12:32,intraday,MCHI,LONG,101,57.17,entry (LONG),+0.0000
2026-04-11 01:12:33,intraday,VTV,LONG,13,201.31,entry (LONG),+0.0000
2026-04-11 01:12:33,intraday,EWY,LONG,17,138.78,entry (LONG),+0.0000
2026-04-11 01:12:34,intraday,IGV,SHORT,21,74.63,entry (SHORT),+0.0000
2026-04-11 01:12:35,intraday,PDBC,LONG,65,16.98,entry (LONG),+0.0000
2026-04-11 01:13:46,intraday,MCHI,LONG,101,57.17,entry (LONG),+0.0000
2026-04-11 01:13:47,intraday,VTV,LONG,13,201.31,entry (LONG),+0.0000
2026-04-11 01:13:48,intraday,EWY,LONG,17,138.78,entry (LONG),+0.0000
2026-04-11 01:13:49,intraday,IGV,SHORT,21,74.63,entry (SHORT),+0.0000
2026-04-11 01:13:50,intraday,PDBC,LONG,65,16.98,entry (LONG),+0.0000
2026-04-11 01:14:55,intraday,MCHI,LONG,101,57.17,entry (LONG),+0.0000
2026-04-11 01:14:56,intraday,VTV,LONG,13,201.31,entry (LONG),+0.0000
2026-04-11 01:14:57,intraday,EWY,LONG,17,138.78,entry (LONG),+0.0000
2026-04-11 01:14:58,intraday,IGV,SHORT,21,74.63,entry (SHORT),+0.0000
2026-04-11 01:14:59,intraday,PDBC,LONG,65,16.98,entry (LONG),+0.0000
2026-04-11 01:15:02,swing,CIBR,SHORT,70,60.74,entry (SHORT),+0.0000
2026-04-11 01:15:04,swing,USMV,SHORT,152,92.75,entry (SHORT),+0.0000
2026-04-11 01:15:06,swing,EWY,SHORT,20,138.73,entry (SHORT),+0.0000
2026-04-11 01:15:12,swing,IBIT,SHORT,94,41.56,entry (SHORT),+0.0000
2026-04-11 01:16:04,intraday,MCHI,LONG,101,57.17,entry (LONG),+0.0000
2026-04-11 01:16:05,intraday,VTV,LONG,13,201.31,entry (LONG),+0.0000
2026-04-11 01:16:06,intraday,EWY,LONG,17,138.78,entry (LONG),+0.0000
2026-04-11 01:16:07,intraday,IGV,SHORT,21,74.63,entry (SHORT),+0.0000
2026-04-11 01:16:07,intraday,PDBC,LONG,65,16.98,entry (LONG),+0.0000
2026-04-11 01:17:13,intraday,MCHI,LONG,101,57.17,entry (LONG),+0.0000
2026-04-11 01:17:13,intraday,VTV,LONG,13,201.31,entry (LONG),+0.0000
2026-04-11 01:17:14,intraday,EWY,LONG,17,138.78,entry (LONG),+0.0000
2026-04-11 01:17:15,intraday,IGV,SHORT,21,74.63,entry (SHORT),+0.0000
2026-04-11 01:17:16,intraday,PDBC,LONG,65,16.98,entry (LONG),+0.0000
2026-04-11 01:18:22,intraday,MCHI,LONG,101,57.17,entry (LONG),+0.0000
2026-04-11 01:18:22,intraday,VTV,LONG,13,201.31,entry (LONG),+0.0000
2026-04-11 01:18:23,intraday,EWY,LONG,17,138.78,entry (LONG),+0.0000
2026-04-11 01:18:24,intraday,IGV,SHORT,21,74.63,entry (SHORT),+0.0000
2026-04-11 01:18:25,intraday,PDBC,LONG,65,16.98,entry (LONG),+0.0000
2026-04-11 01:19:45,intraday,MCHI,LONG,101,57.17,entry (LONG),+0.0000
2026-04-11 01:19:46,intraday,VTV,LONG,13,201.31,entry (LONG),+0.0000
2026-04-11 01:19:47,intraday,EWY,LONG,17,138.78,entry (LONG),+0.0000
2026-04-11 01:19:48,intraday,IGV,SHORT,21,74.63,entry (SHORT),+0.0000
2026-04-11 01:19:48,intraday,PDBC,LONG,65,16.98,entry (LONG),+0.0000
2026-04-11 01:20:27,swing,CIBR,SHORT,70,60.74,entry (SHORT),+0.0000
2026-04-11 01:20:29,swing,USMV,SHORT,152,92.75,entry (SHORT),+0.0000
2026-04-11 01:20:31,swing,EWY,SHORT,20,138.73,entry (SHORT),+0.0000
2026-04-11 01:20:36,swing,IBIT,SHORT,94,41.56,entry (SHORT),+0.0000
2026-04-11 01:20:55,intraday,MCHI,LONG,101,57.17,entry (LONG),+0.0000
2026-04-11 01:20:56,intraday,VTV,LONG,13,201.31,entry (LONG),+0.0000
2026-04-11 01:20:57,intraday,EWY,LONG,17,138.78,entry (LONG),+0.0000
2026-04-11 01:20:57,intraday,IGV,SHORT,21,74.63,entry (SHORT),+0.0000
2026-04-11 01:20:58,intraday,PDBC,LONG,65,16.98,entry (LONG),+0.0000
2026-04-11 01:22:03,intraday,MCHI,LONG,101,57.17,entry (LONG),+0.0000
2026-04-11 01:22:04,intraday,VTV,LONG,13,201.31,entry (LONG),+0.0000
2026-04-11 01:22:05,intraday,EWY,LONG,17,138.78,entry (LONG),+0.0000
2026-04-11 01:22:06,intraday,IGV,SHORT,21,74.63,entry (SHORT),+0.0000
2026-04-11 01:22:07,intraday,PDBC,LONG,65,16.98,entry (LONG),+0.0000
2026-04-11 01:23:12,intraday,MCHI,LONG,101,57.17,entry (LONG),+0.0000
2026-04-11 01:23:13,intraday,VTV,LONG,13,201.31,entry (LONG),+0.0000
2026-04-11 01:23:14,intraday,EWY,LONG,17,138.78,entry (LONG),+0.0000
2026-04-11 01:23:14,intraday,IGV,SHORT,21,74.63,entry (SHORT),+0.0000
2026-04-11 01:23:15,intraday,PDBC,LONG,65,16.98,entry (LONG),+0.0000
2026-04-11 01:24:20,intraday,MCHI,LONG,101,57.17,entry (LONG),+0.0000
2026-04-11 01:24:21,intraday,VTV,LONG,13,201.31,entry (LONG),+0.0000
2026-04-11 01:24:22,intraday,EWY,LONG,17,138.78,entry (LONG),+0.0000
2026-04-11 01:24:23,intraday,IGV,SHORT,21,74.63,entry (SHORT),+0.0000
2026-04-11 01:24:23,intraday,PDBC,LONG,65,16.98,entry (LONG),+0.0000
2026-04-11 01:25:29,intraday,MCHI,LONG,101,57.17,entry (LONG),+0.0000
2026-04-11 01:25:29,intraday,VTV,LONG,13,201.31,entry (LONG),+0.0000
2026-04-11 01:25:30,intraday,EWY,LONG,17,138.78,entry (LONG),+0.0000
2026-04-11 01:25:31,intraday,IGV,SHORT,21,74.63,entry (SHORT),+0.0000
2026-04-11 01:25:32,intraday,PDBC,LONG,65,16.98,entry (LONG),+0.0000
2026-04-11 01:25:52,swing,CIBR,SHORT,70,60.74,entry (SHORT),+0.0000
2026-04-11 01:25:53,swing,USMV,SHORT,152,92.75,entry (SHORT),+0.0000
2026-04-11 01:25:55,swing,EWY,SHORT,20,138.73,entry (SHORT),+0.0000
2026-04-11 01:26:00,swing,IBIT,SHORT,94,41.56,entry (SHORT),+0.0000
2026-04-11 01:26:37,intraday,MCHI,LONG,101,57.17,entry (LONG),+0.0000
2026-04-11 01:26:38,intraday,VTV,LONG,13,201.31,entry (LONG),+0.0000
2026-04-11 01:26:38,intraday,EWY,LONG,17,138.78,entry (LONG),+0.0000
2026-04-11 01:26:39,intraday,IGV,SHORT,21,74.63,entry (SHORT),+0.0000
2026-04-11 01:26:40,intraday,PDBC,LONG,65,16.98,entry (LONG),+0.0000
2026-04-11 01:27:45,intraday,MCHI,LONG,101,57.17,entry (LONG),+0.0000
2026-04-11 01:27:46,intraday,VTV,LONG,13,201.31,entry (LONG),+0.0000
2026-04-11 01:27:47,intraday,EWY,LONG,17,138.78,entry (LONG),+0.0000
2026-04-11 01:27:48,intraday,IGV,SHORT,21,74.63,entry (SHORT),+0.0000
2026-04-11 01:27:49,intraday,PDBC,LONG,65,16.98,entry (LONG),+0.0000
2026-04-11 01:28:54,intraday,MCHI,LONG,101,57.17,entry (LONG),+0.0000
2026-04-11 01:28:55,intraday,VTV,LONG,13,201.31,entry (LONG),+0.0000
2026-04-11 01:28:56,intraday,EWY,LONG,17,138.78,entry (LONG),+0.0000
2026-04-11 01:28:57,intraday,IGV,SHORT,21,74.63,entry (SHORT),+0.0000
2026-04-11 01:28:57,intraday,PDBC,LONG,65,16.98,entry (LONG),+0.0000
2026-04-11 01:30:03,intraday,MCHI,LONG,101,57.17,entry (LONG),+0.0000
2026-04-11 01:30:04,intraday,VTV,LONG,13,201.31,entry (LONG),+0.0000
2026-04-11 01:30:05,intraday,EWY,LONG,17,138.78,entry (LONG),+0.0000
2026-04-11 01:30:06,intraday,IGV,SHORT,21,74.63,entry (SHORT),+0.0000
2026-04-11 01:30:06,intraday,PDBC,LONG,65,16.98,entry (LONG),+0.0000
2026-04-11 01:31:12,intraday,MCHI,LONG,101,57.17,entry (LONG),+0.0000
2026-04-11 01:31:13,intraday,VTV,LONG,13,201.31,entry (LONG),+0.0000
2026-04-11 01:31:13,intraday,EWY,LONG,17,138.78,entry (LONG),+0.0000
2026-04-11 01:31:14,intraday,IGV,SHORT,21,74.63,entry (SHORT),+0.0000
2026-04-11 01:31:15,intraday,PDBC,LONG,65,16.98,entry (LONG),+0.0000
2026-04-11 01:31:19,swing,CIBR,SHORT,70,60.74,entry (SHORT),+0.0000
2026-04-11 01:31:21,swing,USMV,SHORT,152,92.75,entry (SHORT),+0.0000
2026-04-11 01:31:22,swing,EWY,SHORT,20,138.73,entry (SHORT),+0.0000
2026-04-11 01:31:27,swing,IBIT,SHORT,94,41.56,entry (SHORT),+0.0000
2026-04-11 01:32:20,intraday,MCHI,LONG,101,57.17,entry (LONG),+0.0000
2026-04-11 01:32:21,intraday,VTV,LONG,13,201.31,entry (LONG),+0.0000
2026-04-11 01:32:22,intraday,EWY,LONG,17,138.78,entry (LONG),+0.0000
2026-04-11 01:32:23,intraday,IGV,SHORT,21,74.63,entry (SHORT),+0.0000
2026-04-11 01:32:23,intraday,PDBC,LONG,65,16.98,entry (LONG),+0.0000
2026-04-11 01:33:29,intraday,MCHI,LONG,101,57.17,entry (LONG),+0.0000
2026-04-11 01:33:29,intraday,VTV,LONG,13,201.31,entry (LONG),+0.0000
2026-04-11 01:33:30,intraday,EWY,LONG,17,138.78,entry (LONG),+0.0000
2026-04-11 01:33:31,intraday,IGV,SHORT,21,74.63,entry (SHORT),+0.0000
2026-04-11 01:33:32,intraday,PDBC,LONG,65,16.98,entry (LONG),+0.0000
2026-04-11 01:34:37,intraday,MCHI,LONG,101,57.17,entry (LONG),+0.0000
2026-04-11 01:34:39,intraday,VTV,LONG,13,201.31,entry (LONG),+0.0000
2026-04-11 01:34:39,intraday,EWY,LONG,17,138.78,entry (LONG),+0.0000
2026-04-11 01:34:40,intraday,IGV,SHORT,21,74.63,entry (SHORT),+0.0000
2026-04-11 01:34:42,intraday,PDBC,LONG,65,16.98,entry (LONG),+0.0000
2026-04-11 01:35:47,intraday,MCHI,LONG,101,57.17,entry (LONG),+0.0000
2026-04-11 01:35:48,intraday,VTV,LONG,13,201.31,entry (LONG),+0.0000
2026-04-11 01:35:49,intraday,EWY,LONG,17,138.78,entry (LONG),+0.0000
2026-04-11 01:35:49,intraday,IGV,SHORT,21,74.63,entry (SHORT),+0.0000
2026-04-11 01:35:50,intraday,PDBC,LONG,65,16.98,entry (LONG),+0.0000
2026-04-11 01:36:42,swing,CIBR,SHORT,70,60.74,entry (SHORT),+0.0000
2026-04-11 01:36:44,swing,USMV,SHORT,152,92.75,entry (SHORT),+0.0000
2026-04-11 01:36:46,swing,EWY,SHORT,20,138.73,entry (SHORT),+0.0000
2026-04-11 01:36:51,swing,IBIT,SHORT,94,41.56,entry (SHORT),+0.0000
2026-04-11 01:36:55,intraday,MCHI,LONG,101,57.17,entry (LONG),+0.0000
2026-04-11 01:36:56,intraday,VTV,LONG,13,201.31,entry (LONG),+0.0000
2026-04-11 01:36:57,intraday,EWY,LONG,17,138.78,entry (LONG),+0.0000
2026-04-11 01:36:58,intraday,IGV,SHORT,21,74.63,entry (SHORT),+0.0000
2026-04-11 01:36:59,intraday,PDBC,LONG,65,16.98,entry (LONG),+0.0000
2026-04-11 01:38:04,intraday,MCHI,LONG,101,57.17,entry (LONG),+0.0000
2026-04-11 01:38:05,intraday,VTV,LONG,13,201.31,entry (LONG),+0.0000
2026-04-11 01:38:05,intraday,EWY,LONG,17,138.78,entry (LONG),+0.0000
2026-04-11 01:38:06,intraday,IGV,SHORT,21,74.63,entry (SHORT),+0.0000
2026-04-11 01:38:07,intraday,PDBC,LONG,65,16.98,entry (LONG),+0.0000
2026-04-11 01:39:12,intraday,MCHI,LONG,101,57.17,entry (LONG),+0.0000
2026-04-11 01:39:13,intraday,VTV,LONG,13,201.31,entry (LONG),+0.0000
2026-04-11 01:39:14,intraday,EWY,LONG,17,138.78,entry (LONG),+0.0000
2026-04-11 01:39:15,intraday,IGV,SHORT,21,74.63,entry (SHORT),+0.0000
2026-04-11 01:39:16,intraday,PDBC,LONG,65,16.98,entry (LONG),+0.0000
2026-04-11 01:40:21,intraday,MCHI,LONG,101,57.17,entry (LONG),+0.0000
2026-04-11 01:40:22,intraday,VTV,LONG,13,201.31,entry (LONG),+0.0000
2026-04-11 01:40:23,intraday,EWY,LONG,17,138.78,entry (LONG),+0.0000
2026-04-11 01:40:23,intraday,IGV,SHORT,21,74.63,entry (SHORT),+0.0000
2026-04-11 01:40:24,intraday,PDBC,LONG,65,16.98,entry (LONG),+0.0000
2026-04-11 01:41:30,intraday,MCHI,LONG,101,57.17,entry (LONG),+0.0000
2026-04-11 01:41:30,intraday,VTV,LONG,13,201.31,entry (LONG),+0.0000
2026-04-11 01:41:31,intraday,EWY,LONG,17,138.78,entry (LONG),+0.0000
2026-04-11 01:41:32,intraday,IGV,SHORT,21,74.63,entry (SHORT),+0.0000
2026-04-11 01:41:33,intraday,PDBC,LONG,65,16.98,entry (LONG),+0.0000
2026-04-11 01:42:07,swing,CIBR,SHORT,70,60.74,entry (SHORT),+0.0000
2026-04-11 01:42:09,swing,USMV,SHORT,152,92.75,entry (SHORT),+0.0000
2026-04-11 01:42:11,swing,EWY,SHORT,20,138.73,entry (SHORT),+0.0000
2026-04-11 01:42:15,swing,IBIT,SHORT,94,41.56,entry (SHORT),+0.0000
2026-04-11 01:42:38,intraday,MCHI,LONG,101,57.17,entry (LONG),+0.0000
2026-04-11 01:42:39,intraday,VTV,LONG,13,201.31,entry (LONG),+0.0000
2026-04-11 01:42:40,intraday,EWY,LONG,17,138.78,entry (LONG),+0.0000
2026-04-11 01:42:40,intraday,IGV,SHORT,21,74.63,entry (SHORT),+0.0000
2026-04-11 01:42:41,intraday,PDBC,LONG,65,16.98,entry (LONG),+0.0000
2026-04-11 01:43:47,intraday,MCHI,LONG,101,57.17,entry (LONG),+0.0000
2026-04-11 01:43:47,intraday,VTV,LONG,13,201.31,entry (LONG),+0.0000
2026-04-11 01:43:48,intraday,EWY,LONG,17,138.78,entry (LONG),+0.0000
2026-04-11 01:43:49,intraday,IGV,SHORT,21,74.63,entry (SHORT),+0.0000
2026-04-11 01:43:50,intraday,PDBC,LONG,65,16.98,entry (LONG),+0.0000
2026-04-11 01:44:55,intraday,MCHI,LONG,101,57.17,entry (LONG),+0.0000
2026-04-11 01:44:56,intraday,VTV,LONG,13,201.31,entry (LONG),+0.0000
2026-04-11 01:44:57,intraday,EWY,LONG,17,138.78,entry (LONG),+0.0000
2026-04-11 01:44:57,intraday,IGV,SHORT,21,74.63,entry (SHORT),+0.0000
2026-04-11 01:44:58,intraday,PDBC,LONG,65,16.98,entry (LONG),+0.0000
2026-04-11 01:46:03,intraday,MCHI,LONG,101,57.17,entry (LONG),+0.0000
2026-04-11 01:46:04,intraday,VTV,LONG,13,201.31,entry (LONG),+0.0000
2026-04-11 01:46:05,intraday,EWY,LONG,17,138.78,entry (LONG),+0.0000
2026-04-11 01:46:06,intraday,IGV,SHORT,21,74.63,entry (SHORT),+0.0000
2026-04-11 01:46:07,intraday,PDBC,LONG,65,16.98,entry (LONG),+0.0000
2026-04-11 01:47:12,intraday,MCHI,LONG,101,57.17,entry (LONG),+0.0000
2026-04-11 01:47:13,intraday,VTV,LONG,13,201.31,entry (LONG),+0.0000
2026-04-11 01:47:13,intraday,EWY,LONG,17,138.78,entry (LONG),+0.0000
2026-04-11 01:47:14,intraday,IGV,SHORT,21,74.63,entry (SHORT),+0.0000
2026-04-11 01:47:15,intraday,PDBC,LONG,65,16.98,entry (LONG),+0.0000
2026-04-11 01:47:30,swing,CIBR,SHORT,70,60.74,entry (SHORT),+0.0000
2026-04-11 01:47:32,swing,USMV,SHORT,152,92.75,entry (SHORT),+0.0000
2026-04-11 01:47:34,swing,EWY,SHORT,20,138.73,entry (SHORT),+0.0000
2026-04-11 01:47:38,swing,IBIT,SHORT,94,41.56,entry (SHORT),+0.0000
2026-04-11 01:48:20,intraday,MCHI,LONG,101,57.17,entry (LONG),+0.0000
2026-04-11 01:48:21,intraday,VTV,LONG,13,201.31,entry (LONG),+0.0000
2026-04-11 01:48:22,intraday,EWY,LONG,17,138.78,entry (LONG),+0.0000
2026-04-11 01:48:23,intraday,IGV,SHORT,21,74.63,entry (SHORT),+0.0000
2026-04-11 01:48:24,intraday,PDBC,LONG,65,16.98,entry (LONG),+0.0000
2026-04-11 01:49:30,intraday,MCHI,LONG,101,57.17,entry (LONG),+0.0000
2026-04-11 01:49:31,intraday,VTV,LONG,13,201.31,entry (LONG),+0.0000
2026-04-11 01:49:31,intraday,EWY,LONG,17,138.78,entry (LONG),+0.0000
2026-04-11 01:49:32,intraday,IGV,SHORT,21,74.63,entry (SHORT),+0.0000
2026-04-11 01:49:33,intraday,PDBC,LONG,65,16.98,entry (LONG),+0.0000
2026-04-11 01:50:40,intraday,MCHI,LONG,101,57.17,entry (LONG),+0.0000
2026-04-11 01:50:41,intraday,VTV,LONG,13,201.31,entry (LONG),+0.0000
2026-04-11 01:50:43,intraday,EWY,LONG,17,138.78,entry (LONG),+0.0000
2026-04-11 01:50:44,intraday,IGV,SHORT,21,74.63,entry (SHORT),+0.0000
2026-04-11 01:50:45,intraday,PDBC,LONG,65,16.98,entry (LONG),+0.0000
2026-04-11 01:51:50,intraday,MCHI,LONG,101,57.17,entry (LONG),+0.0000
2026-04-11 01:51:51,intraday,VTV,LONG,13,201.31,entry (LONG),+0.0000
2026-04-11 01:51:52,intraday,EWY,LONG,17,138.78,entry (LONG),+0.0000
2026-04-11 01:51:53,intraday,IGV,SHORT,21,74.63,entry (SHORT),+0.0000
2026-04-11 01:51:53,intraday,PDBC,LONG,65,16.98,entry (LONG),+0.0000
2026-04-11 01:52:54,swing,CIBR,SHORT,70,60.74,entry (SHORT),+0.0000
2026-04-11 01:52:56,swing,USMV,SHORT,152,92.75,entry (SHORT),+0.0000
2026-04-11 01:52:58,swing,EWY,SHORT,20,138.73,entry (SHORT),+0.0000
2026-04-11 01:52:59,intraday,MCHI,LONG,101,57.17,entry (LONG),+0.0000
2026-04-11 01:52:59,intraday,VTV,LONG,13,201.31,entry (LONG),+0.0000
2026-04-11 01:53:00,intraday,EWY,LONG,17,138.78,entry (LONG),+0.0000
2026-04-11 01:53:01,intraday,IGV,SHORT,21,74.63,entry (SHORT),+0.0000
2026-04-11 01:53:02,intraday,PDBC,LONG,65,16.98,entry (LONG),+0.0000
2026-04-11 01:53:03,swing,IBIT,SHORT,94,41.56,entry (SHORT),+0.0000
2026-04-11 01:54:07,intraday,MCHI,LONG,101,57.17,entry (LONG),+0.0000
2026-04-11 01:54:08,intraday,VTV,LONG,13,201.31,entry (LONG),+0.0000
2026-04-11 01:54:09,intraday,EWY,LONG,17,138.78,entry (LONG),+0.0000
2026-04-11 01:54:11,intraday,IGV,SHORT,21,74.63,entry (SHORT),+0.0000
2026-04-11 01:54:12,intraday,PDBC,LONG,65,16.98,entry (LONG),+0.0000
2026-04-11 01:55:17,intraday,MCHI,LONG,101,57.17,entry (LONG),+0.0000
2026-04-11 01:55:18,intraday,VTV,LONG,13,201.31,entry (LONG),+0.0000
2026-04-11 01:55:18,intraday,EWY,LONG,17,138.78,entry (LONG),+0.0000
2026-04-11 01:55:19,intraday,IGV,SHORT,21,74.63,entry (SHORT),+0.0000
2026-04-11 01:55:20,intraday,PDBC,LONG,65,16.98,entry (LONG),+0.0000
2026-04-11 01:56:25,intraday,MCHI,LONG,101,57.17,entry (LONG),+0.0000
2026-04-11 01:56:26,intraday,VTV,LONG,13,201.31,entry (LONG),+0.0000
2026-04-11 01:56:27,intraday,EWY,LONG,17,138.78,entry (LONG),+0.0000
2026-04-11 01:56:28,intraday,IGV,SHORT,21,74.63,entry (SHORT),+0.0000
2026-04-11 01:56:29,intraday,PDBC,LONG,65,16.98,entry (LONG),+0.0000
2026-04-11 01:57:34,intraday,MCHI,LONG,101,57.17,entry (LONG),+0.0000
2026-04-11 01:57:34,intraday,VTV,LONG,13,201.31,entry (LONG),+0.0000
2026-04-11 01:57:35,intraday,EWY,LONG,17,138.78,entry (LONG),+0.0000
2026-04-11 01:57:36,intraday,IGV,SHORT,21,74.63,entry (SHORT),+0.0000
2026-04-11 01:57:37,intraday,PDBC,LONG,65,16.98,entry (LONG),+0.0000
2026-04-11 01:58:19,swing,CIBR,SHORT,70,60.74,entry (SHORT),+0.0000
2026-04-11 01:58:21,swing,USMV,SHORT,152,92.75,entry (SHORT),+0.0000
2026-04-11 01:58:23,swing,EWY,SHORT,20,138.73,entry (SHORT),+0.0000
2026-04-11 01:58:27,swing,IBIT,SHORT,94,41.56,entry (SHORT),+0.0000
2026-04-11 01:58:42,intraday,MCHI,LONG,101,57.17,entry (LONG),+0.0000
2026-04-11 01:58:43,intraday,VTV,LONG,13,201.31,entry (LONG),+0.0000
2026-04-11 01:58:44,intraday,EWY,LONG,17,138.78,entry (LONG),+0.0000
2026-04-11 01:58:45,intraday,IGV,SHORT,21,74.63,entry (SHORT),+0.0000
2026-04-11 01:58:45,intraday,PDBC,LONG,65,16.98,entry (LONG),+0.0000
2026-04-11 01:59:51,intraday,MCHI,LONG,101,57.17,entry (LONG),+0.0000
2026-04-11 01:59:51,intraday,VTV,LONG,13,201.31,entry (LONG),+0.0000
2026-04-11 01:59:52,intraday,EWY,LONG,17,138.78,entry (LONG),+0.0000
2026-04-11 01:59:53,intraday,IGV,SHORT,21,74.63,entry (SHORT),+0.0000
2026-04-11 01:59:54,intraday,PDBC,LONG,65,16.98,entry (LONG),+0.0000
2026-04-11 02:00:59,intraday,MCHI,LONG,101,57.17,entry (LONG),+0.0000
2026-04-11 02:01:00,intraday,VTV,LONG,13,201.31,entry (LONG),+0.0000
2026-04-11 02:01:01,intraday,EWY,LONG,17,138.78,entry (LONG),+0.0000
2026-04-11 02:01:02,intraday,IGV,SHORT,21,74.63,entry (SHORT),+0.0000
2026-04-11 02:01:02,intraday,PDBC,LONG,65,16.98,entry (LONG),+0.0000
2026-04-11 02:02:08,intraday,MCHI,LONG,101,57.17,entry (LONG),+0.0000
2026-04-11 02:02:09,intraday,VTV,LONG,13,201.31,entry (LONG),+0.0000
2026-04-11 02:02:09,intraday,EWY,LONG,17,138.78,entry (LONG),+0.0000
2026-04-11 02:02:10,intraday,IGV,SHORT,21,74.63,entry (SHORT),+0.0000
2026-04-11 02:02:11,intraday,PDBC,LONG,65,16.98,entry (LONG),+0.0000
2026-04-11 02:03:16,intraday,MCHI,LONG,101,57.17,entry (LONG),+0.0000
2026-04-11 02:03:17,intraday,VTV,LONG,13,201.31,entry (LONG),+0.0000
2026-04-11 02:03:18,intraday,EWY,LONG,17,138.78,entry (LONG),+0.0000
2026-04-11 02:03:19,intraday,IGV,SHORT,21,74.63,entry (SHORT),+0.0000
2026-04-11 02:03:19,intraday,PDBC,LONG,65,16.98,entry (LONG),+0.0000
2026-04-11 02:03:42,swing,CIBR,SHORT,70,60.74,entry (SHORT),+0.0000
2026-04-11 02:03:44,swing,USMV,SHORT,152,92.75,entry (SHORT),+0.0000
2026-04-11 02:03:46,swing,EWY,SHORT,20,138.73,entry (SHORT),+0.0000
2026-04-11 02:03:50,swing,IBIT,SHORT,94,41.56,entry (SHORT),+0.0000
2026-04-11 02:04:25,intraday,MCHI,LONG,101,57.17,entry (LONG),+0.0000
2026-04-11 02:04:25,intraday,VTV,LONG,13,201.31,entry (LONG),+0.0000
2026-04-11 02:04:26,intraday,EWY,LONG,17,138.78,entry (LONG),+0.0000
2026-04-11 02:04:27,intraday,IGV,SHORT,21,74.63,entry (SHORT),+0.0000
2026-04-11 02:04:28,intraday,PDBC,LONG,65,16.98,entry (LONG),+0.0000
2026-04-11 02:05:33,intraday,MCHI,LONG,101,57.17,entry (LONG),+0.0000
2026-04-11 02:05:34,intraday,VTV,LONG,13,201.31,entry (LONG),+0.0000
2026-04-11 02:05:35,intraday,EWY,LONG,17,138.78,entry (LONG),+0.0000
2026-04-11 02:05:35,intraday,IGV,SHORT,21,74.63,entry (SHORT),+0.0000
2026-04-11 02:05:36,intraday,PDBC,LONG,65,16.98,entry (LONG),+0.0000
2026-04-11 02:06:41,intraday,MCHI,LONG,101,57.17,entry (LONG),+0.0000
2026-04-11 02:06:42,intraday,VTV,LONG,13,201.31,entry (LONG),+0.0000
2026-04-11 02:06:43,intraday,EWY,LONG,17,138.78,entry (LONG),+0.0000
2026-04-11 02:06:44,intraday,IGV,SHORT,21,74.63,entry (SHORT),+0.0000
2026-04-11 02:06:44,intraday,PDBC,LONG,65,16.98,entry (LONG),+0.0000
2026-04-11 02:07:51,intraday,MCHI,LONG,101,57.17,entry (LONG),+0.0000
2026-04-11 02:07:52,intraday,VTV,LONG,13,201.31,entry (LONG),+0.0000
2026-04-11 02:07:52,intraday,EWY,LONG,17,138.78,entry (LONG),+0.0000
2026-04-11 02:07:53,intraday,IGV,SHORT,21,74.63,entry (SHORT),+0.0000
2026-04-11 02:07:54,intraday,PDBC,LONG,65,16.98,entry (LONG),+0.0000
2026-04-11 02:08:59,intraday,MCHI,LONG,101,57.17,entry (LONG),+0.0000
2026-04-11 02:09:00,intraday,VTV,LONG,13,201.31,entry (LONG),+0.0000
2026-04-11 02:09:01,intraday,EWY,LONG,17,138.78,entry (LONG),+0.0000
2026-04-11 02:09:02,intraday,IGV,SHORT,21,74.63,entry (SHORT),+0.0000
2026-04-11 02:09:03,intraday,PDBC,LONG,65,16.98,entry (LONG),+0.0000
2026-04-11 02:09:06,swing,CIBR,SHORT,70,60.74,entry (SHORT),+0.0000
2026-04-11 02:09:08,swing,USMV,SHORT,152,92.75,entry (SHORT),+0.0000
2026-04-11 02:09:10,swing,EWY,SHORT,20,138.73,entry (SHORT),+0.0000
2026-04-11 02:09:14,swing,IBIT,SHORT,94,41.56,entry (SHORT),+0.0000
2026-04-11 02:10:09,intraday,MCHI,LONG,101,57.17,entry (LONG),+0.0000
2026-04-11 02:10:10,intraday,VTV,LONG,13,201.31,entry (LONG),+0.0000
2026-04-11 02:10:10,intraday,EWY,LONG,17,138.78,entry (LONG),+0.0000
2026-04-11 02:10:11,intraday,IGV,SHORT,21,74.63,entry (SHORT),+0.0000
2026-04-11 02:10:12,intraday,PDBC,LONG,65,16.98,entry (LONG),+0.0000
2026-04-11 02:11:17,intraday,MCHI,LONG,101,57.17,entry (LONG),+0.0000
2026-04-11 02:11:18,intraday,VTV,LONG,13,201.31,entry (LONG),+0.0000
2026-04-11 02:11:19,intraday,EWY,LONG,17,138.78,entry (LONG),+0.0000
2026-04-11 02:11:20,intraday,IGV,SHORT,21,74.63,entry (SHORT),+0.0000
2026-04-11 02:11:21,intraday,PDBC,LONG,65,16.98,entry (LONG),+0.0000
2026-04-11 02:12:26,intraday,MCHI,LONG,101,57.17,entry (LONG),+0.0000
2026-04-11 02:12:27,intraday,VTV,LONG,13,201.31,entry (LONG),+0.0000
2026-04-11 02:12:27,intraday,EWY,LONG,17,138.78,entry (LONG),+0.0000
2026-04-11 02:12:28,intraday,IGV,SHORT,21,74.63,entry (SHORT),+0.0000
2026-04-11 02:12:29,intraday,PDBC,LONG,65,16.98,entry (LONG),+0.0000
2026-04-11 02:13:35,intraday,MCHI,LONG,101,57.17,entry (LONG),+0.0000
2026-04-11 02:13:35,intraday,VTV,LONG,13,201.31,entry (LONG),+0.0000
2026-04-11 02:13:36,intraday,EWY,LONG,17,138.78,entry (LONG),+0.0000
2026-04-11 02:13:37,intraday,IGV,SHORT,21,74.63,entry (SHORT),+0.0000
2026-04-11 02:13:38,intraday,PDBC,LONG,65,16.98,entry (LONG),+0.0000
2026-04-11 02:14:29,swing,CIBR,SHORT,70,60.74,entry (SHORT),+0.0000
2026-04-11 02:14:31,swing,USMV,SHORT,152,92.75,entry (SHORT),+0.0000
2026-04-11 02:14:33,swing,EWY,SHORT,20,138.73,entry (SHORT),+0.0000
2026-04-11 02:14:38,swing,IBIT,SHORT,94,41.56,entry (SHORT),+0.0000
2026-04-11 02:14:43,intraday,MCHI,LONG,101,57.17,entry (LONG),+0.0000
2026-04-11 02:14:44,intraday,VTV,LONG,13,201.31,entry (LONG),+0.0000
2026-04-11 02:14:44,intraday,EWY,LONG,17,138.78,entry (LONG),+0.0000
2026-04-11 02:14:45,intraday,IGV,SHORT,21,74.63,entry (SHORT),+0.0000
2026-04-11 02:14:46,intraday,PDBC,LONG,65,16.98,entry (LONG),+0.0000
2026-04-11 02:15:51,intraday,MCHI,LONG,101,57.17,entry (LONG),+0.0000
2026-04-11 02:15:52,intraday,VTV,LONG,13,201.31,entry (LONG),+0.0000
2026-04-11 02:15:53,intraday,EWY,LONG,17,138.78,entry (LONG),+0.0000
2026-04-11 02:15:54,intraday,IGV,SHORT,21,74.63,entry (SHORT),+0.0000
2026-04-11 02:15:54,intraday,PDBC,LONG,65,16.98,entry (LONG),+0.0000
2026-04-11 02:17:00,intraday,MCHI,LONG,101,57.17,entry (LONG),+0.0000
2026-04-11 02:17:00,intraday,VTV,LONG,13,201.31,entry (LONG),+0.0000
2026-04-11 02:17:01,intraday,EWY,LONG,17,138.78,entry (LONG),+0.0000
2026-04-11 02:17:02,intraday,IGV,SHORT,21,74.63,entry (SHORT),+0.0000
2026-04-11 02:17:03,intraday,PDBC,LONG,65,16.98,entry (LONG),+0.0000
2026-04-11 02:18:08,intraday,MCHI,LONG,101,57.17,entry (LONG),+0.0000
2026-04-11 02:18:09,intraday,VTV,LONG,13,201.31,entry (LONG),+0.0000
2026-04-11 02:18:10,intraday,EWY,LONG,17,138.78,entry (LONG),+0.0000
2026-04-11 02:18:11,intraday,IGV,SHORT,21,74.63,entry (SHORT),+0.0000
2026-04-11 02:18:12,intraday,PDBC,LONG,65,16.98,entry (LONG),+0.0000
2026-04-11 02:19:17,intraday,MCHI,LONG,101,57.17,entry (LONG),+0.0000
2026-04-11 02:19:18,intraday,VTV,LONG,13,201.31,entry (LONG),+0.0000
2026-04-11 02:19:19,intraday,EWY,LONG,17,138.78,entry (LONG),+0.0000
2026-04-11 02:19:20,intraday,IGV,SHORT,21,74.63,entry (SHORT),+0.0000
2026-04-11 02:19:20,intraday,PDBC,LONG,65,16.98,entry (LONG),+0.0000
2026-04-11 02:19:53,swing,CIBR,SHORT,70,60.74,entry (SHORT),+0.0000
2026-04-11 02:19:55,swing,USMV,SHORT,152,92.75,entry (SHORT),+0.0000
2026-04-11 02:19:57,swing,EWY,SHORT,20,138.73,entry (SHORT),+0.0000
2026-04-11 02:20:01,swing,IBIT,SHORT,94,41.56,entry (SHORT),+0.0000
2026-04-11 02:20:39,intraday,MCHI,LONG,101,57.17,entry (LONG),+0.0000
2026-04-11 02:20:40,intraday,VTV,LONG,13,201.31,entry (LONG),+0.0000
2026-04-11 02:20:41,intraday,EWY,LONG,17,138.78,entry (LONG),+0.0000
2026-04-11 02:20:41,intraday,IGV,SHORT,21,74.63,entry (SHORT),+0.0000
2026-04-11 02:20:42,intraday,PDBC,LONG,65,16.98,entry (LONG),+0.0000
2026-04-11 02:21:47,intraday,MCHI,LONG,101,57.17,entry (LONG),+0.0000
2026-04-11 02:21:48,intraday,VTV,LONG,13,201.31,entry (LONG),+0.0000
2026-04-11 02:21:49,intraday,EWY,LONG,17,138.78,entry (LONG),+0.0000
2026-04-11 02:21:49,intraday,IGV,SHORT,21,74.63,entry (SHORT),+0.0000
2026-04-11 02:21:50,intraday,PDBC,LONG,65,16.98,entry (LONG),+0.0000
2026-04-11 02:22:55,intraday,MCHI,LONG,101,57.17,entry (LONG),+0.0000
2026-04-11 02:22:56,intraday,VTV,LONG,13,201.31,entry (LONG),+0.0000
2026-04-11 02:22:57,intraday,EWY,LONG,17,138.78,entry (LONG),+0.0000
2026-04-11 02:22:58,intraday,IGV,SHORT,21,74.63,entry (SHORT),+0.0000
2026-04-11 02:22:58,intraday,PDBC,LONG,65,16.98,entry (LONG),+0.0000
2026-04-11 02:24:03,intraday,MCHI,LONG,101,57.17,entry (LONG),+0.0000
2026-04-11 02:24:04,intraday,VTV,LONG,13,201.31,entry (LONG),+0.0000
2026-04-11 02:24:05,intraday,EWY,LONG,17,138.78,entry (LONG),+0.0000
2026-04-11 02:24:06,intraday,IGV,SHORT,21,74.63,entry (SHORT),+0.0000
2026-04-11 02:24:06,intraday,PDBC,LONG,65,16.98,entry (LONG),+0.0000
2026-04-11 02:25:12,intraday,MCHI,LONG,101,57.17,entry (LONG),+0.0000
2026-04-11 02:25:13,intraday,VTV,LONG,13,201.31,entry (LONG),+0.0000
2026-04-11 02:25:13,intraday,EWY,LONG,17,138.78,entry (LONG),+0.0000
2026-04-11 02:25:14,intraday,IGV,SHORT,21,74.63,entry (SHORT),+0.0000
2026-04-11 02:25:15,intraday,PDBC,LONG,65,16.98,entry (LONG),+0.0000
2026-04-11 02:25:18,swing,CIBR,SHORT,70,60.74,entry (SHORT),+0.0000
2026-04-11 02:25:20,swing,USMV,SHORT,152,92.75,entry (SHORT),+0.0000
2026-04-11 02:25:22,swing,EWY,SHORT,20,138.73,entry (SHORT),+0.0000
2026-04-11 02:25:28,swing,IBIT,SHORT,94,41.56,entry (SHORT),+0.0000
2026-04-11 02:26:20,intraday,MCHI,LONG,101,57.17,entry (LONG),+0.0000
2026-04-11 02:26:21,intraday,VTV,LONG,13,201.31,entry (LONG),+0.0000
2026-04-11 02:26:22,intraday,EWY,LONG,17,138.78,entry (LONG),+0.0000
2026-04-11 02:26:23,intraday,IGV,SHORT,21,74.63,entry (SHORT),+0.0000
2026-04-11 02:26:23,intraday,PDBC,LONG,65,16.98,entry (LONG),+0.0000
2026-04-11 02:27:28,intraday,MCHI,LONG,101,57.17,entry (LONG),+0.0000
2026-04-11 02:27:29,intraday,VTV,LONG,13,201.31,entry (LONG),+0.0000
2026-04-11 02:27:30,intraday,EWY,LONG,17,138.78,entry (LONG),+0.0000
2026-04-11 02:27:31,intraday,IGV,SHORT,21,74.63,entry (SHORT),+0.0000
2026-04-11 02:27:32,intraday,PDBC,LONG,65,16.98,entry (LONG),+0.0000
2026-04-11 02:28:37,intraday,MCHI,LONG,101,57.17,entry (LONG),+0.0000
2026-04-11 02:28:38,intraday,VTV,LONG,13,201.31,entry (LONG),+0.0000
2026-04-11 02:28:39,intraday,EWY,LONG,17,138.78,entry (LONG),+0.0000
2026-04-11 02:28:39,intraday,IGV,SHORT,21,74.63,entry (SHORT),+0.0000
2026-04-11 02:28:40,intraday,PDBC,LONG,65,16.98,entry (LONG),+0.0000
2026-04-11 02:29:45,intraday,MCHI,LONG,101,57.17,entry (LONG),+0.0000
2026-04-11 02:29:46,intraday,VTV,LONG,13,201.31,entry (LONG),+0.0000
2026-04-11 02:29:47,intraday,EWY,LONG,17,138.78,entry (LONG),+0.0000
2026-04-11 02:29:48,intraday,IGV,SHORT,21,74.63,entry (SHORT),+0.0000
2026-04-11 02:29:49,intraday,PDBC,LONG,65,16.98,entry (LONG),+0.0000
2026-04-11 02:30:43,swing,CIBR,SHORT,70,60.74,entry (SHORT),+0.0000
2026-04-11 02:30:45,swing,USMV,SHORT,152,92.75,entry (SHORT),+0.0000
2026-04-11 02:30:47,swing,EWY,SHORT,20,138.73,entry (SHORT),+0.0000
2026-04-11 02:30:51,swing,IBIT,SHORT,94,41.56,entry (SHORT),+0.0000
2026-04-11 02:30:54,intraday,MCHI,LONG,101,57.17,entry (LONG),+0.0000
2026-04-11 02:30:55,intraday,VTV,LONG,13,201.31,entry (LONG),+0.0000
2026-04-11 02:30:55,intraday,EWY,LONG,17,138.78,entry (LONG),+0.0000
2026-04-11 02:30:56,intraday,IGV,SHORT,21,74.63,entry (SHORT),+0.0000
2026-04-11 02:30:57,intraday,PDBC,LONG,65,16.98,entry (LONG),+0.0000
2026-04-11 02:32:02,intraday,MCHI,LONG,101,57.17,entry (LONG),+0.0000
2026-04-11 02:32:03,intraday,VTV,LONG,13,201.31,entry (LONG),+0.0000
2026-04-11 02:32:04,intraday,EWY,LONG,17,138.78,entry (LONG),+0.0000
2026-04-11 02:32:04,intraday,IGV,SHORT,21,74.63,entry (SHORT),+0.0000
2026-04-11 02:32:05,intraday,PDBC,LONG,65,16.98,entry (LONG),+0.0000
2026-04-11 02:33:10,intraday,MCHI,LONG,101,57.17,entry (LONG),+0.0000
2026-04-11 02:33:11,intraday,VTV,LONG,13,201.31,entry (LONG),+0.0000
2026-04-11 02:33:12,intraday,EWY,LONG,17,138.78,entry (LONG),+0.0000
2026-04-11 02:33:13,intraday,IGV,SHORT,21,74.63,entry (SHORT),+0.0000
2026-04-11 02:33:13,intraday,PDBC,LONG,65,16.98,entry (LONG),+0.0000
2026-04-11 02:34:19,intraday,MCHI,LONG,101,57.17,entry (LONG),+0.0000
2026-04-11 02:34:20,intraday,VTV,LONG,13,201.31,entry (LONG),+0.0000
2026-04-11 02:34:21,intraday,EWY,LONG,17,138.78,entry (LONG),+0.0000
2026-04-11 02:34:21,intraday,IGV,SHORT,21,74.63,entry (SHORT),+0.0000
2026-04-11 02:34:22,intraday,PDBC,LONG,65,16.98,entry (LONG),+0.0000
2026-04-11 02:35:27,intraday,MCHI,LONG,101,57.17,entry (LONG),+0.0000
2026-04-11 02:35:28,intraday,VTV,LONG,13,201.31,entry (LONG),+0.0000
2026-04-11 02:35:29,intraday,EWY,LONG,17,138.78,entry (LONG),+0.0000
2026-04-11 02:35:30,intraday,IGV,SHORT,21,74.63,entry (SHORT),+0.0000
2026-04-11 02:35:31,intraday,PDBC,LONG,65,16.98,entry (LONG),+0.0000
2026-04-11 02:36:07,swing,CIBR,SHORT,70,60.74,entry (SHORT),+0.0000
2026-04-11 02:36:09,swing,USMV,SHORT,152,92.75,entry (SHORT),+0.0000
2026-04-11 02:36:11,swing,EWY,SHORT,20,138.73,entry (SHORT),+0.0000
2026-04-11 02:36:16,swing,IBIT,SHORT,94,41.56,entry (SHORT),+0.0000
2026-04-11 02:36:36,intraday,MCHI,LONG,101,57.17,entry (LONG),+0.0000
2026-04-11 02:36:37,intraday,VTV,LONG,13,201.31,entry (LONG),+0.0000
2026-04-11 02:36:37,intraday,EWY,LONG,17,138.78,entry (LONG),+0.0000
2026-04-11 02:36:38,intraday,IGV,SHORT,21,74.63,entry (SHORT),+0.0000
2026-04-11 02:36:39,intraday,PDBC,LONG,65,16.98,entry (LONG),+0.0000
2026-04-11 02:37:44,intraday,MCHI,LONG,101,57.17,entry (LONG),+0.0000
2026-04-11 02:37:45,intraday,VTV,LONG,13,201.31,entry (LONG),+0.0000
2026-04-11 02:37:46,intraday,EWY,LONG,17,138.78,entry (LONG),+0.0000
2026-04-11 02:37:48,intraday,IGV,SHORT,21,74.63,entry (SHORT),+0.0000
2026-04-11 02:37:49,intraday,PDBC,LONG,65,16.98,entry (LONG),+0.0000
2026-04-11 02:38:54,intraday,MCHI,LONG,101,57.17,entry (LONG),+0.0000
2026-04-11 02:38:55,intraday,VTV,LONG,13,201.31,entry (LONG),+0.0000
2026-04-11 02:38:56,intraday,EWY,LONG,17,138.78,entry (LONG),+0.0000
2026-04-11 02:38:57,intraday,IGV,SHORT,21,74.63,entry (SHORT),+0.0000
2026-04-11 02:38:58,intraday,PDBC,LONG,65,16.98,entry (LONG),+0.0000
2026-04-11 02:40:03,intraday,MCHI,LONG,101,57.17,entry (LONG),+0.0000
2026-04-11 02:40:04,intraday,VTV,LONG,13,201.31,entry (LONG),+0.0000
2026-04-11 02:40:05,intraday,EWY,LONG,17,138.78,entry (LONG),+0.0000
2026-04-11 02:40:05,intraday,IGV,SHORT,21,74.63,entry (SHORT),+0.0000
2026-04-11 02:40:06,intraday,PDBC,LONG,65,16.98,entry (LONG),+0.0000
2026-04-11 02:41:12,intraday,MCHI,LONG,101,57.17,entry (LONG),+0.0000
2026-04-11 02:41:13,intraday,VTV,LONG,13,201.31,entry (LONG),+0.0000
2026-04-11 02:41:13,intraday,EWY,LONG,17,138.78,entry (LONG),+0.0000
2026-04-11 02:41:14,intraday,IGV,SHORT,21,74.63,entry (SHORT),+0.0000
2026-04-11 02:41:15,intraday,PDBC,LONG,65,16.98,entry (LONG),+0.0000
2026-04-11 02:41:31,swing,CIBR,SHORT,70,60.74,entry (SHORT),+0.0000
2026-04-11 02:41:34,swing,USMV,SHORT,152,92.75,entry (SHORT),+0.0000
2026-04-11 02:41:36,swing,EWY,SHORT,20,138.73,entry (SHORT),+0.0000
2026-04-11 02:41:40,swing,IBIT,SHORT,94,41.56,entry (SHORT),+0.0000
2026-04-11 02:42:20,intraday,MCHI,LONG,101,57.17,entry (LONG),+0.0000
2026-04-11 02:42:21,intraday,VTV,LONG,13,201.31,entry (LONG),+0.0000
2026-04-11 02:42:22,intraday,EWY,LONG,17,138.78,entry (LONG),+0.0000
2026-04-11 02:42:23,intraday,IGV,SHORT,21,74.63,entry (SHORT),+0.0000
2026-04-11 02:42:24,intraday,PDBC,LONG,65,16.98,entry (LONG),+0.0000
2026-04-11 02:43:29,intraday,MCHI,LONG,101,57.17,entry (LONG),+0.0000
2026-04-11 02:43:30,intraday,VTV,LONG,13,201.31,entry (LONG),+0.0000
2026-04-11 02:43:31,intraday,EWY,LONG,17,138.78,entry (LONG),+0.0000
2026-04-11 02:43:31,intraday,IGV,SHORT,21,74.63,entry (SHORT),+0.0000
2026-04-11 02:43:32,intraday,PDBC,LONG,65,16.98,entry (LONG),+0.0000
2026-04-11 02:44:38,intraday,MCHI,LONG,101,57.17,entry (LONG),+0.0000
2026-04-11 02:44:39,intraday,VTV,LONG,13,201.31,entry (LONG),+0.0000
2026-04-11 02:44:40,intraday,EWY,LONG,17,138.78,entry (LONG),+0.0000
2026-04-11 02:44:40,intraday,IGV,SHORT,21,74.63,entry (SHORT),+0.0000
2026-04-11 02:44:41,intraday,PDBC,LONG,65,16.98,entry (LONG),+0.0000
2026-04-11 02:45:46,intraday,MCHI,LONG,101,57.17,entry (LONG),+0.0000
2026-04-11 02:45:47,intraday,VTV,LONG,13,201.31,entry (LONG),+0.0000
2026-04-11 02:45:48,intraday,EWY,LONG,17,138.78,entry (LONG),+0.0000
2026-04-11 02:45:49,intraday,IGV,SHORT,21,74.63,entry (SHORT),+0.0000
2026-04-11 02:45:50,intraday,PDBC,LONG,65,16.98,entry (LONG),+0.0000
2026-04-11 02:46:55,intraday,MCHI,LONG,101,57.17,entry (LONG),+0.0000
2026-04-11 02:46:56,intraday,VTV,LONG,13,201.31,entry (LONG),+0.0000
2026-04-11 02:46:56,swing,CIBR,SHORT,70,60.74,entry (SHORT),+0.0000
2026-04-11 02:46:57,intraday,EWY,LONG,17,138.78,entry (LONG),+0.0000
2026-04-11 02:46:57,intraday,IGV,SHORT,21,74.63,entry (SHORT),+0.0000
2026-04-11 02:46:58,swing,USMV,SHORT,152,92.75,entry (SHORT),+0.0000
2026-04-11 02:46:58,intraday,PDBC,LONG,65,16.98,entry (LONG),+0.0000
2026-04-11 02:47:00,swing,EWY,SHORT,20,138.73,entry (SHORT),+0.0000
2026-04-11 02:47:04,swing,IBIT,SHORT,94,41.56,entry (SHORT),+0.0000
2026-04-11 02:48:03,intraday,MCHI,LONG,101,57.17,entry (LONG),+0.0000
2026-04-11 02:48:04,intraday,VTV,LONG,13,201.31,entry (LONG),+0.0000
2026-04-11 02:48:05,intraday,EWY,LONG,17,138.78,entry (LONG),+0.0000
2026-04-11 02:48:06,intraday,IGV,SHORT,21,74.63,entry (SHORT),+0.0000
2026-04-11 02:48:07,intraday,PDBC,LONG,65,16.98,entry (LONG),+0.0000
2026-04-11 02:49:12,intraday,MCHI,LONG,101,57.17,entry (LONG),+0.0000
2026-04-11 02:49:13,intraday,VTV,LONG,13,201.31,entry (LONG),+0.0000
2026-04-11 02:49:13,intraday,EWY,LONG,17,138.78,entry (LONG),+0.0000
2026-04-11 02:49:14,intraday,IGV,SHORT,21,74.63,entry (SHORT),+0.0000
2026-04-11 02:49:15,intraday,PDBC,LONG,65,16.98,entry (LONG),+0.0000
2026-04-11 02:50:20,intraday,MCHI,LONG,101,57.17,entry (LONG),+0.0000
2026-04-11 02:50:21,intraday,VTV,LONG,13,201.31,entry (LONG),+0.0000
2026-04-11 02:50:22,intraday,EWY,LONG,17,138.78,entry (LONG),+0.0000
2026-04-11 02:50:23,intraday,IGV,SHORT,21,74.63,entry (SHORT),+0.0000
2026-04-11 02:50:23,intraday,PDBC,LONG,65,16.98,entry (LONG),+0.0000
2026-04-11 02:51:29,intraday,MCHI,LONG,101,57.17,entry (LONG),+0.0000
2026-04-11 02:51:29,intraday,VTV,LONG,13,201.31,entry (LONG),+0.0000
2026-04-11 02:51:31,intraday,EWY,LONG,17,138.78,entry (LONG),+0.0000
2026-04-11 02:51:32,intraday,IGV,SHORT,21,74.63,entry (SHORT),+0.0000
2026-04-11 02:51:32,intraday,PDBC,LONG,65,16.98,entry (LONG),+0.0000
2026-04-11 02:52:28,swing,CIBR,SHORT,70,60.74,entry (SHORT),+0.0000
2026-04-11 02:52:30,swing,USMV,SHORT,152,92.75,entry (SHORT),+0.0000
2026-04-11 02:52:32,swing,EWY,SHORT,20,138.73,entry (SHORT),+0.0000
2026-04-11 02:52:36,swing,IBIT,SHORT,94,41.56,entry (SHORT),+0.0000
2026-04-11 02:52:38,intraday,MCHI,LONG,101,57.17,entry (LONG),+0.0000
2026-04-11 02:52:38,intraday,VTV,LONG,13,201.31,entry (LONG),+0.0000
2026-04-11 02:52:39,intraday,EWY,LONG,17,138.78,entry (LONG),+0.0000
2026-04-11 02:52:40,intraday,IGV,SHORT,21,74.63,entry (SHORT),+0.0000
2026-04-11 02:52:41,intraday,PDBC,LONG,65,16.98,entry (LONG),+0.0000
2026-04-11 02:53:46,intraday,MCHI,LONG,101,57.17,entry (LONG),+0.0000
2026-04-11 02:53:47,intraday,VTV,LONG,13,201.31,entry (LONG),+0.0000
2026-04-11 02:53:48,intraday,EWY,LONG,17,138.78,entry (LONG),+0.0000
2026-04-11 02:53:49,intraday,IGV,SHORT,21,74.63,entry (SHORT),+0.0000
2026-04-11 02:53:50,intraday,PDBC,LONG,65,16.98,entry (LONG),+0.0000
2026-04-11 02:54:56,intraday,MCHI,LONG,101,57.17,entry (LONG),+0.0000
2026-04-11 02:54:57,intraday,VTV,LONG,13,201.31,entry (LONG),+0.0000
2026-04-11 02:54:58,intraday,EWY,LONG,17,138.78,entry (LONG),+0.0000
2026-04-11 02:54:58,intraday,IGV,SHORT,21,74.63,entry (SHORT),+0.0000
2026-04-11 02:54:59,intraday,PDBC,LONG,65,16.98,entry (LONG),+0.0000
2026-04-11 02:56:04,intraday,MCHI,LONG,101,57.17,entry (LONG),+0.0000
2026-04-11 02:56:05,intraday,VTV,LONG,13,201.31,entry (LONG),+0.0000
2026-04-11 02:56:06,intraday,EWY,LONG,17,138.78,entry (LONG),+0.0000
2026-04-11 02:56:07,intraday,IGV,SHORT,21,74.63,entry (SHORT),+0.0000
2026-04-11 02:56:08,intraday,PDBC,LONG,65,16.98,entry (LONG),+0.0000
2026-04-11 02:57:13,intraday,MCHI,LONG,101,57.17,entry (LONG),+0.0000
2026-04-11 02:57:14,intraday,VTV,LONG,13,201.31,entry (LONG),+0.0000
2026-04-11 02:57:14,intraday,EWY,LONG,17,138.78,entry (LONG),+0.0000
2026-04-11 02:57:15,intraday,IGV,SHORT,21,74.63,entry (SHORT),+0.0000
2026-04-11 02:57:16,intraday,PDBC,LONG,65,16.98,entry (LONG),+0.0000
2026-04-11 02:57:53,swing,CIBR,SHORT,70,60.74,entry (SHORT),+0.0000
2026-04-11 02:57:55,swing,USMV,SHORT,152,92.75,entry (SHORT),+0.0000
2026-04-11 02:57:58,swing,EWY,SHORT,20,138.73,entry (SHORT),+0.0000
2026-04-11 02:58:03,swing,IBIT,SHORT,94,41.56,entry (SHORT),+0.0000
2026-04-11 02:58:21,intraday,MCHI,LONG,101,57.17,entry (LONG),+0.0000
2026-04-11 02:58:22,intraday,VTV,LONG,13,201.31,entry (LONG),+0.0000
2026-04-11 02:58:23,intraday,EWY,LONG,17,138.78,entry (LONG),+0.0000
2026-04-11 02:58:24,intraday,IGV,SHORT,21,74.63,entry (SHORT),+0.0000
2026-04-11 02:58:25,intraday,PDBC,LONG,65,16.98,entry (LONG),+0.0000
2026-04-11 02:59:30,intraday,MCHI,LONG,101,57.17,entry (LONG),+0.0000
2026-04-11 02:59:31,intraday,VTV,LONG,13,201.31,entry (LONG),+0.0000
2026-04-11 02:59:32,intraday,EWY,LONG,17,138.78,entry (LONG),+0.0000
2026-04-11 02:59:32,intraday,IGV,SHORT,21,74.63,entry (SHORT),+0.0000
2026-04-11 02:59:33,intraday,PDBC,LONG,65,16.98,entry (LONG),+0.0000
2026-04-11 03:00:39,intraday,MCHI,LONG,101,57.17,entry (LONG),+0.0000
2026-04-11 03:00:40,intraday,VTV,LONG,13,201.31,entry (LONG),+0.0000
2026-04-11 03:00:41,intraday,EWY,LONG,17,138.78,entry (LONG),+0.0000
2026-04-11 03:00:41,intraday,IGV,SHORT,21,74.63,entry (SHORT),+0.0000
2026-04-11 03:00:42,intraday,PDBC,LONG,65,16.98,entry (LONG),+0.0000
2026-04-11 03:01:47,intraday,MCHI,LONG,101,57.17,entry (LONG),+0.0000
2026-04-11 03:01:48,intraday,VTV,LONG,13,201.31,entry (LONG),+0.0000
2026-04-11 03:01:49,intraday,EWY,LONG,17,138.78,entry (LONG),+0.0000
2026-04-11 03:01:50,intraday,IGV,SHORT,21,74.63,entry (SHORT),+0.0000
2026-04-11 03:01:51,intraday,PDBC,LONG,65,16.98,entry (LONG),+0.0000
2026-04-11 03:02:56,intraday,MCHI,LONG,101,57.17,entry (LONG),+0.0000
2026-04-11 03:02:56,intraday,VTV,LONG,13,201.31,entry (LONG),+0.0000
2026-04-11 03:02:57,intraday,EWY,LONG,17,138.78,entry (LONG),+0.0000
2026-04-11 03:02:58,intraday,IGV,SHORT,21,74.63,entry (SHORT),+0.0000
2026-04-11 03:02:59,intraday,PDBC,LONG,65,16.98,entry (LONG),+0.0000
2026-04-11 03:03:19,swing,CIBR,SHORT,70,60.74,entry (SHORT),+0.0000
2026-04-11 03:03:21,swing,USMV,SHORT,152,92.75,entry (SHORT),+0.0000
2026-04-11 03:03:23,swing,EWY,SHORT,20,138.73,entry (SHORT),+0.0000
2026-04-11 03:03:28,swing,IBIT,SHORT,94,41.56,entry (SHORT),+0.0000
2026-04-11 03:04:05,intraday,MCHI,LONG,101,57.17,entry (LONG),+0.0000
2026-04-11 03:04:06,intraday,VTV,LONG,13,201.31,entry (LONG),+0.0000
2026-04-11 03:04:07,intraday,EWY,LONG,17,138.78,entry (LONG),+0.0000
2026-04-11 03:04:07,intraday,IGV,SHORT,21,74.63,entry (SHORT),+0.0000
2026-04-11 03:04:08,intraday,PDBC,LONG,65,16.98,entry (LONG),+0.0000
2026-04-11 03:05:14,intraday,MCHI,LONG,101,57.17,entry (LONG),+0.0000
2026-04-11 03:05:14,intraday,VTV,LONG,13,201.31,entry (LONG),+0.0000
2026-04-11 03:05:15,intraday,EWY,LONG,17,138.78,entry (LONG),+0.0000
2026-04-11 03:05:16,intraday,IGV,SHORT,21,74.63,entry (SHORT),+0.0000
2026-04-11 03:05:17,intraday,PDBC,LONG,65,16.98,entry (LONG),+0.0000
2026-04-11 03:06:22,intraday,MCHI,LONG,101,57.17,entry (LONG),+0.0000
2026-04-11 03:06:23,intraday,VTV,LONG,13,201.31,entry (LONG),+0.0000
2026-04-11 03:06:24,intraday,EWY,LONG,17,138.78,entry (LONG),+0.0000
2026-04-11 03:06:24,intraday,IGV,SHORT,21,74.63,entry (SHORT),+0.0000
2026-04-11 03:06:25,intraday,PDBC,LONG,65,16.98,entry (LONG),+0.0000
2026-04-11 03:07:30,intraday,MCHI,LONG,101,57.17,entry (LONG),+0.0000
2026-04-11 03:07:31,intraday,VTV,LONG,13,201.31,entry (LONG),+0.0000
2026-04-11 03:07:32,intraday,EWY,LONG,17,138.78,entry (LONG),+0.0000
2026-04-11 03:07:33,intraday,IGV,SHORT,21,74.63,entry (SHORT),+0.0000
2026-04-11 03:07:33,intraday,PDBC,LONG,65,16.98,entry (LONG),+0.0000
2026-04-11 03:08:39,intraday,MCHI,LONG,101,57.17,entry (LONG),+0.0000
2026-04-11 03:08:40,intraday,VTV,LONG,13,201.31,entry (LONG),+0.0000
2026-04-11 03:08:41,intraday,EWY,LONG,17,138.78,entry (LONG),+0.0000
2026-04-11 03:08:42,intraday,IGV,SHORT,21,74.63,entry (SHORT),+0.0000
2026-04-11 03:08:43,intraday,PDBC,LONG,65,16.98,entry (LONG),+0.0000
2026-04-11 03:08:46,swing,CIBR,SHORT,70,60.74,entry (SHORT),+0.0000
2026-04-11 03:08:48,swing,USMV,SHORT,152,92.75,entry (SHORT),+0.0000
2026-04-11 03:08:50,swing,EWY,SHORT,20,138.73,entry (SHORT),+0.0000
2026-04-11 03:08:55,swing,IBIT,SHORT,94,41.56,entry (SHORT),+0.0000
2026-04-11 03:09:49,intraday,MCHI,LONG,101,57.17,entry (LONG),+0.0000
2026-04-11 03:09:50,intraday,VTV,LONG,13,201.31,entry (LONG),+0.0000
2026-04-11 03:09:51,intraday,EWY,LONG,17,138.78,entry (LONG),+0.0000
2026-04-11 03:09:51,intraday,IGV,SHORT,21,74.63,entry (SHORT),+0.0000
2026-04-11 03:09:52,intraday,PDBC,LONG,65,16.98,entry (LONG),+0.0000
2026-04-11 03:10:58,intraday,MCHI,LONG,101,57.17,entry (LONG),+0.0000
2026-04-11 03:10:59,intraday,VTV,LONG,13,201.31,entry (LONG),+0.0000
2026-04-11 03:11:00,intraday,EWY,LONG,17,138.78,entry (LONG),+0.0000
2026-04-11 03:11:00,intraday,IGV,SHORT,21,74.63,entry (SHORT),+0.0000
2026-04-11 03:11:01,intraday,PDBC,LONG,65,16.98,entry (LONG),+0.0000
2026-04-11 03:12:06,intraday,MCHI,LONG,101,57.17,entry (LONG),+0.0000
2026-04-11 03:12:07,intraday,VTV,LONG,13,201.31,entry (LONG),+0.0000
2026-04-11 03:12:08,intraday,EWY,LONG,17,138.78,entry (LONG),+0.0000
2026-04-11 03:12:11,intraday,IGV,SHORT,21,74.63,entry (SHORT),+0.0000
2026-04-11 03:12:12,intraday,PDBC,LONG,65,16.98,entry (LONG),+0.0000
2026-04-11 03:13:18,intraday,MCHI,LONG,101,57.17,entry (LONG),+0.0000
2026-04-11 03:13:19,intraday,VTV,LONG,13,201.31,entry (LONG),+0.0000
2026-04-11 03:13:20,intraday,EWY,LONG,17,138.78,entry (LONG),+0.0000
2026-04-11 03:13:20,intraday,IGV,SHORT,21,74.63,entry (SHORT),+0.0000
2026-04-11 03:13:21,intraday,PDBC,LONG,65,16.98,entry (LONG),+0.0000
2026-04-11 03:14:11,swing,CIBR,SHORT,70,60.74,entry (SHORT),+0.0000
2026-04-11 03:14:13,swing,USMV,SHORT,152,92.75,entry (SHORT),+0.0000
2026-04-11 03:14:15,swing,EWY,SHORT,20,138.73,entry (SHORT),+0.0000
2026-04-11 03:14:20,swing,IBIT,SHORT,94,41.56,entry (SHORT),+0.0000
2026-04-11 03:14:27,intraday,MCHI,LONG,101,57.17,entry (LONG),+0.0000
2026-04-11 03:14:27,intraday,VTV,LONG,13,201.31,entry (LONG),+0.0000
2026-04-11 03:14:28,intraday,EWY,LONG,17,138.78,entry (LONG),+0.0000
2026-04-11 03:14:29,intraday,IGV,SHORT,21,74.63,entry (SHORT),+0.0000
2026-04-11 03:14:30,intraday,PDBC,LONG,65,16.98,entry (LONG),+0.0000
2026-04-11 03:15:35,intraday,MCHI,LONG,101,57.17,entry (LONG),+0.0000
2026-04-11 03:15:36,intraday,VTV,LONG,13,201.31,entry (LONG),+0.0000
2026-04-11 03:15:37,intraday,EWY,LONG,17,138.78,entry (LONG),+0.0000
2026-04-11 03:15:38,intraday,IGV,SHORT,21,74.63,entry (SHORT),+0.0000
2026-04-11 03:15:38,intraday,PDBC,LONG,65,16.98,entry (LONG),+0.0000
2026-04-11 03:16:44,intraday,MCHI,LONG,101,57.17,entry (LONG),+0.0000
2026-04-11 03:16:44,intraday,VTV,LONG,13,201.31,entry (LONG),+0.0000
2026-04-11 03:16:45,intraday,EWY,LONG,17,138.78,entry (LONG),+0.0000
2026-04-11 03:16:46,intraday,IGV,SHORT,21,74.63,entry (SHORT),+0.0000
2026-04-11 03:16:47,intraday,PDBC,LONG,65,16.98,entry (LONG),+0.0000
2026-04-11 03:17:52,intraday,MCHI,LONG,101,57.17,entry (LONG),+0.0000
2026-04-11 03:17:53,intraday,VTV,LONG,13,201.31,entry (LONG),+0.0000
2026-04-11 03:17:54,intraday,EWY,LONG,17,138.78,entry (LONG),+0.0000
2026-04-11 03:17:55,intraday,IGV,SHORT,21,74.63,entry (SHORT),+0.0000
2026-04-11 03:17:56,intraday,PDBC,LONG,65,16.98,entry (LONG),+0.0000
2026-04-11 03:19:02,intraday,MCHI,LONG,101,57.17,entry (LONG),+0.0000
2026-04-11 03:19:03,intraday,VTV,LONG,13,201.31,entry (LONG),+0.0000
2026-04-11 03:19:04,intraday,EWY,LONG,17,138.78,entry (LONG),+0.0000
2026-04-11 03:19:05,intraday,IGV,SHORT,21,74.63,entry (SHORT),+0.0000
2026-04-11 03:19:05,intraday,PDBC,LONG,65,16.98,entry (LONG),+0.0000
2026-04-11 03:19:37,swing,CIBR,SHORT,70,60.74,entry (SHORT),+0.0000
2026-04-11 03:19:39,swing,USMV,SHORT,152,92.75,entry (SHORT),+0.0000
2026-04-11 03:19:41,swing,EWY,SHORT,20,138.73,entry (SHORT),+0.0000
2026-04-11 03:19:46,swing,IBIT,SHORT,94,41.56,entry (SHORT),+0.0000
2026-04-11 03:20:11,intraday,MCHI,LONG,101,57.17,entry (LONG),+0.0000
2026-04-11 03:20:12,intraday,VTV,LONG,13,201.31,entry (LONG),+0.0000
2026-04-11 03:20:12,intraday,EWY,LONG,17,138.78,entry (LONG),+0.0000
2026-04-11 03:20:13,intraday,IGV,SHORT,21,74.63,entry (SHORT),+0.0000
2026-04-11 03:20:14,intraday,PDBC,LONG,65,16.98,entry (LONG),+0.0000
2026-04-11 03:21:33,intraday,MCHI,LONG,101,57.17,entry (LONG),+0.0000
2026-04-11 03:21:34,intraday,VTV,LONG,13,201.31,entry (LONG),+0.0000
2026-04-11 03:21:35,intraday,EWY,LONG,17,138.78,entry (LONG),+0.0000
2026-04-11 03:21:36,intraday,IGV,SHORT,21,74.63,entry (SHORT),+0.0000
2026-04-11 03:21:36,intraday,PDBC,LONG,65,16.98,entry (LONG),+0.0000
2026-04-11 03:22:42,intraday,MCHI,LONG,101,57.17,entry (LONG),+0.0000
2026-04-11 03:22:43,intraday,VTV,LONG,13,201.31,entry (LONG),+0.0000
2026-04-11 03:22:44,intraday,EWY,LONG,17,138.78,entry (LONG),+0.0000
2026-04-11 03:22:45,intraday,IGV,SHORT,21,74.63,entry (SHORT),+0.0000
2026-04-11 03:22:46,intraday,PDBC,LONG,65,16.98,entry (LONG),+0.0000
2026-04-11 03:23:51,intraday,MCHI,LONG,101,57.17,entry (LONG),+0.0000
2026-04-11 03:23:52,intraday,VTV,LONG,13,201.31,entry (LONG),+0.0000
2026-04-11 03:23:53,intraday,EWY,LONG,17,138.78,entry (LONG),+0.0000
2026-04-11 03:23:54,intraday,IGV,SHORT,21,74.63,entry (SHORT),+0.0000
2026-04-11 03:23:55,intraday,PDBC,LONG,65,16.98,entry (LONG),+0.0000
2026-04-11 03:25:00,intraday,MCHI,LONG,101,57.17,entry (LONG),+0.0000
2026-04-11 03:25:01,intraday,VTV,LONG,13,201.31,entry (LONG),+0.0000
2026-04-11 03:25:02,intraday,EWY,LONG,17,138.78,entry (LONG),+0.0000
2026-04-11 03:25:02,swing,CIBR,SHORT,70,60.74,entry (SHORT),+0.0000
2026-04-11 03:25:02,intraday,IGV,SHORT,21,74.63,entry (SHORT),+0.0000
2026-04-11 03:25:03,intraday,PDBC,LONG,65,16.98,entry (LONG),+0.0000
2026-04-11 03:25:04,swing,USMV,SHORT,152,92.75,entry (SHORT),+0.0000
2026-04-11 03:25:07,swing,EWY,SHORT,20,138.73,entry (SHORT),+0.0000
2026-04-11 03:25:12,swing,IBIT,SHORT,94,41.56,entry (SHORT),+0.0000
2026-04-11 03:26:09,intraday,MCHI,LONG,101,57.17,entry (LONG),+0.0000
2026-04-11 03:26:10,intraday,VTV,LONG,13,201.31,entry (LONG),+0.0000
2026-04-11 03:26:10,intraday,EWY,LONG,17,138.78,entry (LONG),+0.0000
2026-04-11 03:26:11,intraday,IGV,SHORT,21,74.63,entry (SHORT),+0.0000
2026-04-11 03:26:12,intraday,PDBC,LONG,65,16.98,entry (LONG),+0.0000
2026-04-11 03:27:17,intraday,MCHI,LONG,101,57.17,entry (LONG),+0.0000
2026-04-11 03:27:18,intraday,VTV,LONG,13,201.31,entry (LONG),+0.0000
2026-04-11 03:27:19,intraday,EWY,LONG,17,138.78,entry (LONG),+0.0000
2026-04-11 03:27:20,intraday,IGV,SHORT,21,74.63,entry (SHORT),+0.0000
2026-04-11 03:27:21,intraday,PDBC,LONG,65,16.98,entry (LONG),+0.0000
2026-04-11 03:28:26,intraday,MCHI,LONG,101,57.17,entry (LONG),+0.0000
2026-04-11 03:28:27,intraday,VTV,LONG,13,201.31,entry (LONG),+0.0000
2026-04-11 03:28:28,intraday,EWY,LONG,17,138.78,entry (LONG),+0.0000
2026-04-11 03:28:28,intraday,IGV,SHORT,21,74.63,entry (SHORT),+0.0000
2026-04-11 03:28:29,intraday,PDBC,LONG,65,16.98,entry (LONG),+0.0000
2026-04-11 03:29:35,intraday,MCHI,LONG,101,57.17,entry (LONG),+0.0000
2026-04-11 03:29:35,intraday,VTV,LONG,13,201.31,entry (LONG),+0.0000
2026-04-11 03:29:36,intraday,EWY,LONG,17,138.78,entry (LONG),+0.0000
2026-04-11 03:29:37,intraday,IGV,SHORT,21,74.63,entry (SHORT),+0.0000
2026-04-11 03:29:38,intraday,PDBC,LONG,65,16.98,entry (LONG),+0.0000
2026-04-11 03:30:29,swing,CIBR,SHORT,70,60.74,entry (SHORT),+0.0000
2026-04-11 03:30:32,swing,USMV,SHORT,152,92.75,entry (SHORT),+0.0000
2026-04-11 03:30:34,swing,EWY,SHORT,20,138.73,entry (SHORT),+0.0000
2026-04-11 03:30:39,swing,IBIT,SHORT,94,41.56,entry (SHORT),+0.0000
2026-04-11 03:30:44,intraday,MCHI,LONG,101,57.17,entry (LONG),+0.0000
2026-04-11 03:30:44,intraday,VTV,LONG,13,201.31,entry (LONG),+0.0000
2026-04-11 03:30:45,intraday,EWY,LONG,17,138.78,entry (LONG),+0.0000
2026-04-11 03:30:46,intraday,IGV,SHORT,21,74.63,entry (SHORT),+0.0000
2026-04-11 03:30:47,intraday,PDBC,LONG,65,16.98,entry (LONG),+0.0000
2026-04-11 03:31:53,intraday,MCHI,LONG,101,57.17,entry (LONG),+0.0000
2026-04-11 03:31:54,intraday,VTV,LONG,13,201.31,entry (LONG),+0.0000
2026-04-11 03:31:55,intraday,EWY,LONG,17,138.78,entry (LONG),+0.0000
2026-04-11 03:31:56,intraday,IGV,SHORT,21,74.63,entry (SHORT),+0.0000
2026-04-11 03:31:56,intraday,PDBC,LONG,65,16.98,entry (LONG),+0.0000
2026-04-11 03:33:03,intraday,MCHI,LONG,101,57.17,entry (LONG),+0.0000
2026-04-11 03:33:04,intraday,VTV,LONG,13,201.31,entry (LONG),+0.0000
2026-04-11 03:33:04,intraday,EWY,LONG,17,138.78,entry (LONG),+0.0000
2026-04-11 03:33:05,intraday,IGV,SHORT,21,74.63,entry (SHORT),+0.0000
2026-04-11 03:33:06,intraday,PDBC,LONG,65,16.98,entry (LONG),+0.0000
2026-04-11 03:34:12,intraday,MCHI,LONG,101,57.17,entry (LONG),+0.0000
2026-04-11 03:34:13,intraday,VTV,LONG,13,201.31,entry (LONG),+0.0000
2026-04-11 03:34:13,intraday,EWY,LONG,17,138.78,entry (LONG),+0.0000
2026-04-11 03:34:14,intraday,IGV,SHORT,21,74.63,entry (SHORT),+0.0000
2026-04-11 03:34:15,intraday,PDBC,LONG,65,16.98,entry (LONG),+0.0000
2026-04-11 03:35:20,intraday,MCHI,LONG,101,57.17,entry (LONG),+0.0000
2026-04-11 03:35:21,intraday,VTV,LONG,13,201.31,entry (LONG),+0.0000
2026-04-11 03:35:22,intraday,EWY,LONG,17,138.78,entry (LONG),+0.0000
2026-04-11 03:35:23,intraday,IGV,SHORT,21,74.63,entry (SHORT),+0.0000
2026-04-11 03:35:24,intraday,PDBC,LONG,65,16.98,entry (LONG),+0.0000
2026-04-11 03:35:55,swing,CIBR,SHORT,70,60.74,entry (SHORT),+0.0000
2026-04-11 03:35:57,swing,USMV,SHORT,152,92.75,entry (SHORT),+0.0000
2026-04-11 03:35:59,swing,EWY,SHORT,20,138.73,entry (SHORT),+0.0000
2026-04-11 03:36:04,swing,IBIT,SHORT,94,41.56,entry (SHORT),+0.0000
2026-04-11 03:36:29,intraday,MCHI,LONG,101,57.17,entry (LONG),+0.0000
2026-04-11 03:36:30,intraday,VTV,LONG,13,201.31,entry (LONG),+0.0000
2026-04-11 03:36:31,intraday,EWY,LONG,17,138.78,entry (LONG),+0.0000
2026-04-11 03:36:31,intraday,IGV,SHORT,21,74.63,entry (SHORT),+0.0000
2026-04-11 03:36:32,intraday,PDBC,LONG,65,16.98,entry (LONG),+0.0000
2026-04-11 03:37:38,intraday,MCHI,LONG,101,57.17,entry (LONG),+0.0000
2026-04-11 03:37:38,intraday,VTV,LONG,13,201.31,entry (LONG),+0.0000
2026-04-11 03:37:39,intraday,EWY,LONG,17,138.78,entry (LONG),+0.0000
2026-04-11 03:37:40,intraday,IGV,SHORT,21,74.63,entry (SHORT),+0.0000
2026-04-11 03:37:41,intraday,PDBC,LONG,65,16.98,entry (LONG),+0.0000
2026-04-11 03:38:46,intraday,MCHI,LONG,101,57.17,entry (LONG),+0.0000
2026-04-11 03:38:47,intraday,VTV,LONG,13,201.31,entry (LONG),+0.0000
2026-04-11 03:38:48,intraday,EWY,LONG,17,138.78,entry (LONG),+0.0000
2026-04-11 03:38:49,intraday,IGV,SHORT,21,74.63,entry (SHORT),+0.0000
2026-04-11 03:38:49,intraday,PDBC,LONG,65,16.98,entry (LONG),+0.0000
2026-04-11 03:39:55,intraday,MCHI,LONG,101,57.17,entry (LONG),+0.0000
2026-04-11 03:39:56,intraday,VTV,LONG,13,201.31,entry (LONG),+0.0000
2026-04-11 03:39:57,intraday,EWY,LONG,17,138.78,entry (LONG),+0.0000
2026-04-11 03:39:58,intraday,IGV,SHORT,21,74.63,entry (SHORT),+0.0000
2026-04-11 03:39:59,intraday,PDBC,LONG,65,16.98,entry (LONG),+0.0000
2026-04-11 03:41:05,intraday,MCHI,LONG,101,57.17,entry (LONG),+0.0000
2026-04-11 03:41:06,intraday,VTV,LONG,13,201.31,entry (LONG),+0.0000
2026-04-11 03:41:06,intraday,EWY,LONG,17,138.78,entry (LONG),+0.0000
2026-04-11 03:41:07,intraday,IGV,SHORT,21,74.63,entry (SHORT),+0.0000
2026-04-11 03:41:08,intraday,PDBC,LONG,65,16.98,entry (LONG),+0.0000
2026-04-11 03:41:19,swing,CIBR,SHORT,70,60.74,entry (SHORT),+0.0000
2026-04-11 03:41:21,swing,USMV,SHORT,152,92.75,entry (SHORT),+0.0000
2026-04-11 03:41:23,swing,EWY,SHORT,20,138.73,entry (SHORT),+0.0000
2026-04-11 03:41:28,swing,IBIT,SHORT,94,41.56,entry (SHORT),+0.0000
2026-04-11 03:42:13,intraday,MCHI,LONG,101,57.17,entry (LONG),+0.0000
2026-04-11 03:42:14,intraday,VTV,LONG,13,201.31,entry (LONG),+0.0000
2026-04-11 03:42:15,intraday,EWY,LONG,17,138.78,entry (LONG),+0.0000
2026-04-11 03:42:16,intraday,IGV,SHORT,21,74.63,entry (SHORT),+0.0000
2026-04-11 03:42:17,intraday,PDBC,LONG,65,16.98,entry (LONG),+0.0000
2026-04-11 03:43:22,intraday,MCHI,LONG,101,57.17,entry (LONG),+0.0000
2026-04-11 03:43:23,intraday,VTV,LONG,13,201.31,entry (LONG),+0.0000
2026-04-11 03:43:24,intraday,EWY,LONG,17,138.78,entry (LONG),+0.0000
2026-04-11 03:43:25,intraday,IGV,SHORT,21,74.63,entry (SHORT),+0.0000
2026-04-11 03:43:25,intraday,PDBC,LONG,65,16.98,entry (LONG),+0.0000
2026-04-11 03:44:31,intraday,MCHI,LONG,101,57.17,entry (LONG),+0.0000
2026-04-11 03:44:32,intraday,VTV,LONG,13,201.31,entry (LONG),+0.0000
2026-04-11 03:44:32,intraday,EWY,LONG,17,138.78,entry (LONG),+0.0000
2026-04-11 03:44:33,intraday,IGV,SHORT,21,74.63,entry (SHORT),+0.0000
2026-04-11 03:44:34,intraday,PDBC,LONG,65,16.98,entry (LONG),+0.0000
2026-04-11 03:45:40,intraday,MCHI,LONG,101,57.17,entry (LONG),+0.0000
2026-04-11 03:45:41,intraday,VTV,LONG,13,201.31,entry (LONG),+0.0000
2026-04-11 03:45:41,intraday,EWY,LONG,17,138.78,entry (LONG),+0.0000
2026-04-11 03:45:42,intraday,IGV,SHORT,21,74.63,entry (SHORT),+0.0000
2026-04-11 03:45:43,intraday,PDBC,LONG,65,16.98,entry (LONG),+0.0000
2026-04-11 03:46:46,swing,CIBR,SHORT,70,60.74,entry (SHORT),+0.0000
2026-04-11 03:46:48,swing,USMV,SHORT,152,92.75,entry (SHORT),+0.0000
2026-04-11 03:46:49,intraday,MCHI,LONG,101,57.17,entry (LONG),+0.0000
2026-04-11 03:46:50,intraday,VTV,LONG,13,201.31,entry (LONG),+0.0000
2026-04-11 03:46:50,swing,EWY,SHORT,20,138.73,entry (SHORT),+0.0000
2026-04-11 03:46:50,intraday,EWY,LONG,17,138.78,entry (LONG),+0.0000
2026-04-11 03:46:51,intraday,IGV,SHORT,21,74.63,entry (SHORT),+0.0000
2026-04-11 03:46:52,intraday,PDBC,LONG,65,16.98,entry (LONG),+0.0000
2026-04-11 03:46:55,swing,IBIT,SHORT,94,41.56,entry (SHORT),+0.0000
2026-04-11 03:47:58,intraday,MCHI,LONG,101,57.17,entry (LONG),+0.0000
2026-04-11 03:47:58,intraday,VTV,LONG,13,201.31,entry (LONG),+0.0000
2026-04-11 03:47:59,intraday,EWY,LONG,17,138.78,entry (LONG),+0.0000
2026-04-11 03:48:00,intraday,IGV,SHORT,21,74.63,entry (SHORT),+0.0000
2026-04-11 03:48:01,intraday,PDBC,LONG,65,16.98,entry (LONG),+0.0000
2026-04-11 03:49:06,intraday,MCHI,LONG,101,57.17,entry (LONG),+0.0000
2026-04-11 03:49:07,intraday,VTV,LONG,13,201.31,entry (LONG),+0.0000
2026-04-11 03:49:08,intraday,EWY,LONG,17,138.78,entry (LONG),+0.0000
2026-04-11 03:49:09,intraday,IGV,SHORT,21,74.63,entry (SHORT),+0.0000
2026-04-11 03:49:10,intraday,PDBC,LONG,65,16.98,entry (LONG),+0.0000
2026-04-11 03:50:15,intraday,MCHI,LONG,101,57.17,entry (LONG),+0.0000
2026-04-11 03:50:16,intraday,VTV,LONG,13,201.31,entry (LONG),+0.0000
2026-04-11 03:50:17,intraday,EWY,LONG,17,138.78,entry (LONG),+0.0000
2026-04-11 03:50:18,intraday,IGV,SHORT,21,74.63,entry (SHORT),+0.0000
2026-04-11 03:50:19,intraday,PDBC,LONG,65,16.98,entry (LONG),+0.0000
2026-04-11 03:51:24,intraday,MCHI,LONG,101,57.17,entry (LONG),+0.0000
2026-04-11 03:51:25,intraday,VTV,LONG,13,201.31,entry (LONG),+0.0000
2026-04-11 03:51:26,intraday,EWY,LONG,17,138.78,entry (LONG),+0.0000
2026-04-11 03:51:27,intraday,IGV,SHORT,21,74.63,entry (SHORT),+0.0000
2026-04-11 03:51:27,intraday,PDBC,LONG,65,16.98,entry (LONG),+0.0000
2026-04-11 03:52:10,swing,CIBR,SHORT,70,60.74,entry (SHORT),+0.0000
2026-04-11 03:52:12,swing,USMV,SHORT,152,92.75,entry (SHORT),+0.0000
2026-04-11 03:52:14,swing,EWY,SHORT,20,138.73,entry (SHORT),+0.0000
2026-04-11 03:52:18,swing,IBIT,SHORT,94,41.56,entry (SHORT),+0.0000
2026-04-11 03:52:33,intraday,MCHI,LONG,101,57.17,entry (LONG),+0.0000
2026-04-11 03:52:34,intraday,VTV,LONG,13,201.31,entry (LONG),+0.0000
2026-04-11 03:52:35,intraday,EWY,LONG,17,138.78,entry (LONG),+0.0000
2026-04-11 03:52:35,intraday,IGV,SHORT,21,74.63,entry (SHORT),+0.0000
2026-04-11 03:52:36,intraday,PDBC,LONG,65,16.98,entry (LONG),+0.0000
2026-04-11 03:53:42,intraday,MCHI,LONG,101,57.17,entry (LONG),+0.0000
2026-04-11 03:53:43,intraday,VTV,LONG,13,201.31,entry (LONG),+0.0000
2026-04-11 03:53:44,intraday,EWY,LONG,17,138.78,entry (LONG),+0.0000
2026-04-11 03:53:45,intraday,IGV,SHORT,21,74.63,entry (SHORT),+0.0000
2026-04-11 03:53:46,intraday,PDBC,LONG,65,16.98,entry (LONG),+0.0000
2026-04-11 03:54:51,intraday,MCHI,LONG,101,57.17,entry (LONG),+0.0000
2026-04-11 03:54:52,intraday,VTV,LONG,13,201.31,entry (LONG),+0.0000
2026-04-11 03:54:53,intraday,EWY,LONG,17,138.78,entry (LONG),+0.0000
2026-04-11 03:54:54,intraday,IGV,SHORT,21,74.63,entry (SHORT),+0.0000
2026-04-11 03:54:55,intraday,PDBC,LONG,65,16.98,entry (LONG),+0.0000
2026-04-11 03:56:00,intraday,MCHI,LONG,101,57.17,entry (LONG),+0.0000
2026-04-11 03:56:01,intraday,VTV,LONG,13,201.31,entry (LONG),+0.0000
2026-04-11 03:56:02,intraday,EWY,LONG,17,138.78,entry (LONG),+0.0000
2026-04-11 03:56:03,intraday,IGV,SHORT,21,74.63,entry (SHORT),+0.0000
2026-04-11 03:56:03,intraday,PDBC,LONG,65,16.98,entry (LONG),+0.0000
2026-04-11 03:57:10,intraday,MCHI,LONG,101,57.17,entry (LONG),+0.0000
2026-04-11 03:57:11,intraday,VTV,LONG,13,201.31,entry (LONG),+0.0000
2026-04-11 03:57:11,intraday,EWY,LONG,17,138.78,entry (LONG),+0.0000
2026-04-11 03:57:12,intraday,IGV,SHORT,21,74.63,entry (SHORT),+0.0000
2026-04-11 03:57:13,intraday,PDBC,LONG,65,16.98,entry (LONG),+0.0000
2026-04-11 03:57:34,swing,CIBR,SHORT,70,60.74,entry (SHORT),+0.0000
2026-04-11 03:57:36,swing,USMV,SHORT,152,92.75,entry (SHORT),+0.0000
2026-04-11 03:57:38,swing,EWY,SHORT,20,138.73,entry (SHORT),+0.0000
2026-04-11 03:57:43,swing,IBIT,SHORT,94,41.56,entry (SHORT),+0.0000
2026-04-11 03:58:20,intraday,MCHI,LONG,101,57.17,entry (LONG),+0.0000
2026-04-11 03:58:21,intraday,VTV,LONG,13,201.31,entry (LONG),+0.0000
2026-04-11 03:58:21,intraday,EWY,LONG,17,138.78,entry (LONG),+0.0000
2026-04-11 03:58:22,intraday,IGV,SHORT,21,74.63,entry (SHORT),+0.0000
2026-04-11 03:58:23,intraday,PDBC,LONG,65,16.98,entry (LONG),+0.0000
2026-04-11 03:59:29,intraday,MCHI,LONG,101,57.17,entry (LONG),+0.0000
2026-04-11 03:59:30,intraday,VTV,LONG,13,201.31,entry (LONG),+0.0000
2026-04-11 03:59:30,intraday,EWY,LONG,17,138.78,entry (LONG),+0.0000
2026-04-11 03:59:31,intraday,IGV,SHORT,21,74.63,entry (SHORT),+0.0000
2026-04-11 03:59:32,intraday,PDBC,LONG,65,16.98,entry (LONG),+0.0000
2026-04-11 04:00:39,intraday,MCHI,LONG,101,57.17,entry (LONG),+0.0000
2026-04-11 04:00:40,intraday,VTV,LONG,13,201.31,entry (LONG),+0.0000
2026-04-11 04:00:41,intraday,EWY,LONG,17,138.78,entry (LONG),+0.0000
2026-04-11 04:00:42,intraday,IGV,SHORT,21,74.63,entry (SHORT),+0.0000
2026-04-11 04:00:43,intraday,PDBC,LONG,65,16.98,entry (LONG),+0.0000
2026-04-11 04:01:48,intraday,MCHI,LONG,101,57.17,entry (LONG),+0.0000
2026-04-11 04:01:49,intraday,VTV,LONG,13,201.31,entry (LONG),+0.0000
2026-04-11 04:01:50,intraday,EWY,LONG,17,138.78,entry (LONG),+0.0000
2026-04-11 04:01:51,intraday,IGV,SHORT,21,74.63,entry (SHORT),+0.0000
2026-04-11 04:01:52,intraday,PDBC,LONG,65,16.98,entry (LONG),+0.0000
2026-04-11 04:02:57,intraday,MCHI,LONG,101,57.17,entry (LONG),+0.0000
2026-04-11 04:02:58,intraday,VTV,LONG,13,201.31,entry (LONG),+0.0000
2026-04-11 04:02:58,swing,CIBR,SHORT,70,60.74,entry (SHORT),+0.0000
2026-04-11 04:02:59,intraday,EWY,LONG,17,138.78,entry (LONG),+0.0000
2026-04-11 04:02:59,intraday,IGV,SHORT,21,74.63,entry (SHORT),+0.0000
2026-04-11 04:03:00,intraday,PDBC,LONG,65,16.98,entry (LONG),+0.0000
2026-04-11 04:03:00,swing,USMV,SHORT,152,92.75,entry (SHORT),+0.0000
2026-04-11 04:03:03,swing,EWY,SHORT,20,138.73,entry (SHORT),+0.0000
2026-04-11 04:03:08,swing,IBIT,SHORT,94,41.56,entry (SHORT),+0.0000
2026-04-11 04:04:06,intraday,MCHI,LONG,101,57.17,entry (LONG),+0.0000
2026-04-11 04:04:07,intraday,VTV,LONG,13,201.31,entry (LONG),+0.0000
2026-04-11 04:04:08,intraday,EWY,LONG,17,138.78,entry (LONG),+0.0000
2026-04-11 04:04:09,intraday,IGV,SHORT,21,74.63,entry (SHORT),+0.0000
2026-04-11 04:04:09,intraday,PDBC,LONG,65,16.98,entry (LONG),+0.0000
2026-04-11 04:05:15,intraday,MCHI,LONG,101,57.17,entry (LONG),+0.0000
2026-04-11 04:05:16,intraday,VTV,LONG,13,201.31,entry (LONG),+0.0000
2026-04-11 04:05:17,intraday,EWY,LONG,17,138.78,entry (LONG),+0.0000
2026-04-11 04:05:18,intraday,IGV,SHORT,21,74.63,entry (SHORT),+0.0000
2026-04-11 04:05:19,intraday,PDBC,LONG,65,16.98,entry (LONG),+0.0000
2026-04-11 04:06:24,intraday,MCHI,LONG,101,57.17,entry (LONG),+0.0000
2026-04-11 04:06:25,intraday,VTV,LONG,13,201.31,entry (LONG),+0.0000
2026-04-11 04:06:26,intraday,EWY,LONG,17,138.78,entry (LONG),+0.0000
2026-04-11 04:06:27,intraday,IGV,SHORT,21,74.63,entry (SHORT),+0.0000
2026-04-11 04:06:28,intraday,PDBC,LONG,65,16.98,entry (LONG),+0.0000
2026-04-11 04:07:33,intraday,MCHI,LONG,101,57.17,entry (LONG),+0.0000
2026-04-11 04:07:34,intraday,VTV,LONG,13,201.31,entry (LONG),+0.0000
2026-04-11 04:07:35,intraday,EWY,LONG,17,138.78,entry (LONG),+0.0000
2026-04-11 04:07:36,intraday,IGV,SHORT,21,74.63,entry (SHORT),+0.0000
2026-04-11 04:07:36,intraday,PDBC,LONG,65,16.98,entry (LONG),+0.0000
2026-04-11 04:08:23,swing,CIBR,SHORT,70,60.74,entry (SHORT),+0.0000
2026-04-11 04:08:25,swing,USMV,SHORT,152,92.75,entry (SHORT),+0.0000
2026-04-11 04:08:27,swing,EWY,SHORT,20,138.73,entry (SHORT),+0.0000
2026-04-11 04:08:32,swing,IBIT,SHORT,94,41.56,entry (SHORT),+0.0000
2026-04-11 04:08:43,intraday,MCHI,LONG,101,57.17,entry (LONG),+0.0000
2026-04-11 04:08:44,intraday,VTV,LONG,13,201.31,entry (LONG),+0.0000
2026-04-11 04:08:44,intraday,EWY,LONG,17,138.78,entry (LONG),+0.0000
2026-04-11 04:08:45,intraday,IGV,SHORT,21,74.63,entry (SHORT),+0.0000
2026-04-11 04:08:46,intraday,PDBC,LONG,65,16.98,entry (LONG),+0.0000
2026-04-11 04:09:51,intraday,MCHI,LONG,101,57.17,entry (LONG),+0.0000
2026-04-11 04:09:52,intraday,VTV,LONG,13,201.31,entry (LONG),+0.0000
2026-04-11 04:09:53,intraday,EWY,LONG,17,138.78,entry (LONG),+0.0000
2026-04-11 04:09:54,intraday,IGV,SHORT,21,74.63,entry (SHORT),+0.0000
2026-04-11 04:09:55,intraday,PDBC,LONG,65,16.98,entry (LONG),+0.0000
2026-04-11 04:11:00,intraday,MCHI,LONG,101,57.17,entry (LONG),+0.0000
2026-04-11 04:11:01,intraday,VTV,LONG,13,201.31,entry (LONG),+0.0000
2026-04-11 04:11:02,intraday,EWY,LONG,17,138.78,entry (LONG),+0.0000
2026-04-11 04:11:03,intraday,IGV,SHORT,21,74.63,entry (SHORT),+0.0000
2026-04-11 04:11:04,intraday,PDBC,LONG,65,16.98,entry (LONG),+0.0000
2026-04-11 04:12:09,intraday,MCHI,LONG,101,57.17,entry (LONG),+0.0000
2026-04-11 04:12:10,intraday,VTV,LONG,13,201.31,entry (LONG),+0.0000
2026-04-11 04:12:11,intraday,EWY,LONG,17,138.78,entry (LONG),+0.0000
2026-04-11 04:12:12,intraday,IGV,SHORT,21,74.63,entry (SHORT),+0.0000
2026-04-11 04:12:13,intraday,PDBC,LONG,65,16.98,entry (LONG),+0.0000
2026-04-11 04:13:18,intraday,MCHI,LONG,101,57.17,entry (LONG),+0.0000
2026-04-11 04:13:19,intraday,VTV,LONG,13,201.31,entry (LONG),+0.0000
2026-04-11 04:13:20,intraday,EWY,LONG,17,138.78,entry (LONG),+0.0000
2026-04-11 04:13:22,intraday,IGV,SHORT,21,74.63,entry (SHORT),+0.0000
2026-04-11 04:13:22,intraday,PDBC,LONG,65,16.98,entry (LONG),+0.0000
2026-04-11 04:13:48,swing,CIBR,SHORT,70,60.74,entry (SHORT),+0.0000
2026-04-11 04:13:50,swing,USMV,SHORT,152,92.75,entry (SHORT),+0.0000
2026-04-11 04:13:52,swing,EWY,SHORT,20,138.73,entry (SHORT),+0.0000
2026-04-11 04:13:59,swing,IBIT,SHORT,94,41.56,entry (SHORT),+0.0000
2026-04-11 04:14:28,intraday,MCHI,LONG,101,57.17,entry (LONG),+0.0000
2026-04-11 04:14:29,intraday,VTV,LONG,13,201.31,entry (LONG),+0.0000
2026-04-11 04:14:30,intraday,EWY,LONG,17,138.78,entry (LONG),+0.0000
2026-04-11 04:14:30,intraday,IGV,SHORT,21,74.63,entry (SHORT),+0.0000
2026-04-11 04:14:31,intraday,PDBC,LONG,65,16.98,entry (LONG),+0.0000
2026-04-11 04:15:36,intraday,MCHI,LONG,101,57.17,entry (LONG),+0.0000
2026-04-11 04:15:37,intraday,VTV,LONG,13,201.31,entry (LONG),+0.0000
2026-04-11 04:15:38,intraday,EWY,LONG,17,138.78,entry (LONG),+0.0000
2026-04-11 04:15:39,intraday,IGV,SHORT,21,74.63,entry (SHORT),+0.0000
2026-04-11 04:15:40,intraday,PDBC,LONG,65,16.98,entry (LONG),+0.0000
2026-04-11 04:16:45,intraday,MCHI,LONG,101,57.17,entry (LONG),+0.0000
2026-04-11 04:16:46,intraday,VTV,LONG,13,201.31,entry (LONG),+0.0000
2026-04-11 04:16:47,intraday,EWY,LONG,17,138.78,entry (LONG),+0.0000
2026-04-11 04:16:48,intraday,IGV,SHORT,21,74.63,entry (SHORT),+0.0000
2026-04-11 04:16:49,intraday,PDBC,LONG,65,16.98,entry (LONG),+0.0000
2026-04-11 04:17:54,intraday,MCHI,LONG,101,57.17,entry (LONG),+0.0000
2026-04-11 04:17:55,intraday,VTV,LONG,13,201.31,entry (LONG),+0.0000
2026-04-11 04:17:56,intraday,EWY,LONG,17,138.78,entry (LONG),+0.0000
2026-04-11 04:17:57,intraday,IGV,SHORT,21,74.63,entry (SHORT),+0.0000
2026-04-11 04:17:58,intraday,PDBC,LONG,65,16.98,entry (LONG),+0.0000
2026-04-11 04:19:03,intraday,MCHI,LONG,101,57.17,entry (LONG),+0.0000
2026-04-11 04:19:04,intraday,VTV,LONG,13,201.31,entry (LONG),+0.0000
2026-04-11 04:19:05,intraday,EWY,LONG,17,138.78,entry (LONG),+0.0000
2026-04-11 04:19:06,intraday,IGV,SHORT,21,74.63,entry (SHORT),+0.0000
2026-04-11 04:19:07,intraday,PDBC,LONG,65,16.98,entry (LONG),+0.0000
2026-04-11 04:19:16,swing,CIBR,SHORT,70,60.74,entry (SHORT),+0.0000
2026-04-11 04:19:17,swing,USMV,SHORT,152,92.75,entry (SHORT),+0.0000
2026-04-11 04:19:19,swing,EWY,SHORT,20,138.73,entry (SHORT),+0.0000
2026-04-11 04:19:25,swing,IBIT,SHORT,94,41.56,entry (SHORT),+0.0000
2026-04-11 04:20:13,intraday,MCHI,LONG,101,57.17,entry (LONG),+0.0000
2026-04-11 04:20:14,intraday,VTV,LONG,13,201.31,entry (LONG),+0.0000
2026-04-11 04:20:14,intraday,EWY,LONG,17,138.78,entry (LONG),+0.0000
2026-04-11 04:20:15,intraday,IGV,SHORT,21,74.63,entry (SHORT),+0.0000
2026-04-11 04:20:16,intraday,PDBC,LONG,65,16.98,entry (LONG),+0.0000
2026-04-11 04:21:36,intraday,MCHI,LONG,101,57.17,entry (LONG),+0.0000
2026-04-11 04:21:37,intraday,VTV,LONG,13,201.31,entry (LONG),+0.0000
2026-04-11 04:21:38,intraday,EWY,LONG,17,138.78,entry (LONG),+0.0000
2026-04-11 04:21:39,intraday,IGV,SHORT,21,74.63,entry (SHORT),+0.0000
2026-04-11 04:21:40,intraday,PDBC,LONG,65,16.98,entry (LONG),+0.0000
2026-04-11 04:22:45,intraday,MCHI,LONG,101,57.17,entry (LONG),+0.0000
2026-04-11 04:22:46,intraday,VTV,LONG,13,201.31,entry (LONG),+0.0000
2026-04-11 04:22:47,intraday,EWY,LONG,17,138.78,entry (LONG),+0.0000
2026-04-11 04:22:48,intraday,IGV,SHORT,21,74.63,entry (SHORT),+0.0000
2026-04-11 04:22:49,intraday,PDBC,LONG,65,16.98,entry (LONG),+0.0000
2026-04-11 04:23:54,intraday,MCHI,LONG,101,57.17,entry (LONG),+0.0000
2026-04-11 04:23:55,intraday,VTV,LONG,13,201.31,entry (LONG),+0.0000
2026-04-11 04:23:56,intraday,EWY,LONG,17,138.78,entry (LONG),+0.0000
2026-04-11 04:23:57,intraday,IGV,SHORT,21,74.63,entry (SHORT),+0.0000
2026-04-11 04:23:58,intraday,PDBC,LONG,65,16.98,entry (LONG),+0.0000
2026-04-11 04:24:42,swing,CIBR,SHORT,70,60.74,entry (SHORT),+0.0000
2026-04-11 04:24:44,swing,USMV,SHORT,152,92.75,entry (SHORT),+0.0000
2026-04-11 04:24:46,swing,EWY,SHORT,20,138.73,entry (SHORT),+0.0000
2026-04-11 04:24:51,swing,IBIT,SHORT,94,41.56,entry (SHORT),+0.0000
2026-04-11 04:25:03,intraday,MCHI,LONG,101,57.17,entry (LONG),+0.0000
2026-04-11 04:25:04,intraday,VTV,LONG,13,201.31,entry (LONG),+0.0000
2026-04-11 04:25:05,intraday,EWY,LONG,17,138.78,entry (LONG),+0.0000
2026-04-11 04:25:06,intraday,IGV,SHORT,21,74.63,entry (SHORT),+0.0000
2026-04-11 04:25:06,intraday,PDBC,LONG,65,16.98,entry (LONG),+0.0000
2026-04-11 04:26:12,intraday,MCHI,LONG,101,57.17,entry (LONG),+0.0000
2026-04-11 04:26:13,intraday,VTV,LONG,13,201.31,entry (LONG),+0.0000
2026-04-11 04:26:14,intraday,EWY,LONG,17,138.78,entry (LONG),+0.0000
2026-04-11 04:26:15,intraday,IGV,SHORT,21,74.63,entry (SHORT),+0.0000
2026-04-11 04:26:16,intraday,PDBC,LONG,65,16.98,entry (LONG),+0.0000
2026-04-11 04:27:21,intraday,MCHI,LONG,101,57.17,entry (LONG),+0.0000
2026-04-11 04:27:22,intraday,VTV,LONG,13,201.31,entry (LONG),+0.0000
2026-04-11 04:27:23,intraday,EWY,LONG,17,138.78,entry (LONG),+0.0000
2026-04-11 04:27:24,intraday,IGV,SHORT,21,74.63,entry (SHORT),+0.0000
2026-04-11 04:27:24,intraday,PDBC,LONG,65,16.98,entry (LONG),+0.0000
2026-04-11 04:28:30,intraday,MCHI,LONG,101,57.17,entry (LONG),+0.0000
2026-04-11 04:28:31,intraday,VTV,LONG,13,201.31,entry (LONG),+0.0000
2026-04-11 04:28:31,intraday,EWY,LONG,17,138.78,entry (LONG),+0.0000
2026-04-11 04:28:32,intraday,IGV,SHORT,21,74.63,entry (SHORT),+0.0000
2026-04-11 04:28:33,intraday,PDBC,LONG,65,16.98,entry (LONG),+0.0000
2026-04-11 04:29:38,intraday,MCHI,LONG,101,57.17,entry (LONG),+0.0000
2026-04-11 04:29:39,intraday,VTV,LONG,13,201.31,entry (LONG),+0.0000
2026-04-11 04:29:40,intraday,EWY,LONG,17,138.78,entry (LONG),+0.0000
2026-04-11 04:29:41,intraday,IGV,SHORT,21,74.63,entry (SHORT),+0.0000
2026-04-11 04:29:42,intraday,PDBC,LONG,65,16.98,entry (LONG),+0.0000
2026-04-11 04:30:08,swing,CIBR,SHORT,70,60.74,entry (SHORT),+0.0000
2026-04-11 04:30:10,swing,USMV,SHORT,152,92.75,entry (SHORT),+0.0000
2026-04-11 04:30:12,swing,EWY,SHORT,20,138.73,entry (SHORT),+0.0000
2026-04-11 04:30:17,swing,IBIT,SHORT,94,41.56,entry (SHORT),+0.0000
2026-04-11 04:30:47,intraday,MCHI,LONG,101,57.17,entry (LONG),+0.0000
2026-04-11 04:30:48,intraday,VTV,LONG,13,201.31,entry (LONG),+0.0000
2026-04-11 04:30:49,intraday,EWY,LONG,17,138.78,entry (LONG),+0.0000
2026-04-11 04:30:50,intraday,IGV,SHORT,21,74.63,entry (SHORT),+0.0000
2026-04-11 04:30:50,intraday,PDBC,LONG,65,16.98,entry (LONG),+0.0000
2026-04-11 04:31:56,intraday,MCHI,LONG,101,57.17,entry (LONG),+0.0000
2026-04-11 04:31:57,intraday,VTV,LONG,13,201.31,entry (LONG),+0.0000
2026-04-11 04:31:57,intraday,EWY,LONG,17,138.78,entry (LONG),+0.0000
2026-04-11 04:31:58,intraday,IGV,SHORT,21,74.63,entry (SHORT),+0.0000
2026-04-11 04:31:59,intraday,PDBC,LONG,65,16.98,entry (LONG),+0.0000
2026-04-11 04:33:04,intraday,MCHI,LONG,101,57.17,entry (LONG),+0.0000
2026-04-11 04:33:05,intraday,VTV,LONG,13,201.31,entry (LONG),+0.0000
2026-04-11 04:33:06,intraday,EWY,LONG,17,138.78,entry (LONG),+0.0000
2026-04-11 04:33:07,intraday,IGV,SHORT,21,74.63,entry (SHORT),+0.0000
2026-04-11 04:33:08,intraday,PDBC,LONG,65,16.98,entry (LONG),+0.0000
2026-04-11 04:34:13,intraday,MCHI,LONG,101,57.17,entry (LONG),+0.0000
2026-04-11 04:34:14,intraday,VTV,LONG,13,201.31,entry (LONG),+0.0000
2026-04-11 04:34:15,intraday,EWY,LONG,17,138.78,entry (LONG),+0.0000
2026-04-11 04:34:16,intraday,IGV,SHORT,21,74.63,entry (SHORT),+0.0000
2026-04-11 04:34:17,intraday,PDBC,LONG,65,16.98,entry (LONG),+0.0000
2026-04-11 04:35:22,intraday,MCHI,LONG,101,57.17,entry (LONG),+0.0000
2026-04-11 04:35:23,intraday,VTV,LONG,13,201.31,entry (LONG),+0.0000
2026-04-11 04:35:24,intraday,EWY,LONG,17,138.78,entry (LONG),+0.0000
2026-04-11 04:35:24,intraday,IGV,SHORT,21,74.63,entry (SHORT),+0.0000
2026-04-11 04:35:25,intraday,PDBC,LONG,65,16.98,entry (LONG),+0.0000
2026-04-11 04:35:33,swing,CIBR,SHORT,70,60.74,entry (SHORT),+0.0000
2026-04-11 04:35:34,swing,USMV,SHORT,152,92.75,entry (SHORT),+0.0000
2026-04-11 04:35:36,swing,EWY,SHORT,20,138.73,entry (SHORT),+0.0000
2026-04-11 04:35:41,swing,IBIT,SHORT,94,41.56,entry (SHORT),+0.0000
2026-04-11 04:36:31,intraday,MCHI,LONG,101,57.17,entry (LONG),+0.0000
2026-04-11 04:36:32,intraday,VTV,LONG,13,201.31,entry (LONG),+0.0000
2026-04-11 04:36:32,intraday,EWY,LONG,17,138.78,entry (LONG),+0.0000
2026-04-11 04:36:33,intraday,IGV,SHORT,21,74.63,entry (SHORT),+0.0000
2026-04-11 04:36:34,intraday,PDBC,LONG,65,16.98,entry (LONG),+0.0000
2026-04-11 04:37:40,intraday,MCHI,LONG,101,57.17,entry (LONG),+0.0000
2026-04-11 04:37:40,intraday,VTV,LONG,13,201.31,entry (LONG),+0.0000
2026-04-11 04:37:41,intraday,EWY,LONG,17,138.78,entry (LONG),+0.0000
2026-04-11 04:37:42,intraday,IGV,SHORT,21,74.63,entry (SHORT),+0.0000
2026-04-11 04:37:43,intraday,PDBC,LONG,65,16.98,entry (LONG),+0.0000
2026-04-11 04:38:48,intraday,MCHI,LONG,101,57.17,entry (LONG),+0.0000
2026-04-11 04:38:49,intraday,VTV,LONG,13,201.31,entry (LONG),+0.0000
2026-04-11 04:38:50,intraday,EWY,LONG,17,138.78,entry (LONG),+0.0000
2026-04-11 04:38:51,intraday,IGV,SHORT,21,74.63,entry (SHORT),+0.0000
2026-04-11 04:38:52,intraday,PDBC,LONG,65,16.98,entry (LONG),+0.0000
2026-04-11 04:39:57,intraday,MCHI,LONG,101,57.17,entry (LONG),+0.0000
2026-04-11 04:39:58,intraday,VTV,LONG,13,201.31,entry (LONG),+0.0000
2026-04-11 04:39:59,intraday,EWY,LONG,17,138.78,entry (LONG),+0.0000
2026-04-11 04:40:00,intraday,IGV,SHORT,21,74.63,entry (SHORT),+0.0000
2026-04-11 04:40:01,intraday,PDBC,LONG,65,16.98,entry (LONG),+0.0000
2026-04-11 04:40:59,swing,CIBR,SHORT,70,60.74,entry (SHORT),+0.0000
2026-04-11 04:41:01,swing,USMV,SHORT,152,92.75,entry (SHORT),+0.0000
2026-04-11 04:41:04,swing,EWY,SHORT,20,138.73,entry (SHORT),+0.0000
2026-04-11 04:41:06,intraday,MCHI,LONG,101,57.17,entry (LONG),+0.0000
2026-04-11 04:41:07,intraday,VTV,LONG,13,201.31,entry (LONG),+0.0000
2026-04-11 04:41:08,intraday,EWY,LONG,17,138.78,entry (LONG),+0.0000
2026-04-11 04:41:09,intraday,IGV,SHORT,21,74.63,entry (SHORT),+0.0000
2026-04-11 04:41:10,swing,IBIT,SHORT,94,41.56,entry (SHORT),+0.0000
2026-04-11 04:41:10,intraday,PDBC,LONG,65,16.98,entry (LONG),+0.0000
2026-04-11 04:42:16,intraday,MCHI,LONG,101,57.17,entry (LONG),+0.0000
2026-04-11 04:42:17,intraday,VTV,LONG,13,201.31,entry (LONG),+0.0000
2026-04-11 04:42:17,intraday,EWY,LONG,17,138.78,entry (LONG),+0.0000
2026-04-11 04:42:18,intraday,IGV,SHORT,21,74.63,entry (SHORT),+0.0000
2026-04-11 04:42:19,intraday,PDBC,LONG,65,16.98,entry (LONG),+0.0000
2026-04-11 04:43:25,intraday,MCHI,LONG,101,57.17,entry (LONG),+0.0000
2026-04-11 04:43:25,intraday,VTV,LONG,13,201.31,entry (LONG),+0.0000
2026-04-11 04:43:27,intraday,EWY,LONG,17,138.78,entry (LONG),+0.0000
2026-04-11 04:43:28,intraday,IGV,SHORT,21,74.63,entry (SHORT),+0.0000
2026-04-11 04:43:29,intraday,PDBC,LONG,65,16.98,entry (LONG),+0.0000
2026-04-11 04:44:35,intraday,MCHI,LONG,101,57.17,entry (LONG),+0.0000
2026-04-11 04:44:36,intraday,VTV,LONG,13,201.31,entry (LONG),+0.0000
2026-04-11 04:44:37,intraday,EWY,LONG,17,138.78,entry (LONG),+0.0000
2026-04-11 04:44:38,intraday,IGV,SHORT,21,74.63,entry (SHORT),+0.0000
2026-04-11 04:44:39,intraday,PDBC,LONG,65,16.98,entry (LONG),+0.0000
2026-04-11 04:45:44,intraday,MCHI,LONG,101,57.17,entry (LONG),+0.0000
2026-04-11 04:45:45,intraday,VTV,LONG,13,201.31,entry (LONG),+0.0000
2026-04-11 04:45:45,intraday,EWY,LONG,17,138.78,entry (LONG),+0.0000
2026-04-11 04:45:46,intraday,IGV,SHORT,21,74.63,entry (SHORT),+0.0000
2026-04-11 04:45:47,intraday,PDBC,LONG,65,16.98,entry (LONG),+0.0000
2026-04-11 04:46:27,swing,CIBR,SHORT,70,60.74,entry (SHORT),+0.0000
2026-04-11 04:46:29,swing,USMV,SHORT,152,92.75,entry (SHORT),+0.0000
2026-04-11 04:46:31,swing,EWY,SHORT,20,138.73,entry (SHORT),+0.0000
2026-04-11 04:46:36,swing,IBIT,SHORT,94,41.56,entry (SHORT),+0.0000
2026-04-11 04:46:52,intraday,MCHI,LONG,101,57.17,entry (LONG),+0.0000
2026-04-11 04:46:53,intraday,VTV,LONG,13,201.31,entry (LONG),+0.0000
2026-04-11 04:46:54,intraday,EWY,LONG,17,138.78,entry (LONG),+0.0000
2026-04-11 04:46:55,intraday,IGV,SHORT,21,74.63,entry (SHORT),+0.0000
2026-04-11 04:46:56,intraday,PDBC,LONG,65,16.98,entry (LONG),+0.0000
2026-04-11 04:48:01,intraday,MCHI,LONG,101,57.17,entry (LONG),+0.0000
2026-04-11 04:48:02,intraday,VTV,LONG,13,201.31,entry (LONG),+0.0000
2026-04-11 04:48:03,intraday,EWY,LONG,17,138.78,entry (LONG),+0.0000
2026-04-11 04:48:04,intraday,IGV,SHORT,21,74.63,entry (SHORT),+0.0000
2026-04-11 04:48:04,intraday,PDBC,LONG,65,16.98,entry (LONG),+0.0000
2026-04-11 04:49:10,intraday,MCHI,LONG,101,57.17,entry (LONG),+0.0000
2026-04-11 04:49:11,intraday,VTV,LONG,13,201.31,entry (LONG),+0.0000
2026-04-11 04:49:11,intraday,EWY,LONG,17,138.78,entry (LONG),+0.0000
2026-04-11 04:49:12,intraday,IGV,SHORT,21,74.63,entry (SHORT),+0.0000
2026-04-11 04:49:13,intraday,PDBC,LONG,65,16.98,entry (LONG),+0.0000
2026-04-11 04:50:18,intraday,MCHI,LONG,101,57.17,entry (LONG),+0.0000
2026-04-11 04:50:19,intraday,VTV,LONG,13,201.31,entry (LONG),+0.0000
2026-04-11 04:50:20,intraday,EWY,LONG,17,138.78,entry (LONG),+0.0000
2026-04-11 04:50:21,intraday,IGV,SHORT,21,74.63,entry (SHORT),+0.0000
2026-04-11 04:50:21,intraday,PDBC,LONG,65,16.98,entry (LONG),+0.0000
2026-04-11 04:51:27,intraday,MCHI,LONG,101,57.17,entry (LONG),+0.0000
2026-04-11 04:51:28,intraday,VTV,LONG,13,201.31,entry (LONG),+0.0000
2026-04-11 04:51:28,intraday,EWY,LONG,17,138.78,entry (LONG),+0.0000
2026-04-11 04:51:29,intraday,IGV,SHORT,21,74.63,entry (SHORT),+0.0000
2026-04-11 04:51:30,intraday,PDBC,LONG,65,16.98,entry (LONG),+0.0000
2026-04-11 04:51:51,swing,CIBR,SHORT,70,60.74,entry (SHORT),+0.0000
2026-04-11 04:51:53,swing,USMV,SHORT,152,92.75,entry (SHORT),+0.0000
2026-04-11 04:51:55,swing,EWY,SHORT,20,138.73,entry (SHORT),+0.0000
2026-04-11 04:52:00,swing,IBIT,SHORT,94,41.56,entry (SHORT),+0.0000
2026-04-11 04:52:35,intraday,MCHI,LONG,101,57.17,entry (LONG),+0.0000
2026-04-11 04:52:36,intraday,VTV,LONG,13,201.31,entry (LONG),+0.0000
2026-04-11 04:52:37,intraday,EWY,LONG,17,138.78,entry (LONG),+0.0000
2026-04-11 04:52:37,intraday,IGV,SHORT,21,74.63,entry (SHORT),+0.0000
2026-04-11 04:52:38,intraday,PDBC,LONG,65,16.98,entry (LONG),+0.0000
2026-04-11 04:53:43,intraday,MCHI,LONG,101,57.17,entry (LONG),+0.0000
2026-04-11 04:53:44,intraday,VTV,LONG,13,201.31,entry (LONG),+0.0000
2026-04-11 04:53:45,intraday,EWY,LONG,17,138.78,entry (LONG),+0.0000
2026-04-11 04:53:46,intraday,IGV,SHORT,21,74.63,entry (SHORT),+0.0000
2026-04-11 04:53:47,intraday,PDBC,LONG,65,16.98,entry (LONG),+0.0000
2026-04-11 04:54:52,intraday,MCHI,LONG,101,57.17,entry (LONG),+0.0000
2026-04-11 04:54:53,intraday,VTV,LONG,13,201.31,entry (LONG),+0.0000
2026-04-11 04:54:54,intraday,EWY,LONG,17,138.78,entry (LONG),+0.0000
2026-04-11 04:54:55,intraday,IGV,SHORT,21,74.63,entry (SHORT),+0.0000
2026-04-11 04:54:55,intraday,PDBC,LONG,65,16.98,entry (LONG),+0.0000
2026-04-11 04:56:01,intraday,MCHI,LONG,101,57.17,entry (LONG),+0.0000
2026-04-11 04:56:02,intraday,VTV,LONG,13,201.31,entry (LONG),+0.0000
2026-04-11 04:56:03,intraday,EWY,LONG,17,138.78,entry (LONG),+0.0000
2026-04-11 04:56:03,intraday,IGV,SHORT,21,74.63,entry (SHORT),+0.0000
2026-04-11 04:56:04,intraday,PDBC,LONG,65,16.98,entry (LONG),+0.0000
2026-04-11 04:57:10,intraday,MCHI,LONG,101,57.17,entry (LONG),+0.0000
2026-04-11 04:57:10,intraday,VTV,LONG,13,201.31,entry (LONG),+0.0000
2026-04-11 04:57:11,intraday,EWY,LONG,17,138.78,entry (LONG),+0.0000
2026-04-11 04:57:12,intraday,IGV,SHORT,21,74.63,entry (SHORT),+0.0000
2026-04-11 04:57:13,intraday,PDBC,LONG,65,16.98,entry (LONG),+0.0000
2026-04-11 04:57:16,swing,CIBR,SHORT,70,60.74,entry (SHORT),+0.0000
2026-04-11 04:57:18,swing,USMV,SHORT,152,92.75,entry (SHORT),+0.0000
2026-04-11 04:57:20,swing,EWY,SHORT,20,138.73,entry (SHORT),+0.0000
2026-04-11 04:57:25,swing,IBIT,SHORT,94,41.56,entry (SHORT),+0.0000
2026-04-11 04:58:18,intraday,MCHI,LONG,101,57.17,entry (LONG),+0.0000
2026-04-11 04:58:19,intraday,VTV,LONG,13,201.31,entry (LONG),+0.0000
2026-04-11 04:58:20,intraday,EWY,LONG,17,138.78,entry (LONG),+0.0000
2026-04-11 04:58:21,intraday,IGV,SHORT,21,74.63,entry (SHORT),+0.0000
2026-04-11 04:58:21,intraday,PDBC,LONG,65,16.98,entry (LONG),+0.0000
2026-04-11 04:59:27,intraday,MCHI,LONG,101,57.17,entry (LONG),+0.0000
2026-04-11 04:59:27,intraday,VTV,LONG,13,201.31,entry (LONG),+0.0000
2026-04-11 04:59:28,intraday,EWY,LONG,17,138.78,entry (LONG),+0.0000
2026-04-11 04:59:29,intraday,IGV,SHORT,21,74.63,entry (SHORT),+0.0000
2026-04-11 04:59:30,intraday,PDBC,LONG,65,16.98,entry (LONG),+0.0000
2026-04-11 05:00:35,intraday,MCHI,LONG,101,57.17,entry (LONG),+0.0000
2026-04-11 05:00:36,intraday,VTV,LONG,13,201.31,entry (LONG),+0.0000
2026-04-11 05:00:37,intraday,EWY,LONG,17,138.78,entry (LONG),+0.0000
2026-04-11 05:00:38,intraday,IGV,SHORT,21,74.63,entry (SHORT),+0.0000
2026-04-11 05:00:39,intraday,PDBC,LONG,65,16.98,entry (LONG),+0.0000
2026-04-11 05:01:44,intraday,MCHI,LONG,101,57.17,entry (LONG),+0.0000
2026-04-11 05:01:45,intraday,VTV,LONG,13,201.31,entry (LONG),+0.0000
2026-04-11 05:01:46,intraday,EWY,LONG,17,138.78,entry (LONG),+0.0000
2026-04-11 05:01:47,intraday,IGV,SHORT,21,74.63,entry (SHORT),+0.0000
2026-04-11 05:01:47,intraday,PDBC,LONG,65,16.98,entry (LONG),+0.0000
2026-04-11 05:02:40,swing,CIBR,SHORT,70,60.74,entry (SHORT),+0.0000
2026-04-11 05:02:42,swing,USMV,SHORT,152,92.75,entry (SHORT),+0.0000
2026-04-11 05:02:44,swing,EWY,SHORT,20,138.73,entry (SHORT),+0.0000
2026-04-11 05:02:48,swing,IBIT,SHORT,94,41.56,entry (SHORT),+0.0000
2026-04-11 05:02:53,intraday,MCHI,LONG,101,57.17,entry (LONG),+0.0000
2026-04-11 05:02:54,intraday,VTV,LONG,13,201.31,entry (LONG),+0.0000
2026-04-11 05:02:55,intraday,EWY,LONG,17,138.78,entry (LONG),+0.0000
2026-04-11 05:02:55,intraday,IGV,SHORT,21,74.63,entry (SHORT),+0.0000
2026-04-11 05:02:56,intraday,PDBC,LONG,65,16.98,entry (LONG),+0.0000
2026-04-11 05:04:02,intraday,MCHI,LONG,101,57.17,entry (LONG),+0.0000
2026-04-11 05:04:02,intraday,VTV,LONG,13,201.31,entry (LONG),+0.0000
2026-04-11 05:04:03,intraday,EWY,LONG,17,138.78,entry (LONG),+0.0000
2026-04-11 05:04:04,intraday,IGV,SHORT,21,74.63,entry (SHORT),+0.0000
2026-04-11 05:04:05,intraday,PDBC,LONG,65,16.98,entry (LONG),+0.0000
2026-04-11 05:05:10,intraday,MCHI,LONG,101,57.17,entry (LONG),+0.0000
2026-04-11 05:05:11,intraday,VTV,LONG,13,201.31,entry (LONG),+0.0000
2026-04-11 05:05:12,intraday,EWY,LONG,17,138.78,entry (LONG),+0.0000
2026-04-11 05:05:13,intraday,IGV,SHORT,21,74.63,entry (SHORT),+0.0000
2026-04-11 05:05:13,intraday,PDBC,LONG,65,16.98,entry (LONG),+0.0000
2026-04-11 05:06:19,intraday,MCHI,LONG,101,57.17,entry (LONG),+0.0000
2026-04-11 05:06:20,intraday,VTV,LONG,13,201.31,entry (LONG),+0.0000
2026-04-11 05:06:20,intraday,EWY,LONG,17,138.78,entry (LONG),+0.0000
2026-04-11 05:06:21,intraday,IGV,SHORT,21,74.63,entry (SHORT),+0.0000
2026-04-11 05:06:22,intraday,PDBC,LONG,65,16.98,entry (LONG),+0.0000
2026-04-11 05:07:27,intraday,MCHI,LONG,101,57.17,entry (LONG),+0.0000
2026-04-11 05:07:28,intraday,VTV,LONG,13,201.31,entry (LONG),+0.0000
2026-04-11 05:07:29,intraday,EWY,LONG,17,138.78,entry (LONG),+0.0000
2026-04-11 05:07:30,intraday,IGV,SHORT,21,74.63,entry (SHORT),+0.0000
2026-04-11 05:07:30,intraday,PDBC,LONG,65,16.98,entry (LONG),+0.0000
2026-04-11 05:09:16,intraday,MCHI,LONG,101,57.17,entry (LONG),+0.0000
2026-04-11 05:09:17,intraday,VTV,LONG,13,201.31,entry (LONG),+0.0000
2026-04-11 05:09:18,intraday,EWY,LONG,17,138.78,entry (LONG),+0.0000
2026-04-11 05:09:19,intraday,IGV,SHORT,21,74.63,entry (SHORT),+0.0000
2026-04-11 05:09:19,swing,CIBR,SHORT,70,60.74,entry (SHORT),+0.0000
2026-04-11 05:09:20,intraday,PDBC,LONG,65,16.98,entry (LONG),+0.0000
2026-04-11 05:09:21,swing,USMV,SHORT,152,92.75,entry (SHORT),+0.0000
2026-04-11 05:09:24,swing,EWY,SHORT,20,138.73,entry (SHORT),+0.0000
2026-04-11 05:09:29,swing,IBIT,SHORT,94,41.56,entry (SHORT),+0.0000
2026-04-11 05:10:26,intraday,MCHI,LONG,101,57.17,entry (LONG),+0.0000
2026-04-11 05:10:27,intraday,VTV,LONG,13,201.31,entry (LONG),+0.0000
2026-04-11 05:10:27,intraday,EWY,LONG,17,138.78,entry (LONG),+0.0000
2026-04-11 05:10:28,intraday,IGV,SHORT,21,74.63,entry (SHORT),+0.0000
2026-04-11 05:10:29,intraday,PDBC,LONG,65,16.98,entry (LONG),+0.0000
2026-04-11 05:11:34,intraday,MCHI,LONG,101,57.17,entry (LONG),+0.0000
2026-04-11 05:11:35,intraday,VTV,LONG,13,201.31,entry (LONG),+0.0000
2026-04-11 05:11:36,intraday,EWY,LONG,17,138.78,entry (LONG),+0.0000
2026-04-11 05:11:37,intraday,IGV,SHORT,21,74.63,entry (SHORT),+0.0000
2026-04-11 05:11:37,intraday,PDBC,LONG,65,16.98,entry (LONG),+0.0000
2026-04-11 05:12:43,intraday,MCHI,LONG,101,57.17,entry (LONG),+0.0000
2026-04-11 05:12:43,intraday,VTV,LONG,13,201.31,entry (LONG),+0.0000
2026-04-11 05:12:44,intraday,EWY,LONG,17,138.78,entry (LONG),+0.0000
2026-04-11 05:12:45,intraday,IGV,SHORT,21,74.63,entry (SHORT),+0.0000
2026-04-11 05:12:46,intraday,PDBC,LONG,65,16.98,entry (LONG),+0.0000
2026-04-11 05:13:51,intraday,MCHI,LONG,101,57.17,entry (LONG),+0.0000
2026-04-11 05:13:52,intraday,VTV,LONG,13,201.31,entry (LONG),+0.0000
2026-04-11 05:13:53,intraday,EWY,LONG,17,138.78,entry (LONG),+0.0000
2026-04-11 05:13:54,intraday,IGV,SHORT,21,74.63,entry (SHORT),+0.0000
2026-04-11 05:13:54,intraday,PDBC,LONG,65,16.98,entry (LONG),+0.0000
2026-04-11 05:14:47,swing,CIBR,SHORT,70,60.74,entry (SHORT),+0.0000
2026-04-11 05:14:49,swing,USMV,SHORT,152,92.75,entry (SHORT),+0.0000
2026-04-11 05:14:51,swing,EWY,SHORT,20,138.73,entry (SHORT),+0.0000
2026-04-11 05:14:55,swing,IBIT,SHORT,94,41.56,entry (SHORT),+0.0000
2026-04-11 05:14:59,intraday,MCHI,LONG,101,57.17,entry (LONG),+0.0000
2026-04-11 05:15:00,intraday,VTV,LONG,13,201.31,entry (LONG),+0.0000
2026-04-11 05:15:01,intraday,EWY,LONG,17,138.78,entry (LONG),+0.0000
2026-04-11 05:15:02,intraday,IGV,SHORT,21,74.63,entry (SHORT),+0.0000
2026-04-11 05:15:03,intraday,PDBC,LONG,65,16.98,entry (LONG),+0.0000
2026-04-11 05:16:08,intraday,MCHI,LONG,101,57.17,entry (LONG),+0.0000
2026-04-11 05:16:09,intraday,VTV,LONG,13,201.31,entry (LONG),+0.0000
2026-04-11 05:16:10,intraday,EWY,LONG,17,138.78,entry (LONG),+0.0000
2026-04-11 05:16:10,intraday,IGV,SHORT,21,74.63,entry (SHORT),+0.0000
2026-04-11 05:16:11,intraday,PDBC,LONG,65,16.98,entry (LONG),+0.0000
2026-04-11 05:17:16,intraday,MCHI,LONG,101,57.17,entry (LONG),+0.0000
2026-04-11 05:17:17,intraday,VTV,LONG,13,201.31,entry (LONG),+0.0000
2026-04-11 05:17:18,intraday,EWY,LONG,17,138.78,entry (LONG),+0.0000
2026-04-11 05:17:19,intraday,IGV,SHORT,21,74.63,entry (SHORT),+0.0000
2026-04-11 05:17:19,intraday,PDBC,LONG,65,16.98,entry (LONG),+0.0000
2026-04-11 05:18:25,intraday,MCHI,LONG,101,57.17,entry (LONG),+0.0000
2026-04-11 05:18:25,intraday,VTV,LONG,13,201.31,entry (LONG),+0.0000
2026-04-11 05:18:26,intraday,EWY,LONG,17,138.78,entry (LONG),+0.0000
2026-04-11 05:18:27,intraday,IGV,SHORT,21,74.63,entry (SHORT),+0.0000
2026-04-11 05:18:28,intraday,PDBC,LONG,65,16.98,entry (LONG),+0.0000
2026-04-11 05:19:34,intraday,MCHI,LONG,101,57.17,entry (LONG),+0.0000
2026-04-11 05:19:35,intraday,VTV,LONG,13,201.31,entry (LONG),+0.0000
2026-04-11 05:19:35,intraday,EWY,LONG,17,138.78,entry (LONG),+0.0000
2026-04-11 05:19:36,intraday,IGV,SHORT,21,74.63,entry (SHORT),+0.0000
2026-04-11 05:19:37,intraday,PDBC,LONG,65,16.98,entry (LONG),+0.0000
2026-04-11 05:20:15,swing,CIBR,SHORT,70,60.74,entry (SHORT),+0.0000
2026-04-11 05:20:17,swing,USMV,SHORT,152,92.75,entry (SHORT),+0.0000
2026-04-11 05:20:19,swing,EWY,SHORT,20,138.73,entry (SHORT),+0.0000
2026-04-11 05:20:35,swing,IBIT,SHORT,94,41.56,entry (SHORT),+0.0000
2026-04-11 05:20:43,intraday,MCHI,LONG,101,57.17,entry (LONG),+0.0000
2026-04-11 05:20:43,intraday,VTV,LONG,13,201.31,entry (LONG),+0.0000
2026-04-11 05:20:44,intraday,EWY,LONG,17,138.78,entry (LONG),+0.0000
2026-04-11 05:20:45,intraday,IGV,SHORT,21,74.63,entry (SHORT),+0.0000
2026-04-11 05:20:46,intraday,PDBC,LONG,65,16.98,entry (LONG),+0.0000
2026-04-11 05:22:04,intraday,MCHI,LONG,101,57.17,entry (LONG),+0.0000
2026-04-11 05:22:05,intraday,VTV,LONG,13,201.31,entry (LONG),+0.0000
2026-04-11 05:22:06,intraday,EWY,LONG,17,138.78,entry (LONG),+0.0000
2026-04-11 05:22:07,intraday,IGV,SHORT,21,74.63,entry (SHORT),+0.0000
2026-04-11 05:22:07,intraday,PDBC,LONG,65,16.98,entry (LONG),+0.0000
2026-04-11 05:23:13,intraday,MCHI,LONG,101,57.17,entry (LONG),+0.0000
2026-04-11 05:23:14,intraday,VTV,LONG,13,201.31,entry (LONG),+0.0000
2026-04-11 05:23:14,intraday,EWY,LONG,17,138.78,entry (LONG),+0.0000
2026-04-11 05:23:15,intraday,IGV,SHORT,21,74.63,entry (SHORT),+0.0000
2026-04-11 05:23:16,intraday,PDBC,LONG,65,16.98,entry (LONG),+0.0000
2026-04-11 05:24:21,intraday,MCHI,LONG,101,57.17,entry (LONG),+0.0000
2026-04-11 05:24:22,intraday,VTV,LONG,13,201.31,entry (LONG),+0.0000
2026-04-11 05:24:23,intraday,EWY,LONG,17,138.78,entry (LONG),+0.0000
2026-04-11 05:24:24,intraday,IGV,SHORT,21,74.63,entry (SHORT),+0.0000
2026-04-11 05:24:24,intraday,PDBC,LONG,65,16.98,entry (LONG),+0.0000
2026-04-11 05:25:29,intraday,MCHI,LONG,101,57.17,entry (LONG),+0.0000
2026-04-11 05:25:30,intraday,VTV,LONG,13,201.31,entry (LONG),+0.0000
2026-04-11 05:25:31,intraday,EWY,LONG,17,138.78,entry (LONG),+0.0000
2026-04-11 05:25:32,intraday,IGV,SHORT,21,74.63,entry (SHORT),+0.0000
2026-04-11 05:25:33,intraday,PDBC,LONG,65,16.98,entry (LONG),+0.0000
2026-04-11 05:25:50,swing,CIBR,SHORT,70,60.74,entry (SHORT),+0.0000
2026-04-11 05:25:52,swing,USMV,SHORT,152,92.75,entry (SHORT),+0.0000
2026-04-11 05:25:54,swing,EWY,SHORT,20,138.73,entry (SHORT),+0.0000
2026-04-11 05:25:59,swing,IBIT,SHORT,94,41.56,entry (SHORT),+0.0000
2026-04-11 05:26:38,intraday,MCHI,LONG,101,57.17,entry (LONG),+0.0000
2026-04-11 05:26:39,intraday,VTV,LONG,13,201.31,entry (LONG),+0.0000
2026-04-11 05:26:39,intraday,EWY,LONG,17,138.78,entry (LONG),+0.0000
2026-04-11 05:26:41,intraday,IGV,SHORT,21,74.63,entry (SHORT),+0.0000
2026-04-11 05:26:42,intraday,PDBC,LONG,65,16.98,entry (LONG),+0.0000
2026-04-11 05:27:47,intraday,MCHI,LONG,101,57.17,entry (LONG),+0.0000
2026-04-11 05:27:48,intraday,VTV,LONG,13,201.31,entry (LONG),+0.0000
2026-04-11 05:27:49,intraday,EWY,LONG,17,138.78,entry (LONG),+0.0000
2026-04-11 05:27:49,intraday,IGV,SHORT,21,74.63,entry (SHORT),+0.0000
2026-04-11 05:27:50,intraday,PDBC,LONG,65,16.98,entry (LONG),+0.0000
2026-04-11 05:28:55,intraday,MCHI,LONG,101,57.17,entry (LONG),+0.0000
2026-04-11 05:28:56,intraday,VTV,LONG,13,201.31,entry (LONG),+0.0000
2026-04-11 05:28:57,intraday,EWY,LONG,17,138.78,entry (LONG),+0.0000
2026-04-11 05:28:58,intraday,IGV,SHORT,21,74.63,entry (SHORT),+0.0000
2026-04-11 05:28:59,intraday,PDBC,LONG,65,16.98,entry (LONG),+0.0000
2026-04-11 05:30:04,intraday,MCHI,LONG,101,57.17,entry (LONG),+0.0000
2026-04-11 05:30:05,intraday,VTV,LONG,13,201.31,entry (LONG),+0.0000
2026-04-11 05:30:05,intraday,EWY,LONG,17,138.78,entry (LONG),+0.0000
2026-04-11 05:30:06,intraday,IGV,SHORT,21,74.63,entry (SHORT),+0.0000
2026-04-11 05:30:07,intraday,PDBC,LONG,65,16.98,entry (LONG),+0.0000
2026-04-11 05:31:12,intraday,MCHI,LONG,101,57.17,entry (LONG),+0.0000
2026-04-11 05:31:13,intraday,VTV,LONG,13,201.31,entry (LONG),+0.0000
2026-04-11 05:31:14,intraday,EWY,LONG,17,138.78,entry (LONG),+0.0000
2026-04-11 05:31:14,swing,CIBR,SHORT,70,60.74,entry (SHORT),+0.0000
2026-04-11 05:31:15,intraday,IGV,SHORT,21,74.63,entry (SHORT),+0.0000
2026-04-11 05:31:16,intraday,PDBC,LONG,65,16.98,entry (LONG),+0.0000
2026-04-11 05:31:16,swing,USMV,SHORT,152,92.75,entry (SHORT),+0.0000
2026-04-11 05:31:18,swing,EWY,SHORT,20,138.73,entry (SHORT),+0.0000
2026-04-11 05:31:24,swing,IBIT,SHORT,94,41.56,entry (SHORT),+0.0000
2026-04-11 05:32:21,intraday,MCHI,LONG,101,57.17,entry (LONG),+0.0000
2026-04-11 05:32:22,intraday,VTV,LONG,13,201.31,entry (LONG),+0.0000
2026-04-11 05:32:23,intraday,EWY,LONG,17,138.78,entry (LONG),+0.0000
2026-04-11 05:32:24,intraday,IGV,SHORT,21,74.63,entry (SHORT),+0.0000
2026-04-11 05:32:24,intraday,PDBC,LONG,65,16.98,entry (LONG),+0.0000
2026-04-11 05:33:30,intraday,MCHI,LONG,101,57.17,entry (LONG),+0.0000
2026-04-11 05:33:30,intraday,VTV,LONG,13,201.31,entry (LONG),+0.0000
2026-04-11 05:33:31,intraday,EWY,LONG,17,138.78,entry (LONG),+0.0000
2026-04-11 05:33:32,intraday,IGV,SHORT,21,74.63,entry (SHORT),+0.0000
2026-04-11 05:33:33,intraday,PDBC,LONG,65,16.98,entry (LONG),+0.0000
2026-04-11 05:34:38,intraday,MCHI,LONG,101,57.17,entry (LONG),+0.0000
2026-04-11 05:34:39,intraday,VTV,LONG,13,201.31,entry (LONG),+0.0000
2026-04-11 05:34:40,intraday,EWY,LONG,17,138.78,entry (LONG),+0.0000
2026-04-11 05:34:41,intraday,IGV,SHORT,21,74.63,entry (SHORT),+0.0000
2026-04-11 05:34:41,intraday,PDBC,LONG,65,16.98,entry (LONG),+0.0000
2026-04-11 05:35:47,intraday,MCHI,LONG,101,57.17,entry (LONG),+0.0000
2026-04-11 05:35:47,intraday,VTV,LONG,13,201.31,entry (LONG),+0.0000
2026-04-11 05:35:48,intraday,EWY,LONG,17,138.78,entry (LONG),+0.0000
2026-04-11 05:35:49,intraday,IGV,SHORT,21,74.63,entry (SHORT),+0.0000
2026-04-11 05:35:50,intraday,PDBC,LONG,65,16.98,entry (LONG),+0.0000
2026-04-11 05:36:40,swing,CIBR,SHORT,70,60.74,entry (SHORT),+0.0000
2026-04-11 05:36:41,swing,USMV,SHORT,152,92.75,entry (SHORT),+0.0000
2026-04-11 05:36:43,swing,EWY,SHORT,20,138.73,entry (SHORT),+0.0000
2026-04-11 05:36:47,swing,IBIT,SHORT,94,41.56,entry (SHORT),+0.0000
2026-04-11 05:36:56,intraday,MCHI,LONG,101,57.17,entry (LONG),+0.0000
2026-04-11 05:36:56,intraday,VTV,LONG,13,201.31,entry (LONG),+0.0000
2026-04-11 05:36:57,intraday,EWY,LONG,17,138.78,entry (LONG),+0.0000
2026-04-11 05:36:58,intraday,IGV,SHORT,21,74.63,entry (SHORT),+0.0000
2026-04-11 05:36:59,intraday,PDBC,LONG,65,16.98,entry (LONG),+0.0000
2026-04-11 05:38:04,intraday,MCHI,LONG,101,57.17,entry (LONG),+0.0000
2026-04-11 05:38:05,intraday,VTV,LONG,13,201.31,entry (LONG),+0.0000
2026-04-11 05:38:06,intraday,EWY,LONG,17,138.78,entry (LONG),+0.0000
2026-04-11 05:38:06,intraday,IGV,SHORT,21,74.63,entry (SHORT),+0.0000
2026-04-11 05:38:07,intraday,PDBC,LONG,65,16.98,entry (LONG),+0.0000
2026-04-11 05:39:13,intraday,MCHI,LONG,101,57.17,entry (LONG),+0.0000
2026-04-11 05:39:13,intraday,VTV,LONG,13,201.31,entry (LONG),+0.0000
2026-04-11 05:39:14,intraday,EWY,LONG,17,138.78,entry (LONG),+0.0000
2026-04-11 05:39:15,intraday,IGV,SHORT,21,74.63,entry (SHORT),+0.0000
2026-04-11 05:39:16,intraday,PDBC,LONG,65,16.98,entry (LONG),+0.0000
2026-04-11 05:40:21,intraday,MCHI,LONG,101,57.17,entry (LONG),+0.0000
2026-04-11 05:40:22,intraday,VTV,LONG,13,201.31,entry (LONG),+0.0000
2026-04-11 05:40:22,intraday,EWY,LONG,17,138.78,entry (LONG),+0.0000
2026-04-11 05:40:23,intraday,IGV,SHORT,21,74.63,entry (SHORT),+0.0000
2026-04-11 05:40:24,intraday,PDBC,LONG,65,16.98,entry (LONG),+0.0000
2026-04-11 05:41:29,intraday,MCHI,LONG,101,57.17,entry (LONG),+0.0000
2026-04-11 05:41:30,intraday,VTV,LONG,13,201.31,entry (LONG),+0.0000
2026-04-11 05:41:31,intraday,EWY,LONG,17,138.78,entry (LONG),+0.0000
2026-04-11 05:41:31,intraday,IGV,SHORT,21,74.63,entry (SHORT),+0.0000
2026-04-11 05:41:32,intraday,PDBC,LONG,65,16.98,entry (LONG),+0.0000
2026-04-11 05:42:03,swing,CIBR,SHORT,70,60.74,entry (SHORT),+0.0000
2026-04-11 05:42:05,swing,USMV,SHORT,152,92.75,entry (SHORT),+0.0000
2026-04-11 05:42:07,swing,EWY,SHORT,20,138.73,entry (SHORT),+0.0000
2026-04-11 05:42:15,swing,IBIT,SHORT,94,41.56,entry (SHORT),+0.0000
2026-04-11 05:42:37,intraday,MCHI,LONG,101,57.17,entry (LONG),+0.0000
2026-04-11 05:42:38,intraday,VTV,LONG,13,201.31,entry (LONG),+0.0000
2026-04-11 05:42:39,intraday,EWY,LONG,17,138.78,entry (LONG),+0.0000
2026-04-11 05:42:40,intraday,IGV,SHORT,21,74.63,entry (SHORT),+0.0000
2026-04-11 05:42:40,intraday,PDBC,LONG,65,16.98,entry (LONG),+0.0000
2026-04-11 05:43:46,intraday,MCHI,LONG,101,57.17,entry (LONG),+0.0000
2026-04-11 05:43:47,intraday,VTV,LONG,13,201.31,entry (LONG),+0.0000
2026-04-11 05:43:47,intraday,EWY,LONG,17,138.78,entry (LONG),+0.0000
2026-04-11 05:43:48,intraday,IGV,SHORT,21,74.63,entry (SHORT),+0.0000
2026-04-11 05:43:49,intraday,PDBC,LONG,65,16.98,entry (LONG),+0.0000
2026-04-11 05:44:54,intraday,MCHI,LONG,101,57.17,entry (LONG),+0.0000
2026-04-11 05:44:55,intraday,VTV,LONG,13,201.31,entry (LONG),+0.0000
2026-04-11 05:44:56,intraday,EWY,LONG,17,138.78,entry (LONG),+0.0000
2026-04-11 05:44:57,intraday,IGV,SHORT,21,74.63,entry (SHORT),+0.0000
2026-04-11 05:44:58,intraday,PDBC,LONG,65,16.98,entry (LONG),+0.0000
2026-04-11 05:46:03,intraday,MCHI,LONG,101,57.17,entry (LONG),+0.0000
2026-04-11 05:46:04,intraday,VTV,LONG,13,201.31,entry (LONG),+0.0000
2026-04-11 05:46:05,intraday,EWY,LONG,17,138.78,entry (LONG),+0.0000
2026-04-11 05:46:06,intraday,IGV,SHORT,21,74.63,entry (SHORT),+0.0000
2026-04-11 05:46:07,intraday,PDBC,LONG,65,16.98,entry (LONG),+0.0000
2026-04-11 05:47:12,intraday,MCHI,LONG,101,57.17,entry (LONG),+0.0000
2026-04-11 05:47:13,intraday,VTV,LONG,13,201.31,entry (LONG),+0.0000
2026-04-11 05:47:14,intraday,EWY,LONG,17,138.78,entry (LONG),+0.0000
2026-04-11 05:47:14,intraday,IGV,SHORT,21,74.63,entry (SHORT),+0.0000
2026-04-11 05:47:15,intraday,PDBC,LONG,65,16.98,entry (LONG),+0.0000
2026-04-11 05:47:32,swing,CIBR,SHORT,70,60.74,entry (SHORT),+0.0000
2026-04-11 05:47:34,swing,USMV,SHORT,152,92.75,entry (SHORT),+0.0000
2026-04-11 05:47:36,swing,EWY,SHORT,20,138.73,entry (SHORT),+0.0000
2026-04-11 05:47:40,swing,IBIT,SHORT,94,41.56,entry (SHORT),+0.0000
2026-04-11 05:48:20,intraday,MCHI,LONG,101,57.17,entry (LONG),+0.0000
2026-04-11 05:48:21,intraday,VTV,LONG,13,201.31,entry (LONG),+0.0000
2026-04-11 05:48:22,intraday,EWY,LONG,17,138.78,entry (LONG),+0.0000
2026-04-11 05:48:23,intraday,IGV,SHORT,21,74.63,entry (SHORT),+0.0000
2026-04-11 05:48:24,intraday,PDBC,LONG,65,16.98,entry (LONG),+0.0000
2026-04-11 05:49:29,intraday,MCHI,LONG,101,57.17,entry (LONG),+0.0000
2026-04-11 05:49:30,intraday,VTV,LONG,13,201.31,entry (LONG),+0.0000
2026-04-11 05:49:31,intraday,EWY,LONG,17,138.78,entry (LONG),+0.0000
2026-04-11 05:49:32,intraday,IGV,SHORT,21,74.63,entry (SHORT),+0.0000
2026-04-11 05:49:33,intraday,PDBC,LONG,65,16.98,entry (LONG),+0.0000
2026-04-11 05:50:38,intraday,MCHI,LONG,101,57.17,entry (LONG),+0.0000
2026-04-11 05:50:39,intraday,VTV,LONG,13,201.31,entry (LONG),+0.0000
2026-04-11 05:50:40,intraday,EWY,LONG,17,138.78,entry (LONG),+0.0000
2026-04-11 05:50:41,intraday,IGV,SHORT,21,74.63,entry (SHORT),+0.0000
2026-04-11 05:50:41,intraday,PDBC,LONG,65,16.98,entry (LONG),+0.0000
2026-04-11 05:51:47,intraday,MCHI,LONG,101,57.17,entry (LONG),+0.0000
2026-04-11 05:51:48,intraday,VTV,LONG,13,201.31,entry (LONG),+0.0000
2026-04-11 05:51:49,intraday,EWY,LONG,17,138.78,entry (LONG),+0.0000
2026-04-11 05:51:49,intraday,IGV,SHORT,21,74.63,entry (SHORT),+0.0000
2026-04-11 05:51:50,intraday,PDBC,LONG,65,16.98,entry (LONG),+0.0000
2026-04-11 05:52:56,intraday,MCHI,LONG,101,57.17,entry (LONG),+0.0000
2026-04-11 05:52:56,intraday,VTV,LONG,13,201.31,entry (LONG),+0.0000
2026-04-11 05:52:57,intraday,EWY,LONG,17,138.78,entry (LONG),+0.0000
2026-04-11 05:52:58,intraday,IGV,SHORT,21,74.63,entry (SHORT),+0.0000
2026-04-11 05:52:59,intraday,PDBC,LONG,65,16.98,entry (LONG),+0.0000
2026-04-11 05:53:00,swing,CIBR,SHORT,70,60.74,entry (SHORT),+0.0000
2026-04-11 05:53:02,swing,USMV,SHORT,152,92.75,entry (SHORT),+0.0000
2026-04-11 05:53:05,swing,EWY,SHORT,20,138.73,entry (SHORT),+0.0000
2026-04-11 05:53:10,swing,IBIT,SHORT,94,41.56,entry (SHORT),+0.0000
2026-04-11 05:54:06,intraday,MCHI,LONG,101,57.17,entry (LONG),+0.0000
2026-04-11 05:54:07,intraday,VTV,LONG,13,201.31,entry (LONG),+0.0000
2026-04-11 05:54:08,intraday,EWY,LONG,17,138.78,entry (LONG),+0.0000
2026-04-11 05:54:09,intraday,IGV,SHORT,21,74.63,entry (SHORT),+0.0000
2026-04-11 05:54:10,intraday,PDBC,LONG,65,16.98,entry (LONG),+0.0000
2026-04-11 05:55:15,intraday,MCHI,LONG,101,57.17,entry (LONG),+0.0000
2026-04-11 05:55:16,intraday,VTV,LONG,13,201.31,entry (LONG),+0.0000
2026-04-11 05:55:17,intraday,EWY,LONG,17,138.78,entry (LONG),+0.0000
2026-04-11 05:55:18,intraday,IGV,SHORT,21,74.63,entry (SHORT),+0.0000
2026-04-11 05:55:19,intraday,PDBC,LONG,65,16.98,entry (LONG),+0.0000
2026-04-11 05:56:24,intraday,MCHI,LONG,101,57.17,entry (LONG),+0.0000
2026-04-11 05:56:25,intraday,VTV,LONG,13,201.31,entry (LONG),+0.0000
2026-04-11 05:56:26,intraday,EWY,LONG,17,138.78,entry (LONG),+0.0000
2026-04-11 05:56:27,intraday,IGV,SHORT,21,74.63,entry (SHORT),+0.0000
2026-04-11 05:56:28,intraday,PDBC,LONG,65,16.98,entry (LONG),+0.0000
2026-04-11 05:57:33,intraday,MCHI,LONG,101,57.17,entry (LONG),+0.0000
2026-04-11 05:57:34,intraday,VTV,LONG,13,201.31,entry (LONG),+0.0000
2026-04-11 05:57:35,intraday,EWY,LONG,17,138.78,entry (LONG),+0.0000
2026-04-11 05:57:36,intraday,IGV,SHORT,21,74.63,entry (SHORT),+0.0000
2026-04-11 05:57:36,intraday,PDBC,LONG,65,16.98,entry (LONG),+0.0000
2026-04-11 05:58:28,swing,CIBR,SHORT,70,60.74,entry (SHORT),+0.0000
2026-04-11 05:58:30,swing,USMV,SHORT,152,92.75,entry (SHORT),+0.0000
2026-04-11 05:58:32,swing,EWY,SHORT,20,138.73,entry (SHORT),+0.0000
2026-04-11 05:58:37,swing,IBIT,SHORT,94,41.56,entry (SHORT),+0.0000
2026-04-11 05:58:42,intraday,MCHI,LONG,101,57.17,entry (LONG),+0.0000
2026-04-11 05:58:42,intraday,VTV,LONG,13,201.31,entry (LONG),+0.0000
2026-04-11 05:58:43,intraday,EWY,LONG,17,138.78,entry (LONG),+0.0000
2026-04-11 05:58:44,intraday,IGV,SHORT,21,74.63,entry (SHORT),+0.0000
2026-04-11 05:58:45,intraday,PDBC,LONG,65,16.98,entry (LONG),+0.0000
2026-04-11 05:59:50,intraday,MCHI,LONG,101,57.17,entry (LONG),+0.0000
2026-04-11 05:59:51,intraday,VTV,LONG,13,201.31,entry (LONG),+0.0000
2026-04-11 05:59:51,intraday,EWY,LONG,17,138.78,entry (LONG),+0.0000
2026-04-11 05:59:52,intraday,IGV,SHORT,21,74.63,entry (SHORT),+0.0000
2026-04-11 05:59:53,intraday,PDBC,LONG,65,16.98,entry (LONG),+0.0000
2026-04-11 06:00:58,intraday,MCHI,LONG,101,57.17,entry (LONG),+0.0000
2026-04-11 06:00:59,intraday,VTV,LONG,13,201.31,entry (LONG),+0.0000
2026-04-11 06:01:00,intraday,EWY,LONG,17,138.78,entry (LONG),+0.0000
2026-04-11 06:01:01,intraday,IGV,SHORT,21,74.63,entry (SHORT),+0.0000
2026-04-11 06:01:02,intraday,PDBC,LONG,65,16.98,entry (LONG),+0.0000
2026-04-11 06:02:07,intraday,MCHI,LONG,101,57.17,entry (LONG),+0.0000
2026-04-11 06:02:08,intraday,VTV,LONG,13,201.31,entry (LONG),+0.0000
2026-04-11 06:02:08,intraday,EWY,LONG,17,138.78,entry (LONG),+0.0000
2026-04-11 06:02:09,intraday,IGV,SHORT,21,74.63,entry (SHORT),+0.0000
2026-04-11 06:02:10,intraday,PDBC,LONG,65,16.98,entry (LONG),+0.0000
2026-04-11 06:03:16,intraday,MCHI,LONG,101,57.17,entry (LONG),+0.0000
2026-04-11 06:03:16,intraday,VTV,LONG,13,201.31,entry (LONG),+0.0000
2026-04-11 06:03:17,intraday,EWY,LONG,17,138.78,entry (LONG),+0.0000
2026-04-11 06:03:18,intraday,IGV,SHORT,21,74.63,entry (SHORT),+0.0000
2026-04-11 06:03:19,intraday,PDBC,LONG,65,16.98,entry (LONG),+0.0000
2026-04-11 06:03:53,swing,CIBR,SHORT,70,60.74,entry (SHORT),+0.0000
2026-04-11 06:03:55,swing,USMV,SHORT,152,92.75,entry (SHORT),+0.0000
2026-04-11 06:03:56,swing,EWY,SHORT,20,138.73,entry (SHORT),+0.0000
2026-04-11 06:04:01,swing,IBIT,SHORT,94,41.56,entry (SHORT),+0.0000
2026-04-11 06:04:24,intraday,MCHI,LONG,101,57.17,entry (LONG),+0.0000
2026-04-11 06:04:25,intraday,VTV,LONG,13,201.31,entry (LONG),+0.0000
2026-04-11 06:04:26,intraday,EWY,LONG,17,138.78,entry (LONG),+0.0000
2026-04-11 06:04:26,intraday,IGV,SHORT,21,74.63,entry (SHORT),+0.0000
2026-04-11 06:04:27,intraday,PDBC,LONG,65,16.98,entry (LONG),+0.0000
2026-04-11 06:05:32,intraday,MCHI,LONG,101,57.17,entry (LONG),+0.0000
2026-04-11 06:05:33,intraday,VTV,LONG,13,201.31,entry (LONG),+0.0000
2026-04-11 06:05:34,intraday,EWY,LONG,17,138.78,entry (LONG),+0.0000
2026-04-11 06:05:35,intraday,IGV,SHORT,21,74.63,entry (SHORT),+0.0000
2026-04-11 06:05:36,intraday,PDBC,LONG,65,16.98,entry (LONG),+0.0000
2026-04-11 06:06:41,intraday,MCHI,LONG,101,57.17,entry (LONG),+0.0000
2026-04-11 06:06:42,intraday,VTV,LONG,13,201.31,entry (LONG),+0.0000
2026-04-11 06:06:43,intraday,EWY,LONG,17,138.78,entry (LONG),+0.0000
2026-04-11 06:06:44,intraday,IGV,SHORT,21,74.63,entry (SHORT),+0.0000
2026-04-11 06:06:44,intraday,PDBC,LONG,65,16.98,entry (LONG),+0.0000
2026-04-11 06:07:50,intraday,MCHI,LONG,101,57.17,entry (LONG),+0.0000
2026-04-11 06:07:51,intraday,VTV,LONG,13,201.31,entry (LONG),+0.0000
2026-04-11 06:07:51,intraday,EWY,LONG,17,138.78,entry (LONG),+0.0000
2026-04-11 06:07:53,intraday,IGV,SHORT,21,74.63,entry (SHORT),+0.0000
2026-04-11 06:07:54,intraday,PDBC,LONG,65,16.98,entry (LONG),+0.0000
2026-04-11 06:08:59,intraday,MCHI,LONG,101,57.17,entry (LONG),+0.0000
2026-04-11 06:09:00,intraday,VTV,LONG,13,201.31,entry (LONG),+0.0000
2026-04-11 06:09:01,intraday,EWY,LONG,17,138.78,entry (LONG),+0.0000
2026-04-11 06:09:02,intraday,IGV,SHORT,21,74.63,entry (SHORT),+0.0000
2026-04-11 06:09:02,intraday,PDBC,LONG,65,16.98,entry (LONG),+0.0000
2026-04-11 06:09:17,swing,CIBR,SHORT,70,60.74,entry (SHORT),+0.0000
2026-04-11 06:09:19,swing,USMV,SHORT,152,92.75,entry (SHORT),+0.0000
2026-04-11 06:09:21,swing,EWY,SHORT,20,138.73,entry (SHORT),+0.0000
2026-04-11 06:09:26,swing,IBIT,SHORT,94,41.56,entry (SHORT),+0.0000
2026-04-11 06:10:08,intraday,MCHI,LONG,101,57.17,entry (LONG),+0.0000
2026-04-11 06:10:09,intraday,VTV,LONG,13,201.31,entry (LONG),+0.0000
2026-04-11 06:10:09,intraday,EWY,LONG,17,138.78,entry (LONG),+0.0000
2026-04-11 06:10:10,intraday,IGV,SHORT,21,74.63,entry (SHORT),+0.0000
2026-04-11 06:10:11,intraday,PDBC,LONG,65,16.98,entry (LONG),+0.0000
2026-04-11 06:11:18,intraday,MCHI,LONG,101,57.17,entry (LONG),+0.0000
2026-04-11 06:11:19,intraday,VTV,LONG,13,201.31,entry (LONG),+0.0000
2026-04-11 06:11:20,intraday,EWY,LONG,17,138.78,entry (LONG),+0.0000
2026-04-11 06:11:21,intraday,IGV,SHORT,21,74.63,entry (SHORT),+0.0000
2026-04-11 06:11:21,intraday,PDBC,LONG,65,16.98,entry (LONG),+0.0000
2026-04-11 06:12:54,intraday,MCHI,LONG,101,57.17,entry (LONG),+0.0000
2026-04-11 06:12:55,intraday,VTV,LONG,13,201.31,entry (LONG),+0.0000
2026-04-11 06:12:55,intraday,EWY,LONG,17,138.78,entry (LONG),+0.0000
2026-04-11 06:12:56,intraday,IGV,SHORT,21,74.63,entry (SHORT),+0.0000
2026-04-11 06:12:57,intraday,PDBC,LONG,65,16.98,entry (LONG),+0.0000
2026-04-11 06:14:03,intraday,MCHI,LONG,101,57.17,entry (LONG),+0.0000
2026-04-11 06:14:04,intraday,VTV,LONG,13,201.31,entry (LONG),+0.0000
2026-04-11 06:14:05,intraday,EWY,LONG,17,138.78,entry (LONG),+0.0000
2026-04-11 06:14:05,intraday,IGV,SHORT,21,74.63,entry (SHORT),+0.0000
2026-04-11 06:14:06,intraday,PDBC,LONG,65,16.98,entry (LONG),+0.0000
2026-04-11 06:14:43,swing,CIBR,SHORT,70,60.74,entry (SHORT),+0.0000
2026-04-11 06:14:45,swing,USMV,SHORT,152,92.75,entry (SHORT),+0.0000
2026-04-11 06:14:46,swing,EWY,SHORT,20,138.73,entry (SHORT),+0.0000
2026-04-11 06:14:51,swing,IBIT,SHORT,94,41.56,entry (SHORT),+0.0000
2026-04-11 06:15:12,intraday,MCHI,LONG,101,57.17,entry (LONG),+0.0000
2026-04-11 06:15:12,intraday,VTV,LONG,13,201.31,entry (LONG),+0.0000
2026-04-11 06:15:13,intraday,EWY,LONG,17,138.78,entry (LONG),+0.0000
2026-04-11 06:15:14,intraday,IGV,SHORT,21,74.63,entry (SHORT),+0.0000
2026-04-11 06:15:15,intraday,PDBC,LONG,65,16.98,entry (LONG),+0.0000
2026-04-11 06:16:20,intraday,MCHI,LONG,101,57.17,entry (LONG),+0.0000
2026-04-11 06:16:21,intraday,VTV,LONG,13,201.31,entry (LONG),+0.0000
2026-04-11 06:16:22,intraday,EWY,LONG,17,138.78,entry (LONG),+0.0000
2026-04-11 06:16:23,intraday,IGV,SHORT,21,74.63,entry (SHORT),+0.0000
2026-04-11 06:16:24,intraday,PDBC,LONG,65,16.98,entry (LONG),+0.0000
2026-04-11 06:17:29,intraday,MCHI,LONG,101,57.17,entry (LONG),+0.0000
2026-04-11 06:17:30,intraday,VTV,LONG,13,201.31,entry (LONG),+0.0000
2026-04-11 06:17:31,intraday,EWY,LONG,17,138.78,entry (LONG),+0.0000
2026-04-11 06:17:31,intraday,IGV,SHORT,21,74.63,entry (SHORT),+0.0000
2026-04-11 06:17:32,intraday,PDBC,LONG,65,16.98,entry (LONG),+0.0000
2026-04-11 06:18:38,intraday,MCHI,LONG,101,57.17,entry (LONG),+0.0000
2026-04-11 06:18:38,intraday,VTV,LONG,13,201.31,entry (LONG),+0.0000
2026-04-11 06:18:39,intraday,EWY,LONG,17,138.78,entry (LONG),+0.0000
2026-04-11 06:18:40,intraday,IGV,SHORT,21,74.63,entry (SHORT),+0.0000
2026-04-11 06:18:41,intraday,PDBC,LONG,65,16.98,entry (LONG),+0.0000
2026-04-11 06:19:47,intraday,MCHI,LONG,101,57.17,entry (LONG),+0.0000
2026-04-11 06:19:47,intraday,VTV,LONG,13,201.31,entry (LONG),+0.0000
2026-04-11 06:19:48,intraday,EWY,LONG,17,138.78,entry (LONG),+0.0000
2026-04-11 06:19:49,intraday,IGV,SHORT,21,74.63,entry (SHORT),+0.0000
2026-04-11 06:19:50,intraday,PDBC,LONG,65,16.98,entry (LONG),+0.0000
2026-04-11 06:20:11,swing,CIBR,SHORT,70,60.74,entry (SHORT),+0.0000
2026-04-11 06:20:13,swing,USMV,SHORT,152,92.75,entry (SHORT),+0.0000
2026-04-11 06:20:15,swing,EWY,SHORT,20,138.73,entry (SHORT),+0.0000
2026-04-11 06:20:20,swing,IBIT,SHORT,94,41.56,entry (SHORT),+0.0000
2026-04-11 06:20:55,intraday,MCHI,LONG,101,57.17,entry (LONG),+0.0000
2026-04-11 06:20:56,intraday,VTV,LONG,13,201.31,entry (LONG),+0.0000
2026-04-11 06:20:57,intraday,EWY,LONG,17,138.78,entry (LONG),+0.0000
2026-04-11 06:20:57,intraday,IGV,SHORT,21,74.63,entry (SHORT),+0.0000
2026-04-11 06:20:58,intraday,PDBC,LONG,65,16.98,entry (LONG),+0.0000
2026-04-11 06:22:18,intraday,MCHI,LONG,101,57.17,entry (LONG),+0.0000
2026-04-11 06:22:19,intraday,VTV,LONG,13,201.31,entry (LONG),+0.0000
2026-04-11 06:22:20,intraday,EWY,LONG,17,138.78,entry (LONG),+0.0000
2026-04-11 06:22:20,intraday,IGV,SHORT,21,74.63,entry (SHORT),+0.0000
2026-04-11 06:22:21,intraday,PDBC,LONG,65,16.98,entry (LONG),+0.0000
2026-04-11 06:23:26,intraday,MCHI,LONG,101,57.17,entry (LONG),+0.0000
2026-04-11 06:23:27,intraday,VTV,LONG,13,201.31,entry (LONG),+0.0000
2026-04-11 06:23:28,intraday,EWY,LONG,17,138.78,entry (LONG),+0.0000
2026-04-11 06:23:29,intraday,IGV,SHORT,21,74.63,entry (SHORT),+0.0000
2026-04-11 06:23:29,intraday,PDBC,LONG,65,16.98,entry (LONG),+0.0000
2026-04-11 06:24:35,intraday,MCHI,LONG,101,57.17,entry (LONG),+0.0000
2026-04-11 06:24:35,intraday,VTV,LONG,13,201.31,entry (LONG),+0.0000
2026-04-11 06:24:36,intraday,EWY,LONG,17,138.78,entry (LONG),+0.0000
2026-04-11 06:24:37,intraday,IGV,SHORT,21,74.63,entry (SHORT),+0.0000
2026-04-11 06:24:38,intraday,PDBC,LONG,65,16.98,entry (LONG),+0.0000
2026-04-11 06:25:36,swing,CIBR,SHORT,70,60.74,entry (SHORT),+0.0000
2026-04-11 06:25:38,swing,USMV,SHORT,152,92.75,entry (SHORT),+0.0000
2026-04-11 06:25:40,swing,EWY,SHORT,20,138.73,entry (SHORT),+0.0000
2026-04-11 06:25:43,intraday,MCHI,LONG,101,57.17,entry (LONG),+0.0000
2026-04-11 06:25:44,intraday,VTV,LONG,13,201.31,entry (LONG),+0.0000
2026-04-11 06:25:45,intraday,EWY,LONG,17,138.78,entry (LONG),+0.0000
2026-04-11 06:25:45,swing,IBIT,SHORT,94,41.56,entry (SHORT),+0.0000
2026-04-11 06:25:45,intraday,IGV,SHORT,21,74.63,entry (SHORT),+0.0000
2026-04-11 06:25:46,intraday,PDBC,LONG,65,16.98,entry (LONG),+0.0000
2026-04-11 06:26:52,intraday,MCHI,LONG,101,57.17,entry (LONG),+0.0000
2026-04-11 06:26:53,intraday,VTV,LONG,13,201.31,entry (LONG),+0.0000
2026-04-11 06:26:54,intraday,EWY,LONG,17,138.78,entry (LONG),+0.0000
2026-04-11 06:26:55,intraday,IGV,SHORT,21,74.63,entry (SHORT),+0.0000
2026-04-11 06:26:55,intraday,PDBC,LONG,65,16.98,entry (LONG),+0.0000
2026-04-11 06:28:01,intraday,MCHI,LONG,101,57.17,entry (LONG),+0.0000
2026-04-11 06:28:02,intraday,VTV,LONG,13,201.31,entry (LONG),+0.0000
2026-04-11 06:28:03,intraday,EWY,LONG,17,138.78,entry (LONG),+0.0000
2026-04-11 06:28:04,intraday,IGV,SHORT,21,74.63,entry (SHORT),+0.0000
2026-04-11 06:28:05,intraday,PDBC,LONG,65,16.98,entry (LONG),+0.0000
2026-04-11 06:29:10,intraday,MCHI,LONG,101,57.17,entry (LONG),+0.0000
2026-04-11 06:29:11,intraday,VTV,LONG,13,201.31,entry (LONG),+0.0000
2026-04-11 06:29:12,intraday,EWY,LONG,17,138.78,entry (LONG),+0.0000
2026-04-11 06:29:13,intraday,IGV,SHORT,21,74.63,entry (SHORT),+0.0000
2026-04-11 06:29:14,intraday,PDBC,LONG,65,16.98,entry (LONG),+0.0000
2026-04-11 06:30:20,intraday,MCHI,LONG,101,57.17,entry (LONG),+0.0000
2026-04-11 06:30:21,intraday,VTV,LONG,13,201.31,entry (LONG),+0.0000
2026-04-11 06:30:22,intraday,EWY,LONG,17,138.78,entry (LONG),+0.0000
2026-04-11 06:30:23,intraday,PDBC,LONG,65,16.98,entry (LONG),+0.0000
2026-04-11 06:31:01,swing,CIBR,SHORT,70,60.74,entry (SHORT),+0.0000
2026-04-11 06:31:02,swing,USMV,SHORT,152,92.75,entry (SHORT),+0.0000
2026-04-11 06:31:04,swing,EWY,SHORT,20,138.73,entry (SHORT),+0.0000
2026-04-11 06:31:09,swing,IBIT,SHORT,94,41.56,entry (SHORT),+0.0000
2026-04-11 06:31:29,intraday,MCHI,LONG,101,57.17,entry (LONG),+0.0000
2026-04-11 06:31:29,intraday,VTV,LONG,13,201.31,entry (LONG),+0.0000
2026-04-11 06:31:30,intraday,EWY,LONG,17,138.78,entry (LONG),+0.0000
2026-04-11 06:31:31,intraday,IGV,SHORT,21,74.63,entry (SHORT),+0.0000
2026-04-11 06:31:32,intraday,PDBC,LONG,65,16.98,entry (LONG),+0.0000
2026-04-11 06:32:37,intraday,MCHI,LONG,101,57.17,entry (LONG),+0.0000
2026-04-11 06:32:38,intraday,VTV,LONG,13,201.31,entry (LONG),+0.0000
2026-04-11 06:32:39,intraday,EWY,LONG,17,138.78,entry (LONG),+0.0000
2026-04-11 06:32:40,intraday,IGV,SHORT,21,74.63,entry (SHORT),+0.0000
2026-04-11 06:32:41,intraday,PDBC,LONG,65,16.98,entry (LONG),+0.0000
2026-04-11 06:33:46,intraday,MCHI,LONG,101,57.17,entry (LONG),+0.0000
2026-04-11 06:33:47,intraday,VTV,LONG,13,201.31,entry (LONG),+0.0000
2026-04-11 06:33:48,intraday,EWY,LONG,17,138.78,entry (LONG),+0.0000
2026-04-11 06:33:48,intraday,IGV,SHORT,21,74.63,entry (SHORT),+0.0000
2026-04-11 06:33:49,intraday,PDBC,LONG,65,16.98,entry (LONG),+0.0000
2026-04-11 06:34:55,intraday,MCHI,LONG,101,57.17,entry (LONG),+0.0000
2026-04-11 06:34:56,intraday,VTV,LONG,13,201.31,entry (LONG),+0.0000
2026-04-11 06:34:57,intraday,EWY,LONG,17,138.78,entry (LONG),+0.0000
2026-04-11 06:34:57,intraday,IGV,SHORT,21,74.63,entry (SHORT),+0.0000
2026-04-11 06:34:58,intraday,PDBC,LONG,65,16.98,entry (LONG),+0.0000
2026-04-11 06:36:03,intraday,MCHI,LONG,101,57.17,entry (LONG),+0.0000
2026-04-11 06:36:04,intraday,VTV,LONG,13,201.31,entry (LONG),+0.0000
2026-04-11 06:36:05,intraday,EWY,LONG,17,138.78,entry (LONG),+0.0000
2026-04-11 06:36:06,intraday,IGV,SHORT,21,74.63,entry (SHORT),+0.0000
2026-04-11 06:36:06,intraday,PDBC,LONG,65,16.98,entry (LONG),+0.0000
2026-04-11 06:36:25,swing,CIBR,SHORT,70,60.74,entry (SHORT),+0.0000
2026-04-11 06:36:27,swing,USMV,SHORT,152,92.75,entry (SHORT),+0.0000
2026-04-11 06:36:29,swing,EWY,SHORT,20,138.73,entry (SHORT),+0.0000
2026-04-11 06:36:34,swing,IBIT,SHORT,94,41.56,entry (SHORT),+0.0000
2026-04-11 06:37:12,intraday,MCHI,LONG,101,57.17,entry (LONG),+0.0000
2026-04-11 06:37:13,intraday,VTV,LONG,13,201.31,entry (LONG),+0.0000
2026-04-11 06:37:14,intraday,EWY,LONG,17,138.78,entry (LONG),+0.0000
2026-04-11 06:37:14,intraday,IGV,SHORT,21,74.63,entry (SHORT),+0.0000
2026-04-11 06:37:15,intraday,PDBC,LONG,65,16.98,entry (LONG),+0.0000
2026-04-11 06:38:21,intraday,MCHI,LONG,101,57.17,entry (LONG),+0.0000
2026-04-11 06:38:21,intraday,VTV,LONG,13,201.31,entry (LONG),+0.0000
2026-04-11 06:38:22,intraday,EWY,LONG,17,138.78,entry (LONG),+0.0000
2026-04-11 06:38:23,intraday,IGV,SHORT,21,74.63,entry (SHORT),+0.0000
2026-04-11 06:38:24,intraday,PDBC,LONG,65,16.98,entry (LONG),+0.0000
2026-04-11 06:39:30,intraday,MCHI,LONG,101,57.17,entry (LONG),+0.0000
2026-04-11 06:39:31,intraday,VTV,LONG,13,201.31,entry (LONG),+0.0000
2026-04-11 06:39:32,intraday,EWY,LONG,17,138.78,entry (LONG),+0.0000
2026-04-11 06:39:33,intraday,IGV,SHORT,21,74.63,entry (SHORT),+0.0000
2026-04-11 06:39:33,intraday,PDBC,LONG,65,16.98,entry (LONG),+0.0000
2026-04-11 06:40:39,intraday,MCHI,LONG,101,57.17,entry (LONG),+0.0000
2026-04-11 06:40:40,intraday,VTV,LONG,13,201.31,entry (LONG),+0.0000
2026-04-11 06:40:41,intraday,EWY,LONG,17,138.78,entry (LONG),+0.0000
2026-04-11 06:40:41,intraday,IGV,SHORT,21,74.63,entry (SHORT),+0.0000
2026-04-11 06:40:42,intraday,PDBC,LONG,65,16.98,entry (LONG),+0.0000
2026-04-11 06:41:48,intraday,MCHI,LONG,101,57.17,entry (LONG),+0.0000
2026-04-11 06:41:49,intraday,VTV,LONG,13,201.31,entry (LONG),+0.0000
2026-04-11 06:41:49,intraday,EWY,LONG,17,138.78,entry (LONG),+0.0000
2026-04-11 06:41:50,swing,CIBR,SHORT,70,60.74,entry (SHORT),+0.0000
2026-04-11 06:41:50,intraday,IGV,SHORT,21,74.63,entry (SHORT),+0.0000
2026-04-11 06:41:51,intraday,PDBC,LONG,65,16.98,entry (LONG),+0.0000
2026-04-11 06:41:52,swing,USMV,SHORT,152,92.75,entry (SHORT),+0.0000
2026-04-11 06:41:54,swing,EWY,SHORT,20,138.73,entry (SHORT),+0.0000
2026-04-11 06:41:59,swing,IBIT,SHORT,94,41.56,entry (SHORT),+0.0000
2026-04-11 06:42:57,intraday,MCHI,LONG,101,57.17,entry (LONG),+0.0000
2026-04-11 06:42:57,intraday,VTV,LONG,13,201.31,entry (LONG),+0.0000
2026-04-11 06:42:58,intraday,EWY,LONG,17,138.78,entry (LONG),+0.0000
2026-04-11 06:42:59,intraday,IGV,SHORT,21,74.63,entry (SHORT),+0.0000
2026-04-11 06:43:00,intraday,PDBC,LONG,65,16.98,entry (LONG),+0.0000
2026-04-11 06:44:05,intraday,MCHI,LONG,101,57.17,entry (LONG),+0.0000
2026-04-11 06:44:06,intraday,VTV,LONG,13,201.31,entry (LONG),+0.0000
2026-04-11 06:44:07,intraday,EWY,LONG,17,138.78,entry (LONG),+0.0000
2026-04-11 06:44:07,intraday,IGV,SHORT,21,74.63,entry (SHORT),+0.0000
2026-04-11 06:44:08,intraday,PDBC,LONG,65,16.98,entry (LONG),+0.0000
2026-04-11 06:45:13,intraday,MCHI,LONG,101,57.17,entry (LONG),+0.0000
2026-04-11 06:45:14,intraday,VTV,LONG,13,201.31,entry (LONG),+0.0000
2026-04-11 06:45:15,intraday,EWY,LONG,17,138.78,entry (LONG),+0.0000
2026-04-11 06:45:16,intraday,IGV,SHORT,21,74.63,entry (SHORT),+0.0000
2026-04-11 06:45:16,intraday,PDBC,LONG,65,16.98,entry (LONG),+0.0000
2026-04-11 06:46:22,intraday,MCHI,LONG,101,57.17,entry (LONG),+0.0000
2026-04-11 06:46:22,intraday,VTV,LONG,13,201.31,entry (LONG),+0.0000
2026-04-11 06:46:24,intraday,EWY,LONG,17,138.78,entry (LONG),+0.0000
2026-04-11 06:46:25,intraday,IGV,SHORT,21,74.63,entry (SHORT),+0.0000
2026-04-11 06:46:26,intraday,PDBC,LONG,65,16.98,entry (LONG),+0.0000
2026-04-11 06:47:17,swing,CIBR,SHORT,70,60.74,entry (SHORT),+0.0000
2026-04-11 06:47:19,swing,USMV,SHORT,152,92.75,entry (SHORT),+0.0000
2026-04-11 06:47:21,swing,EWY,SHORT,20,138.73,entry (SHORT),+0.0000
2026-04-11 06:47:27,swing,IBIT,SHORT,94,41.56,entry (SHORT),+0.0000
2026-04-11 06:47:30,intraday,MCHI,LONG,101,57.17,entry (LONG),+0.0000
2026-04-11 06:47:31,intraday,VTV,LONG,13,201.31,entry (LONG),+0.0000
2026-04-11 06:47:32,intraday,EWY,LONG,17,138.78,entry (LONG),+0.0000
2026-04-11 06:47:33,intraday,IGV,SHORT,21,74.63,entry (SHORT),+0.0000
2026-04-11 06:47:34,intraday,PDBC,LONG,65,16.98,entry (LONG),+0.0000
2026-04-11 06:48:39,intraday,MCHI,LONG,101,57.17,entry (LONG),+0.0000
2026-04-11 06:48:40,intraday,VTV,LONG,13,201.31,entry (LONG),+0.0000
2026-04-11 06:48:41,intraday,EWY,LONG,17,138.78,entry (LONG),+0.0000
2026-04-11 06:48:42,intraday,IGV,SHORT,21,74.63,entry (SHORT),+0.0000
2026-04-11 06:48:43,intraday,PDBC,LONG,65,16.98,entry (LONG),+0.0000
2026-04-11 06:49:49,intraday,MCHI,LONG,101,57.17,entry (LONG),+0.0000
2026-04-11 06:49:50,intraday,VTV,LONG,13,201.31,entry (LONG),+0.0000
2026-04-11 06:49:50,intraday,EWY,LONG,17,138.78,entry (LONG),+0.0000
2026-04-11 06:49:51,intraday,IGV,SHORT,21,74.63,entry (SHORT),+0.0000
2026-04-11 06:49:52,intraday,PDBC,LONG,65,16.98,entry (LONG),+0.0000
2026-04-11 06:50:58,intraday,MCHI,LONG,101,57.17,entry (LONG),+0.0000
2026-04-11 06:50:59,intraday,VTV,LONG,13,201.31,entry (LONG),+0.0000
2026-04-11 06:50:59,intraday,EWY,LONG,17,138.78,entry (LONG),+0.0000
2026-04-11 06:51:00,intraday,IGV,SHORT,21,74.63,entry (SHORT),+0.0000
2026-04-11 06:51:01,intraday,PDBC,LONG,65,16.98,entry (LONG),+0.0000
2026-04-11 06:52:07,intraday,MCHI,LONG,101,57.17,entry (LONG),+0.0000
2026-04-11 06:52:08,intraday,VTV,LONG,13,201.31,entry (LONG),+0.0000
2026-04-11 06:52:08,intraday,EWY,LONG,17,138.78,entry (LONG),+0.0000
2026-04-11 06:52:09,intraday,IGV,SHORT,21,74.63,entry (SHORT),+0.0000
2026-04-11 06:52:10,intraday,PDBC,LONG,65,16.98,entry (LONG),+0.0000
2026-04-11 06:52:44,swing,CIBR,SHORT,70,60.74,entry (SHORT),+0.0000
2026-04-11 06:52:46,swing,USMV,SHORT,152,92.75,entry (SHORT),+0.0000
2026-04-11 06:52:48,swing,EWY,SHORT,20,138.73,entry (SHORT),+0.0000
2026-04-11 06:52:53,swing,IBIT,SHORT,94,41.56,entry (SHORT),+0.0000
2026-04-11 06:53:15,intraday,MCHI,LONG,101,57.17,entry (LONG),+0.0000
2026-04-11 06:53:16,intraday,VTV,LONG,13,201.31,entry (LONG),+0.0000
2026-04-11 06:53:17,intraday,EWY,LONG,17,138.78,entry (LONG),+0.0000
2026-04-11 06:53:17,intraday,IGV,SHORT,21,74.63,entry (SHORT),+0.0000
2026-04-11 06:53:18,intraday,PDBC,LONG,65,16.98,entry (LONG),+0.0000
2026-04-11 06:54:24,intraday,MCHI,LONG,101,57.17,entry (LONG),+0.0000
2026-04-11 06:54:24,intraday,VTV,LONG,13,201.31,entry (LONG),+0.0000
2026-04-11 06:54:25,intraday,EWY,LONG,17,138.78,entry (LONG),+0.0000
2026-04-11 06:54:26,intraday,IGV,SHORT,21,74.63,entry (SHORT),+0.0000
2026-04-11 06:54:27,intraday,PDBC,LONG,65,16.98,entry (LONG),+0.0000
2026-04-11 06:55:32,intraday,MCHI,LONG,101,57.17,entry (LONG),+0.0000
2026-04-11 06:55:33,intraday,VTV,LONG,13,201.31,entry (LONG),+0.0000
2026-04-11 06:55:34,intraday,EWY,LONG,17,138.78,entry (LONG),+0.0000
2026-04-11 06:55:34,intraday,IGV,SHORT,21,74.63,entry (SHORT),+0.0000
2026-04-11 06:55:35,intraday,PDBC,LONG,65,16.98,entry (LONG),+0.0000
2026-04-11 06:56:42,intraday,MCHI,LONG,101,57.17,entry (LONG),+0.0000
2026-04-11 06:56:42,intraday,VTV,LONG,13,201.31,entry (LONG),+0.0000
2026-04-11 06:56:43,intraday,EWY,LONG,17,138.78,entry (LONG),+0.0000
2026-04-11 06:56:44,intraday,IGV,SHORT,21,74.63,entry (SHORT),+0.0000
2026-04-11 06:56:45,intraday,PDBC,LONG,65,16.98,entry (LONG),+0.0000
2026-04-11 06:57:51,intraday,MCHI,LONG,101,57.17,entry (LONG),+0.0000
2026-04-11 06:57:51,intraday,VTV,LONG,13,201.31,entry (LONG),+0.0000
2026-04-11 06:57:52,intraday,EWY,LONG,17,138.78,entry (LONG),+0.0000
2026-04-11 06:57:53,intraday,IGV,SHORT,21,74.63,entry (SHORT),+0.0000
2026-04-11 06:57:54,intraday,PDBC,LONG,65,16.98,entry (LONG),+0.0000
2026-04-11 06:58:10,swing,CIBR,SHORT,70,60.74,entry (SHORT),+0.0000
2026-04-11 06:58:12,swing,USMV,SHORT,152,92.75,entry (SHORT),+0.0000
2026-04-11 06:58:14,swing,EWY,SHORT,20,138.73,entry (SHORT),+0.0000
2026-04-11 06:58:18,swing,IBIT,SHORT,94,41.56,entry (SHORT),+0.0000
2026-04-11 06:58:59,intraday,MCHI,LONG,101,57.17,entry (LONG),+0.0000
2026-04-11 06:59:00,intraday,VTV,LONG,13,201.31,entry (LONG),+0.0000
2026-04-11 06:59:01,intraday,EWY,LONG,17,138.78,entry (LONG),+0.0000
2026-04-11 06:59:01,intraday,IGV,SHORT,21,74.63,entry (SHORT),+0.0000
2026-04-11 06:59:02,intraday,PDBC,LONG,65,16.98,entry (LONG),+0.0000
2026-04-11 07:00:09,intraday,MCHI,LONG,101,57.17,entry (LONG),+0.0000
2026-04-11 07:00:10,intraday,VTV,LONG,13,201.31,entry (LONG),+0.0000
2026-04-11 07:00:11,intraday,EWY,LONG,17,138.78,entry (LONG),+0.0000
2026-04-11 07:00:12,intraday,IGV,SHORT,21,74.63,entry (SHORT),+0.0000
2026-04-11 07:00:12,intraday,PDBC,LONG,65,16.98,entry (LONG),+0.0000
2026-04-11 07:01:18,intraday,MCHI,LONG,101,57.17,entry (LONG),+0.0000
2026-04-11 07:01:19,intraday,VTV,LONG,13,201.31,entry (LONG),+0.0000
2026-04-11 07:01:20,intraday,EWY,LONG,17,138.78,entry (LONG),+0.0000
2026-04-11 07:01:20,intraday,IGV,SHORT,21,74.63,entry (SHORT),+0.0000
2026-04-11 07:01:21,intraday,PDBC,LONG,65,16.98,entry (LONG),+0.0000
2026-04-11 07:02:26,intraday,MCHI,LONG,101,57.17,entry (LONG),+0.0000
2026-04-11 07:02:27,intraday,VTV,LONG,13,201.31,entry (LONG),+0.0000
2026-04-11 07:02:28,intraday,EWY,LONG,17,138.78,entry (LONG),+0.0000
2026-04-11 07:02:29,intraday,IGV,SHORT,21,74.63,entry (SHORT),+0.0000
2026-04-11 07:02:29,intraday,PDBC,LONG,65,16.98,entry (LONG),+0.0000
2026-04-11 07:03:34,swing,CIBR,SHORT,70,60.74,entry (SHORT),+0.0000
2026-04-11 07:03:35,intraday,MCHI,LONG,101,57.17,entry (LONG),+0.0000
2026-04-11 07:03:35,intraday,VTV,LONG,13,201.31,entry (LONG),+0.0000
2026-04-11 07:03:36,swing,USMV,SHORT,152,92.75,entry (SHORT),+0.0000
2026-04-11 07:03:36,intraday,EWY,LONG,17,138.78,entry (LONG),+0.0000
2026-04-11 07:03:37,intraday,IGV,SHORT,21,74.63,entry (SHORT),+0.0000
2026-04-11 07:03:38,swing,EWY,SHORT,20,138.73,entry (SHORT),+0.0000
2026-04-11 07:03:38,intraday,PDBC,LONG,65,16.98,entry (LONG),+0.0000
2026-04-11 07:03:44,swing,IBIT,SHORT,94,41.56,entry (SHORT),+0.0000
2026-04-11 07:04:44,intraday,MCHI,LONG,101,57.17,entry (LONG),+0.0000
2026-04-11 07:04:45,intraday,VTV,LONG,13,201.31,entry (LONG),+0.0000
2026-04-11 07:04:46,intraday,EWY,LONG,17,138.78,entry (LONG),+0.0000
2026-04-11 07:04:46,intraday,IGV,SHORT,21,74.63,entry (SHORT),+0.0000
2026-04-11 07:04:47,intraday,PDBC,LONG,65,16.98,entry (LONG),+0.0000
2026-04-11 07:05:53,intraday,MCHI,LONG,101,57.17,entry (LONG),+0.0000
2026-04-11 07:05:54,intraday,VTV,LONG,13,201.31,entry (LONG),+0.0000
2026-04-11 07:05:54,intraday,EWY,LONG,17,138.78,entry (LONG),+0.0000
2026-04-11 07:05:55,intraday,IGV,SHORT,21,74.63,entry (SHORT),+0.0000
2026-04-11 07:05:56,intraday,PDBC,LONG,65,16.98,entry (LONG),+0.0000
2026-04-11 07:07:01,intraday,MCHI,LONG,101,57.17,entry (LONG),+0.0000
2026-04-11 07:07:02,intraday,VTV,LONG,13,201.31,entry (LONG),+0.0000
2026-04-11 07:07:03,intraday,EWY,LONG,17,138.78,entry (LONG),+0.0000
2026-04-11 07:07:04,intraday,IGV,SHORT,21,74.63,entry (SHORT),+0.0000
2026-04-11 07:07:04,intraday,PDBC,LONG,65,16.98,entry (LONG),+0.0000
2026-04-11 07:08:10,intraday,MCHI,LONG,101,57.17,entry (LONG),+0.0000
2026-04-11 07:08:11,intraday,VTV,LONG,13,201.31,entry (LONG),+0.0000
2026-04-11 07:08:12,intraday,EWY,LONG,17,138.78,entry (LONG),+0.0000
2026-04-11 07:08:12,intraday,IGV,SHORT,21,74.63,entry (SHORT),+0.0000
2026-04-11 07:08:13,intraday,PDBC,LONG,65,16.98,entry (LONG),+0.0000
2026-04-11 07:09:01,swing,CIBR,SHORT,70,60.74,entry (SHORT),+0.0000
2026-04-11 07:09:02,swing,USMV,SHORT,152,92.75,entry (SHORT),+0.0000
2026-04-11 07:09:04,swing,EWY,SHORT,20,138.73,entry (SHORT),+0.0000
2026-04-11 07:09:09,swing,IBIT,SHORT,94,41.56,entry (SHORT),+0.0000
2026-04-11 07:09:18,intraday,MCHI,LONG,101,57.17,entry (LONG),+0.0000
2026-04-11 07:09:19,intraday,VTV,LONG,13,201.31,entry (LONG),+0.0000
2026-04-11 07:09:20,intraday,EWY,LONG,17,138.78,entry (LONG),+0.0000
2026-04-11 07:09:21,intraday,IGV,SHORT,21,74.63,entry (SHORT),+0.0000
2026-04-11 07:09:21,intraday,PDBC,LONG,65,16.98,entry (LONG),+0.0000
2026-04-11 07:10:27,intraday,MCHI,LONG,101,57.17,entry (LONG),+0.0000
2026-04-11 07:10:27,intraday,VTV,LONG,13,201.31,entry (LONG),+0.0000
2026-04-11 07:10:28,intraday,EWY,LONG,17,138.78,entry (LONG),+0.0000
2026-04-11 07:10:29,intraday,IGV,SHORT,21,74.63,entry (SHORT),+0.0000
2026-04-11 07:10:30,intraday,PDBC,LONG,65,16.98,entry (LONG),+0.0000
2026-04-11 07:11:36,intraday,MCHI,LONG,101,57.17,entry (LONG),+0.0000
2026-04-11 07:11:36,intraday,VTV,LONG,13,201.31,entry (LONG),+0.0000
2026-04-11 07:11:37,intraday,EWY,LONG,17,138.78,entry (LONG),+0.0000
2026-04-11 07:11:38,intraday,IGV,SHORT,21,74.63,entry (SHORT),+0.0000
2026-04-11 07:11:39,intraday,PDBC,LONG,65,16.98,entry (LONG),+0.0000
2026-04-11 07:12:44,intraday,MCHI,LONG,101,57.17,entry (LONG),+0.0000
2026-04-11 07:12:45,intraday,VTV,LONG,13,201.31,entry (LONG),+0.0000
2026-04-11 07:12:46,intraday,EWY,LONG,17,138.78,entry (LONG),+0.0000
2026-04-11 07:12:47,intraday,IGV,SHORT,21,74.63,entry (SHORT),+0.0000
2026-04-11 07:12:47,intraday,PDBC,LONG,65,16.98,entry (LONG),+0.0000
2026-04-11 07:13:53,intraday,MCHI,LONG,101,57.17,entry (LONG),+0.0000
2026-04-11 07:13:53,intraday,VTV,LONG,13,201.31,entry (LONG),+0.0000
2026-04-11 07:13:54,intraday,EWY,LONG,17,138.78,entry (LONG),+0.0000
2026-04-11 07:13:55,intraday,IGV,SHORT,21,74.63,entry (SHORT),+0.0000
2026-04-11 07:13:56,intraday,PDBC,LONG,65,16.98,entry (LONG),+0.0000
2026-04-11 07:14:25,swing,CIBR,SHORT,70,60.74,entry (SHORT),+0.0000
2026-04-11 07:14:26,swing,USMV,SHORT,152,92.75,entry (SHORT),+0.0000
2026-04-11 07:14:28,swing,EWY,SHORT,20,138.73,entry (SHORT),+0.0000
2026-04-11 07:14:36,swing,IBIT,SHORT,94,41.56,entry (SHORT),+0.0000
2026-04-11 07:15:01,intraday,MCHI,LONG,101,57.17,entry (LONG),+0.0000
2026-04-11 07:15:02,intraday,VTV,LONG,13,201.31,entry (LONG),+0.0000
2026-04-11 07:15:03,intraday,EWY,LONG,17,138.78,entry (LONG),+0.0000
2026-04-11 07:15:03,intraday,IGV,SHORT,21,74.63,entry (SHORT),+0.0000
2026-04-11 07:15:04,intraday,PDBC,LONG,65,16.98,entry (LONG),+0.0000
2026-04-11 07:16:09,intraday,MCHI,LONG,101,57.17,entry (LONG),+0.0000
2026-04-11 07:16:10,intraday,VTV,LONG,13,201.31,entry (LONG),+0.0000
2026-04-11 07:16:11,intraday,EWY,LONG,17,138.78,entry (LONG),+0.0000
2026-04-11 07:16:12,intraday,IGV,SHORT,21,74.63,entry (SHORT),+0.0000
2026-04-11 07:16:12,intraday,PDBC,LONG,65,16.98,entry (LONG),+0.0000
2026-04-11 07:17:18,intraday,MCHI,LONG,101,57.17,entry (LONG),+0.0000
2026-04-11 07:17:19,intraday,VTV,LONG,13,201.31,entry (LONG),+0.0000
2026-04-11 07:17:20,intraday,EWY,LONG,17,138.78,entry (LONG),+0.0000
2026-04-11 07:17:20,intraday,IGV,SHORT,21,74.63,entry (SHORT),+0.0000
2026-04-11 07:17:21,intraday,PDBC,LONG,65,16.98,entry (LONG),+0.0000
2026-04-11 07:18:26,intraday,MCHI,LONG,101,57.17,entry (LONG),+0.0000
2026-04-11 07:18:27,intraday,VTV,LONG,13,201.31,entry (LONG),+0.0000
2026-04-11 07:18:28,intraday,EWY,LONG,17,138.78,entry (LONG),+0.0000
2026-04-11 07:18:29,intraday,IGV,SHORT,21,74.63,entry (SHORT),+0.0000
2026-04-11 07:18:29,intraday,PDBC,LONG,65,16.98,entry (LONG),+0.0000
2026-04-11 07:19:34,intraday,MCHI,LONG,101,57.17,entry (LONG),+0.0000
2026-04-11 07:19:35,intraday,VTV,LONG,13,201.31,entry (LONG),+0.0000
2026-04-11 07:19:36,intraday,EWY,LONG,17,138.78,entry (LONG),+0.0000
2026-04-11 07:19:37,intraday,IGV,SHORT,21,74.63,entry (SHORT),+0.0000
2026-04-11 07:19:37,intraday,PDBC,LONG,65,16.98,entry (LONG),+0.0000
2026-04-11 07:19:51,swing,CIBR,SHORT,70,60.74,entry (SHORT),+0.0000
2026-04-11 07:19:53,swing,USMV,SHORT,152,92.75,entry (SHORT),+0.0000
2026-04-11 07:19:55,swing,EWY,SHORT,20,138.73,entry (SHORT),+0.0000
2026-04-11 07:19:59,swing,IBIT,SHORT,94,41.56,entry (SHORT),+0.0000
2026-04-11 07:20:43,intraday,MCHI,LONG,101,57.17,entry (LONG),+0.0000
2026-04-11 07:20:44,intraday,VTV,LONG,13,201.31,entry (LONG),+0.0000
2026-04-11 07:20:44,intraday,EWY,LONG,17,138.78,entry (LONG),+0.0000
2026-04-11 07:20:45,intraday,IGV,SHORT,21,74.63,entry (SHORT),+0.0000
2026-04-11 07:20:46,intraday,PDBC,LONG,65,16.98,entry (LONG),+0.0000
2026-04-11 07:21:52,intraday,MCHI,LONG,101,57.17,entry (LONG),+0.0000
2026-04-11 07:21:53,intraday,VTV,LONG,13,201.31,entry (LONG),+0.0000
2026-04-11 07:21:54,intraday,EWY,LONG,17,138.78,entry (LONG),+0.0000
2026-04-11 07:21:55,intraday,IGV,SHORT,21,74.63,entry (SHORT),+0.0000
2026-04-11 07:21:56,intraday,PDBC,LONG,65,16.98,entry (LONG),+0.0000
2026-04-11 07:23:15,intraday,MCHI,LONG,101,57.17,entry (LONG),+0.0000
2026-04-11 07:23:16,intraday,VTV,LONG,13,201.31,entry (LONG),+0.0000
2026-04-11 07:23:17,intraday,EWY,LONG,17,138.78,entry (LONG),+0.0000
2026-04-11 07:23:18,intraday,IGV,SHORT,21,74.63,entry (SHORT),+0.0000
2026-04-11 07:23:18,intraday,PDBC,LONG,65,16.98,entry (LONG),+0.0000
2026-04-11 07:24:24,intraday,MCHI,LONG,101,57.17,entry (LONG),+0.0000
2026-04-11 07:24:24,intraday,VTV,LONG,13,201.31,entry (LONG),+0.0000
2026-04-11 07:24:25,intraday,EWY,LONG,17,138.78,entry (LONG),+0.0000
2026-04-11 07:24:26,intraday,IGV,SHORT,21,74.63,entry (SHORT),+0.0000
2026-04-11 07:24:27,intraday,PDBC,LONG,65,16.98,entry (LONG),+0.0000
2026-04-11 07:25:17,swing,CIBR,SHORT,70,60.74,entry (SHORT),+0.0000
2026-04-11 07:25:19,swing,USMV,SHORT,152,92.75,entry (SHORT),+0.0000
2026-04-11 07:25:21,swing,EWY,SHORT,20,138.73,entry (SHORT),+0.0000
2026-04-11 07:25:26,swing,IBIT,SHORT,94,41.56,entry (SHORT),+0.0000
2026-04-11 07:25:32,intraday,MCHI,LONG,101,57.17,entry (LONG),+0.0000
2026-04-11 07:25:33,intraday,VTV,LONG,13,201.31,entry (LONG),+0.0000
2026-04-11 07:25:34,intraday,EWY,LONG,17,138.78,entry (LONG),+0.0000
2026-04-11 07:25:34,intraday,IGV,SHORT,21,74.63,entry (SHORT),+0.0000
2026-04-11 07:25:35,intraday,PDBC,LONG,65,16.98,entry (LONG),+0.0000
2026-04-11 07:26:40,intraday,MCHI,LONG,101,57.17,entry (LONG),+0.0000
2026-04-11 07:26:41,intraday,VTV,LONG,13,201.31,entry (LONG),+0.0000
2026-04-11 07:26:42,intraday,EWY,LONG,17,138.78,entry (LONG),+0.0000
2026-04-11 07:26:43,intraday,IGV,SHORT,21,74.63,entry (SHORT),+0.0000
2026-04-11 07:26:43,intraday,PDBC,LONG,65,16.98,entry (LONG),+0.0000
2026-04-11 07:27:49,intraday,MCHI,LONG,101,57.17,entry (LONG),+0.0000
2026-04-11 07:27:50,intraday,VTV,LONG,13,201.31,entry (LONG),+0.0000
2026-04-11 07:27:51,intraday,EWY,LONG,17,138.78,entry (LONG),+0.0000
2026-04-11 07:27:52,intraday,IGV,SHORT,21,74.63,entry (SHORT),+0.0000
2026-04-11 07:27:53,intraday,PDBC,LONG,65,16.98,entry (LONG),+0.0000
2026-04-11 07:28:58,intraday,MCHI,LONG,101,57.17,entry (LONG),+0.0000
2026-04-11 07:28:59,intraday,VTV,LONG,13,201.31,entry (LONG),+0.0000
2026-04-11 07:29:00,intraday,EWY,LONG,17,138.78,entry (LONG),+0.0000
2026-04-11 07:29:01,intraday,IGV,SHORT,21,74.63,entry (SHORT),+0.0000
2026-04-11 07:29:01,intraday,PDBC,LONG,65,16.98,entry (LONG),+0.0000
2026-04-11 07:30:07,intraday,MCHI,LONG,101,57.17,entry (LONG),+0.0000
2026-04-11 07:30:08,intraday,VTV,LONG,13,201.31,entry (LONG),+0.0000
2026-04-11 07:30:09,intraday,EWY,LONG,17,138.78,entry (LONG),+0.0000
2026-04-11 07:30:09,intraday,IGV,SHORT,21,74.63,entry (SHORT),+0.0000
2026-04-11 07:30:10,intraday,PDBC,LONG,65,16.98,entry (LONG),+0.0000
2026-04-11 07:30:41,swing,CIBR,SHORT,76,60.74,entry (SHORT),+0.0000
2026-04-11 07:30:43,swing,USMV,SHORT,152,92.75,entry (SHORT),+0.0000
2026-04-11 07:30:45,swing,EWY,SHORT,20,138.73,entry (SHORT),+0.0000
2026-04-11 07:30:50,swing,IBIT,SHORT,94,41.56,entry (SHORT),+0.0000
2026-04-11 07:31:16,intraday,MCHI,LONG,101,57.17,entry (LONG),+0.0000
2026-04-11 07:31:16,intraday,VTV,LONG,13,201.31,entry (LONG),+0.0000
2026-04-11 07:31:17,intraday,EWY,LONG,17,138.78,entry (LONG),+0.0000
2026-04-11 07:31:18,intraday,IGV,SHORT,21,74.63,entry (SHORT),+0.0000
2026-04-11 07:31:19,intraday,PDBC,LONG,65,16.98,entry (LONG),+0.0000
2026-04-11 07:32:24,intraday,MCHI,LONG,101,57.17,entry (LONG),+0.0000
2026-04-11 07:32:25,intraday,VTV,LONG,13,201.31,entry (LONG),+0.0000
2026-04-11 07:32:25,intraday,EWY,LONG,17,138.78,entry (LONG),+0.0000
2026-04-11 07:32:26,intraday,IGV,SHORT,21,74.63,entry (SHORT),+0.0000
2026-04-11 07:32:27,intraday,PDBC,LONG,65,16.98,entry (LONG),+0.0000
2026-04-11 07:33:32,intraday,MCHI,LONG,101,57.17,entry (LONG),+0.0000
2026-04-11 07:33:33,intraday,VTV,LONG,13,201.31,entry (LONG),+0.0000
2026-04-11 07:33:34,intraday,EWY,LONG,17,138.78,entry (LONG),+0.0000
2026-04-11 07:33:35,intraday,IGV,SHORT,21,74.63,entry (SHORT),+0.0000
2026-04-11 07:33:36,intraday,PDBC,LONG,65,16.98,entry (LONG),+0.0000
2026-04-11 07:34:41,intraday,MCHI,LONG,101,57.17,entry (LONG),+0.0000
2026-04-11 07:34:42,intraday,VTV,LONG,13,201.31,entry (LONG),+0.0000
2026-04-11 07:34:42,intraday,EWY,LONG,17,138.78,entry (LONG),+0.0000
2026-04-11 07:34:43,intraday,IGV,SHORT,21,74.63,entry (SHORT),+0.0000
2026-04-11 07:34:44,intraday,PDBC,LONG,65,16.98,entry (LONG),+0.0000
2026-04-11 07:35:49,intraday,MCHI,LONG,101,57.17,entry (LONG),+0.0000
2026-04-11 07:35:50,intraday,VTV,LONG,13,201.31,entry (LONG),+0.0000
2026-04-11 07:35:51,intraday,EWY,LONG,17,138.78,entry (LONG),+0.0000
2026-04-11 07:35:52,intraday,IGV,SHORT,21,74.63,entry (SHORT),+0.0000
2026-04-11 07:35:53,intraday,PDBC,LONG,65,16.98,entry (LONG),+0.0000
2026-04-11 07:36:06,swing,CIBR,SHORT,70,60.74,entry (SHORT),+0.0000
2026-04-11 07:36:08,swing,USMV,SHORT,152,92.75,entry (SHORT),+0.0000
2026-04-11 07:36:10,swing,EWY,SHORT,20,138.73,entry (SHORT),+0.0000
2026-04-11 07:36:15,swing,IBIT,SHORT,94,41.56,entry (SHORT),+0.0000
2026-04-11 07:36:58,intraday,MCHI,LONG,101,57.17,entry (LONG),+0.0000
2026-04-11 07:36:59,intraday,VTV,LONG,13,201.31,entry (LONG),+0.0000
2026-04-11 07:37:00,intraday,EWY,LONG,17,138.78,entry (LONG),+0.0000
2026-04-11 07:37:01,intraday,IGV,SHORT,21,74.63,entry (SHORT),+0.0000
2026-04-11 07:37:02,intraday,PDBC,LONG,65,16.98,entry (LONG),+0.0000
2026-04-11 07:38:08,intraday,MCHI,LONG,101,57.17,entry (LONG),+0.0000
2026-04-11 07:38:09,intraday,VTV,LONG,13,201.31,entry (LONG),+0.0000
2026-04-11 07:38:09,intraday,EWY,LONG,17,138.78,entry (LONG),+0.0000
2026-04-11 07:38:10,intraday,IGV,SHORT,21,74.63,entry (SHORT),+0.0000
2026-04-11 07:38:11,intraday,PDBC,LONG,65,16.98,entry (LONG),+0.0000
2026-04-11 07:39:16,intraday,MCHI,LONG,101,57.17,entry (LONG),+0.0000
2026-04-11 07:39:17,intraday,VTV,LONG,13,201.31,entry (LONG),+0.0000
2026-04-11 07:39:18,intraday,EWY,LONG,17,138.78,entry (LONG),+0.0000
2026-04-11 07:39:19,intraday,IGV,SHORT,21,74.63,entry (SHORT),+0.0000
2026-04-11 07:39:20,intraday,PDBC,LONG,65,16.98,entry (LONG),+0.0000
2026-04-11 07:40:27,intraday,MCHI,LONG,101,57.17,entry (LONG),+0.0000
2026-04-11 07:40:28,intraday,VTV,LONG,13,201.31,entry (LONG),+0.0000
2026-04-11 07:40:28,intraday,EWY,LONG,17,138.78,entry (LONG),+0.0000
2026-04-11 07:40:29,intraday,IGV,SHORT,21,74.63,entry (SHORT),+0.0000
2026-04-11 07:40:30,intraday,PDBC,LONG,65,16.98,entry (LONG),+0.0000
2026-04-11 07:41:30,swing,CIBR,SHORT,70,60.74,entry (SHORT),+0.0000
2026-04-11 07:41:32,swing,USMV,SHORT,152,92.75,entry (SHORT),+0.0000
2026-04-11 07:41:34,swing,EWY,SHORT,20,138.73,entry (SHORT),+0.0000
2026-04-11 07:41:35,intraday,MCHI,LONG,101,57.17,entry (LONG),+0.0000
2026-04-11 07:41:36,intraday,VTV,LONG,13,201.31,entry (LONG),+0.0000
2026-04-11 07:41:37,intraday,EWY,LONG,17,138.78,entry (LONG),+0.0000
2026-04-11 07:41:37,intraday,IGV,SHORT,21,74.63,entry (SHORT),+0.0000
2026-04-11 07:41:38,intraday,PDBC,LONG,65,16.98,entry (LONG),+0.0000
2026-04-11 07:41:40,swing,IBIT,SHORT,94,41.56,entry (SHORT),+0.0000
2026-04-11 07:42:44,intraday,MCHI,LONG,101,57.17,entry (LONG),+0.0000
2026-04-11 07:42:45,intraday,VTV,LONG,13,201.31,entry (LONG),+0.0000
2026-04-11 07:42:45,intraday,EWY,LONG,17,138.78,entry (LONG),+0.0000
2026-04-11 07:42:46,intraday,IGV,SHORT,21,74.63,entry (SHORT),+0.0000
2026-04-11 07:42:47,intraday,PDBC,LONG,65,16.98,entry (LONG),+0.0000
2026-04-11 07:43:52,intraday,MCHI,LONG,101,57.17,entry (LONG),+0.0000
2026-04-11 07:43:53,intraday,VTV,LONG,13,201.31,entry (LONG),+0.0000
2026-04-11 07:43:54,intraday,EWY,LONG,17,138.78,entry (LONG),+0.0000
2026-04-11 07:43:55,intraday,IGV,SHORT,21,74.63,entry (SHORT),+0.0000
2026-04-11 07:43:55,intraday,PDBC,LONG,65,16.98,entry (LONG),+0.0000
2026-04-11 07:45:01,intraday,MCHI,LONG,101,57.17,entry (LONG),+0.0000
2026-04-11 07:45:02,intraday,VTV,LONG,13,201.31,entry (LONG),+0.0000
2026-04-11 07:45:03,intraday,EWY,LONG,17,138.78,entry (LONG),+0.0000
2026-04-11 07:45:03,intraday,IGV,SHORT,21,74.63,entry (SHORT),+0.0000
2026-04-11 07:45:04,intraday,PDBC,LONG,65,16.98,entry (LONG),+0.0000
2026-04-11 07:46:10,intraday,MCHI,LONG,101,57.17,entry (LONG),+0.0000
2026-04-11 07:46:10,intraday,VTV,LONG,13,201.31,entry (LONG),+0.0000
2026-04-11 07:46:11,intraday,EWY,LONG,17,138.78,entry (LONG),+0.0000
2026-04-11 07:46:12,intraday,IGV,SHORT,21,74.63,entry (SHORT),+0.0000
2026-04-11 07:46:13,intraday,PDBC,LONG,65,16.98,entry (LONG),+0.0000
2026-04-11 07:46:57,swing,CIBR,SHORT,70,60.74,entry (SHORT),+0.0000
2026-04-11 07:46:58,swing,USMV,SHORT,152,92.75,entry (SHORT),+0.0000
2026-04-11 07:47:00,swing,EWY,SHORT,20,138.73,entry (SHORT),+0.0000
2026-04-11 07:47:06,swing,IBIT,SHORT,94,41.56,entry (SHORT),+0.0000
2026-04-11 07:47:18,intraday,MCHI,LONG,101,57.17,entry (LONG),+0.0000
2026-04-11 07:47:19,intraday,VTV,LONG,13,201.31,entry (LONG),+0.0000
2026-04-11 07:47:20,intraday,EWY,LONG,17,138.78,entry (LONG),+0.0000
2026-04-11 07:47:20,intraday,IGV,SHORT,21,74.63,entry (SHORT),+0.0000
2026-04-11 07:47:21,intraday,PDBC,LONG,65,16.98,entry (LONG),+0.0000
2026-04-11 07:48:26,intraday,MCHI,LONG,101,57.17,entry (LONG),+0.0000
2026-04-11 07:48:27,intraday,VTV,LONG,13,201.31,entry (LONG),+0.0000
2026-04-11 07:48:28,intraday,EWY,LONG,17,138.78,entry (LONG),+0.0000
2026-04-11 07:48:29,intraday,IGV,SHORT,21,74.63,entry (SHORT),+0.0000
2026-04-11 07:48:29,intraday,PDBC,LONG,65,16.98,entry (LONG),+0.0000
2026-04-11 07:49:35,intraday,MCHI,LONG,101,57.17,entry (LONG),+0.0000
2026-04-11 07:49:36,intraday,VTV,LONG,13,201.31,entry (LONG),+0.0000
2026-04-11 07:49:37,intraday,EWY,LONG,17,138.78,entry (LONG),+0.0000
2026-04-11 07:49:38,intraday,IGV,SHORT,21,74.63,entry (SHORT),+0.0000
2026-04-11 07:49:39,intraday,PDBC,LONG,65,16.98,entry (LONG),+0.0000
2026-04-11 07:50:45,intraday,MCHI,LONG,101,57.17,entry (LONG),+0.0000
2026-04-11 07:50:45,intraday,VTV,LONG,13,201.31,entry (LONG),+0.0000
2026-04-11 07:50:46,intraday,EWY,LONG,17,138.78,entry (LONG),+0.0000
2026-04-11 07:50:47,intraday,IGV,SHORT,21,74.63,entry (SHORT),+0.0000
2026-04-11 07:50:48,intraday,PDBC,LONG,65,16.98,entry (LONG),+0.0000
2026-04-11 07:51:53,intraday,MCHI,LONG,101,57.17,entry (LONG),+0.0000
2026-04-11 07:51:54,intraday,VTV,LONG,13,201.31,entry (LONG),+0.0000
2026-04-11 07:51:55,intraday,EWY,LONG,17,138.78,entry (LONG),+0.0000
2026-04-11 07:51:56,intraday,IGV,SHORT,21,74.63,entry (SHORT),+0.0000
2026-04-11 07:51:56,intraday,PDBC,LONG,65,16.98,entry (LONG),+0.0000
2026-04-11 07:52:24,swing,CIBR,SHORT,70,60.74,entry (SHORT),+0.0000
2026-04-11 07:52:25,swing,USMV,SHORT,152,92.75,entry (SHORT),+0.0000
2026-04-11 07:52:27,swing,EWY,SHORT,20,138.73,entry (SHORT),+0.0000
2026-04-11 07:52:32,swing,IBIT,SHORT,94,41.56,entry (SHORT),+0.0000
2026-04-11 07:53:02,intraday,MCHI,LONG,101,57.17,entry (LONG),+0.0000
2026-04-11 07:53:03,intraday,VTV,LONG,13,201.31,entry (LONG),+0.0000
2026-04-11 07:53:04,intraday,EWY,LONG,17,138.78,entry (LONG),+0.0000
2026-04-11 07:53:04,intraday,IGV,SHORT,21,74.63,entry (SHORT),+0.0000
2026-04-11 07:53:05,intraday,PDBC,LONG,65,16.98,entry (LONG),+0.0000
2026-04-11 07:54:11,intraday,MCHI,LONG,101,57.17,entry (LONG),+0.0000
2026-04-11 07:54:11,intraday,VTV,LONG,13,201.31,entry (LONG),+0.0000
2026-04-11 07:54:12,intraday,EWY,LONG,17,138.78,entry (LONG),+0.0000
2026-04-11 07:54:13,intraday,IGV,SHORT,21,74.63,entry (SHORT),+0.0000
2026-04-11 07:54:14,intraday,PDBC,LONG,65,16.98,entry (LONG),+0.0000
2026-04-11 07:55:19,intraday,MCHI,LONG,101,57.17,entry (LONG),+0.0000
2026-04-11 07:55:20,intraday,VTV,LONG,13,201.31,entry (LONG),+0.0000
2026-04-11 07:55:21,intraday,EWY,LONG,17,138.78,entry (LONG),+0.0000
2026-04-11 07:55:22,intraday,IGV,SHORT,21,74.63,entry (SHORT),+0.0000
2026-04-11 07:55:22,intraday,PDBC,LONG,65,16.98,entry (LONG),+0.0000
2026-04-11 07:56:28,intraday,MCHI,LONG,101,57.17,entry (LONG),+0.0000
2026-04-11 07:56:29,intraday,VTV,LONG,13,201.31,entry (LONG),+0.0000
2026-04-11 07:56:30,intraday,EWY,LONG,17,138.78,entry (LONG),+0.0000
2026-04-11 07:56:30,intraday,IGV,SHORT,21,74.63,entry (SHORT),+0.0000
2026-04-11 07:56:31,intraday,PDBC,LONG,65,16.98,entry (LONG),+0.0000
2026-04-11 07:57:39,intraday,MCHI,LONG,101,57.17,entry (LONG),+0.0000
2026-04-11 07:57:40,intraday,VTV,LONG,13,201.31,entry (LONG),+0.0000
2026-04-11 07:57:41,intraday,EWY,LONG,17,138.78,entry (LONG),+0.0000
2026-04-11 07:57:41,intraday,IGV,SHORT,21,74.63,entry (SHORT),+0.0000
2026-04-11 07:57:42,intraday,PDBC,LONG,65,16.98,entry (LONG),+0.0000
2026-04-11 07:57:50,swing,CIBR,SHORT,70,60.74,entry (SHORT),+0.0000
2026-04-11 07:57:52,swing,USMV,SHORT,152,92.75,entry (SHORT),+0.0000
2026-04-11 07:57:53,swing,EWY,SHORT,20,138.73,entry (SHORT),+0.0000
2026-04-11 07:57:58,swing,IBIT,SHORT,94,41.56,entry (SHORT),+0.0000
2026-04-11 07:58:48,intraday,MCHI,LONG,101,57.17,entry (LONG),+0.0000
2026-04-11 07:58:49,intraday,VTV,LONG,13,201.31,entry (LONG),+0.0000
2026-04-11 07:58:50,intraday,EWY,LONG,17,138.78,entry (LONG),+0.0000
2026-04-11 07:58:50,intraday,IGV,SHORT,21,74.63,entry (SHORT),+0.0000
2026-04-11 07:58:51,intraday,PDBC,LONG,65,16.98,entry (LONG),+0.0000
2026-04-11 07:59:57,intraday,MCHI,LONG,101,57.17,entry (LONG),+0.0000
2026-04-11 07:59:57,intraday,VTV,LONG,13,201.31,entry (LONG),+0.0000
2026-04-11 07:59:58,intraday,EWY,LONG,17,138.78,entry (LONG),+0.0000
2026-04-11 07:59:59,intraday,IGV,SHORT,21,74.63,entry (SHORT),+0.0000
2026-04-11 08:00:00,intraday,PDBC,LONG,65,16.98,entry (LONG),+0.0000
2026-04-11 08:01:05,intraday,MCHI,LONG,101,57.17,entry (LONG),+0.0000
2026-04-11 08:01:06,intraday,VTV,LONG,13,201.31,entry (LONG),+0.0000
2026-04-11 08:01:06,intraday,EWY,LONG,17,138.78,entry (LONG),+0.0000
2026-04-11 08:01:07,intraday,IGV,SHORT,21,74.63,entry (SHORT),+0.0000
2026-04-11 08:01:08,intraday,PDBC,LONG,65,16.98,entry (LONG),+0.0000
2026-04-11 08:02:13,intraday,MCHI,LONG,101,57.17,entry (LONG),+0.0000
2026-04-11 08:02:14,intraday,VTV,LONG,13,201.31,entry (LONG),+0.0000
2026-04-11 08:02:15,intraday,EWY,LONG,17,138.78,entry (LONG),+0.0000
2026-04-11 08:02:16,intraday,IGV,SHORT,21,74.63,entry (SHORT),+0.0000
2026-04-11 08:02:16,intraday,PDBC,LONG,65,16.98,entry (LONG),+0.0000
2026-04-11 08:03:14,swing,CIBR,SHORT,70,60.74,entry (SHORT),+0.0000
2026-04-11 08:03:16,swing,USMV,SHORT,152,92.75,entry (SHORT),+0.0000
2026-04-11 08:03:18,swing,EWY,SHORT,20,138.73,entry (SHORT),+0.0000
2026-04-11 08:03:21,intraday,MCHI,LONG,101,57.17,entry (LONG),+0.0000
2026-04-11 08:03:22,swing,IBIT,SHORT,94,41.56,entry (SHORT),+0.0000
2026-04-11 08:03:22,intraday,VTV,LONG,13,201.31,entry (LONG),+0.0000
2026-04-11 08:03:23,intraday,EWY,LONG,17,138.78,entry (LONG),+0.0000
2026-04-11 08:03:24,intraday,IGV,SHORT,21,74.63,entry (SHORT),+0.0000
2026-04-11 08:03:25,intraday,PDBC,LONG,65,16.98,entry (LONG),+0.0000
2026-04-11 08:04:30,intraday,MCHI,LONG,101,57.17,entry (LONG),+0.0000
2026-04-11 08:04:31,intraday,VTV,LONG,13,201.31,entry (LONG),+0.0000
2026-04-11 08:04:32,intraday,EWY,LONG,17,138.78,entry (LONG),+0.0000
2026-04-11 08:04:32,intraday,IGV,SHORT,21,74.63,entry (SHORT),+0.0000
2026-04-11 08:04:33,intraday,PDBC,LONG,65,16.98,entry (LONG),+0.0000
2026-04-11 08:05:39,intraday,MCHI,LONG,101,57.17,entry (LONG),+0.0000
2026-04-11 08:05:40,intraday,VTV,LONG,13,201.31,entry (LONG),+0.0000
2026-04-11 08:05:41,intraday,EWY,LONG,17,138.78,entry (LONG),+0.0000
2026-04-11 08:05:42,intraday,IGV,SHORT,21,74.63,entry (SHORT),+0.0000
2026-04-11 08:05:43,intraday,PDBC,LONG,65,16.98,entry (LONG),+0.0000
2026-04-11 08:06:48,intraday,MCHI,LONG,101,57.17,entry (LONG),+0.0000
2026-04-11 08:06:49,intraday,VTV,LONG,13,201.31,entry (LONG),+0.0000
2026-04-11 08:06:50,intraday,EWY,LONG,17,138.78,entry (LONG),+0.0000
2026-04-11 08:06:51,intraday,IGV,SHORT,21,74.63,entry (SHORT),+0.0000
2026-04-11 08:06:51,intraday,PDBC,LONG,65,16.98,entry (LONG),+0.0000
2026-04-11 08:07:57,intraday,MCHI,LONG,101,57.17,entry (LONG),+0.0000
2026-04-11 08:07:58,intraday,VTV,LONG,13,201.31,entry (LONG),+0.0000
2026-04-11 08:07:58,intraday,EWY,LONG,17,138.78,entry (LONG),+0.0000
2026-04-11 08:07:59,intraday,IGV,SHORT,21,74.63,entry (SHORT),+0.0000
2026-04-11 08:08:00,intraday,PDBC,LONG,65,16.98,entry (LONG),+0.0000
2026-04-11 08:08:39,swing,CIBR,SHORT,70,60.74,entry (SHORT),+0.0000
2026-04-11 08:08:41,swing,USMV,SHORT,152,92.75,entry (SHORT),+0.0000
2026-04-11 08:08:43,swing,EWY,SHORT,20,138.73,entry (SHORT),+0.0000
2026-04-11 08:08:48,swing,IBIT,SHORT,94,41.56,entry (SHORT),+0.0000
2026-04-11 08:09:06,intraday,MCHI,LONG,101,57.17,entry (LONG),+0.0000
2026-04-11 08:09:07,intraday,VTV,LONG,13,201.31,entry (LONG),+0.0000
2026-04-11 08:09:07,intraday,EWY,LONG,17,138.78,entry (LONG),+0.0000
2026-04-11 08:09:08,intraday,IGV,SHORT,21,74.63,entry (SHORT),+0.0000
2026-04-11 08:09:09,intraday,PDBC,LONG,65,16.98,entry (LONG),+0.0000
2026-04-11 08:10:14,intraday,MCHI,LONG,101,57.17,entry (LONG),+0.0000
2026-04-11 08:10:15,intraday,VTV,LONG,13,201.31,entry (LONG),+0.0000
2026-04-11 08:10:16,intraday,EWY,LONG,17,138.78,entry (LONG),+0.0000
2026-04-11 08:10:17,intraday,IGV,SHORT,21,74.63,entry (SHORT),+0.0000
2026-04-11 08:10:18,intraday,PDBC,LONG,65,16.98,entry (LONG),+0.0000
2026-04-11 08:11:23,intraday,MCHI,LONG,101,57.17,entry (LONG),+0.0000
2026-04-11 08:11:24,intraday,VTV,LONG,13,201.31,entry (LONG),+0.0000
2026-04-11 08:11:25,intraday,EWY,LONG,17,138.78,entry (LONG),+0.0000
2026-04-11 08:11:26,intraday,IGV,SHORT,21,74.63,entry (SHORT),+0.0000
2026-04-11 08:11:26,intraday,PDBC,LONG,65,16.98,entry (LONG),+0.0000
2026-04-11 08:12:32,intraday,MCHI,LONG,101,57.17,entry (LONG),+0.0000
2026-04-11 08:12:32,intraday,VTV,LONG,13,201.31,entry (LONG),+0.0000
2026-04-11 08:12:33,intraday,EWY,LONG,17,138.78,entry (LONG),+0.0000
2026-04-11 08:12:34,intraday,IGV,SHORT,21,74.63,entry (SHORT),+0.0000
2026-04-11 08:12:35,intraday,PDBC,LONG,65,16.98,entry (LONG),+0.0000
2026-04-11 08:13:41,intraday,MCHI,LONG,101,57.17,entry (LONG),+0.0000
2026-04-11 08:13:42,intraday,VTV,LONG,13,201.31,entry (LONG),+0.0000
2026-04-11 08:13:43,intraday,EWY,LONG,17,138.78,entry (LONG),+0.0000
2026-04-11 08:13:43,intraday,IGV,SHORT,21,74.63,entry (SHORT),+0.0000
2026-04-11 08:13:44,intraday,PDBC,LONG,65,16.98,entry (LONG),+0.0000
2026-04-11 08:14:06,swing,CIBR,SHORT,70,60.74,entry (SHORT),+0.0000
2026-04-11 08:14:08,swing,USMV,SHORT,152,92.75,entry (SHORT),+0.0000
2026-04-11 08:14:10,swing,EWY,SHORT,20,138.73,entry (SHORT),+0.0000
2026-04-11 08:14:15,swing,IBIT,SHORT,94,41.56,entry (SHORT),+0.0000
2026-04-11 08:14:50,intraday,MCHI,LONG,101,57.17,entry (LONG),+0.0000
2026-04-11 08:14:50,intraday,VTV,LONG,13,201.31,entry (LONG),+0.0000
2026-04-11 08:14:51,intraday,EWY,LONG,17,138.78,entry (LONG),+0.0000
2026-04-11 08:14:52,intraday,IGV,SHORT,21,74.63,entry (SHORT),+0.0000
2026-04-11 08:14:53,intraday,PDBC,LONG,65,16.98,entry (LONG),+0.0000
2026-04-11 08:15:58,intraday,MCHI,LONG,101,57.17,entry (LONG),+0.0000
2026-04-11 08:16:00,intraday,VTV,LONG,13,201.31,entry (LONG),+0.0000
2026-04-11 08:16:01,intraday,EWY,LONG,17,138.78,entry (LONG),+0.0000
2026-04-11 08:16:02,intraday,IGV,SHORT,21,74.63,entry (SHORT),+0.0000
2026-04-11 08:16:02,intraday,PDBC,LONG,65,16.98,entry (LONG),+0.0000
2026-04-11 08:17:08,intraday,MCHI,LONG,101,57.17,entry (LONG),+0.0000
2026-04-11 08:17:09,intraday,VTV,LONG,13,201.31,entry (LONG),+0.0000
2026-04-11 08:17:10,intraday,EWY,LONG,17,138.78,entry (LONG),+0.0000
2026-04-11 08:17:10,intraday,IGV,SHORT,21,74.63,entry (SHORT),+0.0000
2026-04-11 08:17:11,intraday,PDBC,LONG,65,16.98,entry (LONG),+0.0000
2026-04-11 08:18:17,intraday,MCHI,LONG,101,57.17,entry (LONG),+0.0000
2026-04-11 08:18:17,intraday,VTV,LONG,13,201.31,entry (LONG),+0.0000
2026-04-11 08:18:18,intraday,EWY,LONG,17,138.78,entry (LONG),+0.0000
2026-04-11 08:18:19,intraday,IGV,SHORT,21,74.63,entry (SHORT),+0.0000
2026-04-11 08:18:20,intraday,PDBC,LONG,65,16.98,entry (LONG),+0.0000
2026-04-11 08:19:25,intraday,MCHI,LONG,101,57.17,entry (LONG),+0.0000
2026-04-11 08:19:26,intraday,VTV,LONG,13,201.31,entry (LONG),+0.0000
2026-04-11 08:19:27,intraday,EWY,LONG,17,138.78,entry (LONG),+0.0000
2026-04-11 08:19:27,intraday,IGV,SHORT,21,74.63,entry (SHORT),+0.0000
2026-04-11 08:19:28,intraday,PDBC,LONG,65,16.98,entry (LONG),+0.0000
2026-04-11 08:19:34,swing,CIBR,SHORT,70,60.74,entry (SHORT),+0.0000
2026-04-11 08:19:36,swing,USMV,SHORT,152,92.75,entry (SHORT),+0.0000
2026-04-11 08:19:38,swing,EWY,SHORT,20,138.73,entry (SHORT),+0.0000
2026-04-11 08:19:42,swing,IBIT,SHORT,94,41.56,entry (SHORT),+0.0000
2026-04-11 08:20:34,intraday,MCHI,LONG,101,57.17,entry (LONG),+0.0000
2026-04-11 08:20:35,intraday,VTV,LONG,13,201.31,entry (LONG),+0.0000
2026-04-11 08:20:36,intraday,EWY,LONG,17,138.78,entry (LONG),+0.0000
2026-04-11 08:20:36,intraday,IGV,SHORT,21,74.63,entry (SHORT),+0.0000
2026-04-11 08:20:37,intraday,PDBC,LONG,65,16.98,entry (LONG),+0.0000
2026-04-11 08:21:42,intraday,MCHI,LONG,101,57.17,entry (LONG),+0.0000
2026-04-11 08:21:43,intraday,VTV,LONG,13,201.31,entry (LONG),+0.0000
2026-04-11 08:21:44,intraday,EWY,LONG,17,138.78,entry (LONG),+0.0000
2026-04-11 08:21:45,intraday,IGV,SHORT,21,74.63,entry (SHORT),+0.0000
2026-04-11 08:21:46,intraday,PDBC,LONG,65,16.98,entry (LONG),+0.0000
2026-04-11 08:22:51,intraday,MCHI,LONG,101,57.17,entry (LONG),+0.0000
2026-04-11 08:22:52,intraday,VTV,LONG,13,201.31,entry (LONG),+0.0000
2026-04-11 08:22:53,intraday,EWY,LONG,17,138.78,entry (LONG),+0.0000
2026-04-11 08:22:54,intraday,IGV,SHORT,21,74.63,entry (SHORT),+0.0000
2026-04-11 08:22:55,intraday,PDBC,LONG,65,16.98,entry (LONG),+0.0000
2026-04-11 08:24:14,intraday,MCHI,LONG,101,57.17,entry (LONG),+0.0000
2026-04-11 08:24:14,intraday,VTV,LONG,13,201.31,entry (LONG),+0.0000
2026-04-11 08:24:15,intraday,EWY,LONG,17,138.78,entry (LONG),+0.0000
2026-04-11 08:24:16,intraday,IGV,SHORT,21,74.63,entry (SHORT),+0.0000
2026-04-11 08:24:17,intraday,PDBC,LONG,65,16.98,entry (LONG),+0.0000
2026-04-11 08:24:59,swing,CIBR,SHORT,70,60.74,entry (SHORT),+0.0000
2026-04-11 08:25:01,swing,USMV,SHORT,152,92.75,entry (SHORT),+0.0000
2026-04-11 08:25:02,swing,EWY,SHORT,20,138.73,entry (SHORT),+0.0000
2026-04-11 08:25:07,swing,IBIT,SHORT,94,41.56,entry (SHORT),+0.0000
2026-04-11 08:25:22,intraday,MCHI,LONG,101,57.17,entry (LONG),+0.0000
2026-04-11 08:25:23,intraday,VTV,LONG,13,201.31,entry (LONG),+0.0000
2026-04-11 08:25:24,intraday,EWY,LONG,17,138.78,entry (LONG),+0.0000
2026-04-11 08:25:25,intraday,IGV,SHORT,21,74.63,entry (SHORT),+0.0000
2026-04-11 08:25:25,intraday,PDBC,LONG,65,16.98,entry (LONG),+0.0000
2026-04-11 08:26:31,intraday,MCHI,LONG,101,57.17,entry (LONG),+0.0000
2026-04-11 08:26:32,intraday,VTV,LONG,13,201.31,entry (LONG),+0.0000
2026-04-11 08:26:33,intraday,EWY,LONG,17,138.78,entry (LONG),+0.0000
2026-04-11 08:26:34,intraday,IGV,SHORT,21,74.63,entry (SHORT),+0.0000
2026-04-11 08:26:34,intraday,PDBC,LONG,65,16.98,entry (LONG),+0.0000
2026-04-11 08:27:39,intraday,MCHI,LONG,101,57.17,entry (LONG),+0.0000
2026-04-11 08:27:40,intraday,VTV,LONG,13,201.31,entry (LONG),+0.0000
2026-04-11 08:27:41,intraday,EWY,LONG,17,138.78,entry (LONG),+0.0000
2026-04-11 08:27:42,intraday,IGV,SHORT,21,74.63,entry (SHORT),+0.0000
2026-04-11 08:27:42,intraday,PDBC,LONG,65,16.98,entry (LONG),+0.0000
2026-04-11 08:28:48,intraday,MCHI,LONG,101,57.17,entry (LONG),+0.0000
2026-04-11 08:28:48,intraday,VTV,LONG,13,201.31,entry (LONG),+0.0000
2026-04-11 08:28:49,intraday,EWY,LONG,17,138.78,entry (LONG),+0.0000
2026-04-11 08:28:50,intraday,IGV,SHORT,21,74.63,entry (SHORT),+0.0000
2026-04-11 08:28:51,intraday,PDBC,LONG,65,16.98,entry (LONG),+0.0000
2026-04-11 08:29:56,intraday,MCHI,LONG,101,57.17,entry (LONG),+0.0000
2026-04-11 08:29:57,intraday,VTV,LONG,13,201.31,entry (LONG),+0.0000
2026-04-11 08:29:58,intraday,EWY,LONG,17,138.78,entry (LONG),+0.0000
2026-04-11 08:29:58,intraday,IGV,SHORT,21,74.63,entry (SHORT),+0.0000
2026-04-11 08:29:59,intraday,PDBC,LONG,65,16.98,entry (LONG),+0.0000
2026-04-11 08:30:25,swing,CIBR,SHORT,70,60.74,entry (SHORT),+0.0000
2026-04-11 08:30:27,swing,USMV,SHORT,152,92.75,entry (SHORT),+0.0000
2026-04-11 08:30:29,swing,EWY,SHORT,20,138.73,entry (SHORT),+0.0000
2026-04-11 08:30:33,swing,IBIT,SHORT,94,41.56,entry (SHORT),+0.0000
2026-04-11 08:31:05,intraday,MCHI,LONG,101,57.17,entry (LONG),+0.0000
2026-04-11 08:31:05,intraday,VTV,LONG,13,201.31,entry (LONG),+0.0000
2026-04-11 08:31:06,intraday,EWY,LONG,17,138.78,entry (LONG),+0.0000
2026-04-11 08:31:07,intraday,IGV,SHORT,21,74.63,entry (SHORT),+0.0000
2026-04-11 08:31:08,intraday,PDBC,LONG,65,16.98,entry (LONG),+0.0000
2026-04-11 08:32:13,intraday,MCHI,LONG,101,57.17,entry (LONG),+0.0000
2026-04-11 08:32:14,intraday,VTV,LONG,13,201.31,entry (LONG),+0.0000
2026-04-11 08:32:15,intraday,EWY,LONG,17,138.78,entry (LONG),+0.0000
2026-04-11 08:32:15,intraday,IGV,SHORT,21,74.63,entry (SHORT),+0.0000
2026-04-11 08:32:16,intraday,PDBC,LONG,65,16.98,entry (LONG),+0.0000
2026-04-11 08:33:22,intraday,MCHI,LONG,101,57.17,entry (LONG),+0.0000
2026-04-11 08:33:23,intraday,VTV,LONG,13,201.31,entry (LONG),+0.0000
2026-04-11 08:33:23,intraday,EWY,LONG,17,138.78,entry (LONG),+0.0000
2026-04-11 08:33:24,intraday,IGV,SHORT,21,74.63,entry (SHORT),+0.0000
2026-04-11 08:33:25,intraday,PDBC,LONG,65,16.98,entry (LONG),+0.0000
2026-04-11 08:34:31,intraday,MCHI,LONG,101,57.17,entry (LONG),+0.0000
2026-04-11 08:34:31,intraday,VTV,LONG,13,201.31,entry (LONG),+0.0000
2026-04-11 08:34:32,intraday,EWY,LONG,17,138.78,entry (LONG),+0.0000
2026-04-11 08:34:33,intraday,IGV,SHORT,21,74.63,entry (SHORT),+0.0000
2026-04-11 08:34:34,intraday,PDBC,LONG,65,16.98,entry (LONG),+0.0000
2026-04-11 08:35:39,intraday,MCHI,LONG,101,57.17,entry (LONG),+0.0000
2026-04-11 08:35:40,intraday,VTV,LONG,13,201.31,entry (LONG),+0.0000
2026-04-11 08:35:41,intraday,EWY,LONG,17,138.78,entry (LONG),+0.0000
2026-04-11 08:35:42,intraday,IGV,SHORT,21,74.63,entry (SHORT),+0.0000
2026-04-11 08:35:42,intraday,PDBC,LONG,65,16.98,entry (LONG),+0.0000
2026-04-11 08:35:49,swing,CIBR,SHORT,70,60.74,entry (SHORT),+0.0000
2026-04-11 08:35:51,swing,USMV,SHORT,152,92.75,entry (SHORT),+0.0000
2026-04-11 08:35:53,swing,EWY,SHORT,20,138.73,entry (SHORT),+0.0000
2026-04-11 08:36:00,swing,IBIT,SHORT,94,41.56,entry (SHORT),+0.0000
2026-04-11 08:36:48,intraday,MCHI,LONG,101,57.17,entry (LONG),+0.0000
2026-04-11 08:36:49,intraday,VTV,LONG,13,201.31,entry (LONG),+0.0000
2026-04-11 08:36:50,intraday,EWY,LONG,17,138.78,entry (LONG),+0.0000
2026-04-11 08:36:51,intraday,IGV,SHORT,21,74.63,entry (SHORT),+0.0000
2026-04-11 08:36:51,intraday,PDBC,LONG,65,16.98,entry (LONG),+0.0000
2026-04-11 08:37:57,intraday,MCHI,LONG,101,57.17,entry (LONG),+0.0000
2026-04-11 08:37:57,intraday,VTV,LONG,13,201.31,entry (LONG),+0.0000
2026-04-11 08:37:58,intraday,EWY,LONG,17,138.78,entry (LONG),+0.0000
2026-04-11 08:37:59,intraday,IGV,SHORT,21,74.63,entry (SHORT),+0.0000
2026-04-11 08:38:00,intraday,PDBC,LONG,65,16.98,entry (LONG),+0.0000
2026-04-11 08:39:05,intraday,MCHI,LONG,101,57.17,entry (LONG),+0.0000
2026-04-11 08:39:06,intraday,VTV,LONG,13,201.31,entry (LONG),+0.0000
2026-04-11 08:39:07,intraday,EWY,LONG,17,138.78,entry (LONG),+0.0000
2026-04-11 08:39:07,intraday,IGV,SHORT,21,74.63,entry (SHORT),+0.0000
2026-04-11 08:39:08,intraday,PDBC,LONG,65,16.98,entry (LONG),+0.0000
2026-04-11 08:40:14,intraday,MCHI,LONG,101,57.17,entry (LONG),+0.0000
2026-04-11 08:40:14,intraday,VTV,LONG,13,201.31,entry (LONG),+0.0000
2026-04-11 08:40:15,intraday,EWY,LONG,17,138.78,entry (LONG),+0.0000
2026-04-11 08:40:16,intraday,IGV,SHORT,21,74.63,entry (SHORT),+0.0000
2026-04-11 08:40:17,intraday,PDBC,LONG,65,16.98,entry (LONG),+0.0000
2026-04-11 08:41:16,swing,CIBR,SHORT,70,60.74,entry (SHORT),+0.0000
2026-04-11 08:41:18,swing,USMV,SHORT,152,92.75,entry (SHORT),+0.0000
2026-04-11 08:41:20,swing,EWY,SHORT,20,138.73,entry (SHORT),+0.0000
2026-04-11 08:41:22,intraday,MCHI,LONG,101,57.17,entry (LONG),+0.0000
2026-04-11 08:41:23,intraday,VTV,LONG,13,201.31,entry (LONG),+0.0000
2026-04-11 08:41:24,intraday,EWY,LONG,17,138.78,entry (LONG),+0.0000
2026-04-11 08:41:24,intraday,IGV,SHORT,21,74.63,entry (SHORT),+0.0000
2026-04-11 08:41:25,swing,IBIT,SHORT,94,41.56,entry (SHORT),+0.0000
2026-04-11 08:41:25,intraday,PDBC,LONG,65,16.98,entry (LONG),+0.0000
2026-04-11 08:42:31,intraday,MCHI,LONG,101,57.17,entry (LONG),+0.0000
2026-04-11 08:42:32,intraday,VTV,LONG,13,201.31,entry (LONG),+0.0000
2026-04-11 08:42:32,intraday,EWY,LONG,17,138.78,entry (LONG),+0.0000
2026-04-11 08:42:33,intraday,IGV,SHORT,21,74.63,entry (SHORT),+0.0000
2026-04-11 08:42:34,intraday,PDBC,LONG,65,16.98,entry (LONG),+0.0000
2026-04-11 08:43:39,intraday,MCHI,LONG,101,57.17,entry (LONG),+0.0000
2026-04-11 08:43:40,intraday,VTV,LONG,13,201.31,entry (LONG),+0.0000
2026-04-11 08:43:41,intraday,EWY,LONG,17,138.78,entry (LONG),+0.0000
2026-04-11 08:43:42,intraday,IGV,SHORT,21,74.63,entry (SHORT),+0.0000
2026-04-11 08:43:43,intraday,PDBC,LONG,65,16.98,entry (LONG),+0.0000
2026-04-11 08:44:48,intraday,MCHI,LONG,101,57.17,entry (LONG),+0.0000
2026-04-11 08:44:49,intraday,VTV,LONG,13,201.31,entry (LONG),+0.0000
2026-04-11 08:44:50,intraday,EWY,LONG,17,138.78,entry (LONG),+0.0000
2026-04-11 08:44:50,intraday,IGV,SHORT,21,74.63,entry (SHORT),+0.0000
2026-04-11 08:44:51,intraday,PDBC,LONG,65,16.98,entry (LONG),+0.0000
2026-04-11 08:45:57,intraday,MCHI,LONG,101,57.17,entry (LONG),+0.0000
2026-04-11 08:45:58,intraday,VTV,LONG,13,201.31,entry (LONG),+0.0000
2026-04-11 08:45:58,intraday,EWY,LONG,17,138.78,entry (LONG),+0.0000
2026-04-11 08:45:59,intraday,IGV,SHORT,21,74.63,entry (SHORT),+0.0000
2026-04-11 08:46:00,intraday,PDBC,LONG,65,16.98,entry (LONG),+0.0000
2026-04-11 08:46:42,swing,CIBR,SHORT,70,60.74,entry (SHORT),+0.0000
2026-04-11 08:46:44,swing,USMV,SHORT,152,92.75,entry (SHORT),+0.0000
2026-04-11 08:46:46,swing,EWY,SHORT,20,138.73,entry (SHORT),+0.0000
2026-04-11 08:46:50,swing,IBIT,SHORT,94,41.56,entry (SHORT),+0.0000
2026-04-11 08:47:05,intraday,MCHI,LONG,101,57.17,entry (LONG),+0.0000
2026-04-11 08:47:06,intraday,VTV,LONG,13,201.31,entry (LONG),+0.0000
2026-04-11 08:47:06,intraday,EWY,LONG,17,138.78,entry (LONG),+0.0000
2026-04-11 08:47:07,intraday,IGV,SHORT,21,74.63,entry (SHORT),+0.0000
2026-04-11 08:47:08,intraday,PDBC,LONG,65,16.98,entry (LONG),+0.0000
2026-04-11 08:48:13,intraday,MCHI,LONG,101,57.17,entry (LONG),+0.0000
2026-04-11 08:48:14,intraday,VTV,LONG,13,201.31,entry (LONG),+0.0000
2026-04-11 08:48:15,intraday,EWY,LONG,17,138.78,entry (LONG),+0.0000
2026-04-11 08:48:16,intraday,IGV,SHORT,21,74.63,entry (SHORT),+0.0000
2026-04-11 08:48:16,intraday,PDBC,LONG,65,16.98,entry (LONG),+0.0000
2026-04-11 08:49:22,intraday,MCHI,LONG,101,57.17,entry (LONG),+0.0000
2026-04-11 08:49:22,intraday,VTV,LONG,13,201.31,entry (LONG),+0.0000
2026-04-11 08:49:23,intraday,EWY,LONG,17,138.78,entry (LONG),+0.0000
2026-04-11 08:49:24,intraday,IGV,SHORT,21,74.63,entry (SHORT),+0.0000
2026-04-11 08:49:25,intraday,PDBC,LONG,65,16.98,entry (LONG),+0.0000
2026-04-11 08:50:30,intraday,MCHI,LONG,101,57.17,entry (LONG),+0.0000
2026-04-11 08:50:31,intraday,VTV,LONG,13,201.31,entry (LONG),+0.0000
2026-04-11 08:50:32,intraday,EWY,LONG,17,138.78,entry (LONG),+0.0000
2026-04-11 08:50:32,intraday,IGV,SHORT,21,74.63,entry (SHORT),+0.0000
2026-04-11 08:50:33,intraday,PDBC,LONG,65,16.98,entry (LONG),+0.0000
2026-04-11 08:51:39,intraday,MCHI,LONG,101,57.17,entry (LONG),+0.0000
2026-04-11 08:51:40,intraday,VTV,LONG,13,201.31,entry (LONG),+0.0000
2026-04-11 08:51:41,intraday,EWY,LONG,17,138.78,entry (LONG),+0.0000
2026-04-11 08:51:41,intraday,IGV,SHORT,21,74.63,entry (SHORT),+0.0000
2026-04-11 08:51:42,intraday,PDBC,LONG,65,16.98,entry (LONG),+0.0000
2026-04-11 08:52:06,swing,CIBR,SHORT,70,60.74,entry (SHORT),+0.0000
2026-04-11 08:52:10,swing,USMV,SHORT,152,92.75,entry (SHORT),+0.0000
2026-04-11 08:52:15,swing,EWY,SHORT,20,138.73,entry (SHORT),+0.0000
2026-04-11 08:52:22,swing,IBIT,SHORT,94,41.56,entry (SHORT),+0.0000
2026-04-11 08:52:48,intraday,MCHI,LONG,101,57.17,entry (LONG),+0.0000
2026-04-11 08:52:49,intraday,VTV,LONG,13,201.31,entry (LONG),+0.0000
2026-04-11 08:52:52,intraday,EWY,LONG,17,138.78,entry (LONG),+0.0000
2026-04-11 08:52:53,intraday,IGV,SHORT,21,74.63,entry (SHORT),+0.0000
2026-04-11 08:52:54,intraday,PDBC,LONG,65,16.98,entry (LONG),+0.0000
2026-04-11 08:54:00,intraday,MCHI,LONG,101,57.17,entry (LONG),+0.0000
2026-04-11 08:54:01,intraday,VTV,LONG,13,201.31,entry (LONG),+0.0000
2026-04-11 08:54:02,intraday,EWY,LONG,17,138.78,entry (LONG),+0.0000
2026-04-11 08:54:03,intraday,IGV,SHORT,21,74.63,entry (SHORT),+0.0000
2026-04-11 08:54:04,intraday,PDBC,LONG,65,16.98,entry (LONG),+0.0000
2026-04-11 08:55:10,intraday,MCHI,LONG,101,57.17,entry (LONG),+0.0000
2026-04-11 08:55:10,intraday,VTV,LONG,13,201.31,entry (LONG),+0.0000
2026-04-11 08:55:11,intraday,EWY,LONG,17,138.78,entry (LONG),+0.0000
2026-04-11 08:55:12,intraday,IGV,SHORT,21,74.63,entry (SHORT),+0.0000
2026-04-11 08:55:13,intraday,PDBC,LONG,65,16.98,entry (LONG),+0.0000
2026-04-11 08:56:19,intraday,MCHI,LONG,101,57.17,entry (LONG),+0.0000
2026-04-11 08:56:20,intraday,VTV,LONG,13,201.31,entry (LONG),+0.0000
2026-04-11 08:56:21,intraday,EWY,LONG,17,138.78,entry (LONG),+0.0000
2026-04-11 08:56:21,intraday,IGV,SHORT,21,74.63,entry (SHORT),+0.0000
2026-04-11 08:56:22,intraday,PDBC,LONG,65,16.98,entry (LONG),+0.0000
2026-04-11 08:57:28,intraday,MCHI,LONG,101,57.17,entry (LONG),+0.0000
2026-04-11 08:57:28,intraday,VTV,LONG,13,201.31,entry (LONG),+0.0000
2026-04-11 08:57:29,intraday,EWY,LONG,17,138.78,entry (LONG),+0.0000
2026-04-11 08:57:30,intraday,IGV,SHORT,21,74.63,entry (SHORT),+0.0000
2026-04-11 08:57:31,intraday,PDBC,LONG,65,16.98,entry (LONG),+0.0000
2026-04-11 08:57:44,swing,CIBR,SHORT,70,60.74,entry (SHORT),+0.0000
2026-04-11 08:57:46,swing,USMV,SHORT,152,92.75,entry (SHORT),+0.0000
2026-04-11 08:57:48,swing,EWY,SHORT,20,138.73,entry (SHORT),+0.0000
2026-04-11 08:57:53,swing,IBIT,SHORT,94,41.56,entry (SHORT),+0.0000
2026-04-11 08:58:37,intraday,MCHI,LONG,101,57.17,entry (LONG),+0.0000
2026-04-11 08:58:37,intraday,VTV,LONG,13,201.31,entry (LONG),+0.0000
2026-04-11 08:58:38,intraday,EWY,LONG,17,138.78,entry (LONG),+0.0000
2026-04-11 08:58:39,intraday,IGV,SHORT,21,74.63,entry (SHORT),+0.0000
2026-04-11 08:58:40,intraday,PDBC,LONG,65,16.98,entry (LONG),+0.0000
2026-04-11 08:59:45,intraday,MCHI,LONG,101,57.17,entry (LONG),+0.0000
2026-04-11 08:59:46,intraday,VTV,LONG,13,201.31,entry (LONG),+0.0000
2026-04-11 08:59:46,intraday,EWY,LONG,17,138.78,entry (LONG),+0.0000
2026-04-11 08:59:47,intraday,IGV,SHORT,21,74.63,entry (SHORT),+0.0000
2026-04-11 08:59:48,intraday,PDBC,LONG,65,16.98,entry (LONG),+0.0000
2026-04-11 09:03:10,swing,CIBR,SHORT,70,60.74,entry (SHORT),+0.0000
2026-04-11 09:03:12,swing,USMV,SHORT,152,92.75,entry (SHORT),+0.0000
2026-04-11 09:03:14,swing,EWY,SHORT,20,138.73,entry (SHORT),+0.0000
2026-04-11 09:03:19,swing,IBIT,SHORT,94,41.56,entry (SHORT),+0.0000
2026-04-11 09:08:36,swing,CIBR,SHORT,70,60.74,entry (SHORT),+0.0000
2026-04-11 09:08:38,swing,USMV,SHORT,152,92.75,entry (SHORT),+0.0000
2026-04-11 09:08:39,swing,EWY,SHORT,20,138.73,entry (SHORT),+0.0000
2026-04-11 09:08:44,swing,IBIT,SHORT,94,41.56,entry (SHORT),+0.0000
2026-04-11 09:14:00,swing,CIBR,SHORT,70,60.74,entry (SHORT),+0.0000
2026-04-11 09:14:02,swing,USMV,SHORT,152,92.75,entry (SHORT),+0.0000
2026-04-11 09:14:04,swing,EWY,SHORT,20,138.73,entry (SHORT),+0.0000
2026-04-11 09:14:09,swing,IBIT,SHORT,94,41.56,entry (SHORT),+0.0000
2026-04-11 09:19:27,swing,CIBR,SHORT,70,60.74,entry (SHORT),+0.0000
2026-04-11 09:19:29,swing,USMV,SHORT,152,92.75,entry (SHORT),+0.0000
2026-04-11 09:19:30,swing,EWY,SHORT,20,138.73,entry (SHORT),+0.0000
2026-04-11 09:19:36,swing,IBIT,SHORT,94,41.56,entry (SHORT),+0.0000
2026-04-11 09:24:52,swing,CIBR,SHORT,70,60.74,entry (SHORT),+0.0000
2026-04-11 09:24:54,swing,USMV,SHORT,152,92.75,entry (SHORT),+0.0000
2026-04-11 09:24:56,swing,EWY,SHORT,20,138.73,entry (SHORT),+0.0000
2026-04-11 09:25:01,swing,IBIT,SHORT,94,41.56,entry (SHORT),+0.0000
2026-04-11 09:30:20,swing,CIBR,SHORT,70,60.74,entry (SHORT),+0.0000
2026-04-11 09:30:23,swing,USMV,SHORT,152,92.75,entry (SHORT),+0.0000
2026-04-11 09:30:25,swing,EWY,SHORT,20,138.73,entry (SHORT),+0.0000
2026-04-11 09:30:30,swing,IBIT,SHORT,94,41.56,entry (SHORT),+0.0000
2026-04-11 09:35:47,swing,CIBR,SHORT,70,60.74,entry (SHORT),+0.0000
2026-04-11 09:35:49,swing,USMV,SHORT,152,92.75,entry (SHORT),+0.0000
2026-04-11 09:35:51,swing,EWY,SHORT,20,138.73,entry (SHORT),+0.0000
2026-04-11 09:35:55,swing,IBIT,SHORT,94,41.56,entry (SHORT),+0.0000
2026-04-11 09:41:13,swing,CIBR,SHORT,70,60.74,entry (SHORT),+0.0000
2026-04-11 09:41:15,swing,USMV,SHORT,152,92.75,entry (SHORT),+0.0000
2026-04-11 09:41:17,swing,EWY,SHORT,20,138.73,entry (SHORT),+0.0000
2026-04-11 09:41:21,swing,IBIT,SHORT,94,41.56,entry (SHORT),+0.0000
2026-04-11 09:46:41,swing,CIBR,SHORT,70,60.74,entry (SHORT),+0.0000
2026-04-11 09:46:43,swing,USMV,SHORT,152,92.75,entry (SHORT),+0.0000
2026-04-11 09:46:45,swing,EWY,SHORT,20,138.73,entry (SHORT),+0.0000
2026-04-11 09:46:50,swing,IBIT,SHORT,94,41.56,entry (SHORT),+0.0000
2026-04-11 09:52:06,swing,CIBR,SHORT,70,60.74,entry (SHORT),+0.0000
2026-04-11 09:52:08,swing,USMV,SHORT,152,92.75,entry (SHORT),+0.0000
2026-04-11 09:52:10,swing,EWY,SHORT,20,138.73,entry (SHORT),+0.0000
2026-04-11 09:52:15,swing,IBIT,SHORT,94,41.56,entry (SHORT),+0.0000
2026-04-11 09:57:32,swing,CIBR,SHORT,70,60.74,entry (SHORT),+0.0000
2026-04-11 09:57:34,swing,USMV,SHORT,152,92.75,entry (SHORT),+0.0000
2026-04-11 09:57:36,swing,EWY,SHORT,20,138.73,entry (SHORT),+0.0000
2026-04-11 09:57:41,swing,IBIT,SHORT,94,41.56,entry (SHORT),+0.0000
2026-04-11 10:00:29,intraday,MCHI,LONG,101,57.17,entry (LONG),+0.0000
2026-04-11 10:00:30,intraday,VTV,LONG,13,201.31,entry (LONG),+0.0000
2026-04-11 10:00:31,intraday,EWY,LONG,17,138.78,entry (LONG),+0.0000
2026-04-11 10:00:31,intraday,IGV,SHORT,21,74.63,entry (SHORT),+0.0000
2026-04-11 10:00:32,intraday,PDBC,LONG,65,16.98,entry (LONG),+0.0000
2026-04-11 10:01:38,intraday,MCHI,LONG,101,57.17,entry (LONG),+0.0000
2026-04-11 10:01:39,intraday,VTV,LONG,13,201.31,entry (LONG),+0.0000
2026-04-11 10:01:39,intraday,EWY,LONG,17,138.78,entry (LONG),+0.0000
2026-04-11 10:01:40,intraday,IGV,SHORT,21,74.63,entry (SHORT),+0.0000
2026-04-11 10:01:41,intraday,PDBC,LONG,65,16.98,entry (LONG),+0.0000
2026-04-11 10:02:47,intraday,MCHI,LONG,101,57.17,entry (LONG),+0.0000
2026-04-11 10:02:48,intraday,VTV,LONG,13,201.31,entry (LONG),+0.0000
2026-04-11 10:02:49,intraday,EWY,LONG,17,138.78,entry (LONG),+0.0000
2026-04-11 10:02:50,intraday,IGV,SHORT,21,74.63,entry (SHORT),+0.0000
2026-04-11 10:02:50,intraday,PDBC,LONG,65,16.98,entry (LONG),+0.0000
2026-04-11 10:02:59,swing,CIBR,SHORT,70,60.74,entry (SHORT),+0.0000
2026-04-11 10:03:01,swing,USMV,SHORT,152,92.75,entry (SHORT),+0.0000
2026-04-11 10:03:03,swing,EWY,SHORT,20,138.73,entry (SHORT),+0.0000
2026-04-11 10:03:08,swing,IBIT,SHORT,94,41.56,entry (SHORT),+0.0000
2026-04-11 10:03:56,intraday,MCHI,LONG,101,57.17,entry (LONG),+0.0000
2026-04-11 10:03:57,intraday,VTV,LONG,13,201.31,entry (LONG),+0.0000
2026-04-11 10:03:57,intraday,EWY,LONG,17,138.78,entry (LONG),+0.0000
2026-04-11 10:03:58,intraday,IGV,SHORT,21,74.63,entry (SHORT),+0.0000
2026-04-11 10:03:59,intraday,PDBC,LONG,65,16.98,entry (LONG),+0.0000
2026-04-11 10:05:05,intraday,MCHI,LONG,101,57.17,entry (LONG),+0.0000
2026-04-11 10:05:05,intraday,VTV,LONG,13,201.31,entry (LONG),+0.0000
2026-04-11 10:05:06,intraday,EWY,LONG,17,138.78,entry (LONG),+0.0000
2026-04-11 10:05:07,intraday,IGV,SHORT,21,74.63,entry (SHORT),+0.0000
2026-04-11 10:05:08,intraday,PDBC,LONG,65,16.98,entry (LONG),+0.0000
2026-04-11 10:06:14,intraday,MCHI,LONG,101,57.17,entry (LONG),+0.0000
2026-04-11 10:06:14,intraday,VTV,LONG,13,201.31,entry (LONG),+0.0000
2026-04-11 10:06:15,intraday,EWY,LONG,17,138.78,entry (LONG),+0.0000
2026-04-11 10:06:16,intraday,IGV,SHORT,21,74.63,entry (SHORT),+0.0000
2026-04-11 10:06:17,intraday,PDBC,LONG,65,16.98,entry (LONG),+0.0000
2026-04-11 10:07:22,intraday,MCHI,LONG,101,57.17,entry (LONG),+0.0000
2026-04-11 10:07:23,intraday,VTV,LONG,13,201.31,entry (LONG),+0.0000
2026-04-11 10:07:24,intraday,EWY,LONG,17,138.78,entry (LONG),+0.0000
2026-04-11 10:07:25,intraday,IGV,SHORT,21,74.63,entry (SHORT),+0.0000
2026-04-11 10:07:25,intraday,PDBC,LONG,65,16.98,entry (LONG),+0.0000
2026-04-11 10:08:25,swing,CIBR,SHORT,70,60.74,entry (SHORT),+0.0000
2026-04-11 10:08:27,swing,USMV,SHORT,152,92.75,entry (SHORT),+0.0000
2026-04-11 10:08:28,swing,EWY,SHORT,20,138.73,entry (SHORT),+0.0000
2026-04-11 10:08:31,intraday,MCHI,LONG,101,57.17,entry (LONG),+0.0000
2026-04-11 10:08:31,intraday,VTV,LONG,13,201.31,entry (LONG),+0.0000
2026-04-11 10:08:32,intraday,EWY,LONG,17,138.78,entry (LONG),+0.0000
2026-04-11 10:08:33,intraday,IGV,SHORT,21,74.63,entry (SHORT),+0.0000
2026-04-11 10:08:33,swing,IBIT,SHORT,94,41.56,entry (SHORT),+0.0000
2026-04-11 10:08:34,intraday,PDBC,LONG,65,16.98,entry (LONG),+0.0000
2026-04-11 10:09:41,intraday,MCHI,LONG,101,57.17,entry (LONG),+0.0000
2026-04-11 10:09:43,intraday,VTV,LONG,13,201.31,entry (LONG),+0.0000
2026-04-11 10:09:44,intraday,EWY,LONG,17,138.78,entry (LONG),+0.0000
2026-04-11 10:09:45,intraday,IGV,SHORT,21,74.63,entry (SHORT),+0.0000
2026-04-11 10:09:46,intraday,PDBC,LONG,65,16.98,entry (LONG),+0.0000
2026-04-11 10:10:53,intraday,MCHI,LONG,101,57.17,entry (LONG),+0.0000
2026-04-11 10:10:54,intraday,VTV,LONG,13,201.31,entry (LONG),+0.0000
2026-04-11 10:10:55,intraday,EWY,LONG,17,138.78,entry (LONG),+0.0000
2026-04-11 10:10:56,intraday,IGV,SHORT,21,74.63,entry (SHORT),+0.0000
2026-04-11 10:10:56,intraday,PDBC,LONG,65,16.98,entry (LONG),+0.0000
2026-04-11 10:12:02,intraday,MCHI,LONG,101,57.17,entry (LONG),+0.0000
2026-04-11 10:12:03,intraday,VTV,LONG,13,201.31,entry (LONG),+0.0000
2026-04-11 10:12:04,intraday,EWY,LONG,17,138.78,entry (LONG),+0.0000
2026-04-11 10:12:05,intraday,IGV,SHORT,21,74.63,entry (SHORT),+0.0000
2026-04-11 10:12:05,intraday,PDBC,LONG,65,16.98,entry (LONG),+0.0000
2026-04-11 10:13:11,intraday,MCHI,LONG,101,57.17,entry (LONG),+0.0000
2026-04-11 10:13:12,intraday,VTV,LONG,13,201.31,entry (LONG),+0.0000
2026-04-11 10:13:13,intraday,EWY,LONG,17,138.78,entry (LONG),+0.0000
2026-04-11 10:13:13,intraday,IGV,SHORT,21,74.63,entry (SHORT),+0.0000
2026-04-11 10:13:14,intraday,PDBC,LONG,65,16.98,entry (LONG),+0.0000
2026-04-11 10:13:51,swing,CIBR,SHORT,70,60.74,entry (SHORT),+0.0000
2026-04-11 10:13:53,swing,USMV,SHORT,152,92.75,entry (SHORT),+0.0000
2026-04-11 10:13:55,swing,EWY,SHORT,20,138.73,entry (SHORT),+0.0000
2026-04-11 10:14:00,swing,IBIT,SHORT,94,41.56,entry (SHORT),+0.0000
2026-04-11 10:14:20,intraday,MCHI,LONG,101,57.17,entry (LONG),+0.0000
2026-04-11 10:14:21,intraday,VTV,LONG,13,201.31,entry (LONG),+0.0000
2026-04-11 10:14:21,intraday,EWY,LONG,17,138.78,entry (LONG),+0.0000
2026-04-11 10:14:22,intraday,IGV,SHORT,21,74.63,entry (SHORT),+0.0000
2026-04-11 10:14:23,intraday,PDBC,LONG,65,16.98,entry (LONG),+0.0000
2026-04-11 10:15:29,intraday,MCHI,LONG,101,57.17,entry (LONG),+0.0000
2026-04-11 10:15:30,intraday,VTV,LONG,13,201.31,entry (LONG),+0.0000
2026-04-11 10:15:31,intraday,EWY,LONG,17,138.78,entry (LONG),+0.0000
2026-04-11 10:15:32,intraday,IGV,SHORT,21,74.63,entry (SHORT),+0.0000
2026-04-11 10:15:32,intraday,PDBC,LONG,65,16.98,entry (LONG),+0.0000
2026-04-11 10:16:38,intraday,MCHI,LONG,101,57.17,entry (LONG),+0.0000
2026-04-11 10:16:38,intraday,VTV,LONG,13,201.31,entry (LONG),+0.0000
2026-04-11 10:16:39,intraday,EWY,LONG,17,138.78,entry (LONG),+0.0000
2026-04-11 10:16:40,intraday,IGV,SHORT,21,74.63,entry (SHORT),+0.0000
2026-04-11 10:16:41,intraday,PDBC,LONG,65,16.98,entry (LONG),+0.0000
2026-04-11 10:17:47,intraday,MCHI,LONG,101,57.17,entry (LONG),+0.0000
2026-04-11 10:17:48,intraday,VTV,LONG,13,201.31,entry (LONG),+0.0000
2026-04-11 10:17:48,intraday,EWY,LONG,17,138.78,entry (LONG),+0.0000
2026-04-11 10:17:49,intraday,IGV,SHORT,21,74.63,entry (SHORT),+0.0000
2026-04-11 10:17:50,intraday,PDBC,LONG,65,16.98,entry (LONG),+0.0000
2026-04-11 10:18:56,intraday,MCHI,LONG,101,57.17,entry (LONG),+0.0000
2026-04-11 10:18:56,intraday,VTV,LONG,13,201.31,entry (LONG),+0.0000
2026-04-11 10:18:57,intraday,EWY,LONG,17,138.78,entry (LONG),+0.0000
2026-04-11 10:18:58,intraday,IGV,SHORT,21,74.63,entry (SHORT),+0.0000
2026-04-11 10:18:59,intraday,PDBC,LONG,65,16.98,entry (LONG),+0.0000
2026-04-11 10:19:17,swing,CIBR,SHORT,70,60.74,entry (SHORT),+0.0000
2026-04-11 10:19:19,swing,USMV,SHORT,152,92.75,entry (SHORT),+0.0000
2026-04-11 10:19:21,swing,EWY,SHORT,20,138.73,entry (SHORT),+0.0000
2026-04-11 10:19:26,swing,IBIT,SHORT,94,41.56,entry (SHORT),+0.0000
2026-04-11 10:20:04,intraday,MCHI,LONG,101,57.17,entry (LONG),+0.0000
2026-04-11 10:20:05,intraday,VTV,LONG,13,201.31,entry (LONG),+0.0000
2026-04-11 10:20:06,intraday,EWY,LONG,17,138.78,entry (LONG),+0.0000
2026-04-11 10:20:06,intraday,IGV,SHORT,21,74.63,entry (SHORT),+0.0000
2026-04-11 10:20:07,intraday,PDBC,LONG,65,16.98,entry (LONG),+0.0000
2026-04-11 10:21:13,intraday,MCHI,LONG,101,57.17,entry (LONG),+0.0000
2026-04-11 10:21:14,intraday,VTV,LONG,13,201.31,entry (LONG),+0.0000
2026-04-11 10:21:14,intraday,EWY,LONG,17,138.78,entry (LONG),+0.0000
2026-04-11 10:21:15,intraday,IGV,SHORT,21,74.63,entry (SHORT),+0.0000
2026-04-11 10:21:16,intraday,PDBC,LONG,65,16.98,entry (LONG),+0.0000
2026-04-11 10:22:21,intraday,MCHI,LONG,101,57.17,entry (LONG),+0.0000
2026-04-11 10:22:22,intraday,VTV,LONG,13,201.31,entry (LONG),+0.0000
2026-04-11 10:22:23,intraday,EWY,LONG,17,138.78,entry (LONG),+0.0000
2026-04-11 10:22:24,intraday,IGV,SHORT,21,74.63,entry (SHORT),+0.0000
2026-04-11 10:22:24,intraday,PDBC,LONG,65,16.98,entry (LONG),+0.0000
2026-04-11 10:23:30,intraday,MCHI,LONG,101,57.17,entry (LONG),+0.0000
2026-04-11 10:23:31,intraday,VTV,LONG,13,201.31,entry (LONG),+0.0000
2026-04-11 10:23:32,intraday,EWY,LONG,17,138.78,entry (LONG),+0.0000
2026-04-11 10:23:33,intraday,IGV,SHORT,21,74.63,entry (SHORT),+0.0000
2026-04-11 10:23:34,intraday,PDBC,LONG,65,16.98,entry (LONG),+0.0000
2026-04-11 10:24:43,swing,CIBR,SHORT,70,60.74,entry (SHORT),+0.0000
2026-04-11 10:24:45,swing,USMV,SHORT,152,92.75,entry (SHORT),+0.0000
2026-04-11 10:24:47,swing,EWY,SHORT,20,138.73,entry (SHORT),+0.0000
2026-04-11 10:24:52,swing,IBIT,SHORT,94,41.56,entry (SHORT),+0.0000
2026-04-11 10:24:56,intraday,MCHI,LONG,101,57.17,entry (LONG),+0.0000
2026-04-11 10:24:57,intraday,VTV,LONG,13,201.31,entry (LONG),+0.0000
2026-04-11 10:24:58,intraday,EWY,LONG,17,138.78,entry (LONG),+0.0000
2026-04-11 10:24:58,intraday,IGV,SHORT,21,74.63,entry (SHORT),+0.0000
2026-04-11 10:24:59,intraday,PDBC,LONG,65,16.98,entry (LONG),+0.0000
2026-04-11 10:26:07,intraday,MCHI,LONG,101,57.17,entry (LONG),+0.0000
2026-04-11 10:26:08,intraday,VTV,LONG,13,201.31,entry (LONG),+0.0000
2026-04-11 10:26:08,intraday,EWY,LONG,17,138.78,entry (LONG),+0.0000
2026-04-11 10:26:09,intraday,IGV,SHORT,21,74.63,entry (SHORT),+0.0000
2026-04-11 10:26:10,intraday,PDBC,LONG,65,16.98,entry (LONG),+0.0000
2026-04-11 10:27:16,intraday,MCHI,LONG,101,57.17,entry (LONG),+0.0000
2026-04-11 10:27:16,intraday,VTV,LONG,13,201.31,entry (LONG),+0.0000
2026-04-11 10:27:17,intraday,EWY,LONG,17,138.78,entry (LONG),+0.0000
2026-04-11 10:27:18,intraday,IGV,SHORT,21,74.63,entry (SHORT),+0.0000
2026-04-11 10:27:19,intraday,PDBC,LONG,65,16.98,entry (LONG),+0.0000
2026-04-11 10:28:25,intraday,MCHI,LONG,101,57.17,entry (LONG),+0.0000
2026-04-11 10:28:26,intraday,VTV,LONG,13,201.31,entry (LONG),+0.0000
2026-04-11 10:28:26,intraday,EWY,LONG,17,138.78,entry (LONG),+0.0000
2026-04-11 10:28:27,intraday,IGV,SHORT,21,74.63,entry (SHORT),+0.0000
2026-04-11 10:28:28,intraday,PDBC,LONG,65,16.98,entry (LONG),+0.0000
2026-04-11 10:29:34,intraday,MCHI,LONG,101,57.17,entry (LONG),+0.0000
2026-04-11 10:29:35,intraday,VTV,LONG,13,201.31,entry (LONG),+0.0000
2026-04-11 10:29:36,intraday,EWY,LONG,17,138.78,entry (LONG),+0.0000
2026-04-11 10:29:36,intraday,IGV,SHORT,21,74.63,entry (SHORT),+0.0000
2026-04-11 10:29:37,intraday,PDBC,LONG,65,16.98,entry (LONG),+0.0000
2026-04-11 10:30:10,swing,CIBR,SHORT,70,60.74,entry (SHORT),+0.0000
2026-04-11 10:30:12,swing,USMV,SHORT,152,92.75,entry (SHORT),+0.0000
2026-04-11 10:30:14,swing,EWY,SHORT,20,138.73,entry (SHORT),+0.0000
2026-04-11 10:30:20,swing,IBIT,SHORT,94,41.56,entry (SHORT),+0.0000
2026-04-11 10:30:43,intraday,MCHI,LONG,101,57.17,entry (LONG),+0.0000
2026-04-11 10:30:44,intraday,VTV,LONG,13,201.31,entry (LONG),+0.0000
2026-04-11 10:30:44,intraday,EWY,LONG,17,138.78,entry (LONG),+0.0000
2026-04-11 10:30:45,intraday,IGV,SHORT,21,74.63,entry (SHORT),+0.0000
2026-04-11 10:30:46,intraday,PDBC,LONG,65,16.98,entry (LONG),+0.0000
2026-04-11 10:31:51,intraday,MCHI,LONG,101,57.17,entry (LONG),+0.0000
2026-04-11 10:31:52,intraday,VTV,LONG,13,201.31,entry (LONG),+0.0000
2026-04-11 10:31:53,intraday,EWY,LONG,17,138.78,entry (LONG),+0.0000
2026-04-11 10:31:54,intraday,IGV,SHORT,21,74.63,entry (SHORT),+0.0000
2026-04-11 10:31:54,intraday,PDBC,LONG,65,16.98,entry (LONG),+0.0000
2026-04-11 10:33:00,intraday,MCHI,LONG,101,57.17,entry (LONG),+0.0000
2026-04-11 10:33:00,intraday,VTV,LONG,13,201.31,entry (LONG),+0.0000
2026-04-11 10:33:01,intraday,EWY,LONG,17,138.78,entry (LONG),+0.0000
2026-04-11 10:33:02,intraday,IGV,SHORT,21,74.63,entry (SHORT),+0.0000
2026-04-11 10:33:03,intraday,PDBC,LONG,65,16.98,entry (LONG),+0.0000
2026-04-11 10:34:08,intraday,MCHI,LONG,101,57.17,entry (LONG),+0.0000
2026-04-11 10:34:09,intraday,VTV,LONG,13,201.31,entry (LONG),+0.0000
2026-04-11 10:34:10,intraday,EWY,LONG,17,138.78,entry (LONG),+0.0000
2026-04-11 10:34:10,intraday,IGV,SHORT,21,74.63,entry (SHORT),+0.0000
2026-04-11 10:34:11,intraday,PDBC,LONG,65,16.98,entry (LONG),+0.0000
2026-04-11 10:35:17,intraday,MCHI,LONG,101,57.17,entry (LONG),+0.0000
2026-04-11 10:35:18,intraday,VTV,LONG,13,201.31,entry (LONG),+0.0000
2026-04-11 10:35:19,intraday,EWY,LONG,17,138.78,entry (LONG),+0.0000
2026-04-11 10:35:20,intraday,IGV,SHORT,21,74.63,entry (SHORT),+0.0000
2026-04-11 10:35:21,intraday,PDBC,LONG,65,16.98,entry (LONG),+0.0000
2026-04-11 10:35:37,swing,CIBR,SHORT,70,60.74,entry (SHORT),+0.0000
2026-04-11 10:35:39,swing,USMV,SHORT,152,92.75,entry (SHORT),+0.0000
2026-04-11 10:35:41,swing,EWY,SHORT,20,138.73,entry (SHORT),+0.0000
2026-04-11 10:35:46,swing,IBIT,SHORT,94,41.56,entry (SHORT),+0.0000
2026-04-11 10:36:27,intraday,MCHI,LONG,101,57.17,entry (LONG),+0.0000
2026-04-11 10:36:27,intraday,VTV,LONG,13,201.31,entry (LONG),+0.0000
2026-04-11 10:36:28,intraday,EWY,LONG,17,138.78,entry (LONG),+0.0000
2026-04-11 10:36:29,intraday,IGV,SHORT,21,74.63,entry (SHORT),+0.0000
2026-04-11 10:36:30,intraday,PDBC,LONG,65,16.98,entry (LONG),+0.0000
2026-04-11 10:37:35,intraday,MCHI,LONG,101,57.17,entry (LONG),+0.0000
2026-04-11 10:37:36,intraday,VTV,LONG,13,201.31,entry (LONG),+0.0000
2026-04-11 10:37:37,intraday,EWY,LONG,17,138.78,entry (LONG),+0.0000
2026-04-11 10:37:38,intraday,IGV,SHORT,21,74.63,entry (SHORT),+0.0000
2026-04-11 10:37:39,intraday,PDBC,LONG,65,16.98,entry (LONG),+0.0000
2026-04-11 10:38:44,intraday,MCHI,LONG,101,57.17,entry (LONG),+0.0000
2026-04-11 10:38:45,intraday,VTV,LONG,13,201.31,entry (LONG),+0.0000
2026-04-11 10:38:46,intraday,EWY,LONG,17,138.78,entry (LONG),+0.0000
2026-04-11 10:38:46,intraday,IGV,SHORT,21,74.63,entry (SHORT),+0.0000
2026-04-11 10:38:47,intraday,PDBC,LONG,65,16.98,entry (LONG),+0.0000
2026-04-11 10:39:54,intraday,MCHI,LONG,101,57.17,entry (LONG),+0.0000
2026-04-11 10:39:55,intraday,VTV,LONG,13,201.31,entry (LONG),+0.0000
2026-04-11 10:39:55,intraday,EWY,LONG,17,138.78,entry (LONG),+0.0000
2026-04-11 10:39:56,intraday,IGV,SHORT,21,74.63,entry (SHORT),+0.0000
2026-04-11 10:39:57,intraday,PDBC,LONG,65,16.98,entry (LONG),+0.0000
2026-04-11 10:41:02,intraday,MCHI,LONG,101,57.17,entry (LONG),+0.0000
2026-04-11 10:41:03,intraday,VTV,LONG,13,201.31,entry (LONG),+0.0000
2026-04-11 10:41:04,swing,CIBR,SHORT,70,60.74,entry (SHORT),+0.0000
2026-04-11 10:41:04,intraday,EWY,LONG,17,138.78,entry (LONG),+0.0000
2026-04-11 10:41:04,intraday,IGV,SHORT,21,74.63,entry (SHORT),+0.0000
2026-04-11 10:41:05,intraday,PDBC,LONG,65,16.98,entry (LONG),+0.0000
2026-04-11 10:41:06,swing,USMV,SHORT,152,92.75,entry (SHORT),+0.0000
2026-04-11 10:41:08,swing,EWY,SHORT,20,138.73,entry (SHORT),+0.0000
2026-04-11 10:41:13,swing,IBIT,SHORT,94,41.56,entry (SHORT),+0.0000
2026-04-11 10:42:11,intraday,MCHI,LONG,101,57.17,entry (LONG),+0.0000
2026-04-11 10:42:12,intraday,VTV,LONG,13,201.31,entry (LONG),+0.0000
2026-04-11 10:42:12,intraday,EWY,LONG,17,138.78,entry (LONG),+0.0000
2026-04-11 10:42:13,intraday,IGV,SHORT,21,74.63,entry (SHORT),+0.0000
2026-04-11 10:42:14,intraday,PDBC,LONG,65,16.98,entry (LONG),+0.0000
2026-04-11 10:43:21,intraday,MCHI,LONG,101,57.17,entry (LONG),+0.0000
2026-04-11 10:43:21,intraday,VTV,LONG,13,201.31,entry (LONG),+0.0000
2026-04-11 10:43:22,intraday,EWY,LONG,17,138.78,entry (LONG),+0.0000
2026-04-11 10:43:23,intraday,IGV,SHORT,21,74.63,entry (SHORT),+0.0000
2026-04-11 10:43:24,intraday,PDBC,LONG,65,16.98,entry (LONG),+0.0000
2026-04-11 10:44:30,intraday,MCHI,LONG,101,57.17,entry (LONG),+0.0000
2026-04-11 10:44:30,intraday,VTV,LONG,13,201.31,entry (LONG),+0.0000
2026-04-11 10:44:31,intraday,EWY,LONG,17,138.78,entry (LONG),+0.0000
2026-04-11 10:44:32,intraday,IGV,SHORT,21,74.63,entry (SHORT),+0.0000
2026-04-11 10:44:33,intraday,PDBC,LONG,65,16.98,entry (LONG),+0.0000
2026-04-11 10:45:40,intraday,MCHI,LONG,101,57.17,entry (LONG),+0.0000
2026-04-11 10:45:41,intraday,VTV,LONG,13,201.31,entry (LONG),+0.0000
2026-04-11 10:45:42,intraday,EWY,LONG,17,138.78,entry (LONG),+0.0000
2026-04-11 10:45:43,intraday,IGV,SHORT,21,74.63,entry (SHORT),+0.0000
2026-04-11 10:45:44,intraday,PDBC,LONG,65,16.98,entry (LONG),+0.0000
2026-04-11 10:46:30,swing,CIBR,SHORT,70,60.74,entry (SHORT),+0.0000
2026-04-11 10:46:32,swing,USMV,SHORT,152,92.75,entry (SHORT),+0.0000
2026-04-11 10:46:33,swing,EWY,SHORT,20,138.73,entry (SHORT),+0.0000
2026-04-11 10:46:39,swing,IBIT,SHORT,94,41.56,entry (SHORT),+0.0000
2026-04-11 10:46:50,intraday,MCHI,LONG,101,57.17,entry (LONG),+0.0000
2026-04-11 10:46:51,intraday,VTV,LONG,13,201.31,entry (LONG),+0.0000
2026-04-11 10:46:52,intraday,EWY,LONG,17,138.78,entry (LONG),+0.0000
2026-04-11 10:46:53,intraday,IGV,SHORT,21,74.63,entry (SHORT),+0.0000
2026-04-11 10:46:54,intraday,PDBC,LONG,65,16.98,entry (LONG),+0.0000
2026-04-11 10:47:59,intraday,MCHI,LONG,101,57.17,entry (LONG),+0.0000
2026-04-11 10:48:00,intraday,VTV,LONG,13,201.31,entry (LONG),+0.0000
2026-04-11 10:48:01,intraday,EWY,LONG,17,138.78,entry (LONG),+0.0000
2026-04-11 10:48:02,intraday,IGV,SHORT,21,74.63,entry (SHORT),+0.0000
2026-04-11 10:48:02,intraday,PDBC,LONG,65,16.98,entry (LONG),+0.0000
2026-04-11 10:49:08,intraday,MCHI,LONG,101,57.17,entry (LONG),+0.0000
2026-04-11 10:49:09,intraday,VTV,LONG,13,201.31,entry (LONG),+0.0000
2026-04-11 10:49:10,intraday,EWY,LONG,17,138.78,entry (LONG),+0.0000
2026-04-11 10:49:10,intraday,IGV,SHORT,21,74.63,entry (SHORT),+0.0000
2026-04-11 10:49:11,intraday,PDBC,LONG,65,16.98,entry (LONG),+0.0000
2026-04-11 10:50:17,intraday,MCHI,LONG,101,57.17,entry (LONG),+0.0000
2026-04-11 10:50:18,intraday,VTV,LONG,13,201.31,entry (LONG),+0.0000
2026-04-11 10:50:18,intraday,EWY,LONG,17,138.78,entry (LONG),+0.0000
2026-04-11 10:50:19,intraday,IGV,SHORT,21,74.63,entry (SHORT),+0.0000
2026-04-11 10:50:20,intraday,PDBC,LONG,65,16.98,entry (LONG),+0.0000
2026-04-11 10:51:26,intraday,MCHI,LONG,101,57.17,entry (LONG),+0.0000
2026-04-11 10:51:27,intraday,VTV,LONG,13,201.31,entry (LONG),+0.0000
2026-04-11 10:51:27,intraday,EWY,LONG,17,138.78,entry (LONG),+0.0000
2026-04-11 10:51:28,intraday,IGV,SHORT,21,74.63,entry (SHORT),+0.0000
2026-04-11 10:51:29,intraday,PDBC,LONG,65,16.98,entry (LONG),+0.0000
2026-04-11 10:52:02,swing,CIBR,SHORT,70,60.74,entry (SHORT),+0.0000
2026-04-11 10:52:04,swing,USMV,SHORT,152,92.75,entry (SHORT),+0.0000
2026-04-11 10:52:06,swing,EWY,SHORT,20,138.73,entry (SHORT),+0.0000
2026-04-11 10:52:13,swing,IBIT,SHORT,94,41.56,entry (SHORT),+0.0000
2026-04-11 10:52:35,intraday,MCHI,LONG,101,57.17,entry (LONG),+0.0000
2026-04-11 10:52:36,intraday,VTV,LONG,13,201.31,entry (LONG),+0.0000
2026-04-11 10:52:37,intraday,EWY,LONG,17,138.78,entry (LONG),+0.0000
2026-04-11 10:52:38,intraday,IGV,SHORT,21,74.63,entry (SHORT),+0.0000
2026-04-11 10:52:39,intraday,PDBC,LONG,65,16.98,entry (LONG),+0.0000
2026-04-11 10:53:45,intraday,MCHI,LONG,101,57.17,entry (LONG),+0.0000
2026-04-11 10:53:46,intraday,VTV,LONG,13,201.31,entry (LONG),+0.0000
2026-04-11 10:53:47,intraday,EWY,LONG,17,138.78,entry (LONG),+0.0000
2026-04-11 10:53:48,intraday,IGV,SHORT,21,74.63,entry (SHORT),+0.0000
2026-04-11 10:53:49,intraday,PDBC,LONG,65,16.98,entry (LONG),+0.0000
2026-04-11 10:54:54,intraday,MCHI,LONG,101,57.17,entry (LONG),+0.0000
2026-04-11 10:54:55,intraday,VTV,LONG,13,201.31,entry (LONG),+0.0000
2026-04-11 10:54:56,intraday,EWY,LONG,17,138.78,entry (LONG),+0.0000
2026-04-11 10:54:57,intraday,IGV,SHORT,21,74.63,entry (SHORT),+0.0000
2026-04-11 10:54:58,intraday,PDBC,LONG,65,16.98,entry (LONG),+0.0000
2026-04-11 10:56:04,intraday,MCHI,LONG,101,57.17,entry (LONG),+0.0000
2026-04-11 10:56:05,intraday,VTV,LONG,13,201.31,entry (LONG),+0.0000
2026-04-11 10:56:06,intraday,EWY,LONG,17,138.78,entry (LONG),+0.0000
2026-04-11 10:56:07,intraday,IGV,SHORT,21,74.63,entry (SHORT),+0.0000
2026-04-11 10:56:08,intraday,PDBC,LONG,65,16.98,entry (LONG),+0.0000
2026-04-11 10:57:13,intraday,MCHI,LONG,101,57.17,entry (LONG),+0.0000
2026-04-11 10:57:14,intraday,VTV,LONG,13,201.31,entry (LONG),+0.0000
2026-04-11 10:57:15,intraday,EWY,LONG,17,138.78,entry (LONG),+0.0000
2026-04-11 10:57:24,intraday,IGV,SHORT,21,74.63,entry (SHORT),+0.0000
2026-04-11 10:57:25,intraday,PDBC,LONG,65,16.98,entry (LONG),+0.0000
2026-04-11 10:57:34,swing,CIBR,SHORT,70,60.74,entry (SHORT),+0.0000
2026-04-11 10:57:36,swing,USMV,SHORT,152,92.75,entry (SHORT),+0.0000
2026-04-11 10:57:39,swing,EWY,SHORT,20,138.73,entry (SHORT),+0.0000
2026-04-11 10:57:44,swing,IBIT,SHORT,94,41.56,entry (SHORT),+0.0000
2026-04-11 10:58:31,intraday,MCHI,LONG,101,57.17,entry (LONG),+0.0000
2026-04-11 10:58:32,intraday,VTV,LONG,13,201.31,entry (LONG),+0.0000
2026-04-11 10:58:33,intraday,EWY,LONG,17,138.78,entry (LONG),+0.0000
2026-04-11 10:58:34,intraday,IGV,SHORT,21,74.63,entry (SHORT),+0.0000
2026-04-11 10:58:34,intraday,PDBC,LONG,65,16.98,entry (LONG),+0.0000
2026-04-11 10:59:40,intraday,MCHI,LONG,101,57.17,entry (LONG),+0.0000
2026-04-11 10:59:41,intraday,VTV,LONG,13,201.31,entry (LONG),+0.0000
2026-04-11 10:59:42,intraday,EWY,LONG,17,138.78,entry (LONG),+0.0000
2026-04-11 10:59:43,intraday,IGV,SHORT,21,74.63,entry (SHORT),+0.0000
2026-04-11 10:59:43,intraday,PDBC,LONG,65,16.98,entry (LONG),+0.0000
2026-04-11 11:00:51,intraday,MCHI,LONG,101,57.17,entry (LONG),+0.0000
2026-04-11 11:00:52,intraday,VTV,LONG,13,201.31,entry (LONG),+0.0000
2026-04-11 11:00:53,intraday,EWY,LONG,17,138.78,entry (LONG),+0.0000
2026-04-11 11:00:54,intraday,IGV,SHORT,21,74.63,entry (SHORT),+0.0000
2026-04-11 11:00:55,intraday,PDBC,LONG,65,16.98,entry (LONG),+0.0000
2026-04-11 11:02:00,intraday,MCHI,LONG,101,57.17,entry (LONG),+0.0000
2026-04-11 11:02:01,intraday,VTV,LONG,13,201.31,entry (LONG),+0.0000
2026-04-11 11:02:02,intraday,EWY,LONG,17,138.78,entry (LONG),+0.0000
2026-04-11 11:02:02,intraday,IGV,SHORT,21,74.63,entry (SHORT),+0.0000
2026-04-11 11:02:03,intraday,PDBC,LONG,65,16.98,entry (LONG),+0.0000
2026-04-11 11:03:02,swing,CIBR,SHORT,70,60.74,entry (SHORT),+0.0000
2026-04-11 11:03:04,swing,USMV,SHORT,152,92.75,entry (SHORT),+0.0000
2026-04-11 11:03:06,swing,EWY,SHORT,20,138.73,entry (SHORT),+0.0000
2026-04-11 11:03:09,intraday,MCHI,LONG,101,57.17,entry (LONG),+0.0000
2026-04-11 11:03:10,intraday,VTV,LONG,13,201.31,entry (LONG),+0.0000
2026-04-11 11:03:11,intraday,EWY,LONG,17,138.78,entry (LONG),+0.0000
2026-04-11 11:03:11,swing,IBIT,SHORT,94,41.56,entry (SHORT),+0.0000
2026-04-11 11:03:12,intraday,IGV,SHORT,21,74.63,entry (SHORT),+0.0000
2026-04-11 11:03:13,intraday,PDBC,LONG,65,16.98,entry (LONG),+0.0000
2026-04-11 11:04:19,intraday,MCHI,LONG,101,57.17,entry (LONG),+0.0000
2026-04-11 11:04:19,intraday,VTV,LONG,13,201.31,entry (LONG),+0.0000
2026-04-11 11:04:20,intraday,EWY,LONG,17,138.78,entry (LONG),+0.0000
2026-04-11 11:04:21,intraday,IGV,SHORT,21,74.63,entry (SHORT),+0.0000
2026-04-11 11:04:22,intraday,PDBC,LONG,65,16.98,entry (LONG),+0.0000
2026-04-11 11:05:27,intraday,MCHI,LONG,101,57.17,entry (LONG),+0.0000
2026-04-11 11:05:28,intraday,VTV,LONG,13,201.31,entry (LONG),+0.0000
2026-04-11 11:05:29,intraday,EWY,LONG,17,138.78,entry (LONG),+0.0000
2026-04-11 11:05:29,intraday,IGV,SHORT,21,74.63,entry (SHORT),+0.0000
2026-04-11 11:05:30,intraday,PDBC,LONG,65,16.98,entry (LONG),+0.0000
2026-04-11 11:06:35,intraday,MCHI,LONG,101,57.17,entry (LONG),+0.0000
2026-04-11 11:06:36,intraday,VTV,LONG,13,201.31,entry (LONG),+0.0000
2026-04-11 11:06:37,intraday,EWY,LONG,17,138.78,entry (LONG),+0.0000
2026-04-11 11:06:38,intraday,IGV,SHORT,21,74.63,entry (SHORT),+0.0000
2026-04-11 11:06:38,intraday,PDBC,LONG,65,16.98,entry (LONG),+0.0000
2026-04-11 11:07:44,intraday,MCHI,LONG,101,57.17,entry (LONG),+0.0000
2026-04-11 11:07:45,intraday,VTV,LONG,13,201.31,entry (LONG),+0.0000
2026-04-11 11:07:46,intraday,EWY,LONG,17,138.78,entry (LONG),+0.0000
2026-04-11 11:07:46,intraday,IGV,SHORT,21,74.63,entry (SHORT),+0.0000
2026-04-11 11:07:47,intraday,PDBC,LONG,65,16.98,entry (LONG),+0.0000
2026-04-11 11:08:27,swing,CIBR,SHORT,70,60.74,entry (SHORT),+0.0000
2026-04-11 11:08:31,swing,USMV,SHORT,152,92.75,entry (SHORT),+0.0000
2026-04-11 11:08:34,swing,EWY,SHORT,20,138.73,entry (SHORT),+0.0000
2026-04-11 11:08:40,swing,IBIT,SHORT,94,41.56,entry (SHORT),+0.0000
2026-04-11 11:08:54,intraday,MCHI,LONG,101,57.17,entry (LONG),+0.0000
2026-04-11 11:08:55,intraday,VTV,LONG,13,201.31,entry (LONG),+0.0000
2026-04-11 11:08:56,intraday,EWY,LONG,17,138.78,entry (LONG),+0.0000
2026-04-11 11:08:57,intraday,IGV,SHORT,21,74.63,entry (SHORT),+0.0000
2026-04-11 11:08:57,intraday,PDBC,LONG,65,16.98,entry (LONG),+0.0000
2026-04-11 11:10:03,intraday,MCHI,LONG,101,57.17,entry (LONG),+0.0000
2026-04-11 11:10:04,intraday,VTV,LONG,13,201.31,entry (LONG),+0.0000
2026-04-11 11:10:04,intraday,EWY,LONG,17,138.78,entry (LONG),+0.0000
2026-04-11 11:10:05,intraday,IGV,SHORT,21,74.63,entry (SHORT),+0.0000
2026-04-11 11:10:06,intraday,PDBC,LONG,65,16.98,entry (LONG),+0.0000
2026-04-11 11:11:13,intraday,MCHI,LONG,101,57.17,entry (LONG),+0.0000
2026-04-11 11:11:14,intraday,VTV,LONG,13,201.31,entry (LONG),+0.0000
2026-04-11 11:11:15,intraday,EWY,LONG,17,138.78,entry (LONG),+0.0000
2026-04-11 11:11:16,intraday,IGV,SHORT,21,74.63,entry (SHORT),+0.0000
2026-04-11 11:11:17,intraday,PDBC,LONG,65,16.98,entry (LONG),+0.0000
2026-04-11 11:12:22,intraday,MCHI,LONG,101,57.17,entry (LONG),+0.0000
2026-04-11 11:12:23,intraday,VTV,LONG,13,201.31,entry (LONG),+0.0000
2026-04-11 11:12:24,intraday,EWY,LONG,17,138.78,entry (LONG),+0.0000
2026-04-11 11:12:25,intraday,IGV,SHORT,21,74.63,entry (SHORT),+0.0000
2026-04-11 11:12:26,intraday,PDBC,LONG,65,16.98,entry (LONG),+0.0000
2026-04-11 11:13:32,intraday,MCHI,LONG,101,57.17,entry (LONG),+0.0000
2026-04-11 11:13:34,intraday,VTV,LONG,13,201.31,entry (LONG),+0.0000
2026-04-11 11:13:35,intraday,EWY,LONG,17,138.78,entry (LONG),+0.0000
2026-04-11 11:13:36,intraday,IGV,SHORT,21,74.63,entry (SHORT),+0.0000
2026-04-11 11:13:37,intraday,PDBC,LONG,65,16.98,entry (LONG),+0.0000
2026-04-11 11:13:58,swing,CIBR,SHORT,70,60.74,entry (SHORT),+0.0000
2026-04-11 11:14:00,swing,USMV,SHORT,152,92.75,entry (SHORT),+0.0000
2026-04-11 11:14:02,swing,EWY,SHORT,20,138.73,entry (SHORT),+0.0000
2026-04-11 11:14:07,swing,IBIT,SHORT,94,41.56,entry (SHORT),+0.0000
2026-04-11 11:14:44,intraday,MCHI,LONG,101,57.17,entry (LONG),+0.0000
2026-04-11 11:14:48,intraday,VTV,LONG,13,201.31,entry (LONG),+0.0000
2026-04-11 11:14:49,intraday,EWY,LONG,17,138.78,entry (LONG),+0.0000
2026-04-11 11:14:50,intraday,IGV,SHORT,21,74.63,entry (SHORT),+0.0000
2026-04-11 11:14:51,intraday,PDBC,LONG,65,16.98,entry (LONG),+0.0000
2026-04-11 11:15:57,intraday,MCHI,LONG,101,57.17,entry (LONG),+0.0000
2026-04-11 11:15:58,intraday,VTV,LONG,13,201.31,entry (LONG),+0.0000
2026-04-11 11:15:59,intraday,EWY,LONG,17,138.78,entry (LONG),+0.0000
2026-04-11 11:15:59,intraday,IGV,SHORT,21,74.63,entry (SHORT),+0.0000
2026-04-11 11:16:00,intraday,PDBC,LONG,65,16.98,entry (LONG),+0.0000
2026-04-11 11:17:06,intraday,MCHI,LONG,101,57.17,entry (LONG),+0.0000
2026-04-11 11:17:07,intraday,VTV,LONG,13,201.31,entry (LONG),+0.0000
2026-04-11 11:17:08,intraday,EWY,LONG,17,138.78,entry (LONG),+0.0000
2026-04-11 11:17:09,intraday,IGV,SHORT,21,74.63,entry (SHORT),+0.0000
2026-04-11 11:17:10,intraday,PDBC,LONG,65,16.98,entry (LONG),+0.0000
2026-04-11 11:18:16,intraday,MCHI,LONG,101,57.17,entry (LONG),+0.0000
2026-04-11 11:18:16,intraday,VTV,LONG,13,201.31,entry (LONG),+0.0000
2026-04-11 11:18:17,intraday,EWY,LONG,17,138.78,entry (LONG),+0.0000
2026-04-11 11:18:18,intraday,IGV,SHORT,21,74.63,entry (SHORT),+0.0000
2026-04-11 11:18:19,intraday,PDBC,LONG,65,16.98,entry (LONG),+0.0000
2026-04-11 11:19:26,intraday,MCHI,LONG,101,57.17,entry (LONG),+0.0000
2026-04-11 11:19:27,intraday,VTV,LONG,13,201.31,entry (LONG),+0.0000
2026-04-11 11:19:28,intraday,EWY,LONG,17,138.78,entry (LONG),+0.0000
2026-04-11 11:19:28,intraday,IGV,SHORT,21,74.63,entry (SHORT),+0.0000
2026-04-11 11:19:29,swing,CIBR,SHORT,70,60.74,entry (SHORT),+0.0000
2026-04-11 11:19:29,intraday,PDBC,LONG,65,16.98,entry (LONG),+0.0000
2026-04-11 11:19:31,swing,USMV,SHORT,152,92.75,entry (SHORT),+0.0000
2026-04-11 11:19:33,swing,EWY,SHORT,20,138.73,entry (SHORT),+0.0000
2026-04-11 11:19:38,swing,IBIT,SHORT,94,41.56,entry (SHORT),+0.0000
2026-04-11 11:20:35,intraday,MCHI,LONG,101,57.17,entry (LONG),+0.0000
2026-04-11 11:20:36,intraday,VTV,LONG,13,201.31,entry (LONG),+0.0000
2026-04-11 11:20:37,intraday,EWY,LONG,17,138.78,entry (LONG),+0.0000
2026-04-11 11:20:38,intraday,IGV,SHORT,21,74.63,entry (SHORT),+0.0000
2026-04-11 11:20:39,intraday,PDBC,LONG,65,16.98,entry (LONG),+0.0000
2026-04-11 11:21:44,intraday,MCHI,LONG,101,57.17,entry (LONG),+0.0000
2026-04-11 11:21:45,intraday,VTV,LONG,13,201.31,entry (LONG),+0.0000
2026-04-11 11:21:46,intraday,EWY,LONG,17,138.78,entry (LONG),+0.0000
2026-04-11 11:21:47,intraday,IGV,SHORT,21,74.63,entry (SHORT),+0.0000
2026-04-11 11:21:47,intraday,PDBC,LONG,65,16.98,entry (LONG),+0.0000
2026-04-11 11:22:54,intraday,MCHI,LONG,101,57.17,entry (LONG),+0.0000
2026-04-11 11:22:55,intraday,VTV,LONG,13,201.31,entry (LONG),+0.0000
2026-04-11 11:22:56,intraday,EWY,LONG,17,138.78,entry (LONG),+0.0000
2026-04-11 11:22:57,intraday,IGV,SHORT,21,74.63,entry (SHORT),+0.0000
2026-04-11 11:22:57,intraday,PDBC,LONG,65,16.98,entry (LONG),+0.0000
2026-04-11 11:24:04,intraday,MCHI,LONG,101,57.17,entry (LONG),+0.0000
2026-04-11 11:24:05,intraday,VTV,LONG,13,201.31,entry (LONG),+0.0000
2026-04-11 11:24:06,intraday,EWY,LONG,17,138.78,entry (LONG),+0.0000
2026-04-11 11:24:07,intraday,IGV,SHORT,21,74.63,entry (SHORT),+0.0000
2026-04-11 11:24:08,intraday,PDBC,LONG,65,16.98,entry (LONG),+0.0000
2026-04-11 11:24:58,swing,CIBR,SHORT,70,60.74,entry (SHORT),+0.0000
2026-04-11 11:25:00,swing,USMV,SHORT,152,92.75,entry (SHORT),+0.0000
2026-04-11 11:25:02,swing,EWY,SHORT,20,138.73,entry (SHORT),+0.0000
2026-04-11 11:25:08,swing,IBIT,SHORT,94,41.56,entry (SHORT),+0.0000
2026-04-11 11:25:33,intraday,MCHI,LONG,101,57.17,entry (LONG),+0.0000
2026-04-11 11:25:34,intraday,VTV,LONG,13,201.31,entry (LONG),+0.0000
2026-04-11 11:25:34,intraday,EWY,LONG,17,138.78,entry (LONG),+0.0000
2026-04-11 11:25:36,intraday,IGV,SHORT,21,74.63,entry (SHORT),+0.0000
2026-04-11 11:25:36,intraday,PDBC,LONG,65,16.98,entry (LONG),+0.0000
2026-04-11 11:26:45,intraday,MCHI,LONG,101,57.17,entry (LONG),+0.0000
2026-04-11 11:26:46,intraday,VTV,LONG,13,201.31,entry (LONG),+0.0000
2026-04-11 11:26:47,intraday,EWY,LONG,17,138.78,entry (LONG),+0.0000
2026-04-11 11:26:48,intraday,IGV,SHORT,21,74.63,entry (SHORT),+0.0000
2026-04-11 11:26:50,intraday,PDBC,LONG,65,16.98,entry (LONG),+0.0000
2026-04-11 11:29:42,intraday,EWH,LONG,322,23.88,entry (LONG),+0.0000
2026-04-11 11:29:46,intraday,SMH,LONG,8,436.98,entry (LONG),+0.0000
2026-04-11 11:29:48,intraday,GDX,LONG,27,99.43,entry (LONG),+0.0000
2026-04-11 11:30:46,swing,CIBR,SHORT,70,60.74,entry (SHORT),+0.0000
2026-04-11 11:30:54,swing,USMV,SHORT,152,92.75,entry (SHORT),+0.0000
2026-04-11 11:30:57,intraday,EWH,LONG,322,23.88,entry (LONG),+0.0000
2026-04-11 11:30:59,intraday,SMH,LONG,8,436.98,entry (LONG),+0.0000
2026-04-11 11:31:01,intraday,GDX,LONG,27,99.43,entry (LONG),+0.0000
2026-04-11 11:31:03,swing,EWY,SHORT,20,138.73,entry (SHORT),+0.0000
2026-04-11 11:31:26,swing,IBIT,SHORT,94,41.56,entry (SHORT),+0.0000
2026-04-11 11:32:07,intraday,EWH,LONG,322,23.88,entry (LONG),+0.0000
2026-04-11 11:32:09,intraday,SMH,LONG,8,436.98,entry (LONG),+0.0000
2026-04-11 11:32:10,intraday,GDX,LONG,27,99.43,entry (LONG),+0.0000
2026-04-11 11:33:17,intraday,EWH,LONG,322,23.88,entry (LONG),+0.0000
2026-04-11 11:33:19,intraday,SMH,LONG,8,436.98,entry (LONG),+0.0000
2026-04-11 11:33:20,intraday,GDX,LONG,27,99.43,entry (LONG),+0.0000
2026-04-11 11:34:25,intraday,EWH,LONG,322,23.88,entry (LONG),+0.0000
2026-04-11 11:34:27,intraday,SMH,LONG,8,436.98,entry (LONG),+0.0000
2026-04-11 11:34:28,intraday,GDX,LONG,27,99.43,entry (LONG),+0.0000
2026-04-11 11:35:33,intraday,EWH,LONG,322,23.88,entry (LONG),+0.0000
2026-04-11 11:35:35,intraday,SMH,LONG,8,436.98,entry (LONG),+0.0000
2026-04-11 11:35:36,intraday,GDX,LONG,27,99.43,entry (LONG),+0.0000
2026-04-11 11:36:42,intraday,EWH,LONG,322,23.88,entry (LONG),+0.0000
2026-04-11 11:36:43,intraday,SMH,LONG,8,436.98,entry (LONG),+0.0000
2026-04-11 11:36:44,intraday,GDX,LONG,27,99.43,entry (LONG),+0.0000
2026-04-11 11:37:02,swing,CIBR,SHORT,70,60.74,entry (SHORT),+0.0000
2026-04-11 11:37:05,swing,USMV,SHORT,152,92.75,entry (SHORT),+0.0000
2026-04-11 11:37:07,swing,EWY,SHORT,20,138.73,entry (SHORT),+0.0000
2026-04-11 11:37:12,swing,IBIT,SHORT,94,41.56,entry (SHORT),+0.0000
2026-04-11 11:37:50,intraday,EWH,LONG,322,23.88,entry (LONG),+0.0000
2026-04-11 11:37:52,intraday,SMH,LONG,8,436.98,entry (LONG),+0.0000
2026-04-11 11:37:53,intraday,GDX,LONG,27,99.43,entry (LONG),+0.0000
2026-04-11 11:38:59,intraday,EWH,LONG,322,23.88,entry (LONG),+0.0000
2026-04-11 11:39:00,intraday,SMH,LONG,8,436.98,entry (LONG),+0.0000
2026-04-11 11:39:02,intraday,GDX,LONG,27,99.43,entry (LONG),+0.0000
2026-04-11 11:40:07,intraday,EWH,LONG,322,23.88,entry (LONG),+0.0000
2026-04-11 11:40:09,intraday,SMH,LONG,8,436.98,entry (LONG),+0.0000
2026-04-11 11:40:10,intraday,GDX,LONG,27,99.43,entry (LONG),+0.0000
2026-04-11 11:41:16,intraday,EWH,LONG,322,23.88,entry (LONG),+0.0000
2026-04-11 11:41:17,intraday,SMH,LONG,8,436.98,entry (LONG),+0.0000
2026-04-11 11:41:19,intraday,GDX,LONG,27,99.43,entry (LONG),+0.0000
2026-04-11 11:42:24,intraday,EWH,LONG,322,23.88,entry (LONG),+0.0000
2026-04-11 11:42:26,intraday,SMH,LONG,8,436.98,entry (LONG),+0.0000
2026-04-11 11:42:27,intraday,GDX,LONG,27,99.43,entry (LONG),+0.0000
2026-04-11 11:42:29,swing,CIBR,SHORT,70,60.74,entry (SHORT),+0.0000
2026-04-11 11:42:32,swing,USMV,SHORT,152,92.75,entry (SHORT),+0.0000
2026-04-11 11:42:34,swing,EWY,SHORT,20,138.73,entry (SHORT),+0.0000
2026-04-11 11:42:39,swing,IBIT,SHORT,94,41.56,entry (SHORT),+0.0000
2026-04-11 11:43:33,intraday,EWH,LONG,322,23.88,entry (LONG),+0.0000
2026-04-11 11:43:34,intraday,SMH,LONG,8,436.98,entry (LONG),+0.0000
2026-04-11 11:43:36,intraday,GDX,LONG,27,99.43,entry (LONG),+0.0000
2026-04-11 11:44:41,intraday,EWH,LONG,322,23.88,entry (LONG),+0.0000
2026-04-11 11:44:42,intraday,SMH,LONG,8,436.98,entry (LONG),+0.0000
2026-04-11 11:44:43,intraday,GDX,LONG,27,99.43,entry (LONG),+0.0000
2026-04-11 11:45:50,intraday,EWH,LONG,322,23.88,entry (LONG),+0.0000
2026-04-11 11:45:51,intraday,SMH,LONG,8,436.98,entry (LONG),+0.0000
2026-04-11 11:45:52,intraday,GDX,LONG,27,99.43,entry (LONG),+0.0000
2026-04-11 11:46:59,intraday,EWH,LONG,322,23.88,entry (LONG),+0.0000
2026-04-11 11:47:01,intraday,SMH,LONG,8,436.98,entry (LONG),+0.0000
2026-04-11 11:47:02,intraday,GDX,LONG,27,99.43,entry (LONG),+0.0000
2026-04-11 11:47:57,swing,CIBR,SHORT,70,60.74,entry (SHORT),+0.0000
2026-04-11 11:47:59,swing,USMV,SHORT,152,92.75,entry (SHORT),+0.0000
2026-04-11 11:48:01,swing,EWY,SHORT,20,138.73,entry (SHORT),+0.0000
2026-04-11 11:48:06,swing,IBIT,SHORT,94,41.56,entry (SHORT),+0.0000
2026-04-11 11:48:07,intraday,EWH,LONG,322,23.88,entry (LONG),+0.0000
2026-04-11 11:48:08,intraday,SMH,LONG,8,436.98,entry (LONG),+0.0000
2026-04-11 11:48:10,intraday,GDX,LONG,27,99.43,entry (LONG),+0.0000
2026-04-11 11:49:15,intraday,EWH,LONG,322,23.88,entry (LONG),+0.0000
2026-04-11 11:49:16,intraday,SMH,LONG,8,436.98,entry (LONG),+0.0000
2026-04-11 11:49:18,intraday,GDX,LONG,27,99.43,entry (LONG),+0.0000
2026-04-11 11:50:25,intraday,EWH,LONG,322,23.88,entry (LONG),+0.0000
2026-04-11 11:50:27,intraday,SMH,LONG,8,436.98,entry (LONG),+0.0000
2026-04-11 11:50:28,intraday,GDX,LONG,27,99.43,entry (LONG),+0.0000
2026-04-11 11:51:34,intraday,EWH,LONG,322,23.88,entry (LONG),+0.0000
2026-04-11 11:51:36,intraday,SMH,LONG,8,436.98,entry (LONG),+0.0000
2026-04-11 11:51:37,intraday,GDX,LONG,27,99.43,entry (LONG),+0.0000
2026-04-11 11:52:42,intraday,EWH,LONG,322,23.88,entry (LONG),+0.0000
2026-04-11 11:52:44,intraday,SMH,LONG,8,436.98,entry (LONG),+0.0000
2026-04-11 11:52:45,intraday,GDX,LONG,27,99.43,entry (LONG),+0.0000
2026-04-11 11:53:26,swing,CIBR,SHORT,70,60.74,entry (SHORT),+0.0000
2026-04-11 11:53:29,swing,USMV,SHORT,152,92.75,entry (SHORT),+0.0000
2026-04-11 11:53:31,swing,EWY,SHORT,20,138.73,entry (SHORT),+0.0000
2026-04-11 11:53:36,swing,IBIT,SHORT,94,41.56,entry (SHORT),+0.0000
2026-04-11 11:53:52,intraday,EWH,LONG,322,23.88,entry (LONG),+0.0000
2026-04-11 11:53:54,intraday,SMH,LONG,8,436.98,entry (LONG),+0.0000
2026-04-11 11:53:55,intraday,GDX,LONG,27,99.43,entry (LONG),+0.0000
2026-04-11 11:55:01,intraday,EWH,LONG,322,23.88,entry (LONG),+0.0000
2026-04-11 11:55:02,intraday,SMH,LONG,8,436.98,entry (LONG),+0.0000
2026-04-11 11:55:04,intraday,GDX,LONG,27,99.43,entry (LONG),+0.0000
2026-04-11 11:56:09,intraday,EWH,LONG,322,23.88,entry (LONG),+0.0000
2026-04-11 11:56:11,intraday,SMH,LONG,8,436.98,entry (LONG),+0.0000
2026-04-11 11:56:12,intraday,GDX,LONG,27,99.43,entry (LONG),+0.0000
2026-04-11 11:57:17,intraday,EWH,LONG,322,23.88,entry (LONG),+0.0000
2026-04-11 11:57:19,intraday,SMH,LONG,8,436.98,entry (LONG),+0.0000
2026-04-11 11:57:20,intraday,GDX,LONG,27,99.43,entry (LONG),+0.0000
2026-04-11 11:58:25,intraday,EWH,LONG,322,23.88,entry (LONG),+0.0000
2026-04-11 11:58:27,intraday,SMH,LONG,8,436.98,entry (LONG),+0.0000
2026-04-11 11:58:28,intraday,GDX,LONG,27,99.43,entry (LONG),+0.0000
2026-04-11 11:58:52,swing,CIBR,SHORT,70,60.74,entry (SHORT),+0.0000
2026-04-11 11:58:54,swing,USMV,SHORT,152,92.75,entry (SHORT),+0.0000
2026-04-11 11:58:56,swing,EWY,SHORT,20,138.73,entry (SHORT),+0.0000
2026-04-11 11:59:01,swing,IBIT,SHORT,94,41.56,entry (SHORT),+0.0000
2026-04-11 11:59:33,intraday,EWH,LONG,322,23.88,entry (LONG),+0.0000
2026-04-11 11:59:35,intraday,SMH,LONG,8,436.98,entry (LONG),+0.0000
2026-04-11 11:59:36,intraday,GDX,LONG,27,99.43,entry (LONG),+0.0000
2026-04-11 12:00:41,intraday,EWH,LONG,322,23.88,entry (LONG),+0.0000
2026-04-11 12:00:43,intraday,SMH,LONG,8,436.98,entry (LONG),+0.0000
2026-04-11 12:00:44,intraday,GDX,LONG,27,99.43,entry (LONG),+0.0000
2026-04-11 12:01:49,intraday,EWH,LONG,322,23.88,entry (LONG),+0.0000
2026-04-11 12:01:51,intraday,SMH,LONG,8,436.98,entry (LONG),+0.0000
2026-04-11 12:01:52,intraday,GDX,LONG,27,99.43,entry (LONG),+0.0000
2026-04-11 12:02:57,intraday,EWH,LONG,322,23.88,entry (LONG),+0.0000
2026-04-11 12:02:58,intraday,SMH,LONG,8,436.98,entry (LONG),+0.0000
2026-04-11 12:02:59,intraday,GDX,LONG,27,99.43,entry (LONG),+0.0000
2026-04-11 12:04:05,intraday,EWH,LONG,322,23.88,entry (LONG),+0.0000
2026-04-11 12:04:06,intraday,SMH,LONG,8,436.98,entry (LONG),+0.0000
2026-04-11 12:04:07,intraday,GDX,LONG,27,99.43,entry (LONG),+0.0000
2026-04-11 12:04:19,swing,CIBR,SHORT,70,60.74,entry (SHORT),+0.0000
2026-04-11 12:04:21,swing,USMV,SHORT,152,92.75,entry (SHORT),+0.0000
2026-04-11 12:04:23,swing,EWY,SHORT,20,138.73,entry (SHORT),+0.0000
2026-04-11 12:04:28,swing,IBIT,SHORT,94,41.56,entry (SHORT),+0.0000
2026-04-11 12:05:13,intraday,EWH,LONG,322,23.88,entry (LONG),+0.0000
2026-04-11 12:05:15,intraday,SMH,LONG,8,436.98,entry (LONG),+0.0000
2026-04-11 12:05:16,intraday,GDX,LONG,27,99.43,entry (LONG),+0.0000
2026-04-11 12:06:21,intraday,EWH,LONG,322,23.88,entry (LONG),+0.0000
2026-04-11 12:06:23,intraday,SMH,LONG,8,436.98,entry (LONG),+0.0000
2026-04-11 12:06:24,intraday,GDX,LONG,27,99.43,entry (LONG),+0.0000
2026-04-11 12:07:29,intraday,EWH,LONG,322,23.88,entry (LONG),+0.0000
2026-04-11 12:07:31,intraday,SMH,LONG,8,436.98,entry (LONG),+0.0000
2026-04-11 12:07:32,intraday,GDX,LONG,27,99.43,entry (LONG),+0.0000
2026-04-11 12:08:37,intraday,EWH,LONG,322,23.88,entry (LONG),+0.0000
2026-04-11 12:08:39,intraday,SMH,LONG,8,436.98,entry (LONG),+0.0000
2026-04-11 12:08:41,intraday,GDX,LONG,27,99.43,entry (LONG),+0.0000
2026-04-11 12:09:46,intraday,EWH,LONG,322,23.88,entry (LONG),+0.0000
2026-04-11 12:09:48,swing,CIBR,SHORT,70,60.74,entry (SHORT),+0.0000
2026-04-11 12:09:48,intraday,SMH,LONG,8,436.98,entry (LONG),+0.0000
2026-04-11 12:09:49,intraday,GDX,LONG,27,99.43,entry (LONG),+0.0000
2026-04-11 12:09:50,swing,USMV,SHORT,152,92.75,entry (SHORT),+0.0000
2026-04-11 12:09:52,swing,EWY,SHORT,20,138.73,entry (SHORT),+0.0000
2026-04-11 12:09:58,swing,IBIT,SHORT,94,41.56,entry (SHORT),+0.0000
2026-04-11 12:10:54,intraday,EWH,LONG,322,23.88,entry (LONG),+0.0000
2026-04-11 12:10:56,intraday,SMH,LONG,8,436.98,entry (LONG),+0.0000
2026-04-11 12:10:57,intraday,GDX,LONG,27,99.43,entry (LONG),+0.0000
2026-04-11 12:12:02,intraday,EWH,LONG,322,23.88,entry (LONG),+0.0000
2026-04-11 12:12:04,intraday,SMH,LONG,8,436.98,entry (LONG),+0.0000
2026-04-11 12:12:06,intraday,GDX,LONG,27,99.43,entry (LONG),+0.0000
2026-04-11 12:13:11,intraday,EWH,LONG,322,23.88,entry (LONG),+0.0000
2026-04-11 12:13:13,intraday,SMH,LONG,8,436.98,entry (LONG),+0.0000
2026-04-11 12:13:14,intraday,GDX,LONG,27,99.43,entry (LONG),+0.0000
2026-04-11 12:14:19,intraday,EWH,LONG,322,23.88,entry (LONG),+0.0000
2026-04-11 12:14:21,intraday,SMH,LONG,8,436.98,entry (LONG),+0.0000
2026-04-11 12:14:22,intraday,GDX,LONG,27,99.43,entry (LONG),+0.0000
2026-04-11 12:15:17,swing,CIBR,SHORT,70,60.74,entry (SHORT),+0.0000
2026-04-11 12:15:19,swing,USMV,SHORT,152,92.75,entry (SHORT),+0.0000
2026-04-11 12:15:21,swing,EWY,SHORT,20,138.73,entry (SHORT),+0.0000
2026-04-11 12:15:26,swing,IBIT,SHORT,94,41.56,entry (SHORT),+0.0000
2026-04-11 12:15:27,intraday,EWH,LONG,322,23.88,entry (LONG),+0.0000
2026-04-11 12:15:28,intraday,SMH,LONG,8,436.98,entry (LONG),+0.0000
2026-04-11 12:15:29,intraday,GDX,LONG,27,99.43,entry (LONG),+0.0000
2026-04-11 12:16:35,intraday,EWH,LONG,322,23.88,entry (LONG),+0.0000
2026-04-11 12:16:36,intraday,SMH,LONG,8,436.98,entry (LONG),+0.0000
2026-04-11 12:16:38,intraday,GDX,LONG,27,99.43,entry (LONG),+0.0000
2026-04-11 12:17:43,intraday,EWH,LONG,322,23.88,entry (LONG),+0.0000
2026-04-11 12:17:44,intraday,SMH,LONG,8,436.98,entry (LONG),+0.0000
2026-04-11 12:17:45,intraday,GDX,LONG,27,99.43,entry (LONG),+0.0000
2026-04-11 12:18:50,intraday,EWH,LONG,322,23.88,entry (LONG),+0.0000
2026-04-11 12:18:52,intraday,SMH,LONG,8,436.98,entry (LONG),+0.0000
2026-04-11 12:18:53,intraday,GDX,LONG,27,99.43,entry (LONG),+0.0000
2026-04-11 12:19:58,intraday,EWH,LONG,322,23.88,entry (LONG),+0.0000
2026-04-11 12:20:00,intraday,SMH,LONG,8,436.98,entry (LONG),+0.0000
2026-04-11 12:20:01,intraday,GDX,LONG,27,99.43,entry (LONG),+0.0000
2026-04-11 12:20:44,swing,CIBR,SHORT,70,60.74,entry (SHORT),+0.0000
2026-04-11 12:20:46,swing,USMV,SHORT,152,92.75,entry (SHORT),+0.0000
2026-04-11 12:20:48,swing,EWY,SHORT,20,138.73,entry (SHORT),+0.0000
2026-04-11 12:20:52,swing,IBIT,SHORT,94,41.56,entry (SHORT),+0.0000
2026-04-11 12:21:06,intraday,EWH,LONG,322,23.88,entry (LONG),+0.0000
2026-04-11 12:21:07,intraday,SMH,LONG,8,436.98,entry (LONG),+0.0000
2026-04-11 12:21:08,intraday,GDX,LONG,27,99.43,entry (LONG),+0.0000
2026-04-11 12:22:15,intraday,EWH,LONG,322,23.88,entry (LONG),+0.0000
2026-04-11 12:22:16,intraday,SMH,LONG,8,436.98,entry (LONG),+0.0000
2026-04-11 12:22:17,intraday,GDX,LONG,27,99.43,entry (LONG),+0.0000
2026-04-11 12:23:22,intraday,EWH,LONG,322,23.88,entry (LONG),+0.0000
2026-04-11 12:23:24,intraday,SMH,LONG,8,436.98,entry (LONG),+0.0000
2026-04-11 12:23:25,intraday,GDX,LONG,27,99.43,entry (LONG),+0.0000
2026-04-11 12:24:30,intraday,EWH,LONG,322,23.88,entry (LONG),+0.0000
2026-04-11 12:24:32,intraday,SMH,LONG,8,436.98,entry (LONG),+0.0000
2026-04-11 12:24:33,intraday,GDX,LONG,27,99.43,entry (LONG),+0.0000
2026-04-11 12:25:38,intraday,EWH,LONG,322,23.88,entry (LONG),+0.0000
2026-04-11 12:25:39,intraday,SMH,LONG,8,436.98,entry (LONG),+0.0000
2026-04-11 12:25:41,intraday,GDX,LONG,27,99.43,entry (LONG),+0.0000
2026-04-11 12:26:08,swing,CIBR,SHORT,70,60.74,entry (SHORT),+0.0000
2026-04-11 12:26:10,swing,USMV,SHORT,152,92.75,entry (SHORT),+0.0000
2026-04-11 12:26:11,swing,EWY,SHORT,20,138.73,entry (SHORT),+0.0000
2026-04-11 12:26:17,swing,IBIT,SHORT,94,41.56,entry (SHORT),+0.0000
2026-04-11 12:26:46,intraday,EWH,LONG,322,23.88,entry (LONG),+0.0000
2026-04-11 12:26:47,intraday,SMH,LONG,8,436.98,entry (LONG),+0.0000
2026-04-11 12:26:48,intraday,GDX,LONG,27,99.43,entry (LONG),+0.0000
2026-04-11 12:27:54,intraday,EWH,LONG,322,23.88,entry (LONG),+0.0000
2026-04-11 12:27:55,intraday,SMH,LONG,8,436.98,entry (LONG),+0.0000
2026-04-11 12:27:56,intraday,GDX,LONG,27,99.43,entry (LONG),+0.0000
2026-04-11 12:29:04,intraday,EWH,LONG,322,23.88,entry (LONG),+0.0000
2026-04-11 12:29:06,intraday,SMH,LONG,8,436.98,entry (LONG),+0.0000
2026-04-11 12:29:08,intraday,GDX,LONG,27,99.43,entry (LONG),+0.0000
2026-04-11 12:30:32,intraday,EWH,LONG,322,23.88,entry (LONG),+0.0000
2026-04-11 12:30:34,intraday,SMH,LONG,8,436.98,entry (LONG),+0.0000
2026-04-11 12:30:35,intraday,GDX,LONG,27,99.43,entry (LONG),+0.0000
2026-04-11 12:31:33,swing,CIBR,SHORT,70,60.74,entry (SHORT),+0.0000
2026-04-11 12:31:35,swing,USMV,SHORT,152,92.75,entry (SHORT),+0.0000
2026-04-11 12:31:36,swing,EWY,SHORT,20,138.73,entry (SHORT),+0.0000
2026-04-11 12:31:40,intraday,EWH,LONG,322,23.88,entry (LONG),+0.0000
2026-04-11 12:31:41,intraday,SMH,LONG,8,436.98,entry (LONG),+0.0000
2026-04-11 12:31:42,intraday,GDX,LONG,27,99.43,entry (LONG),+0.0000
2026-04-11 12:31:43,swing,IBIT,SHORT,94,41.56,entry (SHORT),+0.0000
2026-04-11 12:32:48,intraday,EWH,LONG,322,23.88,entry (LONG),+0.0000
2026-04-11 12:32:49,intraday,SMH,LONG,8,436.98,entry (LONG),+0.0000
2026-04-11 12:32:50,intraday,GDX,LONG,27,99.43,entry (LONG),+0.0000
2026-04-11 12:33:55,intraday,EWH,LONG,322,23.88,entry (LONG),+0.0000
2026-04-11 12:33:57,intraday,SMH,LONG,8,436.98,entry (LONG),+0.0000
2026-04-11 12:33:58,intraday,GDX,LONG,27,99.43,entry (LONG),+0.0000
2026-04-11 12:35:04,intraday,EWH,LONG,322,23.88,entry (LONG),+0.0000
2026-04-11 12:35:05,intraday,SMH,LONG,8,436.98,entry (LONG),+0.0000
2026-04-11 12:35:07,intraday,GDX,LONG,27,99.43,entry (LONG),+0.0000
2026-04-11 12:36:11,intraday,EWH,LONG,322,23.88,entry (LONG),+0.0000
2026-04-11 12:36:13,intraday,SMH,LONG,8,436.98,entry (LONG),+0.0000
2026-04-11 12:36:14,intraday,GDX,LONG,27,99.43,entry (LONG),+0.0000
2026-04-11 12:36:59,swing,CIBR,SHORT,70,60.74,entry (SHORT),+0.0000
2026-04-11 12:37:01,swing,USMV,SHORT,152,92.75,entry (SHORT),+0.0000
2026-04-11 12:37:03,swing,EWY,SHORT,20,138.73,entry (SHORT),+0.0000
2026-04-11 12:37:09,swing,IBIT,SHORT,94,41.56,entry (SHORT),+0.0000
2026-04-11 12:37:19,intraday,EWH,LONG,322,23.88,entry (LONG),+0.0000
2026-04-11 12:37:20,intraday,SMH,LONG,8,436.98,entry (LONG),+0.0000
2026-04-11 12:37:21,intraday,GDX,LONG,27,99.43,entry (LONG),+0.0000
2026-04-11 12:38:27,intraday,EWH,LONG,322,23.88,entry (LONG),+0.0000
2026-04-11 12:38:29,intraday,SMH,LONG,8,436.98,entry (LONG),+0.0000
2026-04-11 12:38:30,intraday,GDX,LONG,27,99.43,entry (LONG),+0.0000
2026-04-11 12:39:35,intraday,EWH,LONG,322,23.88,entry (LONG),+0.0000
2026-04-11 12:39:37,intraday,SMH,LONG,8,436.98,entry (LONG),+0.0000
2026-04-11 12:39:38,intraday,GDX,LONG,27,99.43,entry (LONG),+0.0000
2026-04-11 12:40:44,intraday,EWH,LONG,322,23.88,entry (LONG),+0.0000
2026-04-11 12:40:46,intraday,SMH,LONG,8,436.98,entry (LONG),+0.0000
2026-04-11 12:40:47,intraday,GDX,LONG,27,99.43,entry (LONG),+0.0000
2026-04-11 12:41:52,intraday,EWH,LONG,322,23.88,entry (LONG),+0.0000
2026-04-11 12:41:54,intraday,SMH,LONG,8,436.98,entry (LONG),+0.0000
2026-04-11 12:41:55,intraday,GDX,LONG,27,99.43,entry (LONG),+0.0000
2026-04-11 12:42:26,swing,CIBR,SHORT,70,60.74,entry (SHORT),+0.0000
2026-04-11 12:42:28,swing,USMV,SHORT,152,92.75,entry (SHORT),+0.0000
2026-04-11 12:42:32,swing,EWY,SHORT,20,138.73,entry (SHORT),+0.0000
2026-04-11 12:42:39,swing,IBIT,SHORT,94,41.56,entry (SHORT),+0.0000
2026-04-11 12:43:01,intraday,EWH,LONG,322,23.88,entry (LONG),+0.0000
2026-04-11 12:43:03,intraday,SMH,LONG,8,436.98,entry (LONG),+0.0000
2026-04-11 12:43:04,intraday,GDX,LONG,27,99.43,entry (LONG),+0.0000
2026-04-11 12:44:09,intraday,EWH,LONG,322,23.88,entry (LONG),+0.0000
2026-04-11 12:44:11,intraday,SMH,LONG,8,436.98,entry (LONG),+0.0000
2026-04-11 12:44:12,intraday,GDX,LONG,27,99.43,entry (LONG),+0.0000
2026-04-11 12:45:17,intraday,EWH,LONG,322,23.88,entry (LONG),+0.0000
2026-04-11 12:45:19,intraday,SMH,LONG,8,436.98,entry (LONG),+0.0000
2026-04-11 12:45:20,intraday,GDX,LONG,27,99.43,entry (LONG),+0.0000
2026-04-11 12:46:25,intraday,EWH,LONG,322,23.88,entry (LONG),+0.0000
2026-04-11 12:46:27,intraday,SMH,LONG,8,436.98,entry (LONG),+0.0000
2026-04-11 12:46:28,intraday,GDX,LONG,27,99.43,entry (LONG),+0.0000
2026-04-11 12:47:32,intraday,EWH,LONG,322,23.88,entry (LONG),+0.0000
2026-04-11 12:47:34,intraday,SMH,LONG,8,436.98,entry (LONG),+0.0000
2026-04-11 12:47:35,intraday,GDX,LONG,27,99.43,entry (LONG),+0.0000
2026-04-11 12:47:57,swing,CIBR,SHORT,70,60.74,entry (SHORT),+0.0000
2026-04-11 12:47:59,swing,USMV,SHORT,152,92.75,entry (SHORT),+0.0000
2026-04-11 12:48:01,swing,EWY,SHORT,20,138.73,entry (SHORT),+0.0000
2026-04-11 12:48:07,swing,IBIT,SHORT,94,41.56,entry (SHORT),+0.0000
2026-04-11 12:48:40,intraday,EWH,LONG,322,23.88,entry (LONG),+0.0000
2026-04-11 12:48:42,intraday,SMH,LONG,8,436.98,entry (LONG),+0.0000
2026-04-11 12:48:43,intraday,GDX,LONG,27,99.43,entry (LONG),+0.0000
2026-04-11 12:49:48,intraday,EWH,LONG,322,23.88,entry (LONG),+0.0000
2026-04-11 12:49:50,intraday,SMH,LONG,8,436.98,entry (LONG),+0.0000
2026-04-11 12:49:51,intraday,GDX,LONG,27,99.43,entry (LONG),+0.0000
2026-04-11 12:50:56,intraday,EWH,LONG,322,23.88,entry (LONG),+0.0000
2026-04-11 12:50:58,intraday,SMH,LONG,8,436.98,entry (LONG),+0.0000
2026-04-11 12:51:00,intraday,GDX,LONG,27,99.43,entry (LONG),+0.0000
2026-04-11 12:52:05,intraday,EWH,LONG,322,23.88,entry (LONG),+0.0000
2026-04-11 12:52:07,intraday,SMH,LONG,8,436.98,entry (LONG),+0.0000
2026-04-11 12:52:08,intraday,GDX,LONG,27,99.43,entry (LONG),+0.0000
2026-04-11 12:53:14,intraday,EWH,LONG,322,23.88,entry (LONG),+0.0000
2026-04-11 12:53:16,intraday,SMH,LONG,8,436.98,entry (LONG),+0.0000
2026-04-11 12:53:17,intraday,GDX,LONG,27,99.43,entry (LONG),+0.0000
2026-04-11 12:53:23,swing,CIBR,SHORT,70,60.74,entry (SHORT),+0.0000
2026-04-11 12:53:25,swing,USMV,SHORT,152,92.75,entry (SHORT),+0.0000
2026-04-11 12:53:27,swing,EWY,SHORT,20,138.73,entry (SHORT),+0.0000
2026-04-11 12:53:32,swing,IBIT,SHORT,94,41.56,entry (SHORT),+0.0000
2026-04-11 12:54:24,intraday,EWH,LONG,322,23.88,entry (LONG),+0.0000
2026-04-11 12:54:27,intraday,SMH,LONG,8,436.98,entry (LONG),+0.0000
2026-04-11 12:54:30,intraday,GDX,LONG,27,99.43,entry (LONG),+0.0000
2026-04-11 12:55:35,intraday,EWH,LONG,322,23.88,entry (LONG),+0.0000
2026-04-11 12:55:37,intraday,SMH,LONG,8,436.98,entry (LONG),+0.0000
2026-04-11 12:55:38,intraday,GDX,LONG,27,99.43,entry (LONG),+0.0000
2026-04-11 12:56:42,intraday,EWH,LONG,322,23.88,entry (LONG),+0.0000
2026-04-11 12:56:44,intraday,SMH,LONG,8,436.98,entry (LONG),+0.0000
2026-04-11 12:56:45,intraday,GDX,LONG,27,99.43,entry (LONG),+0.0000
2026-04-11 12:57:50,intraday,EWH,LONG,322,23.88,entry (LONG),+0.0000
2026-04-11 12:57:52,intraday,SMH,LONG,8,436.98,entry (LONG),+0.0000
2026-04-11 12:57:54,intraday,GDX,LONG,27,99.43,entry (LONG),+0.0000
2026-04-11 12:58:52,swing,CIBR,SHORT,70,60.74,entry (SHORT),+0.0000
2026-04-11 12:58:53,swing,USMV,SHORT,152,92.75,entry (SHORT),+0.0000
2026-04-11 12:58:55,swing,EWY,SHORT,20,138.73,entry (SHORT),+0.0000
2026-04-11 12:58:59,intraday,EWH,LONG,322,23.88,entry (LONG),+0.0000
2026-04-11 12:59:00,swing,IBIT,SHORT,94,41.56,entry (SHORT),+0.0000
2026-04-11 12:59:01,intraday,SMH,LONG,8,436.98,entry (LONG),+0.0000
2026-04-11 12:59:02,intraday,GDX,LONG,27,99.43,entry (LONG),+0.0000
2026-04-11 13:00:09,intraday,EWH,LONG,322,23.88,entry (LONG),+0.0000
2026-04-11 13:00:11,intraday,SMH,LONG,8,436.98,entry (LONG),+0.0000
2026-04-11 13:00:12,intraday,GDX,LONG,27,99.43,entry (LONG),+0.0000
2026-04-11 13:01:17,intraday,EWH,LONG,322,23.88,entry (LONG),+0.0000
2026-04-11 13:01:19,intraday,SMH,LONG,8,436.98,entry (LONG),+0.0000
2026-04-11 13:01:20,intraday,GDX,LONG,27,99.43,entry (LONG),+0.0000
2026-04-11 13:02:25,intraday,EWH,LONG,322,23.88,entry (LONG),+0.0000
2026-04-11 13:02:27,intraday,SMH,LONG,8,436.98,entry (LONG),+0.0000
2026-04-11 13:02:28,intraday,GDX,LONG,27,99.43,entry (LONG),+0.0000
2026-04-11 13:03:33,intraday,EWH,LONG,322,23.88,entry (LONG),+0.0000
2026-04-11 13:03:34,intraday,SMH,LONG,8,436.98,entry (LONG),+0.0000
2026-04-11 13:03:36,intraday,GDX,LONG,27,99.43,entry (LONG),+0.0000
2026-04-11 13:04:17,swing,CIBR,SHORT,70,60.74,entry (SHORT),+0.0000
2026-04-11 13:04:19,swing,USMV,SHORT,152,92.75,entry (SHORT),+0.0000
2026-04-11 13:04:21,swing,EWY,SHORT,20,138.73,entry (SHORT),+0.0000
2026-04-11 13:04:25,swing,IBIT,SHORT,94,41.56,entry (SHORT),+0.0000
2026-04-11 13:04:41,intraday,EWH,LONG,322,23.88,entry (LONG),+0.0000
2026-04-11 13:04:43,intraday,SMH,LONG,8,436.98,entry (LONG),+0.0000
2026-04-11 13:04:44,intraday,GDX,LONG,27,99.43,entry (LONG),+0.0000
2026-04-11 13:05:50,intraday,EWH,LONG,322,23.88,entry (LONG),+0.0000
2026-04-11 13:05:52,intraday,SMH,LONG,8,436.98,entry (LONG),+0.0000
2026-04-11 13:05:53,intraday,GDX,LONG,27,99.43,entry (LONG),+0.0000
2026-04-11 13:06:58,intraday,EWH,LONG,322,23.88,entry (LONG),+0.0000
2026-04-11 13:06:59,intraday,SMH,LONG,8,436.98,entry (LONG),+0.0000
2026-04-11 13:07:00,intraday,GDX,LONG,27,99.43,entry (LONG),+0.0000
2026-04-11 13:08:06,intraday,EWH,LONG,322,23.88,entry (LONG),+0.0000
2026-04-11 13:08:09,intraday,SMH,LONG,8,436.98,entry (LONG),+0.0000
2026-04-11 13:08:10,intraday,GDX,LONG,27,99.43,entry (LONG),+0.0000
2026-04-11 13:09:15,intraday,EWH,LONG,322,23.88,entry (LONG),+0.0000
2026-04-11 13:09:17,intraday,SMH,LONG,8,436.98,entry (LONG),+0.0000
2026-04-11 13:09:18,intraday,GDX,LONG,27,99.43,entry (LONG),+0.0000
2026-04-11 13:09:45,swing,CIBR,SHORT,70,60.74,entry (SHORT),+0.0000
2026-04-11 13:09:48,swing,USMV,SHORT,152,92.75,entry (SHORT),+0.0000
2026-04-11 13:09:50,swing,EWY,SHORT,20,138.73,entry (SHORT),+0.0000
2026-04-11 13:09:54,swing,IBIT,SHORT,94,41.56,entry (SHORT),+0.0000
2026-04-11 13:10:23,intraday,EWH,LONG,322,23.88,entry (LONG),+0.0000
2026-04-11 13:10:25,intraday,SMH,LONG,8,436.98,entry (LONG),+0.0000
2026-04-11 13:10:26,intraday,GDX,LONG,27,99.43,entry (LONG),+0.0000
2026-04-11 13:11:31,intraday,EWH,LONG,322,23.88,entry (LONG),+0.0000
2026-04-11 13:11:33,intraday,SMH,LONG,8,436.98,entry (LONG),+0.0000
2026-04-11 13:11:34,intraday,GDX,LONG,27,99.43,entry (LONG),+0.0000
2026-04-11 13:12:39,intraday,EWH,LONG,322,23.88,entry (LONG),+0.0000
2026-04-11 13:12:40,intraday,SMH,LONG,8,436.98,entry (LONG),+0.0000
2026-04-11 13:12:41,intraday,GDX,LONG,27,99.43,entry (LONG),+0.0000
2026-04-11 13:13:47,intraday,EWH,LONG,322,23.88,entry (LONG),+0.0000
2026-04-11 13:13:48,intraday,SMH,LONG,8,436.98,entry (LONG),+0.0000
2026-04-11 13:13:49,intraday,GDX,LONG,27,99.43,entry (LONG),+0.0000
2026-04-11 13:14:55,intraday,EWH,LONG,322,23.88,entry (LONG),+0.0000
2026-04-11 13:14:57,intraday,SMH,LONG,8,436.98,entry (LONG),+0.0000
2026-04-11 13:14:58,intraday,GDX,LONG,27,99.43,entry (LONG),+0.0000
2026-04-11 13:15:10,swing,CIBR,SHORT,70,60.74,entry (SHORT),+0.0000
2026-04-11 13:15:12,swing,USMV,SHORT,152,92.75,entry (SHORT),+0.0000
2026-04-11 13:15:14,swing,EWY,SHORT,20,138.73,entry (SHORT),+0.0000
2026-04-11 13:15:18,swing,IBIT,SHORT,94,41.56,entry (SHORT),+0.0000
2026-04-11 13:16:02,intraday,EWH,LONG,322,23.88,entry (LONG),+0.0000
2026-04-11 13:16:04,intraday,SMH,LONG,8,436.98,entry (LONG),+0.0000
2026-04-11 13:16:05,intraday,GDX,LONG,27,99.43,entry (LONG),+0.0000
2026-04-11 13:17:10,intraday,EWH,LONG,322,23.88,entry (LONG),+0.0000
2026-04-11 13:17:12,intraday,SMH,LONG,8,436.98,entry (LONG),+0.0000
2026-04-11 13:17:13,intraday,GDX,LONG,27,99.43,entry (LONG),+0.0000
2026-04-11 13:18:18,intraday,EWH,LONG,322,23.88,entry (LONG),+0.0000
2026-04-11 13:18:20,intraday,SMH,LONG,8,436.98,entry (LONG),+0.0000
2026-04-11 13:18:21,intraday,GDX,LONG,27,99.43,entry (LONG),+0.0000
2026-04-11 13:19:26,intraday,EWH,LONG,322,23.88,entry (LONG),+0.0000
2026-04-11 13:19:28,intraday,SMH,LONG,8,436.98,entry (LONG),+0.0000
2026-04-11 13:19:29,intraday,GDX,LONG,27,99.43,entry (LONG),+0.0000
2026-04-11 13:20:33,swing,CIBR,SHORT,70,60.74,entry (SHORT),+0.0000
2026-04-11 13:20:34,intraday,EWH,LONG,322,23.88,entry (LONG),+0.0000
2026-04-11 13:20:35,swing,USMV,SHORT,152,92.75,entry (SHORT),+0.0000
2026-04-11 13:20:36,intraday,SMH,LONG,8,436.98,entry (LONG),+0.0000
2026-04-11 13:20:37,swing,EWY,SHORT,20,138.73,entry (SHORT),+0.0000
2026-04-11 13:20:37,intraday,GDX,LONG,27,99.43,entry (LONG),+0.0000
2026-04-11 13:20:42,swing,IBIT,SHORT,94,41.56,entry (SHORT),+0.0000
2026-04-11 13:21:44,intraday,EWH,LONG,322,23.88,entry (LONG),+0.0000
2026-04-11 13:21:46,intraday,SMH,LONG,8,436.98,entry (LONG),+0.0000
2026-04-11 13:21:47,intraday,GDX,LONG,27,99.43,entry (LONG),+0.0000
2026-04-11 13:22:52,intraday,EWH,LONG,322,23.88,entry (LONG),+0.0000
2026-04-11 13:22:54,intraday,SMH,LONG,8,436.98,entry (LONG),+0.0000
2026-04-11 13:22:58,intraday,GDX,LONG,27,99.43,entry (LONG),+0.0000
2026-04-11 13:24:04,intraday,EWH,LONG,322,23.88,entry (LONG),+0.0000
2026-04-11 13:24:06,intraday,SMH,LONG,8,436.98,entry (LONG),+0.0000
2026-04-11 13:24:07,intraday,GDX,LONG,27,99.43,entry (LONG),+0.0000
2026-04-11 13:25:12,intraday,EWH,LONG,322,23.88,entry (LONG),+0.0000
2026-04-11 13:25:13,intraday,SMH,LONG,8,436.98,entry (LONG),+0.0000
2026-04-11 13:25:15,intraday,GDX,LONG,27,99.43,entry (LONG),+0.0000
2026-04-11 13:25:59,swing,CIBR,SHORT,70,60.74,entry (SHORT),+0.0000
2026-04-11 13:26:01,swing,USMV,SHORT,152,92.75,entry (SHORT),+0.0000
2026-04-11 13:26:03,swing,EWY,SHORT,20,138.73,entry (SHORT),+0.0000
2026-04-11 13:26:08,swing,IBIT,SHORT,94,41.56,entry (SHORT),+0.0000
2026-04-11 13:26:20,intraday,EWH,LONG,322,23.88,entry (LONG),+0.0000
2026-04-11 13:26:22,intraday,SMH,LONG,8,436.98,entry (LONG),+0.0000
2026-04-11 13:26:23,intraday,GDX,LONG,27,99.43,entry (LONG),+0.0000
2026-04-11 13:27:29,intraday,EWH,LONG,322,23.88,entry (LONG),+0.0000
2026-04-11 13:27:30,intraday,SMH,LONG,8,436.98,entry (LONG),+0.0000
2026-04-11 13:27:32,intraday,GDX,LONG,27,99.43,entry (LONG),+0.0000
2026-04-11 13:28:37,intraday,EWH,LONG,322,23.88,entry (LONG),+0.0000
2026-04-11 13:28:39,intraday,SMH,LONG,8,436.98,entry (LONG),+0.0000
2026-04-11 13:28:40,intraday,GDX,LONG,27,99.43,entry (LONG),+0.0000
2026-04-11 13:29:46,intraday,EWH,LONG,322,23.88,entry (LONG),+0.0000
2026-04-11 13:29:49,intraday,SMH,LONG,8,436.98,entry (LONG),+0.0000
2026-04-11 13:29:50,intraday,GDX,LONG,27,99.43,entry (LONG),+0.0000
2026-04-11 13:31:10,intraday,EWH,LONG,322,23.88,entry (LONG),+0.0000
2026-04-11 13:31:12,intraday,SMH,LONG,8,436.98,entry (LONG),+0.0000
2026-04-11 13:31:13,intraday,GDX,LONG,27,99.43,entry (LONG),+0.0000
2026-04-11 13:31:30,swing,CIBR,SHORT,70,60.74,entry (SHORT),+0.0000
2026-04-11 13:31:32,swing,USMV,SHORT,152,92.75,entry (SHORT),+0.0000
2026-04-11 13:31:34,swing,EWY,SHORT,20,138.73,entry (SHORT),+0.0000
2026-04-11 13:31:39,swing,IBIT,SHORT,94,41.56,entry (SHORT),+0.0000
2026-04-11 13:32:18,intraday,EWH,LONG,322,23.88,entry (LONG),+0.0000
2026-04-11 13:32:20,intraday,SMH,LONG,8,436.98,entry (LONG),+0.0000
2026-04-11 13:32:21,intraday,GDX,LONG,27,99.43,entry (LONG),+0.0000
2026-04-11 13:33:26,intraday,EWH,LONG,322,23.88,entry (LONG),+0.0000
2026-04-11 13:33:27,intraday,SMH,LONG,8,436.98,entry (LONG),+0.0000
2026-04-11 13:33:28,intraday,GDX,LONG,27,99.43,entry (LONG),+0.0000
2026-04-11 13:34:33,intraday,EWH,LONG,322,23.88,entry (LONG),+0.0000
2026-04-11 13:34:35,intraday,SMH,LONG,8,436.98,entry (LONG),+0.0000
2026-04-11 13:34:36,intraday,GDX,LONG,27,99.43,entry (LONG),+0.0000
2026-04-11 13:35:41,intraday,EWH,LONG,322,23.88,entry (LONG),+0.0000
2026-04-11 13:35:43,intraday,SMH,LONG,8,436.98,entry (LONG),+0.0000
2026-04-11 13:35:44,intraday,GDX,LONG,27,99.43,entry (LONG),+0.0000
2026-04-11 13:36:49,intraday,EWH,LONG,322,23.88,entry (LONG),+0.0000
2026-04-11 13:36:51,intraday,SMH,LONG,8,436.98,entry (LONG),+0.0000
2026-04-11 13:36:52,intraday,GDX,LONG,27,99.43,entry (LONG),+0.0000
2026-04-11 13:36:57,swing,CIBR,SHORT,70,60.74,entry (SHORT),+0.0000
2026-04-11 13:36:59,swing,USMV,SHORT,152,92.75,entry (SHORT),+0.0000
2026-04-11 13:37:01,swing,EWY,SHORT,20,138.73,entry (SHORT),+0.0000
2026-04-11 13:37:06,swing,IBIT,SHORT,94,41.56,entry (SHORT),+0.0000
2026-04-11 13:37:58,intraday,EWH,LONG,322,23.88,entry (LONG),+0.0000
2026-04-11 13:38:00,intraday,SMH,LONG,8,436.98,entry (LONG),+0.0000
2026-04-11 13:38:01,intraday,GDX,LONG,27,99.43,entry (LONG),+0.0000
2026-04-11 13:39:06,intraday,EWH,LONG,322,23.88,entry (LONG),+0.0000
2026-04-11 13:39:07,intraday,SMH,LONG,8,436.98,entry (LONG),+0.0000
2026-04-11 13:39:09,intraday,GDX,LONG,27,99.43,entry (LONG),+0.0000
2026-04-11 13:40:13,intraday,EWH,LONG,322,23.88,entry (LONG),+0.0000
2026-04-11 13:40:15,intraday,SMH,LONG,8,436.98,entry (LONG),+0.0000
2026-04-11 13:40:16,intraday,GDX,LONG,27,99.43,entry (LONG),+0.0000
2026-04-11 13:41:21,intraday,EWH,LONG,322,23.88,entry (LONG),+0.0000
2026-04-11 13:41:23,intraday,SMH,LONG,8,436.98,entry (LONG),+0.0000
2026-04-11 13:41:24,intraday,GDX,LONG,27,99.43,entry (LONG),+0.0000
2026-04-11 13:42:23,swing,CIBR,SHORT,70,60.74,entry (SHORT),+0.0000
2026-04-11 13:42:25,swing,USMV,SHORT,152,92.75,entry (SHORT),+0.0000
2026-04-11 13:42:27,swing,EWY,SHORT,20,138.73,entry (SHORT),+0.0000
2026-04-11 13:42:30,intraday,EWH,LONG,322,23.88,entry (LONG),+0.0000
2026-04-11 13:42:31,intraday,SMH,LONG,8,436.98,entry (LONG),+0.0000
2026-04-11 13:42:32,swing,IBIT,SHORT,94,41.56,entry (SHORT),+0.0000
2026-04-11 13:42:33,intraday,GDX,LONG,27,99.43,entry (LONG),+0.0000
2026-04-11 13:43:38,intraday,EWH,LONG,322,23.88,entry (LONG),+0.0000
2026-04-11 13:43:40,intraday,SMH,LONG,8,436.98,entry (LONG),+0.0000
2026-04-11 13:43:42,intraday,GDX,LONG,27,99.43,entry (LONG),+0.0000
2026-04-11 13:44:47,intraday,EWH,LONG,322,23.88,entry (LONG),+0.0000
2026-04-11 13:44:48,intraday,SMH,LONG,8,436.98,entry (LONG),+0.0000
2026-04-11 13:44:49,intraday,GDX,LONG,27,99.43,entry (LONG),+0.0000
2026-04-11 13:45:54,intraday,EWH,LONG,322,23.88,entry (LONG),+0.0000
2026-04-11 13:45:56,intraday,SMH,LONG,8,436.98,entry (LONG),+0.0000
2026-04-11 13:45:57,intraday,GDX,LONG,27,99.43,entry (LONG),+0.0000
2026-04-11 13:47:02,intraday,EWH,LONG,322,23.88,entry (LONG),+0.0000
2026-04-11 13:47:04,intraday,SMH,LONG,8,436.98,entry (LONG),+0.0000
2026-04-11 13:47:05,intraday,GDX,LONG,27,99.43,entry (LONG),+0.0000
2026-04-11 13:47:48,swing,CIBR,SHORT,70,60.74,entry (SHORT),+0.0000
2026-04-11 13:47:50,swing,USMV,SHORT,152,92.75,entry (SHORT),+0.0000
2026-04-11 13:47:51,swing,EWY,SHORT,20,138.73,entry (SHORT),+0.0000
2026-04-11 13:47:56,swing,IBIT,SHORT,94,41.56,entry (SHORT),+0.0000
2026-04-11 13:48:11,intraday,EWH,LONG,322,23.88,entry (LONG),+0.0000
2026-04-11 13:48:12,intraday,SMH,LONG,8,436.98,entry (LONG),+0.0000
2026-04-11 13:48:13,intraday,GDX,LONG,27,99.43,entry (LONG),+0.0000
2026-04-11 13:49:19,intraday,EWH,LONG,322,23.88,entry (LONG),+0.0000
2026-04-11 13:49:21,intraday,SMH,LONG,8,436.98,entry (LONG),+0.0000
2026-04-11 13:49:22,intraday,GDX,LONG,27,99.43,entry (LONG),+0.0000
2026-04-11 13:50:27,intraday,EWH,LONG,322,23.88,entry (LONG),+0.0000
2026-04-11 13:50:28,intraday,SMH,LONG,8,436.98,entry (LONG),+0.0000
2026-04-11 13:50:30,intraday,GDX,LONG,27,99.43,entry (LONG),+0.0000
2026-04-11 13:51:35,intraday,EWH,LONG,322,23.88,entry (LONG),+0.0000
2026-04-11 13:51:37,intraday,SMH,LONG,8,436.98,entry (LONG),+0.0000
2026-04-11 13:51:38,intraday,GDX,LONG,27,99.43,entry (LONG),+0.0000
2026-04-11 13:52:43,intraday,EWH,LONG,322,23.88,entry (LONG),+0.0000
2026-04-11 13:52:45,intraday,SMH,LONG,8,436.98,entry (LONG),+0.0000
2026-04-11 13:52:46,intraday,GDX,LONG,27,99.43,entry (LONG),+0.0000
2026-04-11 13:53:11,swing,CIBR,SHORT,70,60.74,entry (SHORT),+0.0000
2026-04-11 13:53:13,swing,USMV,SHORT,152,92.75,entry (SHORT),+0.0000
2026-04-11 13:53:15,swing,EWY,SHORT,20,138.73,entry (SHORT),+0.0000
2026-04-11 13:53:20,swing,IBIT,SHORT,94,41.56,entry (SHORT),+0.0000
2026-04-11 13:53:51,intraday,EWH,LONG,322,23.88,entry (LONG),+0.0000
2026-04-11 13:53:52,intraday,SMH,LONG,8,436.98,entry (LONG),+0.0000
2026-04-11 13:53:53,intraday,GDX,LONG,27,99.43,entry (LONG),+0.0000
2026-04-11 13:54:58,intraday,EWH,LONG,322,23.88,entry (LONG),+0.0000
2026-04-11 13:55:01,intraday,SMH,LONG,8,436.98,entry (LONG),+0.0000
2026-04-11 13:55:02,intraday,GDX,LONG,27,99.43,entry (LONG),+0.0000
2026-04-11 13:56:07,intraday,EWH,LONG,322,23.88,entry (LONG),+0.0000
2026-04-11 13:56:09,intraday,SMH,LONG,8,436.98,entry (LONG),+0.0000
2026-04-11 13:56:10,intraday,GDX,LONG,27,99.43,entry (LONG),+0.0000
2026-04-11 13:57:17,intraday,EWH,LONG,322,23.88,entry (LONG),+0.0000
2026-04-11 13:57:19,intraday,SMH,LONG,8,436.98,entry (LONG),+0.0000
2026-04-11 13:57:20,intraday,GDX,LONG,27,99.43,entry (LONG),+0.0000
2026-04-11 13:58:25,intraday,EWH,LONG,322,23.88,entry (LONG),+0.0000
2026-04-11 13:58:27,intraday,SMH,LONG,8,436.98,entry (LONG),+0.0000
2026-04-11 13:58:28,intraday,GDX,LONG,27,99.43,entry (LONG),+0.0000
2026-04-11 13:58:35,swing,CIBR,SHORT,70,60.74,entry (SHORT),+0.0000
2026-04-11 13:58:36,swing,USMV,SHORT,152,92.75,entry (SHORT),+0.0000
2026-04-11 13:58:38,swing,EWY,SHORT,20,138.73,entry (SHORT),+0.0000
2026-04-11 13:58:43,swing,IBIT,SHORT,94,41.56,entry (SHORT),+0.0000
2026-04-11 13:59:32,intraday,EWH,LONG,322,23.88,entry (LONG),+0.0000
2026-04-11 13:59:34,intraday,SMH,LONG,8,436.98,entry (LONG),+0.0000
2026-04-11 13:59:35,intraday,GDX,LONG,27,99.43,entry (LONG),+0.0000
2026-04-11 14:00:42,intraday,EWH,LONG,322,23.88,entry (LONG),+0.0000
2026-04-11 14:00:44,intraday,SMH,LONG,8,436.98,entry (LONG),+0.0000
2026-04-11 14:00:45,intraday,GDX,LONG,27,99.43,entry (LONG),+0.0000
2026-04-11 14:01:50,intraday,EWH,LONG,322,23.88,entry (LONG),+0.0000
2026-04-11 14:01:51,intraday,SMH,LONG,8,436.98,entry (LONG),+0.0000
2026-04-11 14:01:53,intraday,GDX,LONG,27,99.43,entry (LONG),+0.0000
2026-04-11 14:02:58,intraday,EWH,LONG,322,23.88,entry (LONG),+0.0000
2026-04-11 14:02:59,intraday,SMH,LONG,8,436.98,entry (LONG),+0.0000
2026-04-11 14:03:00,intraday,GDX,LONG,27,99.43,entry (LONG),+0.0000
2026-04-11 14:03:59,swing,CIBR,SHORT,70,60.74,entry (SHORT),+0.0000
2026-04-11 14:04:01,swing,USMV,SHORT,152,92.75,entry (SHORT),+0.0000
2026-04-11 14:04:02,swing,EWY,SHORT,20,138.73,entry (SHORT),+0.0000
2026-04-11 14:04:05,intraday,EWH,LONG,322,23.88,entry (LONG),+0.0000
2026-04-11 14:04:07,intraday,SMH,LONG,8,436.98,entry (LONG),+0.0000
2026-04-11 14:04:07,swing,IBIT,SHORT,94,41.56,entry (SHORT),+0.0000
2026-04-11 14:04:08,intraday,GDX,LONG,27,99.43,entry (LONG),+0.0000
2026-04-11 14:05:13,intraday,EWH,LONG,322,23.88,entry (LONG),+0.0000
2026-04-11 14:05:15,intraday,SMH,LONG,8,436.98,entry (LONG),+0.0000
2026-04-11 14:05:16,intraday,GDX,LONG,27,99.43,entry (LONG),+0.0000
2026-04-11 14:06:21,intraday,EWH,LONG,322,23.88,entry (LONG),+0.0000
2026-04-11 14:06:23,intraday,SMH,LONG,8,436.98,entry (LONG),+0.0000
2026-04-11 14:06:24,intraday,GDX,LONG,27,99.43,entry (LONG),+0.0000
2026-04-11 14:07:29,intraday,EWH,LONG,322,23.88,entry (LONG),+0.0000
2026-04-11 14:07:31,intraday,SMH,LONG,8,436.98,entry (LONG),+0.0000
2026-04-11 14:07:32,intraday,GDX,LONG,27,99.43,entry (LONG),+0.0000
2026-04-11 14:08:38,intraday,EWH,LONG,322,23.88,entry (LONG),+0.0000
2026-04-11 14:08:39,intraday,SMH,LONG,8,436.98,entry (LONG),+0.0000
2026-04-11 14:08:40,intraday,GDX,LONG,27,99.43,entry (LONG),+0.0000
2026-04-11 14:09:22,swing,CIBR,SHORT,70,60.74,entry (SHORT),+0.0000
2026-04-11 14:09:24,swing,USMV,SHORT,152,92.75,entry (SHORT),+0.0000
2026-04-11 14:09:26,swing,EWY,SHORT,20,138.73,entry (SHORT),+0.0000
2026-04-11 14:09:31,swing,IBIT,SHORT,94,41.56,entry (SHORT),+0.0000
2026-04-11 14:09:45,intraday,EWH,LONG,322,23.88,entry (LONG),+0.0000
2026-04-11 14:09:47,intraday,SMH,LONG,8,436.98,entry (LONG),+0.0000
2026-04-11 14:09:48,intraday,GDX,LONG,27,99.43,entry (LONG),+0.0000
2026-04-11 14:10:53,intraday,EWH,LONG,322,23.88,entry (LONG),+0.0000
2026-04-11 14:10:54,intraday,SMH,LONG,8,436.98,entry (LONG),+0.0000
2026-04-11 14:10:55,intraday,GDX,LONG,27,99.43,entry (LONG),+0.0000
2026-04-11 14:12:00,intraday,EWH,LONG,322,23.88,entry (LONG),+0.0000
2026-04-11 14:12:02,intraday,SMH,LONG,8,436.98,entry (LONG),+0.0000
2026-04-11 14:12:03,intraday,GDX,LONG,27,99.43,entry (LONG),+0.0000
2026-04-11 14:13:09,intraday,EWH,LONG,322,23.88,entry (LONG),+0.0000
2026-04-11 14:13:11,intraday,SMH,LONG,8,436.98,entry (LONG),+0.0000
2026-04-11 14:13:12,intraday,GDX,LONG,27,99.43,entry (LONG),+0.0000
2026-04-11 14:14:17,intraday,EWH,LONG,322,23.88,entry (LONG),+0.0000
2026-04-11 14:14:19,intraday,SMH,LONG,8,436.98,entry (LONG),+0.0000
2026-04-11 14:14:20,intraday,GDX,LONG,27,99.43,entry (LONG),+0.0000
2026-04-11 14:14:46,swing,CIBR,SHORT,70,60.74,entry (SHORT),+0.0000
2026-04-11 14:14:48,swing,USMV,SHORT,152,92.75,entry (SHORT),+0.0000
2026-04-11 14:14:50,swing,EWY,SHORT,20,138.73,entry (SHORT),+0.0000
2026-04-11 14:14:55,swing,IBIT,SHORT,94,41.56,entry (SHORT),+0.0000
2026-04-11 14:15:25,intraday,EWH,LONG,322,23.88,entry (LONG),+0.0000
2026-04-11 14:15:27,intraday,SMH,LONG,8,436.98,entry (LONG),+0.0000
2026-04-11 14:15:28,intraday,GDX,LONG,27,99.43,entry (LONG),+0.0000
2026-04-11 14:16:33,intraday,EWH,LONG,322,23.88,entry (LONG),+0.0000
2026-04-11 14:16:35,intraday,SMH,LONG,8,436.98,entry (LONG),+0.0000
2026-04-11 14:16:36,intraday,GDX,LONG,27,99.43,entry (LONG),+0.0000
2026-04-11 14:17:41,intraday,EWH,LONG,322,23.88,entry (LONG),+0.0000
2026-04-11 14:17:43,intraday,SMH,LONG,8,436.98,entry (LONG),+0.0000
2026-04-11 14:17:44,intraday,GDX,LONG,27,99.43,entry (LONG),+0.0000
2026-04-11 14:18:49,intraday,EWH,LONG,322,23.88,entry (LONG),+0.0000
2026-04-11 14:18:50,intraday,SMH,LONG,8,436.98,entry (LONG),+0.0000
2026-04-11 14:18:51,intraday,GDX,LONG,27,99.43,entry (LONG),+0.0000
2026-04-11 14:19:56,intraday,EWH,LONG,322,23.88,entry (LONG),+0.0000
2026-04-11 14:19:58,intraday,SMH,LONG,8,436.98,entry (LONG),+0.0000
2026-04-11 14:19:59,intraday,GDX,LONG,27,99.43,entry (LONG),+0.0000
2026-04-11 14:20:12,swing,CIBR,SHORT,70,60.74,entry (SHORT),+0.0000
2026-04-11 14:20:14,swing,USMV,SHORT,152,92.75,entry (SHORT),+0.0000
2026-04-11 14:20:15,swing,EWY,SHORT,20,138.73,entry (SHORT),+0.0000
2026-04-11 14:20:20,swing,IBIT,SHORT,94,41.56,entry (SHORT),+0.0000
2026-04-11 14:21:04,intraday,EWH,LONG,322,23.88,entry (LONG),+0.0000
2026-04-11 14:21:06,intraday,SMH,LONG,8,436.98,entry (LONG),+0.0000
2026-04-11 14:21:07,intraday,GDX,LONG,27,99.43,entry (LONG),+0.0000
2026-04-11 14:22:12,intraday,EWH,LONG,322,23.88,entry (LONG),+0.0000
2026-04-11 14:22:14,intraday,SMH,LONG,8,436.98,entry (LONG),+0.0000
2026-04-11 14:22:15,intraday,GDX,LONG,27,99.43,entry (LONG),+0.0000
2026-04-11 14:23:20,intraday,EWH,LONG,322,23.88,entry (LONG),+0.0000
2026-04-11 14:23:21,intraday,SMH,LONG,8,436.98,entry (LONG),+0.0000
2026-04-11 14:23:22,intraday,GDX,LONG,27,99.43,entry (LONG),+0.0000
2026-04-11 14:24:27,intraday,EWH,LONG,322,23.88,entry (LONG),+0.0000
2026-04-11 14:24:29,intraday,SMH,LONG,8,436.98,entry (LONG),+0.0000
2026-04-11 14:24:30,intraday,GDX,LONG,27,99.43,entry (LONG),+0.0000
2026-04-11 14:25:35,intraday,EWH,LONG,322,23.88,entry (LONG),+0.0000
2026-04-11 14:25:36,intraday,SMH,LONG,8,436.98,entry (LONG),+0.0000
2026-04-11 14:25:38,intraday,GDX,LONG,27,99.43,entry (LONG),+0.0000
2026-04-11 14:25:38,swing,CIBR,SHORT,70,60.74,entry (SHORT),+0.0000
2026-04-11 14:25:40,swing,USMV,SHORT,152,92.75,entry (SHORT),+0.0000
2026-04-11 14:25:41,swing,EWY,SHORT,20,138.73,entry (SHORT),+0.0000
2026-04-11 14:25:46,swing,IBIT,SHORT,94,41.56,entry (SHORT),+0.0000
2026-04-11 14:26:43,intraday,EWH,LONG,322,23.88,entry (LONG),+0.0000
2026-04-11 14:26:44,intraday,SMH,LONG,8,436.98,entry (LONG),+0.0000
2026-04-11 14:26:45,intraday,GDX,LONG,27,99.43,entry (LONG),+0.0000
2026-04-11 14:27:50,intraday,EWH,LONG,322,23.88,entry (LONG),+0.0000
2026-04-11 14:27:52,intraday,SMH,LONG,8,436.98,entry (LONG),+0.0000
2026-04-11 14:27:53,intraday,GDX,LONG,27,99.43,entry (LONG),+0.0000
2026-04-11 14:28:58,intraday,EWH,LONG,322,23.88,entry (LONG),+0.0000
2026-04-11 14:28:59,intraday,SMH,LONG,8,436.98,entry (LONG),+0.0000
2026-04-11 14:29:01,intraday,GDX,LONG,27,99.43,entry (LONG),+0.0000
2026-04-11 14:30:07,intraday,EWH,LONG,322,23.88,entry (LONG),+0.0000
2026-04-11 14:30:08,intraday,SMH,LONG,8,436.98,entry (LONG),+0.0000
2026-04-11 14:30:09,intraday,GDX,LONG,27,99.43,entry (LONG),+0.0000
2026-04-11 14:31:02,swing,CIBR,SHORT,70,60.74,entry (SHORT),+0.0000
2026-04-11 14:31:04,swing,USMV,SHORT,152,92.75,entry (SHORT),+0.0000
2026-04-11 14:31:06,swing,EWY,SHORT,20,138.73,entry (SHORT),+0.0000
2026-04-11 14:31:11,swing,IBIT,SHORT,94,41.56,entry (SHORT),+0.0000
2026-04-11 14:31:28,intraday,EWH,LONG,322,23.88,entry (LONG),+0.0000
2026-04-11 14:31:30,intraday,SMH,LONG,8,436.98,entry (LONG),+0.0000
2026-04-11 14:31:31,intraday,GDX,LONG,27,99.43,entry (LONG),+0.0000
2026-04-11 14:32:37,intraday,EWH,LONG,322,23.88,entry (LONG),+0.0000
2026-04-11 14:32:38,intraday,SMH,LONG,8,436.98,entry (LONG),+0.0000
2026-04-11 14:32:39,intraday,GDX,LONG,27,99.43,entry (LONG),+0.0000
2026-04-11 14:33:44,intraday,EWH,LONG,322,23.88,entry (LONG),+0.0000
2026-04-11 14:33:46,intraday,SMH,LONG,8,436.98,entry (LONG),+0.0000
2026-04-11 14:33:47,intraday,GDX,LONG,27,99.43,entry (LONG),+0.0000
2026-04-11 14:34:52,intraday,EWH,LONG,322,23.88,entry (LONG),+0.0000
2026-04-11 14:34:53,intraday,SMH,LONG,8,436.98,entry (LONG),+0.0000
2026-04-11 14:34:54,intraday,GDX,LONG,27,99.43,entry (LONG),+0.0000
2026-04-11 14:35:59,intraday,EWH,LONG,322,23.88,entry (LONG),+0.0000
2026-04-11 14:36:01,intraday,SMH,LONG,8,436.98,entry (LONG),+0.0000
2026-04-11 14:36:02,intraday,GDX,LONG,27,99.43,entry (LONG),+0.0000
2026-04-11 14:36:28,swing,CIBR,SHORT,70,60.74,entry (SHORT),+0.0000
2026-04-11 14:36:29,swing,USMV,SHORT,152,92.75,entry (SHORT),+0.0000
2026-04-11 14:36:31,swing,EWY,SHORT,20,138.73,entry (SHORT),+0.0000
2026-04-11 14:36:36,swing,IBIT,SHORT,94,41.56,entry (SHORT),+0.0000
2026-04-11 14:37:07,intraday,EWH,LONG,322,23.88,entry (LONG),+0.0000
2026-04-11 14:37:09,intraday,SMH,LONG,8,436.98,entry (LONG),+0.0000
2026-04-11 14:37:10,intraday,GDX,LONG,27,99.43,entry (LONG),+0.0000
2026-04-11 14:38:15,intraday,EWH,LONG,322,23.88,entry (LONG),+0.0000
2026-04-11 14:38:17,intraday,SMH,LONG,8,436.98,entry (LONG),+0.0000
2026-04-11 14:38:18,intraday,GDX,LONG,27,99.43,entry (LONG),+0.0000
2026-04-11 14:39:23,intraday,EWH,LONG,322,23.88,entry (LONG),+0.0000
2026-04-11 14:39:25,intraday,SMH,LONG,8,436.98,entry (LONG),+0.0000
2026-04-11 14:39:26,intraday,GDX,LONG,27,99.43,entry (LONG),+0.0000
2026-04-11 14:40:31,intraday,EWH,LONG,322,23.88,entry (LONG),+0.0000
2026-04-11 14:40:33,intraday,SMH,LONG,8,436.98,entry (LONG),+0.0000
2026-04-11 14:40:34,intraday,GDX,LONG,27,99.43,entry (LONG),+0.0000
2026-04-11 14:41:41,intraday,EWH,LONG,322,23.88,entry (LONG),+0.0000
2026-04-11 14:41:42,intraday,SMH,LONG,8,436.98,entry (LONG),+0.0000
2026-04-11 14:41:43,intraday,GDX,LONG,27,99.43,entry (LONG),+0.0000
2026-04-11 14:41:51,swing,CIBR,SHORT,70,60.74,entry (SHORT),+0.0000
2026-04-11 14:41:53,swing,USMV,SHORT,152,92.75,entry (SHORT),+0.0000
2026-04-11 14:41:55,swing,EWY,SHORT,20,138.73,entry (SHORT),+0.0000
2026-04-11 14:42:00,swing,IBIT,SHORT,94,41.56,entry (SHORT),+0.0000
2026-04-11 14:42:48,intraday,EWH,LONG,322,23.88,entry (LONG),+0.0000
2026-04-11 14:42:50,intraday,SMH,LONG,8,436.98,entry (LONG),+0.0000
2026-04-11 14:42:51,intraday,GDX,LONG,27,99.43,entry (LONG),+0.0000
2026-04-11 14:43:56,intraday,EWH,LONG,322,23.88,entry (LONG),+0.0000
2026-04-11 14:43:58,intraday,SMH,LONG,8,436.98,entry (LONG),+0.0000
2026-04-11 14:43:59,intraday,GDX,LONG,27,99.43,entry (LONG),+0.0000
2026-04-11 14:45:04,intraday,EWH,LONG,322,23.88,entry (LONG),+0.0000
2026-04-11 14:45:05,intraday,SMH,LONG,8,436.98,entry (LONG),+0.0000
2026-04-11 14:45:06,intraday,GDX,LONG,27,99.43,entry (LONG),+0.0000
2026-04-11 14:46:11,intraday,EWH,LONG,322,23.88,entry (LONG),+0.0000
2026-04-11 14:46:13,intraday,SMH,LONG,8,436.98,entry (LONG),+0.0000
2026-04-11 14:46:14,intraday,GDX,LONG,27,99.43,entry (LONG),+0.0000
2026-04-11 14:47:16,swing,CIBR,SHORT,70,60.74,entry (SHORT),+0.0000
2026-04-11 14:47:17,swing,USMV,SHORT,152,92.75,entry (SHORT),+0.0000
2026-04-11 14:47:19,intraday,EWH,LONG,322,23.88,entry (LONG),+0.0000
2026-04-11 14:47:19,swing,EWY,SHORT,20,138.73,entry (SHORT),+0.0000
2026-04-11 14:47:20,intraday,SMH,LONG,8,436.98,entry (LONG),+0.0000
2026-04-11 14:47:22,intraday,GDX,LONG,27,99.43,entry (LONG),+0.0000
2026-04-11 14:47:24,swing,IBIT,SHORT,94,41.56,entry (SHORT),+0.0000
2026-04-11 14:48:27,intraday,EWH,LONG,322,23.88,entry (LONG),+0.0000
2026-04-11 14:48:28,intraday,SMH,LONG,8,436.98,entry (LONG),+0.0000
2026-04-11 14:48:30,intraday,GDX,LONG,27,99.43,entry (LONG),+0.0000
2026-04-11 14:49:35,intraday,EWH,LONG,322,23.88,entry (LONG),+0.0000
2026-04-11 14:49:37,intraday,SMH,LONG,8,436.98,entry (LONG),+0.0000
2026-04-11 14:49:38,intraday,GDX,LONG,27,99.43,entry (LONG),+0.0000
2026-04-11 14:50:43,intraday,EWH,LONG,322,23.88,entry (LONG),+0.0000
2026-04-11 14:50:45,intraday,SMH,LONG,8,436.98,entry (LONG),+0.0000
2026-04-11 14:50:46,intraday,GDX,LONG,27,99.43,entry (LONG),+0.0000
2026-04-11 14:51:51,intraday,EWH,LONG,322,23.88,entry (LONG),+0.0000
2026-04-11 14:51:53,intraday,SMH,LONG,8,436.98,entry (LONG),+0.0000
2026-04-11 14:51:54,intraday,GDX,LONG,27,99.43,entry (LONG),+0.0000
2026-04-11 14:52:40,swing,CIBR,SHORT,70,60.74,entry (SHORT),+0.0000
2026-04-11 14:52:42,swing,USMV,SHORT,152,92.75,entry (SHORT),+0.0000
2026-04-11 14:52:44,swing,EWY,SHORT,20,138.73,entry (SHORT),+0.0000
2026-04-11 14:52:48,swing,IBIT,SHORT,94,41.56,entry (SHORT),+0.0000
2026-04-11 14:52:59,intraday,EWH,LONG,322,23.88,entry (LONG),+0.0000
2026-04-11 14:53:00,intraday,SMH,LONG,8,436.98,entry (LONG),+0.0000
2026-04-11 14:53:01,intraday,GDX,LONG,27,99.43,entry (LONG),+0.0000
2026-04-11 14:54:06,intraday,EWH,LONG,322,23.88,entry (LONG),+0.0000
2026-04-11 14:54:08,intraday,SMH,LONG,8,436.98,entry (LONG),+0.0000
2026-04-11 14:54:09,intraday,GDX,LONG,27,99.43,entry (LONG),+0.0000
2026-04-11 14:55:14,intraday,EWH,LONG,322,23.88,entry (LONG),+0.0000
2026-04-11 14:55:16,intraday,SMH,LONG,8,436.98,entry (LONG),+0.0000
2026-04-11 14:55:17,intraday,GDX,LONG,27,99.43,entry (LONG),+0.0000
2026-04-11 14:56:22,intraday,EWH,LONG,322,23.88,entry (LONG),+0.0000
2026-04-11 14:56:24,intraday,SMH,LONG,8,436.98,entry (LONG),+0.0000
2026-04-11 14:56:25,intraday,GDX,LONG,27,99.43,entry (LONG),+0.0000
2026-04-11 14:57:29,intraday,EWH,LONG,322,23.88,entry (LONG),+0.0000
2026-04-11 14:57:31,intraday,SMH,LONG,8,436.98,entry (LONG),+0.0000
2026-04-11 14:57:32,intraday,GDX,LONG,27,99.43,entry (LONG),+0.0000
2026-04-11 14:58:10,swing,CIBR,SHORT,70,60.74,entry (SHORT),+0.0000
2026-04-11 14:58:12,swing,USMV,SHORT,152,92.75,entry (SHORT),+0.0000
2026-04-11 14:58:14,swing,EWY,SHORT,20,138.73,entry (SHORT),+0.0000
2026-04-11 14:58:19,swing,IBIT,SHORT,94,41.56,entry (SHORT),+0.0000
2026-04-11 14:58:37,intraday,EWH,LONG,322,23.88,entry (LONG),+0.0000
2026-04-11 14:58:39,intraday,SMH,LONG,8,436.98,entry (LONG),+0.0000
2026-04-11 14:58:43,intraday,GDX,LONG,27,99.43,entry (LONG),+0.0000
2026-04-11 14:59:48,intraday,EWH,LONG,322,23.88,entry (LONG),+0.0000
2026-04-11 14:59:50,intraday,SMH,LONG,8,436.98,entry (LONG),+0.0000
2026-04-11 14:59:51,intraday,GDX,LONG,27,99.43,entry (LONG),+0.0000
2026-04-11 15:00:56,intraday,EWH,LONG,322,23.88,entry (LONG),+0.0000
2026-04-11 15:00:57,intraday,SMH,LONG,8,436.98,entry (LONG),+0.0000
2026-04-11 15:00:59,intraday,GDX,LONG,27,99.43,entry (LONG),+0.0000
2026-04-11 15:02:03,intraday,EWH,LONG,322,23.88,entry (LONG),+0.0000
2026-04-11 15:02:05,intraday,SMH,LONG,8,436.98,entry (LONG),+0.0000
2026-04-11 15:02:06,intraday,GDX,LONG,27,99.43,entry (LONG),+0.0000
2026-04-11 15:03:11,intraday,EWH,LONG,322,23.88,entry (LONG),+0.0000
2026-04-11 15:03:13,intraday,SMH,LONG,8,436.98,entry (LONG),+0.0000
2026-04-11 15:03:14,intraday,GDX,LONG,27,99.43,entry (LONG),+0.0000
2026-04-11 15:03:39,swing,CIBR,SHORT,70,60.74,entry (SHORT),+0.0000
2026-04-11 15:03:41,swing,USMV,SHORT,152,92.75,entry (SHORT),+0.0000
2026-04-11 15:03:44,swing,EWY,SHORT,20,138.73,entry (SHORT),+0.0000
2026-04-11 15:03:48,swing,IBIT,SHORT,94,41.56,entry (SHORT),+0.0000
2026-04-11 15:04:18,intraday,EWH,LONG,322,23.88,entry (LONG),+0.0000
2026-04-11 15:04:20,intraday,SMH,LONG,8,436.98,entry (LONG),+0.0000
2026-04-11 15:04:21,intraday,GDX,LONG,27,99.43,entry (LONG),+0.0000
2026-04-11 15:05:26,intraday,EWH,LONG,322,23.88,entry (LONG),+0.0000
2026-04-11 15:05:28,intraday,SMH,LONG,8,436.98,entry (LONG),+0.0000
2026-04-11 15:05:29,intraday,GDX,LONG,27,99.43,entry (LONG),+0.0000
2026-04-11 15:06:34,intraday,EWH,LONG,322,23.88,entry (LONG),+0.0000
2026-04-11 15:06:36,intraday,SMH,LONG,8,436.98,entry (LONG),+0.0000
2026-04-11 15:06:37,intraday,GDX,LONG,27,99.43,entry (LONG),+0.0000
2026-04-11 15:07:43,intraday,EWH,LONG,322,23.88,entry (LONG),+0.0000
2026-04-11 15:07:45,intraday,SMH,LONG,8,436.98,entry (LONG),+0.0000
2026-04-11 15:07:46,intraday,GDX,LONG,27,99.43,entry (LONG),+0.0000
2026-04-11 15:08:51,intraday,EWH,LONG,322,23.88,entry (LONG),+0.0000
2026-04-11 15:08:52,intraday,SMH,LONG,8,436.98,entry (LONG),+0.0000
2026-04-11 15:08:53,intraday,GDX,LONG,27,99.43,entry (LONG),+0.0000
2026-04-11 15:09:04,swing,CIBR,SHORT,70,60.74,entry (SHORT),+0.0000
2026-04-11 15:09:06,swing,USMV,SHORT,152,92.75,entry (SHORT),+0.0000
2026-04-11 15:09:07,swing,EWY,SHORT,20,138.73,entry (SHORT),+0.0000
2026-04-11 15:09:12,swing,IBIT,SHORT,94,41.56,entry (SHORT),+0.0000
2026-04-11 15:09:58,intraday,EWH,LONG,322,23.88,entry (LONG),+0.0000
2026-04-11 15:10:00,intraday,SMH,LONG,8,436.98,entry (LONG),+0.0000
2026-04-11 15:10:01,intraday,GDX,LONG,27,99.43,entry (LONG),+0.0000
2026-04-11 15:11:06,intraday,EWH,LONG,322,23.88,entry (LONG),+0.0000
2026-04-11 15:11:08,intraday,SMH,LONG,8,436.98,entry (LONG),+0.0000
2026-04-11 15:11:09,intraday,GDX,LONG,27,99.43,entry (LONG),+0.0000
2026-04-11 15:12:13,intraday,EWH,LONG,322,23.88,entry (LONG),+0.0000
2026-04-11 15:12:15,intraday,SMH,LONG,8,436.98,entry (LONG),+0.0000
2026-04-11 15:12:16,intraday,GDX,LONG,27,99.43,entry (LONG),+0.0000
2026-04-11 15:13:21,intraday,EWH,LONG,322,23.88,entry (LONG),+0.0000
2026-04-11 15:13:23,intraday,SMH,LONG,8,436.98,entry (LONG),+0.0000
2026-04-11 15:13:24,intraday,GDX,LONG,27,99.43,entry (LONG),+0.0000
2026-04-11 15:14:27,swing,CIBR,SHORT,70,60.74,entry (SHORT),+0.0000
2026-04-11 15:14:29,intraday,EWH,LONG,322,23.88,entry (LONG),+0.0000
2026-04-11 15:14:29,swing,USMV,SHORT,152,92.75,entry (SHORT),+0.0000
2026-04-11 15:14:30,intraday,SMH,LONG,8,436.98,entry (LONG),+0.0000
2026-04-11 15:14:31,swing,EWY,SHORT,20,138.73,entry (SHORT),+0.0000
2026-04-11 15:14:31,intraday,GDX,LONG,27,99.43,entry (LONG),+0.0000
2026-04-11 15:14:36,swing,IBIT,SHORT,94,41.56,entry (SHORT),+0.0000
2026-04-11 15:15:36,intraday,EWH,LONG,322,23.88,entry (LONG),+0.0000
2026-04-11 15:15:38,intraday,SMH,LONG,8,436.98,entry (LONG),+0.0000
2026-04-11 15:15:39,intraday,GDX,LONG,27,99.43,entry (LONG),+0.0000
2026-04-11 15:16:43,intraday,EWH,LONG,322,23.88,entry (LONG),+0.0000
2026-04-11 15:16:45,intraday,SMH,LONG,8,436.98,entry (LONG),+0.0000
2026-04-11 15:16:47,intraday,GDX,LONG,27,99.43,entry (LONG),+0.0000
2026-04-11 15:17:51,intraday,EWH,LONG,322,23.88,entry (LONG),+0.0000
2026-04-11 15:17:53,intraday,SMH,LONG,8,436.98,entry (LONG),+0.0000
2026-04-11 15:17:54,intraday,GDX,LONG,27,99.43,entry (LONG),+0.0000
2026-04-11 15:18:59,intraday,EWH,LONG,322,23.88,entry (LONG),+0.0000
2026-04-11 15:19:01,intraday,SMH,LONG,8,436.98,entry (LONG),+0.0000
2026-04-11 15:19:02,intraday,GDX,LONG,27,99.43,entry (LONG),+0.0000
2026-04-11 15:19:53,swing,CIBR,SHORT,70,60.74,entry (SHORT),+0.0000
2026-04-11 15:19:56,swing,USMV,SHORT,152,92.75,entry (SHORT),+0.0000
2026-04-11 15:19:57,swing,EWY,SHORT,20,138.73,entry (SHORT),+0.0000
2026-04-11 15:20:02,swing,IBIT,SHORT,94,41.56,entry (SHORT),+0.0000
2026-04-11 15:20:07,intraday,EWH,LONG,322,23.88,entry (LONG),+0.0000
2026-04-11 15:20:08,intraday,SMH,LONG,8,436.98,entry (LONG),+0.0000
2026-04-11 15:20:09,intraday,GDX,LONG,27,99.43,entry (LONG),+0.0000
2026-04-11 15:21:14,intraday,EWH,LONG,322,23.88,entry (LONG),+0.0000
2026-04-11 15:21:16,intraday,SMH,LONG,8,436.98,entry (LONG),+0.0000
2026-04-11 15:21:17,intraday,GDX,LONG,27,99.43,entry (LONG),+0.0000
2026-04-11 15:22:23,intraday,EWH,LONG,322,23.88,entry (LONG),+0.0000
2026-04-11 15:22:25,intraday,SMH,LONG,8,436.98,entry (LONG),+0.0000
2026-04-11 15:22:26,intraday,GDX,LONG,27,99.43,entry (LONG),+0.0000
2026-04-11 15:23:31,intraday,EWH,LONG,322,23.88,entry (LONG),+0.0000
2026-04-11 15:23:33,intraday,SMH,LONG,8,436.98,entry (LONG),+0.0000
2026-04-11 15:23:34,intraday,GDX,LONG,27,99.43,entry (LONG),+0.0000
2026-04-11 15:24:39,intraday,EWH,LONG,322,23.88,entry (LONG),+0.0000
2026-04-11 15:24:43,intraday,SMH,LONG,8,436.98,entry (LONG),+0.0000
2026-04-11 15:24:44,intraday,GDX,LONG,27,99.43,entry (LONG),+0.0000
2026-04-11 15:25:22,swing,CIBR,SHORT,70,60.74,entry (SHORT),+0.0000
2026-04-11 15:25:24,swing,USMV,SHORT,152,92.75,entry (SHORT),+0.0000
2026-04-11 15:25:26,swing,EWY,SHORT,20,138.73,entry (SHORT),+0.0000
2026-04-11 15:25:30,swing,IBIT,SHORT,94,41.56,entry (SHORT),+0.0000
2026-04-11 15:25:49,intraday,EWH,LONG,322,23.88,entry (LONG),+0.0000
2026-04-11 15:25:50,intraday,SMH,LONG,8,436.98,entry (LONG),+0.0000
2026-04-11 15:25:51,intraday,GDX,LONG,27,99.43,entry (LONG),+0.0000
2026-04-11 15:26:57,intraday,EWH,LONG,322,23.88,entry (LONG),+0.0000
2026-04-11 15:26:58,intraday,SMH,LONG,8,436.98,entry (LONG),+0.0000
2026-04-11 15:26:59,intraday,GDX,LONG,27,99.43,entry (LONG),+0.0000
2026-04-11 15:28:05,intraday,EWH,LONG,322,23.88,entry (LONG),+0.0000
2026-04-11 15:28:06,intraday,SMH,LONG,8,436.98,entry (LONG),+0.0000
2026-04-11 15:28:07,intraday,GDX,LONG,27,99.43,entry (LONG),+0.0000
2026-04-11 15:29:12,intraday,EWH,LONG,322,23.88,entry (LONG),+0.0000
2026-04-11 15:29:14,intraday,SMH,LONG,8,436.98,entry (LONG),+0.0000
2026-04-11 15:29:15,intraday,GDX,LONG,27,99.43,entry (LONG),+0.0000
2026-04-11 15:30:20,intraday,EWH,LONG,322,23.88,entry (LONG),+0.0000
2026-04-11 15:30:22,intraday,SMH,LONG,8,436.98,entry (LONG),+0.0000
2026-04-11 15:30:23,intraday,GDX,LONG,27,99.43,entry (LONG),+0.0000
2026-04-11 15:30:48,swing,CIBR,SHORT,70,60.74,entry (SHORT),+0.0000
2026-04-11 15:30:49,swing,USMV,SHORT,152,92.75,entry (SHORT),+0.0000
2026-04-11 15:30:51,swing,EWY,SHORT,20,138.73,entry (SHORT),+0.0000
2026-04-11 15:30:56,swing,IBIT,SHORT,94,41.56,entry (SHORT),+0.0000
2026-04-11 15:31:41,intraday,EWH,LONG,322,23.88,entry (LONG),+0.0000
2026-04-11 15:31:43,intraday,SMH,LONG,8,436.98,entry (LONG),+0.0000
2026-04-11 15:31:44,intraday,GDX,LONG,27,99.43,entry (LONG),+0.0000
2026-04-11 15:32:49,intraday,EWH,LONG,322,23.88,entry (LONG),+0.0000
2026-04-11 15:32:51,intraday,SMH,LONG,8,436.98,entry (LONG),+0.0000
2026-04-11 15:32:52,intraday,GDX,LONG,27,99.43,entry (LONG),+0.0000
2026-04-11 15:33:57,intraday,EWH,LONG,322,23.88,entry (LONG),+0.0000
2026-04-11 15:33:59,intraday,SMH,LONG,8,436.98,entry (LONG),+0.0000
2026-04-11 15:34:00,intraday,GDX,LONG,27,99.43,entry (LONG),+0.0000
2026-04-11 15:35:05,intraday,EWH,LONG,322,23.88,entry (LONG),+0.0000
2026-04-11 15:35:06,intraday,SMH,LONG,8,436.98,entry (LONG),+0.0000
2026-04-11 15:35:08,intraday,GDX,LONG,27,99.43,entry (LONG),+0.0000
2026-04-11 15:36:12,intraday,EWH,LONG,322,23.88,entry (LONG),+0.0000
2026-04-11 15:36:14,intraday,SMH,LONG,8,436.98,entry (LONG),+0.0000
2026-04-11 15:36:15,intraday,GDX,LONG,27,99.43,entry (LONG),+0.0000
2026-04-11 15:36:17,swing,CIBR,SHORT,70,60.74,entry (SHORT),+0.0000
2026-04-11 15:36:18,swing,USMV,SHORT,152,92.75,entry (SHORT),+0.0000
2026-04-11 15:36:20,swing,EWY,SHORT,20,138.73,entry (SHORT),+0.0000
2026-04-11 15:36:25,swing,IBIT,SHORT,94,41.56,entry (SHORT),+0.0000
2026-04-11 15:37:20,intraday,EWH,LONG,322,23.88,entry (LONG),+0.0000
2026-04-11 15:37:22,intraday,SMH,LONG,8,436.98,entry (LONG),+0.0000
2026-04-11 15:37:23,intraday,GDX,LONG,27,99.43,entry (LONG),+0.0000
2026-04-11 15:38:29,intraday,EWH,LONG,322,23.88,entry (LONG),+0.0000
2026-04-11 15:38:31,intraday,SMH,LONG,8,436.98,entry (LONG),+0.0000
2026-04-11 15:38:32,intraday,GDX,LONG,27,99.43,entry (LONG),+0.0000
2026-04-11 15:39:37,intraday,EWH,LONG,322,23.88,entry (LONG),+0.0000
2026-04-11 15:39:39,intraday,SMH,LONG,8,436.98,entry (LONG),+0.0000
2026-04-11 15:39:41,intraday,GDX,LONG,27,99.43,entry (LONG),+0.0000
2026-04-11 15:40:46,intraday,EWH,LONG,322,23.88,entry (LONG),+0.0000
2026-04-11 15:40:48,intraday,SMH,LONG,8,436.98,entry (LONG),+0.0000
2026-04-11 15:40:49,intraday,GDX,LONG,27,99.43,entry (LONG),+0.0000
2026-04-11 15:41:44,swing,CIBR,SHORT,70,60.74,entry (SHORT),+0.0000
2026-04-11 15:41:46,swing,USMV,SHORT,152,92.75,entry (SHORT),+0.0000
2026-04-11 15:41:48,swing,EWY,SHORT,20,138.73,entry (SHORT),+0.0000
2026-04-11 15:41:54,intraday,EWH,LONG,322,23.88,entry (LONG),+0.0000
2026-04-11 15:41:55,swing,IBIT,SHORT,94,41.56,entry (SHORT),+0.0000
2026-04-11 15:41:56,intraday,SMH,LONG,8,436.98,entry (LONG),+0.0000
2026-04-11 15:41:57,intraday,GDX,LONG,27,99.43,entry (LONG),+0.0000
2026-04-11 15:43:02,intraday,EWH,LONG,322,23.88,entry (LONG),+0.0000
2026-04-11 15:43:04,intraday,SMH,LONG,8,436.98,entry (LONG),+0.0000
2026-04-11 15:43:05,intraday,GDX,LONG,27,99.43,entry (LONG),+0.0000
2026-04-11 15:44:10,intraday,EWH,LONG,322,23.88,entry (LONG),+0.0000
2026-04-11 15:44:11,intraday,SMH,LONG,8,436.98,entry (LONG),+0.0000
2026-04-11 15:44:12,intraday,GDX,LONG,27,99.43,entry (LONG),+0.0000
2026-04-11 15:45:18,intraday,EWH,LONG,322,23.88,entry (LONG),+0.0000
2026-04-11 15:45:19,intraday,SMH,LONG,8,436.98,entry (LONG),+0.0000
2026-04-11 15:45:20,intraday,GDX,LONG,27,99.43,entry (LONG),+0.0000
2026-04-11 15:46:25,intraday,EWH,LONG,322,23.88,entry (LONG),+0.0000
2026-04-11 15:46:27,intraday,SMH,LONG,8,436.98,entry (LONG),+0.0000
2026-04-11 15:46:28,intraday,GDX,LONG,27,99.43,entry (LONG),+0.0000
2026-04-11 15:47:11,swing,CIBR,SHORT,70,60.74,entry (SHORT),+0.0000
2026-04-11 15:47:13,swing,USMV,SHORT,152,92.75,entry (SHORT),+0.0000
2026-04-11 15:47:15,swing,EWY,SHORT,20,138.73,entry (SHORT),+0.0000
2026-04-11 15:47:20,swing,IBIT,SHORT,94,41.56,entry (SHORT),+0.0000
2026-04-11 15:47:33,intraday,EWH,LONG,322,23.88,entry (LONG),+0.0000
2026-04-11 15:47:35,intraday,SMH,LONG,8,436.98,entry (LONG),+0.0000
2026-04-11 15:47:36,intraday,GDX,LONG,27,99.43,entry (LONG),+0.0000
2026-04-11 15:48:41,intraday,EWH,LONG,322,23.88,entry (LONG),+0.0000
2026-04-11 15:48:42,intraday,SMH,LONG,8,436.98,entry (LONG),+0.0000
2026-04-11 15:48:43,intraday,GDX,LONG,27,99.43,entry (LONG),+0.0000
2026-04-11 15:49:48,intraday,EWH,LONG,322,23.88,entry (LONG),+0.0000
2026-04-11 15:49:50,intraday,SMH,LONG,8,436.98,entry (LONG),+0.0000
2026-04-11 15:49:51,intraday,GDX,LONG,27,99.43,entry (LONG),+0.0000
2026-04-11 15:50:56,intraday,EWH,LONG,322,23.88,entry (LONG),+0.0000
2026-04-11 15:50:57,intraday,SMH,LONG,8,436.98,entry (LONG),+0.0000
2026-04-11 15:50:58,intraday,GDX,LONG,27,99.43,entry (LONG),+0.0000
2026-04-11 15:52:03,intraday,EWH,LONG,322,23.88,entry (LONG),+0.0000
2026-04-11 15:52:05,intraday,SMH,LONG,8,436.98,entry (LONG),+0.0000
2026-04-11 15:52:06,intraday,GDX,LONG,27,99.43,entry (LONG),+0.0000
2026-04-11 15:52:36,swing,CIBR,SHORT,70,60.74,entry (SHORT),+0.0000
2026-04-11 15:52:38,swing,USMV,SHORT,152,92.75,entry (SHORT),+0.0000
2026-04-11 15:52:40,swing,EWY,SHORT,20,138.73,entry (SHORT),+0.0000
2026-04-11 15:52:45,swing,IBIT,SHORT,94,41.56,entry (SHORT),+0.0000
2026-04-11 15:53:11,intraday,EWH,LONG,322,23.88,entry (LONG),+0.0000
2026-04-11 15:53:13,intraday,SMH,LONG,8,436.98,entry (LONG),+0.0000
2026-04-11 15:53:14,intraday,GDX,LONG,27,99.43,entry (LONG),+0.0000
2026-04-11 15:54:22,intraday,EWH,LONG,322,23.88,entry (LONG),+0.0000
2026-04-11 15:54:24,intraday,SMH,LONG,8,436.98,entry (LONG),+0.0000
2026-04-11 15:54:25,intraday,GDX,LONG,27,99.43,entry (LONG),+0.0000
2026-04-11 15:55:30,intraday,EWH,LONG,322,23.88,entry (LONG),+0.0000
2026-04-11 15:55:32,intraday,SMH,LONG,8,436.98,entry (LONG),+0.0000
2026-04-11 15:55:33,intraday,GDX,LONG,27,99.43,entry (LONG),+0.0000
2026-04-11 15:56:38,intraday,EWH,LONG,322,23.88,entry (LONG),+0.0000
2026-04-11 15:56:40,intraday,SMH,LONG,8,436.98,entry (LONG),+0.0000
2026-04-11 15:56:41,intraday,GDX,LONG,27,99.43,entry (LONG),+0.0000
2026-04-11 15:57:46,intraday,EWH,LONG,322,23.88,entry (LONG),+0.0000
2026-04-11 15:57:48,intraday,SMH,LONG,8,436.98,entry (LONG),+0.0000
2026-04-11 15:57:49,intraday,GDX,LONG,27,99.43,entry (LONG),+0.0000
2026-04-11 15:58:05,swing,CIBR,SHORT,70,60.74,entry (SHORT),+0.0000
2026-04-11 15:58:07,swing,USMV,SHORT,152,92.75,entry (SHORT),+0.0000
2026-04-11 15:58:08,swing,EWY,SHORT,20,138.73,entry (SHORT),+0.0000
2026-04-11 15:58:13,swing,IBIT,SHORT,94,41.56,entry (SHORT),+0.0000
2026-04-11 15:58:57,intraday,EWH,LONG,322,23.88,entry (LONG),+0.0000
2026-04-11 15:58:59,intraday,SMH,LONG,8,436.98,entry (LONG),+0.0000
2026-04-11 15:59:00,intraday,GDX,LONG,27,99.43,entry (LONG),+0.0000
2026-04-11 16:00:06,intraday,EWH,LONG,322,23.88,entry (LONG),+0.0000
2026-04-11 16:00:07,intraday,SMH,LONG,8,436.98,entry (LONG),+0.0000
2026-04-11 16:00:09,intraday,GDX,LONG,27,99.43,entry (LONG),+0.0000
2026-04-11 16:01:14,intraday,EWH,LONG,322,23.88,entry (LONG),+0.0000
2026-04-11 16:01:15,intraday,SMH,LONG,8,436.98,entry (LONG),+0.0000
2026-04-11 16:01:16,intraday,GDX,LONG,27,99.43,entry (LONG),+0.0000
2026-04-11 16:02:21,intraday,EWH,LONG,322,23.88,entry (LONG),+0.0000
2026-04-11 16:02:23,intraday,SMH,LONG,8,436.98,entry (LONG),+0.0000
2026-04-11 16:02:24,intraday,GDX,LONG,27,99.43,entry (LONG),+0.0000
2026-04-11 16:03:29,intraday,EWH,LONG,322,23.88,entry (LONG),+0.0000
2026-04-11 16:03:30,intraday,SMH,LONG,8,436.98,entry (LONG),+0.0000
2026-04-11 16:03:31,intraday,GDX,LONG,27,99.43,entry (LONG),+0.0000
2026-04-11 16:03:32,swing,CIBR,SHORT,70,60.74,entry (SHORT),+0.0000
2026-04-11 16:03:34,swing,USMV,SHORT,152,92.75,entry (SHORT),+0.0000
2026-04-11 16:03:36,swing,EWY,SHORT,20,138.73,entry (SHORT),+0.0000
2026-04-11 16:03:41,swing,IBIT,SHORT,94,41.56,entry (SHORT),+0.0000
2026-04-11 16:04:36,intraday,EWH,LONG,322,23.88,entry (LONG),+0.0000
2026-04-11 16:04:38,intraday,SMH,LONG,8,436.98,entry (LONG),+0.0000
2026-04-11 16:04:39,intraday,GDX,LONG,27,99.43,entry (LONG),+0.0000
2026-04-11 16:05:44,intraday,EWH,LONG,322,23.88,entry (LONG),+0.0000
2026-04-11 16:05:46,intraday,SMH,LONG,8,436.98,entry (LONG),+0.0000
2026-04-11 16:05:47,intraday,GDX,LONG,27,99.43,entry (LONG),+0.0000
2026-04-11 16:06:52,intraday,EWH,LONG,322,23.88,entry (LONG),+0.0000
2026-04-11 16:06:53,intraday,SMH,LONG,8,436.98,entry (LONG),+0.0000
2026-04-11 16:06:54,intraday,GDX,LONG,27,99.43,entry (LONG),+0.0000
2026-04-11 16:07:59,intraday,EWH,LONG,322,23.88,entry (LONG),+0.0000
2026-04-11 16:08:01,intraday,SMH,LONG,8,436.98,entry (LONG),+0.0000
2026-04-11 16:08:02,intraday,GDX,LONG,27,99.43,entry (LONG),+0.0000
2026-04-11 16:08:57,swing,CIBR,SHORT,70,60.74,entry (SHORT),+0.0000
2026-04-11 16:08:59,swing,USMV,SHORT,152,92.75,entry (SHORT),+0.0000
2026-04-11 16:09:01,swing,EWY,SHORT,20,138.73,entry (SHORT),+0.0000
2026-04-11 16:09:05,swing,IBIT,SHORT,94,41.56,entry (SHORT),+0.0000
2026-04-11 16:09:06,intraday,EWH,LONG,322,23.88,entry (LONG),+0.0000
2026-04-11 16:09:08,intraday,SMH,LONG,8,436.98,entry (LONG),+0.0000
2026-04-11 16:09:09,intraday,GDX,LONG,27,99.43,entry (LONG),+0.0000
2026-04-11 16:10:14,intraday,EWH,LONG,322,23.88,entry (LONG),+0.0000
2026-04-11 16:10:16,intraday,SMH,LONG,8,436.98,entry (LONG),+0.0000
2026-04-11 16:10:17,intraday,GDX,LONG,27,99.43,entry (LONG),+0.0000
2026-04-11 16:11:22,intraday,EWH,LONG,322,23.88,entry (LONG),+0.0000
2026-04-11 16:11:24,intraday,SMH,LONG,8,436.98,entry (LONG),+0.0000
2026-04-11 16:11:25,intraday,GDX,LONG,27,99.43,entry (LONG),+0.0000
2026-04-11 16:12:30,intraday,EWH,LONG,322,23.88,entry (LONG),+0.0000
2026-04-11 16:12:32,intraday,SMH,LONG,8,436.98,entry (LONG),+0.0000
2026-04-11 16:12:33,intraday,GDX,LONG,27,99.43,entry (LONG),+0.0000
2026-04-11 16:13:39,intraday,EWH,LONG,322,23.88,entry (LONG),+0.0000
2026-04-11 16:13:42,intraday,SMH,LONG,8,436.98,entry (LONG),+0.0000
2026-04-11 16:13:43,intraday,GDX,LONG,27,99.43,entry (LONG),+0.0000
2026-04-11 16:14:41,swing,CIBR,SHORT,70,60.74,entry (SHORT),+0.0000
2026-04-11 16:14:43,swing,USMV,SHORT,152,92.75,entry (SHORT),+0.0000
2026-04-11 16:14:45,swing,EWY,SHORT,20,138.73,entry (SHORT),+0.0000
2026-04-11 16:14:48,intraday,EWH,LONG,322,23.88,entry (LONG),+0.0000
2026-04-11 16:14:49,swing,IBIT,SHORT,94,41.56,entry (SHORT),+0.0000
2026-04-11 16:14:50,intraday,SMH,LONG,8,436.98,entry (LONG),+0.0000
2026-04-11 16:14:51,intraday,GDX,LONG,27,99.43,entry (LONG),+0.0000
2026-04-11 16:15:57,intraday,EWH,LONG,322,23.88,entry (LONG),+0.0000
2026-04-11 16:15:59,intraday,SMH,LONG,8,436.98,entry (LONG),+0.0000
2026-04-11 16:16:00,intraday,GDX,LONG,27,99.43,entry (LONG),+0.0000
2026-04-11 16:17:05,intraday,EWH,LONG,322,23.88,entry (LONG),+0.0000
2026-04-11 16:17:07,intraday,SMH,LONG,8,436.98,entry (LONG),+0.0000
2026-04-11 16:17:08,intraday,GDX,LONG,27,99.43,entry (LONG),+0.0000
2026-04-11 16:18:13,intraday,EWH,LONG,322,23.88,entry (LONG),+0.0000
2026-04-11 16:18:14,intraday,SMH,LONG,8,436.98,entry (LONG),+0.0000
2026-04-11 16:18:16,intraday,GDX,LONG,27,99.43,entry (LONG),+0.0000
2026-04-11 16:20:01,intraday,EWH,LONG,322,23.88,entry (LONG),+0.0000
2026-04-11 16:20:03,intraday,SMH,LONG,8,436.98,entry (LONG),+0.0000
2026-04-11 16:20:04,intraday,GDX,LONG,27,99.43,entry (LONG),+0.0000
2026-04-11 16:20:08,swing,CIBR,SHORT,70,60.74,entry (SHORT),+0.0000
2026-04-11 16:20:10,swing,USMV,SHORT,152,92.75,entry (SHORT),+0.0000
2026-04-11 16:20:12,swing,EWY,SHORT,20,138.73,entry (SHORT),+0.0000
2026-04-11 16:20:17,swing,IBIT,SHORT,94,41.56,entry (SHORT),+0.0000
2026-04-11 16:21:09,intraday,EWH,LONG,322,23.88,entry (LONG),+0.0000
2026-04-11 16:21:11,intraday,SMH,LONG,8,436.98,entry (LONG),+0.0000
2026-04-11 16:21:12,intraday,GDX,LONG,27,99.43,entry (LONG),+0.0000
2026-04-11 16:22:17,intraday,EWH,LONG,322,23.88,entry (LONG),+0.0000
2026-04-11 16:22:19,intraday,SMH,LONG,8,436.98,entry (LONG),+0.0000
2026-04-11 16:22:20,intraday,GDX,LONG,27,99.43,entry (LONG),+0.0000
2026-04-11 16:23:25,intraday,EWH,LONG,322,23.88,entry (LONG),+0.0000
2026-04-11 16:23:27,intraday,SMH,LONG,8,436.98,entry (LONG),+0.0000
2026-04-11 16:23:28,intraday,GDX,LONG,27,99.43,entry (LONG),+0.0000
2026-04-11 16:24:33,intraday,EWH,LONG,322,23.88,entry (LONG),+0.0000
2026-04-11 16:24:35,intraday,SMH,LONG,8,436.98,entry (LONG),+0.0000
2026-04-11 16:24:36,intraday,GDX,LONG,27,99.43,entry (LONG),+0.0000
2026-04-11 16:25:35,swing,CIBR,SHORT,70,60.74,entry (SHORT),+0.0000
2026-04-11 16:25:36,swing,USMV,SHORT,152,92.75,entry (SHORT),+0.0000
2026-04-11 16:25:39,swing,EWY,SHORT,20,138.73,entry (SHORT),+0.0000
2026-04-11 16:25:41,intraday,EWH,LONG,322,23.88,entry (LONG),+0.0000
2026-04-11 16:25:43,intraday,SMH,LONG,8,436.98,entry (LONG),+0.0000
2026-04-11 16:25:44,swing,IBIT,SHORT,94,41.56,entry (SHORT),+0.0000
2026-04-11 16:25:44,intraday,GDX,LONG,27,99.43,entry (LONG),+0.0000
2026-04-11 16:26:49,intraday,EWH,LONG,322,23.88,entry (LONG),+0.0000
2026-04-11 16:26:50,intraday,SMH,LONG,8,436.98,entry (LONG),+0.0000
2026-04-11 16:26:51,intraday,GDX,LONG,27,99.43,entry (LONG),+0.0000
2026-04-11 16:27:56,intraday,EWH,LONG,322,23.88,entry (LONG),+0.0000
2026-04-11 16:27:58,intraday,SMH,LONG,8,436.98,entry (LONG),+0.0000
2026-04-11 16:27:59,intraday,GDX,LONG,27,99.43,entry (LONG),+0.0000
2026-04-11 16:29:04,intraday,EWH,LONG,322,23.88,entry (LONG),+0.0000
2026-04-11 16:29:06,intraday,SMH,LONG,8,436.98,entry (LONG),+0.0000
2026-04-11 16:29:07,intraday,GDX,LONG,27,99.43,entry (LONG),+0.0000
2026-04-11 16:30:12,intraday,EWH,LONG,322,23.88,entry (LONG),+0.0000
2026-04-11 16:30:14,intraday,SMH,LONG,8,436.98,entry (LONG),+0.0000
2026-04-11 16:30:15,intraday,GDX,LONG,27,99.43,entry (LONG),+0.0000
2026-04-11 16:31:00,swing,CIBR,SHORT,70,60.74,entry (SHORT),+0.0000
2026-04-11 16:31:02,swing,USMV,SHORT,152,92.75,entry (SHORT),+0.0000
2026-04-11 16:31:04,swing,EWY,SHORT,20,138.73,entry (SHORT),+0.0000
2026-04-11 16:31:10,swing,IBIT,SHORT,94,41.56,entry (SHORT),+0.0000
2026-04-11 16:31:20,intraday,EWH,LONG,322,23.88,entry (LONG),+0.0000
2026-04-11 16:31:22,intraday,SMH,LONG,8,436.98,entry (LONG),+0.0000
2026-04-11 16:31:23,intraday,GDX,LONG,27,99.43,entry (LONG),+0.0000
2026-04-11 16:32:45,intraday,EWH,LONG,322,23.88,entry (LONG),+0.0000
2026-04-11 16:32:46,intraday,SMH,LONG,8,436.98,entry (LONG),+0.0000
2026-04-11 16:32:47,intraday,GDX,LONG,27,99.43,entry (LONG),+0.0000
2026-04-11 16:33:53,intraday,EWH,LONG,322,23.88,entry (LONG),+0.0000
2026-04-11 16:33:54,intraday,SMH,LONG,8,436.98,entry (LONG),+0.0000
2026-04-11 16:33:55,intraday,GDX,LONG,27,99.43,entry (LONG),+0.0000
2026-04-11 16:35:00,intraday,EWH,LONG,322,23.88,entry (LONG),+0.0000
2026-04-11 16:35:02,intraday,SMH,LONG,8,436.98,entry (LONG),+0.0000
2026-04-11 16:35:03,intraday,GDX,LONG,27,99.43,entry (LONG),+0.0000
2026-04-11 16:36:10,intraday,EWH,LONG,322,23.88,entry (LONG),+0.0000
2026-04-11 16:36:12,intraday,SMH,LONG,8,436.98,entry (LONG),+0.0000
2026-04-11 16:36:13,intraday,GDX,LONG,27,99.43,entry (LONG),+0.0000
2026-04-11 16:36:27,swing,CIBR,SHORT,70,60.74,entry (SHORT),+0.0000
2026-04-11 16:36:28,swing,USMV,SHORT,152,92.75,entry (SHORT),+0.0000
2026-04-11 16:36:30,swing,EWY,SHORT,20,138.73,entry (SHORT),+0.0000
2026-04-11 16:36:35,swing,IBIT,SHORT,94,41.56,entry (SHORT),+0.0000
2026-04-11 16:37:18,intraday,EWH,LONG,322,23.88,entry (LONG),+0.0000
2026-04-11 16:37:20,intraday,SMH,LONG,8,436.98,entry (LONG),+0.0000
2026-04-11 16:37:21,intraday,GDX,LONG,27,99.43,entry (LONG),+0.0000
2026-04-11 16:38:26,intraday,EWH,LONG,322,23.88,entry (LONG),+0.0000
2026-04-11 16:38:28,intraday,SMH,LONG,8,436.98,entry (LONG),+0.0000
2026-04-11 16:38:29,intraday,GDX,LONG,27,99.43,entry (LONG),+0.0000
2026-04-11 16:39:34,intraday,EWH,LONG,322,23.88,entry (LONG),+0.0000
2026-04-11 16:39:35,intraday,SMH,LONG,8,436.98,entry (LONG),+0.0000
2026-04-11 16:39:37,intraday,GDX,LONG,27,99.43,entry (LONG),+0.0000
2026-04-11 16:40:42,intraday,EWH,LONG,322,23.88,entry (LONG),+0.0000
2026-04-11 16:40:43,intraday,SMH,LONG,8,436.98,entry (LONG),+0.0000
2026-04-11 16:40:45,intraday,GDX,LONG,27,99.43,entry (LONG),+0.0000
2026-04-11 16:41:49,intraday,EWH,LONG,322,23.88,entry (LONG),+0.0000
2026-04-11 16:41:51,swing,CIBR,SHORT,70,60.74,entry (SHORT),+0.0000
2026-04-11 16:41:51,intraday,SMH,LONG,8,436.98,entry (LONG),+0.0000
2026-04-11 16:41:52,intraday,GDX,LONG,27,99.43,entry (LONG),+0.0000
2026-04-11 16:41:53,swing,USMV,SHORT,152,92.75,entry (SHORT),+0.0000
2026-04-11 16:41:55,swing,EWY,SHORT,20,138.73,entry (SHORT),+0.0000
2026-04-11 16:42:00,swing,IBIT,SHORT,94,41.56,entry (SHORT),+0.0000
2026-04-11 16:42:57,intraday,EWH,LONG,322,23.88,entry (LONG),+0.0000
2026-04-11 16:42:59,intraday,SMH,LONG,8,436.98,entry (LONG),+0.0000
2026-04-11 16:43:00,intraday,GDX,LONG,27,99.43,entry (LONG),+0.0000
2026-04-11 16:44:05,intraday,EWH,LONG,322,23.88,entry (LONG),+0.0000
2026-04-11 16:44:07,intraday,SMH,LONG,8,436.98,entry (LONG),+0.0000
2026-04-11 16:44:08,intraday,GDX,LONG,27,99.43,entry (LONG),+0.0000
2026-04-11 16:45:14,intraday,EWH,LONG,322,23.88,entry (LONG),+0.0000
2026-04-11 16:45:15,intraday,SMH,LONG,8,436.98,entry (LONG),+0.0000
2026-04-11 16:45:16,intraday,GDX,LONG,27,99.43,entry (LONG),+0.0000
2026-04-11 16:46:22,intraday,EWH,LONG,322,23.88,entry (LONG),+0.0000
2026-04-11 16:46:23,intraday,SMH,LONG,8,436.98,entry (LONG),+0.0000
2026-04-11 16:46:24,intraday,GDX,LONG,27,99.43,entry (LONG),+0.0000
2026-04-11 16:47:15,swing,CIBR,SHORT,70,60.74,entry (SHORT),+0.0000
2026-04-11 16:47:17,swing,USMV,SHORT,152,92.75,entry (SHORT),+0.0000
2026-04-11 16:47:19,swing,EWY,SHORT,20,138.73,entry (SHORT),+0.0000
2026-04-11 16:47:24,swing,IBIT,SHORT,94,41.56,entry (SHORT),+0.0000
2026-04-11 16:47:29,intraday,EWH,LONG,322,23.88,entry (LONG),+0.0000
2026-04-11 16:47:31,intraday,SMH,LONG,8,436.98,entry (LONG),+0.0000
2026-04-11 16:47:32,intraday,GDX,LONG,27,99.43,entry (LONG),+0.0000
2026-04-11 16:48:38,intraday,EWH,LONG,322,23.88,entry (LONG),+0.0000
2026-04-11 16:48:40,intraday,SMH,LONG,8,436.98,entry (LONG),+0.0000
2026-04-11 16:48:41,intraday,GDX,LONG,27,99.43,entry (LONG),+0.0000
2026-04-11 16:49:46,intraday,EWH,LONG,322,23.88,entry (LONG),+0.0000
2026-04-11 16:49:48,intraday,SMH,LONG,8,436.98,entry (LONG),+0.0000
2026-04-11 16:49:49,intraday,GDX,LONG,27,99.43,entry (LONG),+0.0000
2026-04-11 16:50:54,intraday,EWH,LONG,322,23.88,entry (LONG),+0.0000
2026-04-11 16:50:58,intraday,SMH,LONG,8,436.98,entry (LONG),+0.0000
2026-04-11 16:51:00,intraday,GDX,LONG,27,99.43,entry (LONG),+0.0000
2026-04-11 16:52:05,intraday,EWH,LONG,322,23.88,entry (LONG),+0.0000
2026-04-11 16:52:07,intraday,SMH,LONG,8,436.98,entry (LONG),+0.0000
2026-04-11 16:52:08,intraday,GDX,LONG,27,99.43,entry (LONG),+0.0000
2026-04-11 16:52:40,swing,CIBR,SHORT,70,60.74,entry (SHORT),+0.0000
2026-04-11 16:52:42,swing,USMV,SHORT,152,92.75,entry (SHORT),+0.0000
2026-04-11 16:52:45,swing,EWY,SHORT,20,138.73,entry (SHORT),+0.0000
2026-04-11 16:52:50,swing,IBIT,SHORT,94,41.56,entry (SHORT),+0.0000
2026-04-11 16:53:13,intraday,EWH,LONG,322,23.88,entry (LONG),+0.0000
2026-04-11 16:53:15,intraday,SMH,LONG,8,436.98,entry (LONG),+0.0000
2026-04-11 16:53:17,intraday,GDX,LONG,27,99.43,entry (LONG),+0.0000
2026-04-11 16:54:22,intraday,EWH,LONG,322,23.88,entry (LONG),+0.0000
2026-04-11 16:54:23,intraday,SMH,LONG,8,436.98,entry (LONG),+0.0000
2026-04-11 16:54:24,intraday,GDX,LONG,27,99.43,entry (LONG),+0.0000
2026-04-11 16:55:29,intraday,EWH,LONG,322,23.88,entry (LONG),+0.0000
2026-04-11 16:55:31,intraday,SMH,LONG,8,436.98,entry (LONG),+0.0000
2026-04-11 16:55:32,intraday,GDX,LONG,27,99.43,entry (LONG),+0.0000
2026-04-11 16:56:38,intraday,EWH,LONG,322,23.88,entry (LONG),+0.0000
2026-04-11 16:56:40,intraday,SMH,LONG,8,436.98,entry (LONG),+0.0000
2026-04-11 16:56:41,intraday,GDX,LONG,27,99.43,entry (LONG),+0.0000
2026-04-11 16:57:46,intraday,EWH,LONG,322,23.88,entry (LONG),+0.0000
2026-04-11 16:57:48,intraday,SMH,LONG,8,436.98,entry (LONG),+0.0000
2026-04-11 16:57:49,intraday,GDX,LONG,27,99.43,entry (LONG),+0.0000
2026-04-11 16:58:06,swing,CIBR,SHORT,70,60.74,entry (SHORT),+0.0000
2026-04-11 16:58:08,swing,USMV,SHORT,152,92.75,entry (SHORT),+0.0000
2026-04-11 16:58:10,swing,EWY,SHORT,20,138.73,entry (SHORT),+0.0000
2026-04-11 16:58:15,swing,IBIT,SHORT,94,41.56,entry (SHORT),+0.0000
2026-04-11 16:58:54,intraday,EWH,LONG,322,23.88,entry (LONG),+0.0000
2026-04-11 16:58:56,intraday,SMH,LONG,8,436.98,entry (LONG),+0.0000
2026-04-11 16:58:57,intraday,GDX,LONG,27,99.43,entry (LONG),+0.0000
2026-04-11 17:00:03,intraday,EWH,LONG,322,23.88,entry (LONG),+0.0000
2026-04-11 17:00:05,intraday,SMH,LONG,8,436.98,entry (LONG),+0.0000
2026-04-11 17:00:06,intraday,GDX,LONG,27,99.43,entry (LONG),+0.0000
2026-04-11 17:01:12,intraday,EWH,LONG,322,23.88,entry (LONG),+0.0000
2026-04-11 17:01:13,intraday,SMH,LONG,8,436.98,entry (LONG),+0.0000
2026-04-11 17:01:14,intraday,GDX,LONG,27,99.43,entry (LONG),+0.0000
2026-04-11 17:02:19,intraday,EWH,LONG,322,23.88,entry (LONG),+0.0000
2026-04-11 17:02:21,intraday,SMH,LONG,8,436.98,entry (LONG),+0.0000
2026-04-11 17:02:22,intraday,GDX,LONG,27,99.43,entry (LONG),+0.0000
2026-04-11 17:03:27,intraday,EWH,LONG,322,23.88,entry (LONG),+0.0000
2026-04-11 17:03:29,intraday,SMH,LONG,8,436.98,entry (LONG),+0.0000
2026-04-11 17:03:30,intraday,GDX,LONG,27,99.43,entry (LONG),+0.0000
2026-04-11 17:03:33,swing,CIBR,SHORT,70,60.74,entry (SHORT),+0.0000
2026-04-11 17:03:35,swing,USMV,SHORT,152,92.75,entry (SHORT),+0.0000
2026-04-11 17:03:37,swing,EWY,SHORT,20,138.73,entry (SHORT),+0.0000
2026-04-11 17:03:43,swing,IBIT,SHORT,94,41.56,entry (SHORT),+0.0000
2026-04-11 17:04:35,intraday,EWH,LONG,322,23.88,entry (LONG),+0.0000
2026-04-11 17:04:37,intraday,SMH,LONG,8,436.98,entry (LONG),+0.0000
2026-04-11 17:04:38,intraday,GDX,LONG,27,99.43,entry (LONG),+0.0000
2026-04-11 17:05:44,intraday,EWH,LONG,322,23.88,entry (LONG),+0.0000
2026-04-11 17:05:45,intraday,SMH,LONG,8,436.98,entry (LONG),+0.0000
2026-04-11 17:05:46,intraday,GDX,LONG,27,99.43,entry (LONG),+0.0000
2026-04-11 17:06:52,intraday,EWH,LONG,322,23.88,entry (LONG),+0.0000
2026-04-11 17:06:53,intraday,SMH,LONG,8,436.98,entry (LONG),+0.0000
2026-04-11 17:06:54,intraday,GDX,LONG,27,99.43,entry (LONG),+0.0000
2026-04-11 17:08:01,intraday,EWH,LONG,322,23.88,entry (LONG),+0.0000
2026-04-11 17:08:02,intraday,SMH,LONG,8,436.98,entry (LONG),+0.0000
2026-04-11 17:08:03,intraday,GDX,LONG,27,99.43,entry (LONG),+0.0000
2026-04-11 17:08:59,swing,CIBR,SHORT,70,60.74,entry (SHORT),+0.0000
2026-04-11 17:09:01,swing,USMV,SHORT,152,92.75,entry (SHORT),+0.0000
2026-04-11 17:09:03,swing,EWY,SHORT,20,138.73,entry (SHORT),+0.0000
2026-04-11 17:09:08,swing,IBIT,SHORT,94,41.56,entry (SHORT),+0.0000
2026-04-11 17:09:08,intraday,EWH,LONG,322,23.88,entry (LONG),+0.0000
2026-04-11 17:09:10,intraday,SMH,LONG,8,436.98,entry (LONG),+0.0000
2026-04-11 17:09:11,intraday,GDX,LONG,27,99.43,entry (LONG),+0.0000
2026-04-11 17:10:18,intraday,EWH,LONG,322,23.88,entry (LONG),+0.0000
2026-04-11 17:10:20,intraday,SMH,LONG,8,436.98,entry (LONG),+0.0000
2026-04-11 17:10:21,intraday,GDX,LONG,27,99.43,entry (LONG),+0.0000
2026-04-11 17:11:26,intraday,EWH,LONG,322,23.88,entry (LONG),+0.0000
2026-04-11 17:11:28,intraday,SMH,LONG,8,436.98,entry (LONG),+0.0000
2026-04-11 17:11:29,intraday,GDX,LONG,27,99.43,entry (LONG),+0.0000
2026-04-11 17:12:34,intraday,EWH,LONG,322,23.88,entry (LONG),+0.0000
2026-04-11 17:12:36,intraday,SMH,LONG,8,436.98,entry (LONG),+0.0000
2026-04-11 17:12:37,intraday,GDX,LONG,27,99.43,entry (LONG),+0.0000
2026-04-11 17:13:42,intraday,EWH,LONG,322,23.88,entry (LONG),+0.0000
2026-04-11 17:13:44,intraday,SMH,LONG,8,436.98,entry (LONG),+0.0000
2026-04-11 17:13:45,intraday,GDX,LONG,27,99.43,entry (LONG),+0.0000
2026-04-11 17:14:25,swing,CIBR,SHORT,70,60.74,entry (SHORT),+0.0000
2026-04-11 17:14:27,swing,USMV,SHORT,152,92.75,entry (SHORT),+0.0000
2026-04-11 17:14:29,swing,EWY,SHORT,20,138.73,entry (SHORT),+0.0000
2026-04-11 17:14:34,swing,IBIT,SHORT,94,41.56,entry (SHORT),+0.0000
2026-04-11 17:14:50,intraday,EWH,LONG,322,23.88,entry (LONG),+0.0000
2026-04-11 17:14:52,intraday,SMH,LONG,8,436.98,entry (LONG),+0.0000
2026-04-11 17:14:53,intraday,GDX,LONG,27,99.43,entry (LONG),+0.0000
2026-04-11 17:15:58,intraday,EWH,LONG,322,23.88,entry (LONG),+0.0000
2026-04-11 17:16:00,intraday,SMH,LONG,8,436.98,entry (LONG),+0.0000
2026-04-11 17:16:01,intraday,GDX,LONG,27,99.43,entry (LONG),+0.0000
2026-04-11 17:17:06,intraday,EWH,LONG,322,23.88,entry (LONG),+0.0000
2026-04-11 17:17:08,intraday,SMH,LONG,8,436.98,entry (LONG),+0.0000
2026-04-11 17:17:09,intraday,GDX,LONG,27,99.43,entry (LONG),+0.0000
2026-04-11 17:18:14,intraday,EWH,LONG,322,23.88,entry (LONG),+0.0000
2026-04-11 17:18:16,intraday,SMH,LONG,8,436.98,entry (LONG),+0.0000
2026-04-11 17:18:17,intraday,GDX,LONG,27,99.43,entry (LONG),+0.0000
2026-04-11 17:19:22,intraday,EWH,LONG,322,23.88,entry (LONG),+0.0000
2026-04-11 17:19:24,intraday,SMH,LONG,8,436.98,entry (LONG),+0.0000
2026-04-11 17:19:25,intraday,GDX,LONG,27,99.43,entry (LONG),+0.0000
2026-04-11 17:19:50,swing,CIBR,SHORT,70,60.74,entry (SHORT),+0.0000
2026-04-11 17:19:52,swing,USMV,SHORT,152,92.75,entry (SHORT),+0.0000
2026-04-11 17:19:54,swing,EWY,SHORT,20,138.73,entry (SHORT),+0.0000
2026-04-11 17:19:59,swing,IBIT,SHORT,94,41.56,entry (SHORT),+0.0000
2026-04-11 17:20:30,intraday,EWH,LONG,322,23.88,entry (LONG),+0.0000
2026-04-11 17:20:31,intraday,SMH,LONG,8,436.98,entry (LONG),+0.0000
2026-04-11 17:20:33,intraday,GDX,LONG,27,99.43,entry (LONG),+0.0000
2026-04-11 17:21:38,intraday,EWH,LONG,322,23.88,entry (LONG),+0.0000
2026-04-11 17:21:39,intraday,SMH,LONG,8,436.98,entry (LONG),+0.0000
2026-04-11 17:21:40,intraday,GDX,LONG,27,99.43,entry (LONG),+0.0000
2026-04-11 17:22:45,intraday,EWH,LONG,322,23.88,entry (LONG),+0.0000
2026-04-11 17:22:47,intraday,SMH,LONG,8,436.98,entry (LONG),+0.0000
2026-04-11 17:22:48,intraday,GDX,LONG,27,99.43,entry (LONG),+0.0000
2026-04-11 17:23:53,intraday,EWH,LONG,322,23.88,entry (LONG),+0.0000
2026-04-11 17:23:55,intraday,SMH,LONG,8,436.98,entry (LONG),+0.0000
2026-04-11 17:23:56,intraday,GDX,LONG,27,99.43,entry (LONG),+0.0000
2026-04-11 17:25:01,intraday,EWH,LONG,322,23.88,entry (LONG),+0.0000
2026-04-11 17:25:03,intraday,SMH,LONG,8,436.98,entry (LONG),+0.0000
2026-04-11 17:25:04,intraday,GDX,LONG,27,99.43,entry (LONG),+0.0000
2026-04-11 17:25:18,swing,CIBR,SHORT,70,60.74,entry (SHORT),+0.0000
2026-04-11 17:25:20,swing,USMV,SHORT,152,92.75,entry (SHORT),+0.0000
2026-04-11 17:25:22,swing,EWY,SHORT,20,138.73,entry (SHORT),+0.0000
2026-04-11 17:25:26,swing,IBIT,SHORT,94,41.56,entry (SHORT),+0.0000
2026-04-11 17:26:11,intraday,EWH,LONG,322,23.88,entry (LONG),+0.0000
2026-04-11 17:26:13,intraday,SMH,LONG,8,436.98,entry (LONG),+0.0000
2026-04-11 17:26:14,intraday,GDX,LONG,27,99.43,entry (LONG),+0.0000
2026-04-11 17:27:20,intraday,EWH,LONG,322,23.88,entry (LONG),+0.0000
2026-04-11 17:27:22,intraday,SMH,LONG,8,436.98,entry (LONG),+0.0000
2026-04-11 17:27:23,intraday,GDX,LONG,27,99.43,entry (LONG),+0.0000
2026-04-11 17:28:28,intraday,EWH,LONG,322,23.88,entry (LONG),+0.0000
2026-04-11 17:28:29,intraday,SMH,LONG,8,436.98,entry (LONG),+0.0000
2026-04-11 17:28:30,intraday,GDX,LONG,27,99.43,entry (LONG),+0.0000
2026-04-11 17:29:35,intraday,EWH,LONG,322,23.88,entry (LONG),+0.0000
2026-04-11 17:29:38,intraday,SMH,LONG,8,436.98,entry (LONG),+0.0000
2026-04-11 17:29:40,intraday,GDX,LONG,27,99.43,entry (LONG),+0.0000
2026-04-11 17:30:44,swing,CIBR,SHORT,70,60.74,entry (SHORT),+0.0000
2026-04-11 17:30:45,intraday,EWH,LONG,322,23.88,entry (LONG),+0.0000
2026-04-11 17:30:46,intraday,SMH,LONG,8,436.98,entry (LONG),+0.0000
2026-04-11 17:30:46,swing,USMV,SHORT,152,92.75,entry (SHORT),+0.0000
2026-04-11 17:30:47,intraday,GDX,LONG,27,99.43,entry (LONG),+0.0000
2026-04-11 17:30:48,swing,EWY,SHORT,20,138.73,entry (SHORT),+0.0000
2026-04-11 17:30:56,swing,IBIT,SHORT,94,41.56,entry (SHORT),+0.0000
2026-04-11 17:31:53,intraday,EWH,LONG,322,23.88,entry (LONG),+0.0000
2026-04-11 17:31:54,intraday,SMH,LONG,8,436.98,entry (LONG),+0.0000
2026-04-11 17:31:55,intraday,GDX,LONG,27,99.43,entry (LONG),+0.0000
2026-04-11 17:33:15,intraday,EWH,LONG,322,23.88,entry (LONG),+0.0000
2026-04-11 17:33:16,intraday,SMH,LONG,8,436.98,entry (LONG),+0.0000
2026-04-11 17:33:18,intraday,GDX,LONG,27,99.43,entry (LONG),+0.0000
2026-04-11 17:34:23,intraday,EWH,LONG,322,23.88,entry (LONG),+0.0000
2026-04-11 17:34:24,intraday,SMH,LONG,8,436.98,entry (LONG),+0.0000
2026-04-11 17:34:25,intraday,GDX,LONG,27,99.43,entry (LONG),+0.0000
2026-04-11 17:35:31,intraday,EWH,LONG,322,23.88,entry (LONG),+0.0000
2026-04-11 17:35:32,intraday,SMH,LONG,8,436.98,entry (LONG),+0.0000
2026-04-11 17:35:33,intraday,GDX,LONG,27,99.43,entry (LONG),+0.0000
2026-04-11 17:36:12,swing,CIBR,SHORT,70,60.74,entry (SHORT),+0.0000
2026-04-11 17:36:14,swing,USMV,SHORT,152,92.75,entry (SHORT),+0.0000
2026-04-11 17:36:16,swing,EWY,SHORT,20,138.73,entry (SHORT),+0.0000
2026-04-11 17:36:26,swing,IBIT,SHORT,94,41.56,entry (SHORT),+0.0000
2026-04-11 17:36:39,intraday,EWH,LONG,322,23.88,entry (LONG),+0.0000
2026-04-11 17:36:40,intraday,SMH,LONG,8,436.98,entry (LONG),+0.0000
2026-04-11 17:36:42,intraday,GDX,LONG,27,99.43,entry (LONG),+0.0000
2026-04-11 17:37:47,intraday,EWH,LONG,322,23.88,entry (LONG),+0.0000
2026-04-11 17:37:48,intraday,SMH,LONG,8,436.98,entry (LONG),+0.0000
2026-04-11 17:37:49,intraday,GDX,LONG,27,99.43,entry (LONG),+0.0000
2026-04-11 17:38:55,intraday,EWH,LONG,322,23.88,entry (LONG),+0.0000
2026-04-11 17:38:56,intraday,SMH,LONG,8,436.98,entry (LONG),+0.0000
2026-04-11 17:38:57,intraday,GDX,LONG,27,99.43,entry (LONG),+0.0000
2026-04-11 17:40:03,intraday,EWH,LONG,322,23.88,entry (LONG),+0.0000
2026-04-11 17:40:04,intraday,SMH,LONG,8,436.98,entry (LONG),+0.0000
2026-04-11 17:40:05,intraday,GDX,LONG,27,99.43,entry (LONG),+0.0000
2026-04-11 17:41:10,intraday,EWH,LONG,322,23.88,entry (LONG),+0.0000
2026-04-11 17:41:12,intraday,SMH,LONG,8,436.98,entry (LONG),+0.0000
2026-04-11 17:41:13,intraday,GDX,LONG,27,99.43,entry (LONG),+0.0000
2026-04-11 17:41:41,swing,CIBR,SHORT,70,60.74,entry (SHORT),+0.0000
2026-04-11 17:41:43,swing,USMV,SHORT,152,92.75,entry (SHORT),+0.0000
2026-04-11 17:41:45,swing,EWY,SHORT,20,138.73,entry (SHORT),+0.0000
2026-04-11 17:41:50,swing,IBIT,SHORT,94,41.56,entry (SHORT),+0.0000
2026-04-11 17:42:18,intraday,EWH,LONG,322,23.88,entry (LONG),+0.0000
2026-04-11 17:42:20,intraday,SMH,LONG,8,436.98,entry (LONG),+0.0000
2026-04-11 17:42:21,intraday,GDX,LONG,27,99.43,entry (LONG),+0.0000
2026-04-11 17:43:26,intraday,EWH,LONG,322,23.88,entry (LONG),+0.0000
2026-04-11 17:43:27,intraday,SMH,LONG,8,436.98,entry (LONG),+0.0000
2026-04-11 17:43:28,intraday,GDX,LONG,27,99.43,entry (LONG),+0.0000
2026-04-11 17:44:34,intraday,EWH,LONG,322,23.88,entry (LONG),+0.0000
2026-04-11 17:44:36,intraday,SMH,LONG,8,436.98,entry (LONG),+0.0000
2026-04-11 17:44:37,intraday,GDX,LONG,27,99.43,entry (LONG),+0.0000
2026-04-11 17:45:42,intraday,EWH,LONG,322,23.88,entry (LONG),+0.0000
2026-04-11 17:45:44,intraday,SMH,LONG,8,436.98,entry (LONG),+0.0000
2026-04-11 17:45:45,intraday,GDX,LONG,27,99.43,entry (LONG),+0.0000
2026-04-11 17:46:50,intraday,EWH,LONG,322,23.88,entry (LONG),+0.0000
2026-04-11 17:46:52,intraday,SMH,LONG,8,436.98,entry (LONG),+0.0000
2026-04-11 17:46:53,intraday,GDX,LONG,27,99.43,entry (LONG),+0.0000
2026-04-11 17:47:06,swing,CIBR,SHORT,70,60.74,entry (SHORT),+0.0000
2026-04-11 17:47:08,swing,USMV,SHORT,152,92.75,entry (SHORT),+0.0000
2026-04-11 17:47:10,swing,EWY,SHORT,20,138.73,entry (SHORT),+0.0000
2026-04-11 17:47:16,swing,IBIT,SHORT,94,41.56,entry (SHORT),+0.0000
2026-04-11 17:47:58,intraday,EWH,LONG,322,23.88,entry (LONG),+0.0000
2026-04-11 17:48:00,intraday,SMH,LONG,8,436.98,entry (LONG),+0.0000
2026-04-11 17:48:01,intraday,GDX,LONG,27,99.43,entry (LONG),+0.0000
2026-04-11 17:49:06,intraday,EWH,LONG,322,23.88,entry (LONG),+0.0000
2026-04-11 17:49:08,intraday,SMH,LONG,8,436.98,entry (LONG),+0.0000
2026-04-11 17:49:09,intraday,GDX,LONG,27,99.43,entry (LONG),+0.0000
2026-04-11 17:50:14,intraday,EWH,LONG,322,23.88,entry (LONG),+0.0000
2026-04-11 17:50:16,intraday,SMH,LONG,8,436.98,entry (LONG),+0.0000
2026-04-11 17:50:17,intraday,GDX,LONG,27,99.43,entry (LONG),+0.0000
2026-04-11 17:51:22,intraday,EWH,LONG,322,23.88,entry (LONG),+0.0000
2026-04-11 17:51:23,intraday,SMH,LONG,8,436.98,entry (LONG),+0.0000
2026-04-11 17:51:25,intraday,GDX,LONG,27,99.43,entry (LONG),+0.0000
2026-04-11 17:52:30,intraday,EWH,LONG,322,23.88,entry (LONG),+0.0000
2026-04-11 17:52:32,intraday,SMH,LONG,8,436.98,entry (LONG),+0.0000
2026-04-11 17:52:33,intraday,GDX,LONG,27,99.43,entry (LONG),+0.0000
2026-04-11 17:52:37,swing,CIBR,SHORT,70,60.74,entry (SHORT),+0.0000
2026-04-11 17:52:39,swing,USMV,SHORT,152,92.75,entry (SHORT),+0.0000
2026-04-11 17:52:42,swing,EWY,SHORT,20,138.73,entry (SHORT),+0.0000
2026-04-11 17:52:49,swing,IBIT,SHORT,94,41.56,entry (SHORT),+0.0000
2026-04-11 17:53:39,intraday,EWH,LONG,322,23.88,entry (LONG),+0.0000
2026-04-11 17:53:40,intraday,SMH,LONG,8,436.98,entry (LONG),+0.0000
2026-04-11 17:53:42,intraday,GDX,LONG,27,99.43,entry (LONG),+0.0000
2026-04-11 17:54:46,intraday,EWH,LONG,322,23.88,entry (LONG),+0.0000
2026-04-11 17:54:48,intraday,SMH,LONG,8,436.98,entry (LONG),+0.0000
2026-04-11 17:54:49,intraday,GDX,LONG,27,99.43,entry (LONG),+0.0000
2026-04-11 17:55:55,intraday,EWH,LONG,322,23.88,entry (LONG),+0.0000
2026-04-11 17:55:56,intraday,SMH,LONG,8,436.98,entry (LONG),+0.0000
2026-04-11 17:55:57,intraday,GDX,LONG,27,99.43,entry (LONG),+0.0000
2026-04-11 17:57:02,intraday,EWH,LONG,322,23.88,entry (LONG),+0.0000
2026-04-11 17:57:04,intraday,SMH,LONG,8,436.98,entry (LONG),+0.0000
2026-04-11 17:57:05,intraday,GDX,LONG,27,99.43,entry (LONG),+0.0000
2026-04-11 17:58:06,swing,CIBR,SHORT,70,60.74,entry (SHORT),+0.0000
2026-04-11 17:58:08,swing,USMV,SHORT,152,92.75,entry (SHORT),+0.0000
2026-04-11 17:58:10,intraday,EWH,LONG,322,23.88,entry (LONG),+0.0000
2026-04-11 17:58:10,swing,EWY,SHORT,20,138.73,entry (SHORT),+0.0000
2026-04-11 17:58:11,intraday,SMH,LONG,8,436.98,entry (LONG),+0.0000
2026-04-11 17:58:12,intraday,GDX,LONG,27,99.43,entry (LONG),+0.0000
2026-04-11 17:58:15,swing,IBIT,SHORT,94,41.56,entry (SHORT),+0.0000
2026-04-11 17:59:17,intraday,EWH,LONG,322,23.88,entry (LONG),+0.0000
2026-04-11 17:59:19,intraday,SMH,LONG,8,436.98,entry (LONG),+0.0000
2026-04-11 17:59:20,intraday,GDX,LONG,27,99.43,entry (LONG),+0.0000
2026-04-11 18:00:26,intraday,EWH,LONG,322,23.88,entry (LONG),+0.0000
2026-04-11 18:00:28,intraday,SMH,LONG,8,436.98,entry (LONG),+0.0000
2026-04-11 18:00:29,intraday,GDX,LONG,27,99.43,entry (LONG),+0.0000
2026-04-11 18:01:34,intraday,EWH,LONG,322,23.88,entry (LONG),+0.0000
2026-04-11 18:01:35,intraday,SMH,LONG,8,436.98,entry (LONG),+0.0000
2026-04-11 18:01:37,intraday,GDX,LONG,27,99.43,entry (LONG),+0.0000
2026-04-11 18:02:42,intraday,EWH,LONG,322,23.88,entry (LONG),+0.0000
2026-04-11 18:02:43,intraday,SMH,LONG,8,436.98,entry (LONG),+0.0000
2026-04-11 18:02:44,intraday,GDX,LONG,27,99.43,entry (LONG),+0.0000
2026-04-11 18:03:32,swing,CIBR,SHORT,70,60.74,entry (SHORT),+0.0000
2026-04-11 18:03:33,swing,USMV,SHORT,152,92.75,entry (SHORT),+0.0000
2026-04-11 18:03:36,swing,EWY,SHORT,20,138.73,entry (SHORT),+0.0000
2026-04-11 18:03:41,swing,IBIT,SHORT,94,41.56,entry (SHORT),+0.0000
2026-04-11 18:03:49,intraday,EWH,LONG,322,23.88,entry (LONG),+0.0000
2026-04-11 18:03:50,intraday,SMH,LONG,8,436.98,entry (LONG),+0.0000
2026-04-11 18:03:51,intraday,GDX,LONG,27,99.43,entry (LONG),+0.0000
2026-04-11 18:04:58,intraday,EWH,LONG,322,23.88,entry (LONG),+0.0000
2026-04-11 18:05:00,intraday,SMH,LONG,8,436.98,entry (LONG),+0.0000
2026-04-11 18:05:01,intraday,GDX,LONG,27,99.43,entry (LONG),+0.0000
2026-04-11 18:06:07,intraday,EWH,LONG,322,23.88,entry (LONG),+0.0000
2026-04-11 18:06:08,intraday,SMH,LONG,8,436.98,entry (LONG),+0.0000
2026-04-11 18:06:09,intraday,GDX,LONG,27,99.43,entry (LONG),+0.0000
2026-04-11 18:07:14,intraday,EWH,LONG,322,23.88,entry (LONG),+0.0000
2026-04-11 18:07:16,intraday,SMH,LONG,8,436.98,entry (LONG),+0.0000
2026-04-11 18:07:17,intraday,GDX,LONG,27,99.43,entry (LONG),+0.0000
2026-04-11 18:08:22,intraday,EWH,LONG,322,23.88,entry (LONG),+0.0000
2026-04-11 18:08:24,intraday,SMH,LONG,8,436.98,entry (LONG),+0.0000
2026-04-11 18:08:25,intraday,GDX,LONG,27,99.43,entry (LONG),+0.0000
2026-04-11 18:08:57,swing,CIBR,SHORT,70,60.74,entry (SHORT),+0.0000
2026-04-11 18:08:59,swing,USMV,SHORT,152,92.75,entry (SHORT),+0.0000
2026-04-11 18:09:01,swing,EWY,SHORT,20,138.73,entry (SHORT),+0.0000
2026-04-11 18:09:07,swing,IBIT,SHORT,94,41.56,entry (SHORT),+0.0000
2026-04-11 18:09:30,intraday,EWH,LONG,322,23.88,entry (LONG),+0.0000
2026-04-11 18:09:31,intraday,SMH,LONG,8,436.98,entry (LONG),+0.0000
2026-04-11 18:09:32,intraday,GDX,LONG,27,99.43,entry (LONG),+0.0000
2026-04-11 18:10:37,intraday,EWH,LONG,322,23.88,entry (LONG),+0.0000
2026-04-11 18:10:39,intraday,SMH,LONG,8,436.98,entry (LONG),+0.0000
2026-04-11 18:10:40,intraday,GDX,LONG,27,99.43,entry (LONG),+0.0000
2026-04-11 18:11:45,intraday,EWH,LONG,322,23.88,entry (LONG),+0.0000
2026-04-11 18:11:46,intraday,SMH,LONG,8,436.98,entry (LONG),+0.0000
2026-04-11 18:11:48,intraday,GDX,LONG,27,99.43,entry (LONG),+0.0000
2026-04-11 18:12:53,intraday,EWH,LONG,322,23.88,entry (LONG),+0.0000
2026-04-11 18:12:54,intraday,SMH,LONG,8,436.98,entry (LONG),+0.0000
2026-04-11 18:12:55,intraday,GDX,LONG,27,99.43,entry (LONG),+0.0000
2026-04-11 18:14:01,intraday,EWH,LONG,322,23.88,entry (LONG),+0.0000
2026-04-11 18:14:02,intraday,SMH,LONG,8,436.98,entry (LONG),+0.0000
2026-04-11 18:14:03,intraday,GDX,LONG,27,99.43,entry (LONG),+0.0000
2026-04-11 18:14:25,swing,CIBR,SHORT,70,60.74,entry (SHORT),+0.0000
2026-04-11 18:14:28,swing,USMV,SHORT,152,92.75,entry (SHORT),+0.0000
2026-04-11 18:14:30,swing,EWY,SHORT,20,138.73,entry (SHORT),+0.0000
2026-04-11 18:14:35,swing,IBIT,SHORT,94,41.56,entry (SHORT),+0.0000
2026-04-11 18:15:08,intraday,EWH,LONG,322,23.88,entry (LONG),+0.0000
2026-04-11 18:15:10,intraday,SMH,LONG,8,436.98,entry (LONG),+0.0000
2026-04-11 18:15:11,intraday,GDX,LONG,27,99.43,entry (LONG),+0.0000
2026-04-11 18:16:16,intraday,EWH,LONG,322,23.88,entry (LONG),+0.0000
2026-04-11 18:16:18,intraday,SMH,LONG,8,436.98,entry (LONG),+0.0000
2026-04-11 18:16:19,intraday,GDX,LONG,27,99.43,entry (LONG),+0.0000
2026-04-11 18:17:23,intraday,EWH,LONG,322,23.88,entry (LONG),+0.0000
2026-04-11 18:17:25,intraday,SMH,LONG,8,436.98,entry (LONG),+0.0000
2026-04-11 18:17:27,intraday,GDX,LONG,27,99.43,entry (LONG),+0.0000
2026-04-11 18:18:32,intraday,EWH,LONG,322,23.88,entry (LONG),+0.0000
2026-04-11 18:18:33,intraday,SMH,LONG,8,436.98,entry (LONG),+0.0000
2026-04-11 18:18:34,intraday,GDX,LONG,27,99.43,entry (LONG),+0.0000
2026-04-11 18:19:39,intraday,EWH,LONG,322,23.88,entry (LONG),+0.0000
2026-04-11 18:19:41,intraday,SMH,LONG,8,436.98,entry (LONG),+0.0000
2026-04-11 18:19:43,intraday,GDX,LONG,27,99.43,entry (LONG),+0.0000
2026-04-11 18:19:53,swing,CIBR,SHORT,70,60.74,entry (SHORT),+0.0000
2026-04-11 18:19:55,swing,USMV,SHORT,152,92.75,entry (SHORT),+0.0000
2026-04-11 18:19:56,swing,EWY,SHORT,20,138.73,entry (SHORT),+0.0000
2026-04-11 18:20:01,swing,IBIT,SHORT,94,41.56,entry (SHORT),+0.0000
2026-04-11 18:20:47,intraday,EWH,LONG,322,23.88,entry (LONG),+0.0000
2026-04-11 18:20:49,intraday,SMH,LONG,8,436.98,entry (LONG),+0.0000
2026-04-11 18:20:50,intraday,GDX,LONG,27,99.43,entry (LONG),+0.0000
2026-04-11 18:21:55,intraday,EWH,LONG,322,23.88,entry (LONG),+0.0000
2026-04-11 18:21:57,intraday,SMH,LONG,8,436.98,entry (LONG),+0.0000
2026-04-11 18:21:58,intraday,GDX,LONG,27,99.43,entry (LONG),+0.0000
2026-04-11 18:23:03,intraday,EWH,LONG,322,23.88,entry (LONG),+0.0000
2026-04-11 18:23:05,intraday,SMH,LONG,8,436.98,entry (LONG),+0.0000
2026-04-11 18:23:06,intraday,GDX,LONG,27,99.43,entry (LONG),+0.0000
2026-04-11 18:24:12,intraday,EWH,LONG,322,23.88,entry (LONG),+0.0000
2026-04-11 18:24:14,intraday,SMH,LONG,8,436.98,entry (LONG),+0.0000
2026-04-11 18:24:15,intraday,GDX,LONG,27,99.43,entry (LONG),+0.0000
2026-04-11 18:25:19,swing,CIBR,SHORT,70,60.74,entry (SHORT),+0.0000
2026-04-11 18:25:20,intraday,EWH,LONG,322,23.88,entry (LONG),+0.0000
2026-04-11 18:25:20,swing,USMV,SHORT,152,92.75,entry (SHORT),+0.0000
2026-04-11 18:25:22,intraday,SMH,LONG,8,436.98,entry (LONG),+0.0000
2026-04-11 18:25:22,swing,EWY,SHORT,20,138.73,entry (SHORT),+0.0000
2026-04-11 18:25:23,intraday,GDX,LONG,27,99.43,entry (LONG),+0.0000
2026-04-11 18:25:28,swing,IBIT,SHORT,94,41.56,entry (SHORT),+0.0000
2026-04-11 18:26:28,intraday,EWH,LONG,322,23.88,entry (LONG),+0.0000
2026-04-11 18:26:30,intraday,SMH,LONG,8,436.98,entry (LONG),+0.0000
2026-04-11 18:26:31,intraday,GDX,LONG,27,99.43,entry (LONG),+0.0000
2026-04-11 18:27:36,intraday,EWH,LONG,322,23.88,entry (LONG),+0.0000
2026-04-11 18:27:38,intraday,SMH,LONG,8,436.98,entry (LONG),+0.0000
2026-04-11 18:27:39,intraday,GDX,LONG,27,99.43,entry (LONG),+0.0000
2026-04-11 18:28:44,intraday,EWH,LONG,322,23.88,entry (LONG),+0.0000
2026-04-11 18:28:46,intraday,SMH,LONG,8,436.98,entry (LONG),+0.0000
2026-04-11 18:28:47,intraday,GDX,LONG,27,99.43,entry (LONG),+0.0000
2026-04-11 18:29:53,intraday,EWH,LONG,322,23.88,entry (LONG),+0.0000
2026-04-11 18:29:55,intraday,SMH,LONG,8,436.98,entry (LONG),+0.0000
2026-04-11 18:29:56,intraday,GDX,LONG,27,99.43,entry (LONG),+0.0000
2026-04-11 18:30:46,swing,CIBR,SHORT,70,60.74,entry (SHORT),+0.0000
2026-04-11 18:30:47,swing,USMV,SHORT,152,92.75,entry (SHORT),+0.0000
2026-04-11 18:30:49,swing,EWY,SHORT,20,138.73,entry (SHORT),+0.0000
2026-04-11 18:30:54,swing,IBIT,SHORT,94,41.56,entry (SHORT),+0.0000
2026-04-11 18:31:01,intraday,EWH,LONG,322,23.88,entry (LONG),+0.0000
2026-04-11 18:31:02,intraday,SMH,LONG,8,436.98,entry (LONG),+0.0000
2026-04-11 18:31:04,intraday,GDX,LONG,27,99.43,entry (LONG),+0.0000
2026-04-11 18:32:09,intraday,EWH,LONG,322,23.88,entry (LONG),+0.0000
2026-04-11 18:32:10,intraday,SMH,LONG,8,436.98,entry (LONG),+0.0000
2026-04-11 18:32:11,intraday,GDX,LONG,27,99.43,entry (LONG),+0.0000
2026-04-11 18:33:31,intraday,EWH,LONG,322,23.88,entry (LONG),+0.0000
2026-04-11 18:33:33,intraday,SMH,LONG,8,436.98,entry (LONG),+0.0000
2026-04-11 18:33:34,intraday,GDX,LONG,27,99.43,entry (LONG),+0.0000
2026-04-11 18:34:39,intraday,EWH,LONG,322,23.88,entry (LONG),+0.0000
2026-04-11 18:34:41,intraday,SMH,LONG,8,436.98,entry (LONG),+0.0000
2026-04-11 18:34:42,intraday,GDX,LONG,27,99.43,entry (LONG),+0.0000
2026-04-11 18:35:46,intraday,EWH,LONG,322,23.88,entry (LONG),+0.0000
2026-04-11 18:35:48,intraday,SMH,LONG,8,436.98,entry (LONG),+0.0000
2026-04-11 18:35:49,intraday,GDX,LONG,27,99.43,entry (LONG),+0.0000
2026-04-11 18:36:10,swing,CIBR,SHORT,70,60.74,entry (SHORT),+0.0000
2026-04-11 18:36:12,swing,USMV,SHORT,152,92.75,entry (SHORT),+0.0000
2026-04-11 18:36:14,swing,EWY,SHORT,20,138.73,entry (SHORT),+0.0000
2026-04-11 18:36:19,swing,IBIT,SHORT,94,41.56,entry (SHORT),+0.0000
2026-04-11 18:36:54,intraday,EWH,LONG,322,23.88,entry (LONG),+0.0000
2026-04-11 18:36:56,intraday,SMH,LONG,8,436.98,entry (LONG),+0.0000
2026-04-11 18:36:57,intraday,GDX,LONG,27,99.43,entry (LONG),+0.0000
2026-04-11 18:38:03,intraday,EWH,LONG,322,23.88,entry (LONG),+0.0000
2026-04-11 18:38:05,intraday,SMH,LONG,8,436.98,entry (LONG),+0.0000
2026-04-11 18:38:06,intraday,GDX,LONG,27,99.43,entry (LONG),+0.0000
2026-04-11 18:39:12,intraday,EWH,LONG,322,23.88,entry (LONG),+0.0000
2026-04-11 18:39:14,intraday,SMH,LONG,8,436.98,entry (LONG),+0.0000
2026-04-11 18:39:15,intraday,GDX,LONG,27,99.43,entry (LONG),+0.0000
2026-04-11 18:40:20,intraday,EWH,LONG,322,23.88,entry (LONG),+0.0000
2026-04-11 18:40:22,intraday,SMH,LONG,8,436.98,entry (LONG),+0.0000
2026-04-11 18:40:23,intraday,GDX,LONG,27,99.43,entry (LONG),+0.0000
2026-04-11 18:41:28,intraday,EWH,LONG,322,23.88,entry (LONG),+0.0000
2026-04-11 18:41:30,intraday,SMH,LONG,8,436.98,entry (LONG),+0.0000
2026-04-11 18:41:31,intraday,GDX,LONG,27,99.43,entry (LONG),+0.0000
2026-04-11 18:41:36,swing,CIBR,SHORT,70,60.74,entry (SHORT),+0.0000
2026-04-11 18:41:37,swing,USMV,SHORT,152,92.75,entry (SHORT),+0.0000
2026-04-11 18:41:39,swing,EWY,SHORT,20,138.73,entry (SHORT),+0.0000
2026-04-11 18:41:44,swing,IBIT,SHORT,94,41.56,entry (SHORT),+0.0000
2026-04-11 18:42:37,intraday,EWH,LONG,322,23.88,entry (LONG),+0.0000
2026-04-11 18:42:38,intraday,SMH,LONG,8,436.98,entry (LONG),+0.0000
2026-04-11 18:42:40,intraday,GDX,LONG,27,99.43,entry (LONG),+0.0000
2026-04-11 18:43:44,intraday,EWH,LONG,322,23.88,entry (LONG),+0.0000
2026-04-11 18:43:46,intraday,SMH,LONG,8,436.98,entry (LONG),+0.0000
2026-04-11 18:43:47,intraday,GDX,LONG,27,99.43,entry (LONG),+0.0000
2026-04-11 18:44:52,intraday,EWH,LONG,322,23.88,entry (LONG),+0.0000
2026-04-11 18:44:54,intraday,SMH,LONG,8,436.98,entry (LONG),+0.0000
2026-04-11 18:44:55,intraday,GDX,LONG,27,99.43,entry (LONG),+0.0000
2026-04-11 18:46:00,intraday,EWH,LONG,322,23.88,entry (LONG),+0.0000
2026-04-11 18:46:02,intraday,SMH,LONG,8,436.98,entry (LONG),+0.0000
2026-04-11 18:46:03,intraday,GDX,LONG,27,99.43,entry (LONG),+0.0000
2026-04-11 18:47:01,swing,CIBR,SHORT,70,60.74,entry (SHORT),+0.0000
2026-04-11 18:47:03,swing,USMV,SHORT,152,92.75,entry (SHORT),+0.0000
2026-04-11 18:47:05,swing,EWY,SHORT,20,138.73,entry (SHORT),+0.0000
2026-04-11 18:47:08,intraday,EWH,LONG,322,23.88,entry (LONG),+0.0000
2026-04-11 18:47:09,swing,IBIT,SHORT,94,41.56,entry (SHORT),+0.0000
2026-04-11 18:47:10,intraday,SMH,LONG,8,436.98,entry (LONG),+0.0000
2026-04-11 18:47:11,intraday,GDX,LONG,27,99.43,entry (LONG),+0.0000
2026-04-11 18:48:16,intraday,EWH,LONG,322,23.88,entry (LONG),+0.0000
2026-04-11 18:48:17,intraday,SMH,LONG,8,436.98,entry (LONG),+0.0000
2026-04-11 18:48:19,intraday,GDX,LONG,27,99.43,entry (LONG),+0.0000
2026-04-11 18:49:24,intraday,EWH,LONG,322,23.88,entry (LONG),+0.0000
2026-04-11 18:49:25,intraday,SMH,LONG,8,436.98,entry (LONG),+0.0000
2026-04-11 18:49:26,intraday,GDX,LONG,27,99.43,entry (LONG),+0.0000
2026-04-11 18:50:31,intraday,EWH,LONG,322,23.88,entry (LONG),+0.0000
2026-04-11 18:50:33,intraday,SMH,LONG,8,436.98,entry (LONG),+0.0000
2026-04-11 18:50:34,intraday,GDX,LONG,27,99.43,entry (LONG),+0.0000
2026-04-11 18:51:42,intraday,EWH,LONG,322,23.88,entry (LONG),+0.0000
2026-04-11 18:51:44,intraday,SMH,LONG,8,436.98,entry (LONG),+0.0000
2026-04-11 18:51:45,intraday,GDX,LONG,27,99.43,entry (LONG),+0.0000
2026-04-11 18:52:31,swing,CIBR,SHORT,70,60.74,entry (SHORT),+0.0000
2026-04-11 18:52:33,swing,USMV,SHORT,152,92.75,entry (SHORT),+0.0000
2026-04-11 18:52:35,swing,EWY,SHORT,20,138.73,entry (SHORT),+0.0000
2026-04-11 18:52:40,swing,IBIT,SHORT,94,41.56,entry (SHORT),+0.0000
2026-04-11 18:52:49,intraday,EWH,LONG,322,23.88,entry (LONG),+0.0000
2026-04-11 18:52:51,intraday,SMH,LONG,8,436.98,entry (LONG),+0.0000
2026-04-11 18:52:52,intraday,GDX,LONG,27,99.43,entry (LONG),+0.0000
2026-04-11 18:53:57,intraday,EWH,LONG,322,23.88,entry (LONG),+0.0000
2026-04-11 18:53:59,intraday,SMH,LONG,8,436.98,entry (LONG),+0.0000
2026-04-11 18:54:00,intraday,GDX,LONG,27,99.43,entry (LONG),+0.0000
2026-04-11 18:55:04,intraday,EWH,LONG,322,23.88,entry (LONG),+0.0000
2026-04-11 18:55:06,intraday,SMH,LONG,8,436.98,entry (LONG),+0.0000
2026-04-11 18:55:07,intraday,GDX,LONG,27,99.43,entry (LONG),+0.0000
2026-04-11 18:56:12,intraday,EWH,LONG,322,23.88,entry (LONG),+0.0000
2026-04-11 18:56:13,intraday,SMH,LONG,8,436.98,entry (LONG),+0.0000
2026-04-11 18:56:15,intraday,GDX,LONG,27,99.43,entry (LONG),+0.0000
2026-04-11 18:57:19,intraday,EWH,LONG,322,23.88,entry (LONG),+0.0000
2026-04-11 18:57:21,intraday,SMH,LONG,8,436.98,entry (LONG),+0.0000
2026-04-11 18:57:22,intraday,GDX,LONG,27,99.43,entry (LONG),+0.0000
2026-04-11 18:58:01,swing,CIBR,SHORT,70,60.74,entry (SHORT),+0.0000
2026-04-11 18:58:02,swing,USMV,SHORT,152,92.75,entry (SHORT),+0.0000
2026-04-11 18:58:05,swing,EWY,SHORT,20,138.73,entry (SHORT),+0.0000
2026-04-11 18:58:09,swing,IBIT,SHORT,94,41.56,entry (SHORT),+0.0000
2026-04-11 18:58:27,intraday,EWH,LONG,322,23.88,entry (LONG),+0.0000
2026-04-11 18:58:29,intraday,SMH,LONG,8,436.98,entry (LONG),+0.0000
2026-04-11 18:58:30,intraday,GDX,LONG,27,99.43,entry (LONG),+0.0000
2026-04-11 18:59:35,intraday,EWH,LONG,322,23.88,entry (LONG),+0.0000
2026-04-11 18:59:36,intraday,SMH,LONG,8,436.98,entry (LONG),+0.0000
2026-04-11 18:59:37,intraday,GDX,LONG,27,99.43,entry (LONG),+0.0000
2026-04-11 19:00:45,intraday,EWH,LONG,322,23.88,entry (LONG),+0.0000
2026-04-11 19:00:46,intraday,SMH,LONG,8,436.98,entry (LONG),+0.0000
2026-04-11 19:00:47,intraday,GDX,LONG,27,99.43,entry (LONG),+0.0000
2026-04-11 19:01:52,intraday,EWH,LONG,322,23.88,entry (LONG),+0.0000
2026-04-11 19:01:54,intraday,SMH,LONG,8,436.98,entry (LONG),+0.0000
2026-04-11 19:01:55,intraday,GDX,LONG,27,99.43,entry (LONG),+0.0000
2026-04-11 19:03:00,intraday,EWH,LONG,322,23.88,entry (LONG),+0.0000
2026-04-11 19:03:02,intraday,SMH,LONG,8,436.98,entry (LONG),+0.0000
2026-04-11 19:03:03,intraday,GDX,LONG,27,99.43,entry (LONG),+0.0000
2026-04-11 19:03:27,swing,CIBR,SHORT,70,60.74,entry (SHORT),+0.0000
2026-04-11 19:03:28,swing,USMV,SHORT,152,92.75,entry (SHORT),+0.0000
2026-04-11 19:03:30,swing,EWY,SHORT,20,138.73,entry (SHORT),+0.0000
2026-04-11 19:03:35,swing,IBIT,SHORT,94,41.56,entry (SHORT),+0.0000
2026-04-11 19:04:08,intraday,EWH,LONG,322,23.88,entry (LONG),+0.0000
2026-04-11 19:04:09,intraday,SMH,LONG,8,436.98,entry (LONG),+0.0000
2026-04-11 19:04:11,intraday,GDX,LONG,27,99.43,entry (LONG),+0.0000
2026-04-11 19:05:16,intraday,EWH,LONG,322,23.88,entry (LONG),+0.0000
2026-04-11 19:05:17,intraday,SMH,LONG,8,436.98,entry (LONG),+0.0000
2026-04-11 19:05:18,intraday,GDX,LONG,27,99.43,entry (LONG),+0.0000
2026-04-11 19:06:24,intraday,EWH,LONG,322,23.88,entry (LONG),+0.0000
2026-04-11 19:06:25,intraday,SMH,LONG,8,436.98,entry (LONG),+0.0000
2026-04-11 19:06:26,intraday,GDX,LONG,27,99.43,entry (LONG),+0.0000
2026-04-11 19:07:32,intraday,EWH,LONG,322,23.88,entry (LONG),+0.0000
2026-04-11 19:07:34,intraday,SMH,LONG,8,436.98,entry (LONG),+0.0000
2026-04-11 19:07:35,intraday,GDX,LONG,27,99.43,entry (LONG),+0.0000
2026-04-11 19:08:40,intraday,EWH,LONG,322,23.88,entry (LONG),+0.0000
2026-04-11 19:08:42,intraday,SMH,LONG,8,436.98,entry (LONG),+0.0000
2026-04-11 19:08:43,intraday,GDX,LONG,27,99.43,entry (LONG),+0.0000
2026-04-11 19:08:52,swing,CIBR,SHORT,70,60.74,entry (SHORT),+0.0000
2026-04-11 19:08:54,swing,USMV,SHORT,152,92.75,entry (SHORT),+0.0000
2026-04-11 19:08:56,swing,EWY,SHORT,20,138.73,entry (SHORT),+0.0000
2026-04-11 19:09:00,swing,IBIT,SHORT,94,41.56,entry (SHORT),+0.0000
2026-04-11 19:09:47,intraday,EWH,LONG,322,23.88,entry (LONG),+0.0000
2026-04-11 19:09:49,intraday,SMH,LONG,8,436.98,entry (LONG),+0.0000
2026-04-11 19:09:50,intraday,GDX,LONG,27,99.43,entry (LONG),+0.0000
2026-04-11 19:10:55,intraday,EWH,LONG,322,23.88,entry (LONG),+0.0000
2026-04-11 19:10:57,intraday,SMH,LONG,8,436.98,entry (LONG),+0.0000
2026-04-11 19:10:58,intraday,GDX,LONG,27,99.43,entry (LONG),+0.0000
2026-04-11 19:12:03,intraday,EWH,LONG,322,23.88,entry (LONG),+0.0000
2026-04-11 19:12:05,intraday,SMH,LONG,8,436.98,entry (LONG),+0.0000
2026-04-11 19:12:06,intraday,GDX,LONG,27,99.43,entry (LONG),+0.0000
2026-04-11 19:13:11,intraday,EWH,LONG,322,23.88,entry (LONG),+0.0000
2026-04-11 19:13:12,intraday,SMH,LONG,8,436.98,entry (LONG),+0.0000
2026-04-11 19:13:14,intraday,GDX,LONG,27,99.43,entry (LONG),+0.0000
2026-04-11 19:14:17,swing,CIBR,SHORT,70,60.74,entry (SHORT),+0.0000
2026-04-11 19:14:19,swing,USMV,SHORT,152,92.75,entry (SHORT),+0.0000
2026-04-11 19:14:19,intraday,EWH,LONG,322,23.88,entry (LONG),+0.0000
2026-04-11 19:14:21,intraday,SMH,LONG,8,436.98,entry (LONG),+0.0000
2026-04-11 19:14:21,swing,EWY,SHORT,20,138.73,entry (SHORT),+0.0000
2026-04-11 19:14:22,intraday,GDX,LONG,27,99.43,entry (LONG),+0.0000
2026-04-11 19:14:28,swing,IBIT,SHORT,94,41.56,entry (SHORT),+0.0000
2026-04-11 19:15:27,intraday,EWH,LONG,322,23.88,entry (LONG),+0.0000
2026-04-11 19:15:29,intraday,SMH,LONG,8,436.98,entry (LONG),+0.0000
2026-04-11 19:15:30,intraday,GDX,LONG,27,99.43,entry (LONG),+0.0000
2026-04-11 19:16:36,intraday,EWH,LONG,322,23.88,entry (LONG),+0.0000
2026-04-11 19:16:38,intraday,SMH,LONG,8,436.98,entry (LONG),+0.0000
2026-04-11 19:16:39,intraday,GDX,LONG,27,99.43,entry (LONG),+0.0000
2026-04-11 19:17:45,intraday,EWH,LONG,322,23.88,entry (LONG),+0.0000
2026-04-11 19:17:46,intraday,SMH,LONG,8,436.98,entry (LONG),+0.0000
2026-04-11 19:17:47,intraday,GDX,LONG,27,99.43,entry (LONG),+0.0000
2026-04-11 19:18:54,intraday,EWH,LONG,322,23.88,entry (LONG),+0.0000
2026-04-11 19:18:56,intraday,SMH,LONG,8,436.98,entry (LONG),+0.0000
2026-04-11 19:18:57,intraday,GDX,LONG,27,99.43,entry (LONG),+0.0000
2026-04-11 19:19:46,swing,CIBR,SHORT,70,60.74,entry (SHORT),+0.0000
2026-04-11 19:19:48,swing,USMV,SHORT,152,92.75,entry (SHORT),+0.0000
2026-04-11 19:19:50,swing,EWY,SHORT,20,138.73,entry (SHORT),+0.0000
2026-04-11 19:19:55,swing,IBIT,SHORT,94,41.56,entry (SHORT),+0.0000
2026-04-11 19:20:04,intraday,EWH,LONG,322,23.88,entry (LONG),+0.0000
2026-04-11 19:20:05,intraday,SMH,LONG,8,436.98,entry (LONG),+0.0000
2026-04-11 19:20:06,intraday,GDX,LONG,27,99.43,entry (LONG),+0.0000
2026-04-11 19:21:11,intraday,EWH,LONG,322,23.88,entry (LONG),+0.0000
2026-04-11 19:21:13,intraday,SMH,LONG,8,436.98,entry (LONG),+0.0000
2026-04-11 19:21:14,intraday,GDX,LONG,27,99.43,entry (LONG),+0.0000
2026-04-11 19:22:19,intraday,EWH,LONG,322,23.88,entry (LONG),+0.0000
2026-04-11 19:22:21,intraday,SMH,LONG,8,436.98,entry (LONG),+0.0000
2026-04-11 19:22:22,intraday,GDX,LONG,27,99.43,entry (LONG),+0.0000
2026-04-11 19:23:27,intraday,EWH,LONG,322,23.88,entry (LONG),+0.0000
2026-04-11 19:23:29,intraday,SMH,LONG,8,436.98,entry (LONG),+0.0000
2026-04-11 19:23:30,intraday,GDX,LONG,27,99.43,entry (LONG),+0.0000
2026-04-11 19:24:35,intraday,EWH,LONG,322,23.88,entry (LONG),+0.0000
2026-04-11 19:24:37,intraday,SMH,LONG,8,436.98,entry (LONG),+0.0000
2026-04-11 19:24:38,intraday,GDX,LONG,27,99.43,entry (LONG),+0.0000
2026-04-11 19:25:13,swing,CIBR,SHORT,70,60.74,entry (SHORT),+0.0000
2026-04-11 19:25:15,swing,USMV,SHORT,152,92.75,entry (SHORT),+0.0000
2026-04-11 19:25:17,swing,EWY,SHORT,20,138.73,entry (SHORT),+0.0000
2026-04-11 19:25:21,swing,IBIT,SHORT,94,41.56,entry (SHORT),+0.0000
2026-04-11 19:25:42,intraday,EWH,LONG,322,23.88,entry (LONG),+0.0000
2026-04-11 19:25:44,intraday,SMH,LONG,8,436.98,entry (LONG),+0.0000
2026-04-11 19:25:45,intraday,GDX,LONG,27,99.43,entry (LONG),+0.0000
2026-04-11 19:26:50,intraday,EWH,LONG,322,23.88,entry (LONG),+0.0000
2026-04-11 19:26:52,intraday,SMH,LONG,8,436.98,entry (LONG),+0.0000
2026-04-11 19:26:53,intraday,GDX,LONG,27,99.43,entry (LONG),+0.0000
2026-04-11 19:27:58,intraday,EWH,LONG,322,23.88,entry (LONG),+0.0000
2026-04-11 19:27:59,intraday,SMH,LONG,8,436.98,entry (LONG),+0.0000
2026-04-11 19:28:00,intraday,GDX,LONG,27,99.43,entry (LONG),+0.0000
2026-04-11 19:29:06,intraday,EWH,LONG,322,23.88,entry (LONG),+0.0000
2026-04-11 19:29:07,intraday,SMH,LONG,8,436.98,entry (LONG),+0.0000
2026-04-11 19:29:08,intraday,GDX,LONG,27,99.43,entry (LONG),+0.0000
2026-04-11 19:30:14,intraday,EWH,LONG,322,23.88,entry (LONG),+0.0000
2026-04-11 19:30:15,intraday,SMH,LONG,8,436.98,entry (LONG),+0.0000
2026-04-11 19:30:16,intraday,GDX,LONG,27,99.43,entry (LONG),+0.0000
2026-04-11 19:30:37,swing,CIBR,SHORT,70,60.74,entry (SHORT),+0.0000
2026-04-11 19:30:39,swing,USMV,SHORT,152,92.75,entry (SHORT),+0.0000
2026-04-11 19:30:41,swing,EWY,SHORT,20,138.73,entry (SHORT),+0.0000
2026-04-11 19:30:47,swing,IBIT,SHORT,94,41.56,entry (SHORT),+0.0000
2026-04-11 19:31:22,intraday,EWH,LONG,322,23.88,entry (LONG),+0.0000
2026-04-11 19:31:24,intraday,SMH,LONG,8,436.98,entry (LONG),+0.0000
2026-04-11 19:31:25,intraday,GDX,LONG,27,99.43,entry (LONG),+0.0000
2026-04-11 19:32:30,intraday,EWH,LONG,322,23.88,entry (LONG),+0.0000
2026-04-11 19:32:32,intraday,SMH,LONG,8,436.98,entry (LONG),+0.0000
2026-04-11 19:32:33,intraday,GDX,LONG,27,99.43,entry (LONG),+0.0000
2026-04-11 19:33:52,intraday,EWH,LONG,322,23.88,entry (LONG),+0.0000
2026-04-11 19:33:53,intraday,SMH,LONG,8,436.98,entry (LONG),+0.0000
2026-04-11 19:33:54,intraday,GDX,LONG,27,99.43,entry (LONG),+0.0000
2026-04-11 19:35:00,intraday,EWH,LONG,322,23.88,entry (LONG),+0.0000
2026-04-11 19:35:01,intraday,SMH,LONG,8,436.98,entry (LONG),+0.0000
2026-04-11 19:35:02,intraday,GDX,LONG,27,99.43,entry (LONG),+0.0000
2026-04-11 19:36:04,swing,CIBR,SHORT,70,60.74,entry (SHORT),+0.0000
2026-04-11 19:36:06,swing,USMV,SHORT,152,92.75,entry (SHORT),+0.0000
2026-04-11 19:36:07,intraday,EWH,LONG,322,23.88,entry (LONG),+0.0000
2026-04-11 19:36:08,swing,EWY,SHORT,20,138.73,entry (SHORT),+0.0000
2026-04-11 19:36:09,intraday,SMH,LONG,8,436.98,entry (LONG),+0.0000
2026-04-11 19:36:10,intraday,GDX,LONG,27,99.43,entry (LONG),+0.0000
2026-04-11 19:36:13,swing,IBIT,SHORT,94,41.56,entry (SHORT),+0.0000
2026-04-11 19:37:15,intraday,EWH,LONG,322,23.88,entry (LONG),+0.0000
2026-04-11 19:37:17,intraday,SMH,LONG,8,436.98,entry (LONG),+0.0000
2026-04-11 19:37:18,intraday,GDX,LONG,27,99.43,entry (LONG),+0.0000
2026-04-11 19:38:23,intraday,EWH,LONG,322,23.88,entry (LONG),+0.0000
2026-04-11 19:38:25,intraday,SMH,LONG,8,436.98,entry (LONG),+0.0000
2026-04-11 19:38:26,intraday,GDX,LONG,27,99.43,entry (LONG),+0.0000
2026-04-11 19:39:31,intraday,EWH,LONG,322,23.88,entry (LONG),+0.0000
2026-04-11 19:39:33,intraday,SMH,LONG,8,436.98,entry (LONG),+0.0000
2026-04-11 19:39:34,intraday,GDX,LONG,27,99.43,entry (LONG),+0.0000
2026-04-11 19:40:38,intraday,EWH,LONG,322,23.88,entry (LONG),+0.0000
2026-04-11 19:40:40,intraday,SMH,LONG,8,436.98,entry (LONG),+0.0000
2026-04-11 19:40:41,intraday,GDX,LONG,27,99.43,entry (LONG),+0.0000
2026-04-11 19:41:31,swing,CIBR,SHORT,70,60.74,entry (SHORT),+0.0000
2026-04-11 19:41:32,swing,USMV,SHORT,152,92.75,entry (SHORT),+0.0000
2026-04-11 19:41:34,swing,EWY,SHORT,20,138.73,entry (SHORT),+0.0000
2026-04-11 19:41:39,swing,IBIT,SHORT,94,41.56,entry (SHORT),+0.0000
2026-04-11 19:41:46,intraday,EWH,LONG,322,23.88,entry (LONG),+0.0000
2026-04-11 19:41:47,intraday,SMH,LONG,8,436.98,entry (LONG),+0.0000
2026-04-11 19:41:48,intraday,GDX,LONG,27,99.43,entry (LONG),+0.0000
2026-04-11 19:42:54,intraday,EWH,LONG,322,23.88,entry (LONG),+0.0000
2026-04-11 19:42:55,intraday,SMH,LONG,8,436.98,entry (LONG),+0.0000
2026-04-11 19:42:56,intraday,GDX,LONG,27,99.43,entry (LONG),+0.0000
2026-04-11 19:44:02,intraday,EWH,LONG,322,23.88,entry (LONG),+0.0000
2026-04-11 19:44:04,intraday,SMH,LONG,8,436.98,entry (LONG),+0.0000
2026-04-11 19:44:05,intraday,GDX,LONG,27,99.43,entry (LONG),+0.0000
2026-04-11 19:45:10,intraday,EWH,LONG,322,23.88,entry (LONG),+0.0000
2026-04-11 19:45:12,intraday,SMH,LONG,8,436.98,entry (LONG),+0.0000
2026-04-11 19:45:13,intraday,GDX,LONG,27,99.43,entry (LONG),+0.0000
2026-04-11 19:46:18,intraday,EWH,LONG,322,23.88,entry (LONG),+0.0000
2026-04-11 19:46:20,intraday,SMH,LONG,8,436.98,entry (LONG),+0.0000
2026-04-11 19:46:21,intraday,GDX,LONG,27,99.43,entry (LONG),+0.0000
2026-04-11 19:46:55,swing,CIBR,SHORT,70,60.74,entry (SHORT),+0.0000
2026-04-11 19:46:57,swing,USMV,SHORT,152,92.75,entry (SHORT),+0.0000
2026-04-11 19:46:59,swing,EWY,SHORT,20,138.73,entry (SHORT),+0.0000
2026-04-11 19:47:05,swing,IBIT,SHORT,94,41.56,entry (SHORT),+0.0000
2026-04-11 19:47:26,intraday,EWH,LONG,322,23.88,entry (LONG),+0.0000
2026-04-11 19:47:28,intraday,SMH,LONG,8,436.98,entry (LONG),+0.0000
2026-04-11 19:47:29,intraday,GDX,LONG,27,99.43,entry (LONG),+0.0000
2026-04-11 19:48:34,intraday,EWH,LONG,322,23.88,entry (LONG),+0.0000
2026-04-11 19:48:36,intraday,SMH,LONG,8,436.98,entry (LONG),+0.0000
2026-04-11 19:48:37,intraday,GDX,LONG,27,99.43,entry (LONG),+0.0000
2026-04-11 19:49:43,intraday,EWH,LONG,322,23.88,entry (LONG),+0.0000
2026-04-11 19:49:46,intraday,SMH,LONG,8,436.98,entry (LONG),+0.0000
2026-04-11 19:49:47,intraday,GDX,LONG,27,99.43,entry (LONG),+0.0000
2026-04-11 19:50:52,intraday,EWH,LONG,322,23.88,entry (LONG),+0.0000
2026-04-11 19:50:54,intraday,SMH,LONG,8,436.98,entry (LONG),+0.0000
2026-04-11 19:50:55,intraday,GDX,LONG,27,99.43,entry (LONG),+0.0000
2026-04-11 19:51:59,intraday,EWH,LONG,322,23.88,entry (LONG),+0.0000
2026-04-11 19:52:01,intraday,SMH,LONG,8,436.98,entry (LONG),+0.0000
2026-04-11 19:52:02,intraday,GDX,LONG,27,99.43,entry (LONG),+0.0000
2026-04-11 19:52:22,swing,CIBR,SHORT,70,60.74,entry (SHORT),+0.0000
2026-04-11 19:52:24,swing,USMV,SHORT,152,92.75,entry (SHORT),+0.0000
2026-04-11 19:52:26,swing,EWY,SHORT,20,138.73,entry (SHORT),+0.0000
2026-04-11 19:52:30,swing,IBIT,SHORT,94,41.56,entry (SHORT),+0.0000
2026-04-11 19:53:07,intraday,EWH,LONG,322,23.88,entry (LONG),+0.0000
2026-04-11 19:53:09,intraday,SMH,LONG,8,436.98,entry (LONG),+0.0000
2026-04-11 19:53:10,intraday,GDX,LONG,27,99.43,entry (LONG),+0.0000
2026-04-11 19:54:16,intraday,EWH,LONG,322,23.88,entry (LONG),+0.0000
2026-04-11 19:54:17,intraday,SMH,LONG,8,436.98,entry (LONG),+0.0000
2026-04-11 19:54:19,intraday,GDX,LONG,27,99.43,entry (LONG),+0.0000
2026-04-11 19:55:25,intraday,EWH,LONG,322,23.88,entry (LONG),+0.0000
2026-04-11 19:55:28,intraday,SMH,LONG,8,436.98,entry (LONG),+0.0000
2026-04-11 19:55:29,intraday,GDX,LONG,27,99.43,entry (LONG),+0.0000
2026-04-11 19:56:37,intraday,EWH,LONG,322,23.88,entry (LONG),+0.0000
2026-04-11 19:56:39,intraday,SMH,LONG,8,436.98,entry (LONG),+0.0000
2026-04-11 19:56:40,intraday,GDX,LONG,27,99.43,entry (LONG),+0.0000
2026-04-11 19:57:45,intraday,EWH,LONG,322,23.88,entry (LONG),+0.0000
2026-04-11 19:57:46,intraday,SMH,LONG,8,436.98,entry (LONG),+0.0000
2026-04-11 19:57:47,intraday,GDX,LONG,27,99.43,entry (LONG),+0.0000
2026-04-11 19:57:48,swing,CIBR,SHORT,70,60.74,entry (SHORT),+0.0000
2026-04-11 19:57:50,swing,USMV,SHORT,152,92.75,entry (SHORT),+0.0000
2026-04-11 19:57:52,swing,EWY,SHORT,20,138.73,entry (SHORT),+0.0000
2026-04-11 19:57:57,swing,IBIT,SHORT,94,41.56,entry (SHORT),+0.0000
2026-04-11 19:58:52,intraday,EWH,LONG,322,23.88,entry (LONG),+0.0000
2026-04-11 19:58:54,intraday,SMH,LONG,8,436.98,entry (LONG),+0.0000
2026-04-11 19:58:55,intraday,GDX,LONG,27,99.43,entry (LONG),+0.0000
2026-04-11 19:59:59,intraday,EWH,LONG,322,23.88,entry (LONG),+0.0000
2026-04-11 20:00:01,intraday,SMH,LONG,8,436.98,entry (LONG),+0.0000
2026-04-11 20:00:02,intraday,GDX,LONG,27,99.43,entry (LONG),+0.0000
2026-04-11 20:01:07,intraday,EWH,LONG,322,23.88,entry (LONG),+0.0000
2026-04-11 20:01:09,intraday,SMH,LONG,8,436.98,entry (LONG),+0.0000
2026-04-11 20:01:10,intraday,GDX,LONG,27,99.43,entry (LONG),+0.0000
2026-04-11 20:02:17,intraday,EWH,LONG,322,23.88,entry (LONG),+0.0000
2026-04-11 20:02:19,intraday,SMH,LONG,8,436.98,entry (LONG),+0.0000
2026-04-11 20:02:20,intraday,GDX,LONG,27,99.43,entry (LONG),+0.0000
2026-04-11 20:03:13,swing,CIBR,SHORT,70,60.74,entry (SHORT),+0.0000
2026-04-11 20:03:14,swing,USMV,SHORT,152,92.75,entry (SHORT),+0.0000
2026-04-11 20:03:17,swing,EWY,SHORT,20,138.73,entry (SHORT),+0.0000
2026-04-11 20:03:26,intraday,EWH,LONG,322,23.88,entry (LONG),+0.0000
2026-04-11 20:03:27,swing,IBIT,SHORT,94,41.56,entry (SHORT),+0.0000
2026-04-11 20:03:27,intraday,SMH,LONG,8,436.98,entry (LONG),+0.0000
2026-04-11 20:03:28,intraday,GDX,LONG,27,99.43,entry (LONG),+0.0000
2026-04-11 20:04:33,intraday,EWH,LONG,322,23.88,entry (LONG),+0.0000
2026-04-11 20:04:35,intraday,SMH,LONG,8,436.98,entry (LONG),+0.0000
2026-04-11 20:04:36,intraday,GDX,LONG,27,99.43,entry (LONG),+0.0000
2026-04-11 20:05:41,intraday,EWH,LONG,322,23.88,entry (LONG),+0.0000
2026-04-11 20:05:42,intraday,SMH,LONG,8,436.98,entry (LONG),+0.0000
2026-04-11 20:05:43,intraday,GDX,LONG,27,99.43,entry (LONG),+0.0000
2026-04-11 20:06:48,intraday,EWH,LONG,322,23.88,entry (LONG),+0.0000
2026-04-11 20:06:50,intraday,SMH,LONG,8,436.98,entry (LONG),+0.0000
2026-04-11 20:06:51,intraday,GDX,LONG,27,99.43,entry (LONG),+0.0000
2026-04-11 20:07:59,intraday,EWH,LONG,322,23.88,entry (LONG),+0.0000
2026-04-11 20:08:01,intraday,SMH,LONG,8,436.98,entry (LONG),+0.0000
2026-04-11 20:08:02,intraday,GDX,LONG,27,99.43,entry (LONG),+0.0000
2026-04-11 20:08:45,swing,CIBR,SHORT,70,60.74,entry (SHORT),+0.0000
2026-04-11 20:08:47,swing,USMV,SHORT,152,92.75,entry (SHORT),+0.0000
2026-04-11 20:08:49,swing,EWY,SHORT,20,138.73,entry (SHORT),+0.0000
2026-04-11 20:08:54,swing,IBIT,SHORT,94,41.56,entry (SHORT),+0.0000
2026-04-11 20:09:07,intraday,EWH,LONG,322,23.88,entry (LONG),+0.0000
2026-04-11 20:09:09,intraday,SMH,LONG,8,436.98,entry (LONG),+0.0000
2026-04-11 20:09:11,intraday,GDX,LONG,27,99.43,entry (LONG),+0.0000
2026-04-11 20:10:16,intraday,EWH,LONG,322,23.88,entry (LONG),+0.0000
2026-04-11 20:10:18,intraday,SMH,LONG,8,436.98,entry (LONG),+0.0000
2026-04-11 20:10:19,intraday,GDX,LONG,27,99.43,entry (LONG),+0.0000
2026-04-11 20:11:24,intraday,EWH,LONG,322,23.88,entry (LONG),+0.0000
2026-04-11 20:11:26,intraday,SMH,LONG,8,436.98,entry (LONG),+0.0000
2026-04-11 20:11:27,intraday,GDX,LONG,27,99.43,entry (LONG),+0.0000
2026-04-11 20:12:33,intraday,EWH,LONG,322,23.88,entry (LONG),+0.0000
2026-04-11 20:12:34,intraday,SMH,LONG,8,436.98,entry (LONG),+0.0000
2026-04-11 20:12:36,intraday,GDX,LONG,27,99.43,entry (LONG),+0.0000
2026-04-11 20:13:41,intraday,EWH,LONG,322,23.88,entry (LONG),+0.0000
2026-04-11 20:13:42,intraday,SMH,LONG,8,436.98,entry (LONG),+0.0000
2026-04-11 20:13:43,intraday,GDX,LONG,27,99.43,entry (LONG),+0.0000
2026-04-11 20:14:11,swing,CIBR,SHORT,70,60.74,entry (SHORT),+0.0000
2026-04-11 20:14:13,swing,USMV,SHORT,152,92.75,entry (SHORT),+0.0000
2026-04-11 20:14:15,swing,EWY,SHORT,20,138.73,entry (SHORT),+0.0000
2026-04-11 20:14:20,swing,IBIT,SHORT,94,41.56,entry (SHORT),+0.0000
2026-04-11 20:14:49,intraday,EWH,LONG,322,23.88,entry (LONG),+0.0000
2026-04-11 20:14:50,intraday,SMH,LONG,8,436.98,entry (LONG),+0.0000
2026-04-11 20:14:51,intraday,GDX,LONG,27,99.43,entry (LONG),+0.0000
2026-04-11 20:15:57,intraday,EWH,LONG,322,23.88,entry (LONG),+0.0000
2026-04-11 20:15:59,intraday,SMH,LONG,8,436.98,entry (LONG),+0.0000
2026-04-11 20:16:02,intraday,GDX,LONG,27,99.43,entry (LONG),+0.0000
2026-04-11 20:17:07,intraday,EWH,LONG,322,23.88,entry (LONG),+0.0000
2026-04-11 20:17:09,intraday,SMH,LONG,8,436.98,entry (LONG),+0.0000
2026-04-11 20:17:10,intraday,GDX,LONG,27,99.43,entry (LONG),+0.0000
2026-04-11 20:18:15,intraday,EWH,LONG,322,23.88,entry (LONG),+0.0000
2026-04-11 20:18:17,intraday,SMH,LONG,8,436.98,entry (LONG),+0.0000
2026-04-11 20:18:18,intraday,GDX,LONG,27,99.43,entry (LONG),+0.0000
2026-04-11 20:19:23,intraday,EWH,LONG,322,23.88,entry (LONG),+0.0000
2026-04-11 20:19:25,intraday,SMH,LONG,8,436.98,entry (LONG),+0.0000
2026-04-11 20:19:26,intraday,GDX,LONG,27,99.43,entry (LONG),+0.0000
2026-04-11 20:19:36,swing,CIBR,SHORT,70,60.74,entry (SHORT),+0.0000
2026-04-11 20:19:38,swing,USMV,SHORT,152,92.75,entry (SHORT),+0.0000
2026-04-11 20:19:40,swing,EWY,SHORT,20,138.73,entry (SHORT),+0.0000
2026-04-11 20:19:46,swing,IBIT,SHORT,94,41.56,entry (SHORT),+0.0000
2026-04-11 20:20:31,intraday,EWH,LONG,322,23.88,entry (LONG),+0.0000
2026-04-11 20:20:33,intraday,SMH,LONG,8,436.98,entry (LONG),+0.0000
2026-04-11 20:20:34,intraday,GDX,LONG,27,99.43,entry (LONG),+0.0000
2026-04-11 20:21:39,intraday,EWH,LONG,322,23.88,entry (LONG),+0.0000
2026-04-11 20:21:40,intraday,SMH,LONG,8,436.98,entry (LONG),+0.0000
2026-04-11 20:21:41,intraday,GDX,LONG,27,99.43,entry (LONG),+0.0000
2026-04-11 20:22:46,intraday,EWH,LONG,322,23.88,entry (LONG),+0.0000
2026-04-11 20:22:48,intraday,SMH,LONG,8,436.98,entry (LONG),+0.0000
2026-04-11 20:22:49,intraday,GDX,LONG,27,99.43,entry (LONG),+0.0000
2026-04-11 20:23:54,intraday,EWH,LONG,322,23.88,entry (LONG),+0.0000
2026-04-11 20:23:56,intraday,SMH,LONG,8,436.98,entry (LONG),+0.0000
2026-04-11 20:23:57,intraday,GDX,LONG,27,99.43,entry (LONG),+0.0000
2026-04-11 20:25:02,intraday,EWH,LONG,322,23.88,entry (LONG),+0.0000
2026-04-11 20:25:02,swing,CIBR,SHORT,70,60.74,entry (SHORT),+0.0000
2026-04-11 20:25:03,intraday,SMH,LONG,8,436.98,entry (LONG),+0.0000
2026-04-11 20:25:04,swing,USMV,SHORT,152,92.75,entry (SHORT),+0.0000
2026-04-11 20:25:04,intraday,GDX,LONG,27,99.43,entry (LONG),+0.0000
2026-04-11 20:25:06,swing,EWY,SHORT,20,138.73,entry (SHORT),+0.0000
2026-04-11 20:25:11,swing,IBIT,SHORT,94,41.56,entry (SHORT),+0.0000
2026-04-11 20:26:09,intraday,EWH,LONG,322,23.88,entry (LONG),+0.0000
2026-04-11 20:26:11,intraday,SMH,LONG,8,436.98,entry (LONG),+0.0000
2026-04-11 20:26:12,intraday,GDX,LONG,27,99.43,entry (LONG),+0.0000
2026-04-11 20:27:17,intraday,EWH,LONG,322,23.88,entry (LONG),+0.0000
2026-04-11 20:27:19,intraday,SMH,LONG,8,436.98,entry (LONG),+0.0000
2026-04-11 20:27:20,intraday,GDX,LONG,27,99.43,entry (LONG),+0.0000
2026-04-11 20:28:25,intraday,EWH,LONG,322,23.88,entry (LONG),+0.0000
2026-04-11 20:28:27,intraday,SMH,LONG,8,436.98,entry (LONG),+0.0000
2026-04-11 20:28:28,intraday,GDX,LONG,27,99.43,entry (LONG),+0.0000
2026-04-11 20:29:34,intraday,EWH,LONG,322,23.88,entry (LONG),+0.0000
2026-04-11 20:29:36,intraday,SMH,LONG,8,436.98,entry (LONG),+0.0000
2026-04-11 20:29:37,intraday,GDX,LONG,27,99.43,entry (LONG),+0.0000
2026-04-11 20:30:28,swing,CIBR,SHORT,70,60.74,entry (SHORT),+0.0000
2026-04-11 20:30:30,swing,USMV,SHORT,152,92.75,entry (SHORT),+0.0000
2026-04-11 20:30:32,swing,EWY,SHORT,20,138.73,entry (SHORT),+0.0000
2026-04-11 20:30:37,swing,IBIT,SHORT,94,41.56,entry (SHORT),+0.0000
2026-04-11 20:30:43,intraday,EWH,LONG,322,23.88,entry (LONG),+0.0000
2026-04-11 20:30:44,intraday,SMH,LONG,8,436.98,entry (LONG),+0.0000
2026-04-11 20:30:45,intraday,GDX,LONG,27,99.43,entry (LONG),+0.0000
2026-04-11 20:31:50,intraday,EWH,LONG,322,23.88,entry (LONG),+0.0000
2026-04-11 20:31:52,intraday,SMH,LONG,8,436.98,entry (LONG),+0.0000
2026-04-11 20:31:53,intraday,GDX,LONG,27,99.43,entry (LONG),+0.0000
2026-04-11 20:32:58,intraday,EWH,LONG,322,23.88,entry (LONG),+0.0000
2026-04-11 20:33:00,intraday,SMH,LONG,8,436.98,entry (LONG),+0.0000
2026-04-11 20:33:01,intraday,GDX,LONG,27,99.43,entry (LONG),+0.0000
2026-04-11 20:34:22,intraday,EWH,LONG,322,23.88,entry (LONG),+0.0000
2026-04-11 20:34:24,intraday,SMH,LONG,8,436.98,entry (LONG),+0.0000
2026-04-11 20:34:25,intraday,GDX,LONG,27,99.43,entry (LONG),+0.0000
2026-04-11 20:35:30,intraday,EWH,LONG,322,23.88,entry (LONG),+0.0000
2026-04-11 20:35:32,intraday,SMH,LONG,8,436.98,entry (LONG),+0.0000
2026-04-11 20:35:33,intraday,GDX,LONG,27,99.43,entry (LONG),+0.0000
2026-04-11 20:35:58,swing,CIBR,SHORT,70,60.74,entry (SHORT),+0.0000
2026-04-11 20:36:00,swing,USMV,SHORT,152,92.75,entry (SHORT),+0.0000
2026-04-11 20:36:02,swing,EWY,SHORT,20,138.73,entry (SHORT),+0.0000
2026-04-11 20:36:07,swing,IBIT,SHORT,94,41.56,entry (SHORT),+0.0000
2026-04-11 20:36:38,intraday,EWH,LONG,322,23.88,entry (LONG),+0.0000
2026-04-11 20:36:39,intraday,SMH,LONG,8,436.98,entry (LONG),+0.0000
2026-04-11 20:36:40,intraday,GDX,LONG,27,99.43,entry (LONG),+0.0000
2026-04-11 20:37:45,intraday,EWH,LONG,322,23.88,entry (LONG),+0.0000
2026-04-11 20:37:47,intraday,SMH,LONG,8,436.98,entry (LONG),+0.0000
2026-04-11 20:37:48,intraday,GDX,LONG,27,99.43,entry (LONG),+0.0000
2026-04-11 20:38:53,intraday,EWH,LONG,322,23.88,entry (LONG),+0.0000
2026-04-11 20:38:54,intraday,SMH,LONG,8,436.98,entry (LONG),+0.0000
2026-04-11 20:38:56,intraday,GDX,LONG,27,99.43,entry (LONG),+0.0000
2026-04-11 20:40:00,intraday,EWH,LONG,322,23.88,entry (LONG),+0.0000
2026-04-11 20:40:02,intraday,SMH,LONG,8,436.98,entry (LONG),+0.0000
2026-04-11 20:40:03,intraday,GDX,LONG,27,99.43,entry (LONG),+0.0000
2026-04-11 20:41:09,intraday,EWH,LONG,322,23.88,entry (LONG),+0.0000
2026-04-11 20:41:10,intraday,SMH,LONG,8,436.98,entry (LONG),+0.0000
2026-04-11 20:41:11,intraday,GDX,LONG,27,99.43,entry (LONG),+0.0000
2026-04-11 20:41:23,swing,CIBR,SHORT,70,60.74,entry (SHORT),+0.0000
2026-04-11 20:41:25,swing,USMV,SHORT,152,92.75,entry (SHORT),+0.0000
2026-04-11 20:41:27,swing,EWY,SHORT,20,138.73,entry (SHORT),+0.0000
2026-04-11 20:41:32,swing,IBIT,SHORT,94,41.56,entry (SHORT),+0.0000
2026-04-11 20:42:17,intraday,EWH,LONG,322,23.88,entry (LONG),+0.0000
2026-04-11 20:42:18,intraday,SMH,LONG,8,436.98,entry (LONG),+0.0000
2026-04-11 20:42:20,intraday,GDX,LONG,27,99.43,entry (LONG),+0.0000
2026-04-11 20:43:25,intraday,EWH,LONG,322,23.88,entry (LONG),+0.0000
2026-04-11 20:43:27,intraday,SMH,LONG,8,436.98,entry (LONG),+0.0000
2026-04-11 20:43:28,intraday,GDX,LONG,27,99.43,entry (LONG),+0.0000
2026-04-11 20:44:33,intraday,EWH,LONG,322,23.88,entry (LONG),+0.0000
2026-04-11 20:44:34,intraday,SMH,LONG,8,436.98,entry (LONG),+0.0000
2026-04-11 20:44:35,intraday,GDX,LONG,27,99.43,entry (LONG),+0.0000
2026-04-11 20:45:42,intraday,EWH,LONG,322,23.88,entry (LONG),+0.0000
2026-04-11 20:45:44,intraday,SMH,LONG,8,436.98,entry (LONG),+0.0000
2026-04-11 20:45:45,intraday,GDX,LONG,27,99.43,entry (LONG),+0.0000
2026-04-11 20:46:49,swing,CIBR,SHORT,70,60.74,entry (SHORT),+0.0000
2026-04-11 20:46:50,intraday,EWH,LONG,322,23.88,entry (LONG),+0.0000
2026-04-11 20:46:51,swing,USMV,SHORT,152,92.75,entry (SHORT),+0.0000
2026-04-11 20:46:51,intraday,SMH,LONG,8,436.98,entry (LONG),+0.0000
2026-04-11 20:46:52,intraday,GDX,LONG,27,99.43,entry (LONG),+0.0000
2026-04-11 20:46:53,swing,EWY,SHORT,20,138.73,entry (SHORT),+0.0000
2026-04-11 20:46:57,swing,IBIT,SHORT,94,41.56,entry (SHORT),+0.0000
2026-04-11 20:47:57,intraday,EWH,LONG,322,23.88,entry (LONG),+0.0000
2026-04-11 20:47:59,intraday,SMH,LONG,8,436.98,entry (LONG),+0.0000
2026-04-11 20:48:00,intraday,GDX,LONG,27,99.43,entry (LONG),+0.0000
2026-04-11 20:49:05,intraday,EWH,LONG,322,23.88,entry (LONG),+0.0000
2026-04-11 20:49:06,intraday,SMH,LONG,8,436.98,entry (LONG),+0.0000
2026-04-11 20:49:07,intraday,GDX,LONG,27,99.43,entry (LONG),+0.0000
2026-04-11 20:50:17,intraday,EWH,LONG,322,23.88,entry (LONG),+0.0000
2026-04-11 20:50:19,intraday,SMH,LONG,8,436.98,entry (LONG),+0.0000
2026-04-11 20:50:20,intraday,GDX,LONG,27,99.43,entry (LONG),+0.0000
2026-04-11 20:51:25,intraday,EWH,LONG,322,23.88,entry (LONG),+0.0000
2026-04-11 20:51:27,intraday,SMH,LONG,8,436.98,entry (LONG),+0.0000
2026-04-11 20:51:28,intraday,GDX,LONG,27,99.43,entry (LONG),+0.0000
2026-04-11 20:52:17,swing,CIBR,SHORT,70,60.74,entry (SHORT),+0.0000
2026-04-11 20:52:19,swing,USMV,SHORT,152,92.75,entry (SHORT),+0.0000
2026-04-11 20:52:21,swing,EWY,SHORT,20,138.73,entry (SHORT),+0.0000
2026-04-11 20:52:27,swing,IBIT,SHORT,94,41.56,entry (SHORT),+0.0000
2026-04-11 20:52:34,intraday,EWH,LONG,322,23.88,entry (LONG),+0.0000
2026-04-11 20:52:35,intraday,SMH,LONG,8,436.98,entry (LONG),+0.0000
2026-04-11 20:52:36,intraday,GDX,LONG,27,99.43,entry (LONG),+0.0000
2026-04-11 20:53:43,intraday,EWH,LONG,322,23.88,entry (LONG),+0.0000
2026-04-11 20:53:45,intraday,SMH,LONG,8,436.98,entry (LONG),+0.0000
2026-04-11 20:53:46,intraday,GDX,LONG,27,99.43,entry (LONG),+0.0000
2026-04-11 20:54:51,intraday,EWH,LONG,322,23.88,entry (LONG),+0.0000
2026-04-11 20:54:56,intraday,SMH,LONG,8,436.98,entry (LONG),+0.0000
2026-04-11 20:54:57,intraday,GDX,LONG,27,99.43,entry (LONG),+0.0000
2026-04-11 20:56:02,intraday,EWH,LONG,322,23.88,entry (LONG),+0.0000
2026-04-11 20:56:04,intraday,SMH,LONG,8,436.98,entry (LONG),+0.0000
2026-04-11 20:56:05,intraday,GDX,LONG,27,99.43,entry (LONG),+0.0000
2026-04-11 20:57:12,intraday,EWH,LONG,322,23.88,entry (LONG),+0.0000
2026-04-11 20:57:14,intraday,SMH,LONG,8,436.98,entry (LONG),+0.0000
2026-04-11 20:57:15,intraday,GDX,LONG,27,99.43,entry (LONG),+0.0000
2026-04-11 20:57:44,swing,CIBR,SHORT,70,60.74,entry (SHORT),+0.0000
2026-04-11 20:57:46,swing,USMV,SHORT,152,92.75,entry (SHORT),+0.0000
2026-04-11 20:57:48,swing,EWY,SHORT,20,138.73,entry (SHORT),+0.0000
2026-04-11 20:57:53,swing,IBIT,SHORT,94,41.56,entry (SHORT),+0.0000
2026-04-11 20:58:20,intraday,EWH,LONG,322,23.88,entry (LONG),+0.0000
2026-04-11 20:58:22,intraday,SMH,LONG,8,436.98,entry (LONG),+0.0000
2026-04-11 20:58:23,intraday,GDX,LONG,27,99.43,entry (LONG),+0.0000
2026-04-11 20:59:28,intraday,EWH,LONG,322,23.88,entry (LONG),+0.0000
2026-04-11 20:59:30,intraday,SMH,LONG,8,436.98,entry (LONG),+0.0000
2026-04-11 20:59:31,intraday,GDX,LONG,27,99.43,entry (LONG),+0.0000
2026-04-11 21:00:37,intraday,EWH,LONG,322,23.88,entry (LONG),+0.0000
2026-04-11 21:00:39,intraday,SMH,LONG,8,436.98,entry (LONG),+0.0000
2026-04-11 21:00:40,intraday,GDX,LONG,27,99.43,entry (LONG),+0.0000
2026-04-11 21:01:45,intraday,EWH,LONG,322,23.88,entry (LONG),+0.0000
2026-04-11 21:01:47,intraday,SMH,LONG,8,436.98,entry (LONG),+0.0000
2026-04-11 21:01:48,intraday,GDX,LONG,27,99.43,entry (LONG),+0.0000
2026-04-11 21:02:53,intraday,EWH,LONG,322,23.88,entry (LONG),+0.0000
2026-04-11 21:02:55,intraday,SMH,LONG,8,436.98,entry (LONG),+0.0000
2026-04-11 21:02:56,intraday,GDX,LONG,27,99.43,entry (LONG),+0.0000
2026-04-11 21:03:09,swing,CIBR,SHORT,70,60.74,entry (SHORT),+0.0000
2026-04-11 21:03:11,swing,USMV,SHORT,152,92.75,entry (SHORT),+0.0000
2026-04-11 21:03:13,swing,EWY,SHORT,20,138.73,entry (SHORT),+0.0000
2026-04-11 21:03:17,swing,IBIT,SHORT,94,41.56,entry (SHORT),+0.0000
2026-04-11 21:04:01,intraday,EWH,LONG,322,23.88,entry (LONG),+0.0000
2026-04-11 21:04:03,intraday,SMH,LONG,8,436.98,entry (LONG),+0.0000
2026-04-11 21:04:04,intraday,GDX,LONG,27,99.43,entry (LONG),+0.0000
2026-04-11 21:05:09,intraday,EWH,LONG,322,23.88,entry (LONG),+0.0000
2026-04-11 21:05:11,intraday,SMH,LONG,8,436.98,entry (LONG),+0.0000
2026-04-11 21:05:12,intraday,GDX,LONG,27,99.43,entry (LONG),+0.0000
2026-04-11 21:06:17,intraday,EWH,LONG,322,23.88,entry (LONG),+0.0000
2026-04-11 21:06:19,intraday,SMH,LONG,8,436.98,entry (LONG),+0.0000
2026-04-11 21:06:20,intraday,GDX,LONG,27,99.43,entry (LONG),+0.0000
2026-04-11 21:07:25,intraday,EWH,LONG,322,23.88,entry (LONG),+0.0000
2026-04-11 21:07:27,intraday,SMH,LONG,8,436.98,entry (LONG),+0.0000
2026-04-11 21:07:28,intraday,GDX,LONG,27,99.43,entry (LONG),+0.0000
2026-04-11 21:08:33,intraday,EWH,LONG,322,23.88,entry (LONG),+0.0000
2026-04-11 21:08:33,swing,CIBR,SHORT,70,60.74,entry (SHORT),+0.0000
2026-04-11 21:08:35,intraday,SMH,LONG,8,436.98,entry (LONG),+0.0000
2026-04-11 21:08:36,intraday,GDX,LONG,27,99.43,entry (LONG),+0.0000
2026-04-11 21:08:36,swing,USMV,SHORT,152,92.75,entry (SHORT),+0.0000
2026-04-11 21:08:38,swing,EWY,SHORT,20,138.73,entry (SHORT),+0.0000
2026-04-11 21:08:43,swing,IBIT,SHORT,94,41.56,entry (SHORT),+0.0000
2026-04-11 21:09:41,intraday,EWH,LONG,322,23.88,entry (LONG),+0.0000
2026-04-11 21:09:43,intraday,SMH,LONG,8,436.98,entry (LONG),+0.0000
2026-04-11 21:09:44,intraday,GDX,LONG,27,99.43,entry (LONG),+0.0000
2026-04-11 21:10:49,intraday,EWH,LONG,322,23.88,entry (LONG),+0.0000
2026-04-11 21:10:50,intraday,SMH,LONG,8,436.98,entry (LONG),+0.0000
2026-04-11 21:10:51,intraday,GDX,LONG,27,99.43,entry (LONG),+0.0000
2026-04-11 21:11:56,intraday,EWH,LONG,322,23.88,entry (LONG),+0.0000
2026-04-11 21:11:58,intraday,SMH,LONG,8,436.98,entry (LONG),+0.0000
2026-04-11 21:11:59,intraday,GDX,LONG,27,99.43,entry (LONG),+0.0000
2026-04-11 21:13:05,intraday,EWH,LONG,322,23.88,entry (LONG),+0.0000
2026-04-11 21:13:07,intraday,SMH,LONG,8,436.98,entry (LONG),+0.0000
2026-04-11 21:13:08,intraday,GDX,LONG,27,99.43,entry (LONG),+0.0000
2026-04-11 21:14:01,swing,CIBR,SHORT,70,60.74,entry (SHORT),+0.0000
2026-04-11 21:14:03,swing,USMV,SHORT,152,92.75,entry (SHORT),+0.0000
2026-04-11 21:14:05,swing,EWY,SHORT,20,138.73,entry (SHORT),+0.0000
2026-04-11 21:14:10,swing,IBIT,SHORT,94,41.56,entry (SHORT),+0.0000
2026-04-11 21:14:13,intraday,EWH,LONG,322,23.88,entry (LONG),+0.0000
2026-04-11 21:14:17,intraday,SMH,LONG,8,436.98,entry (LONG),+0.0000
2026-04-11 21:14:19,intraday,GDX,LONG,27,99.43,entry (LONG),+0.0000
2026-04-11 21:15:25,intraday,EWH,LONG,322,23.88,entry (LONG),+0.0000
2026-04-11 21:15:27,intraday,SMH,LONG,8,436.98,entry (LONG),+0.0000
2026-04-11 21:15:28,intraday,GDX,LONG,27,99.43,entry (LONG),+0.0000
2026-04-11 21:16:33,intraday,EWH,LONG,322,23.88,entry (LONG),+0.0000
2026-04-11 21:16:35,intraday,SMH,LONG,8,436.98,entry (LONG),+0.0000
2026-04-11 21:16:36,intraday,GDX,LONG,27,99.43,entry (LONG),+0.0000
2026-04-11 21:17:41,intraday,EWH,LONG,322,23.88,entry (LONG),+0.0000
2026-04-11 21:17:43,intraday,SMH,LONG,8,436.98,entry (LONG),+0.0000
2026-04-11 21:17:44,intraday,GDX,LONG,27,99.43,entry (LONG),+0.0000
2026-04-11 21:18:49,intraday,EWH,LONG,322,23.88,entry (LONG),+0.0000
2026-04-11 21:18:50,intraday,SMH,LONG,8,436.98,entry (LONG),+0.0000
2026-04-11 21:18:51,intraday,GDX,LONG,27,99.43,entry (LONG),+0.0000
2026-04-11 21:19:29,swing,CIBR,SHORT,70,60.74,entry (SHORT),+0.0000
2026-04-11 21:19:31,swing,USMV,SHORT,152,92.75,entry (SHORT),+0.0000
2026-04-11 21:19:33,swing,EWY,SHORT,20,138.73,entry (SHORT),+0.0000
2026-04-11 21:19:38,swing,IBIT,SHORT,94,41.56,entry (SHORT),+0.0000
2026-04-11 21:19:56,intraday,EWH,LONG,322,23.88,entry (LONG),+0.0000
2026-04-11 21:19:58,intraday,SMH,LONG,8,436.98,entry (LONG),+0.0000
2026-04-11 21:19:59,intraday,GDX,LONG,27,99.43,entry (LONG),+0.0000
2026-04-11 21:21:05,intraday,EWH,LONG,322,23.88,entry (LONG),+0.0000
2026-04-11 21:21:07,intraday,SMH,LONG,8,436.98,entry (LONG),+0.0000
2026-04-11 21:21:08,intraday,GDX,LONG,27,99.43,entry (LONG),+0.0000
2026-04-11 21:22:13,intraday,EWH,LONG,322,23.88,entry (LONG),+0.0000
2026-04-11 21:22:15,intraday,SMH,LONG,8,436.98,entry (LONG),+0.0000
2026-04-11 21:22:16,intraday,GDX,LONG,27,99.43,entry (LONG),+0.0000
2026-04-11 21:23:21,intraday,EWH,LONG,322,23.88,entry (LONG),+0.0000
2026-04-11 21:23:23,intraday,SMH,LONG,8,436.98,entry (LONG),+0.0000
2026-04-11 21:23:24,intraday,GDX,LONG,27,99.43,entry (LONG),+0.0000
2026-04-11 21:24:29,intraday,EWH,LONG,322,23.88,entry (LONG),+0.0000
2026-04-11 21:24:31,intraday,SMH,LONG,8,436.98,entry (LONG),+0.0000
2026-04-11 21:24:32,intraday,GDX,LONG,27,99.43,entry (LONG),+0.0000
2026-04-11 21:24:57,swing,CIBR,SHORT,70,60.74,entry (SHORT),+0.0000
2026-04-11 21:24:59,swing,USMV,SHORT,152,92.75,entry (SHORT),+0.0000
2026-04-11 21:25:01,swing,EWY,SHORT,20,138.73,entry (SHORT),+0.0000
2026-04-11 21:25:06,swing,IBIT,SHORT,94,41.56,entry (SHORT),+0.0000
2026-04-11 21:25:37,intraday,EWH,LONG,322,23.88,entry (LONG),+0.0000
2026-04-11 21:25:38,intraday,SMH,LONG,8,436.98,entry (LONG),+0.0000
2026-04-11 21:25:40,intraday,GDX,LONG,27,99.43,entry (LONG),+0.0000
2026-04-11 21:26:44,intraday,EWH,LONG,322,23.88,entry (LONG),+0.0000
2026-04-11 21:26:46,intraday,SMH,LONG,8,436.98,entry (LONG),+0.0000
2026-04-11 21:26:47,intraday,GDX,LONG,27,99.43,entry (LONG),+0.0000
2026-04-11 21:27:54,intraday,EWH,LONG,322,23.88,entry (LONG),+0.0000
2026-04-11 21:27:56,intraday,SMH,LONG,8,436.98,entry (LONG),+0.0000
2026-04-11 21:27:57,intraday,GDX,LONG,27,99.43,entry (LONG),+0.0000
2026-04-11 21:29:02,intraday,EWH,LONG,322,23.88,entry (LONG),+0.0000
2026-04-11 21:29:04,intraday,SMH,LONG,8,436.98,entry (LONG),+0.0000
2026-04-11 21:29:05,intraday,GDX,LONG,27,99.43,entry (LONG),+0.0000
2026-04-11 21:30:10,intraday,EWH,LONG,322,23.88,entry (LONG),+0.0000
2026-04-11 21:30:12,intraday,SMH,LONG,8,436.98,entry (LONG),+0.0000
2026-04-11 21:30:13,intraday,GDX,LONG,27,99.43,entry (LONG),+0.0000
2026-04-11 21:30:23,swing,CIBR,SHORT,70,60.74,entry (SHORT),+0.0000
2026-04-11 21:30:25,swing,USMV,SHORT,152,92.75,entry (SHORT),+0.0000
2026-04-11 21:30:27,swing,EWY,SHORT,20,138.73,entry (SHORT),+0.0000
2026-04-11 21:30:32,swing,IBIT,SHORT,94,41.56,entry (SHORT),+0.0000
2026-04-11 21:31:18,intraday,EWH,LONG,322,23.88,entry (LONG),+0.0000
2026-04-11 21:31:19,intraday,SMH,LONG,8,436.98,entry (LONG),+0.0000
2026-04-11 21:31:20,intraday,GDX,LONG,27,99.43,entry (LONG),+0.0000
2026-04-11 21:32:26,intraday,EWH,LONG,322,23.88,entry (LONG),+0.0000
2026-04-11 21:32:27,intraday,SMH,LONG,8,436.98,entry (LONG),+0.0000
2026-04-11 21:32:29,intraday,GDX,LONG,27,99.43,entry (LONG),+0.0000
2026-04-11 21:33:35,intraday,EWH,LONG,322,23.88,entry (LONG),+0.0000
2026-04-11 21:33:39,intraday,SMH,LONG,8,436.98,entry (LONG),+0.0000
2026-04-11 21:33:40,intraday,GDX,LONG,27,99.43,entry (LONG),+0.0000
2026-04-11 21:34:59,intraday,EWH,LONG,322,23.88,entry (LONG),+0.0000
2026-04-11 21:35:00,intraday,SMH,LONG,8,436.98,entry (LONG),+0.0000
2026-04-11 21:35:02,intraday,GDX,LONG,27,99.43,entry (LONG),+0.0000
2026-04-11 21:35:48,swing,CIBR,SHORT,70,60.74,entry (SHORT),+0.0000
2026-04-11 21:35:50,swing,USMV,SHORT,152,92.75,entry (SHORT),+0.0000
2026-04-11 21:35:52,swing,EWY,SHORT,20,138.73,entry (SHORT),+0.0000
2026-04-11 21:35:57,swing,IBIT,SHORT,94,41.56,entry (SHORT),+0.0000
2026-04-11 21:36:08,intraday,EWH,LONG,322,23.88,entry (LONG),+0.0000
2026-04-11 21:36:09,intraday,SMH,LONG,8,436.98,entry (LONG),+0.0000
2026-04-11 21:36:10,intraday,GDX,LONG,27,99.43,entry (LONG),+0.0000
2026-04-11 21:37:20,intraday,EWH,LONG,322,23.88,entry (LONG),+0.0000
2026-04-11 21:37:22,intraday,SMH,LONG,8,436.98,entry (LONG),+0.0000
2026-04-11 21:37:23,intraday,GDX,LONG,27,99.43,entry (LONG),+0.0000
2026-04-11 21:38:28,intraday,EWH,LONG,322,23.88,entry (LONG),+0.0000
2026-04-11 21:38:30,intraday,SMH,LONG,8,436.98,entry (LONG),+0.0000
2026-04-11 21:38:31,intraday,GDX,LONG,27,99.43,entry (LONG),+0.0000
2026-04-11 21:39:36,intraday,EWH,LONG,322,23.88,entry (LONG),+0.0000
2026-04-11 21:39:38,intraday,SMH,LONG,8,436.98,entry (LONG),+0.0000
2026-04-11 21:39:39,intraday,GDX,LONG,27,99.43,entry (LONG),+0.0000
2026-04-11 21:40:44,intraday,EWH,LONG,322,23.88,entry (LONG),+0.0000
2026-04-11 21:40:45,intraday,SMH,LONG,8,436.98,entry (LONG),+0.0000
2026-04-11 21:40:47,intraday,GDX,LONG,27,99.43,entry (LONG),+0.0000
2026-04-11 21:41:19,swing,CIBR,SHORT,70,60.74,entry (SHORT),+0.0000
2026-04-11 21:41:21,swing,USMV,SHORT,152,92.75,entry (SHORT),+0.0000
2026-04-11 21:41:22,swing,EWY,SHORT,20,138.73,entry (SHORT),+0.0000
2026-04-11 21:41:29,swing,IBIT,SHORT,94,41.56,entry (SHORT),+0.0000
2026-04-11 21:41:52,intraday,EWH,LONG,322,23.88,entry (LONG),+0.0000
2026-04-11 21:41:53,intraday,SMH,LONG,8,436.98,entry (LONG),+0.0000
2026-04-11 21:41:54,intraday,GDX,LONG,27,99.43,entry (LONG),+0.0000
2026-04-11 21:42:59,intraday,EWH,LONG,322,23.88,entry (LONG),+0.0000
2026-04-11 21:43:01,intraday,SMH,LONG,8,436.98,entry (LONG),+0.0000
2026-04-11 21:43:02,intraday,GDX,LONG,27,99.43,entry (LONG),+0.0000
2026-04-11 21:44:08,intraday,EWH,LONG,322,23.88,entry (LONG),+0.0000
2026-04-11 21:44:10,intraday,SMH,LONG,8,436.98,entry (LONG),+0.0000
2026-04-11 21:44:11,intraday,GDX,LONG,27,99.43,entry (LONG),+0.0000
2026-04-11 21:45:16,intraday,EWH,LONG,322,23.88,entry (LONG),+0.0000
2026-04-11 21:45:17,intraday,SMH,LONG,8,436.98,entry (LONG),+0.0000
2026-04-11 21:45:19,intraday,GDX,LONG,27,99.43,entry (LONG),+0.0000
2026-04-11 21:46:30,intraday,EWH,LONG,322,23.88,entry (LONG),+0.0000
2026-04-11 21:46:32,intraday,SMH,LONG,8,436.98,entry (LONG),+0.0000
2026-04-11 21:46:33,intraday,GDX,LONG,27,99.43,entry (LONG),+0.0000
2026-04-11 21:46:52,swing,CIBR,SHORT,70,60.74,entry (SHORT),+0.0000
2026-04-11 21:46:55,swing,USMV,SHORT,152,92.75,entry (SHORT),+0.0000
2026-04-11 21:46:58,swing,EWY,SHORT,20,138.73,entry (SHORT),+0.0000
2026-04-11 21:47:03,swing,IBIT,SHORT,94,41.56,entry (SHORT),+0.0000
2026-04-11 21:47:38,intraday,EWH,LONG,322,23.88,entry (LONG),+0.0000
2026-04-11 21:47:40,intraday,SMH,LONG,8,436.98,entry (LONG),+0.0000
2026-04-11 21:47:41,intraday,GDX,LONG,27,99.43,entry (LONG),+0.0000
2026-04-11 21:48:46,intraday,EWH,LONG,322,23.88,entry (LONG),+0.0000
2026-04-11 21:48:48,intraday,SMH,LONG,8,436.98,entry (LONG),+0.0000
2026-04-11 21:48:49,intraday,GDX,LONG,27,99.43,entry (LONG),+0.0000
2026-04-11 21:49:55,intraday,EWH,LONG,322,23.88,entry (LONG),+0.0000
2026-04-11 21:49:56,intraday,SMH,LONG,8,436.98,entry (LONG),+0.0000
2026-04-11 21:49:57,intraday,GDX,LONG,27,99.43,entry (LONG),+0.0000
2026-04-11 21:51:03,intraday,EWH,LONG,322,23.88,entry (LONG),+0.0000
2026-04-11 21:51:04,intraday,SMH,LONG,8,436.98,entry (LONG),+0.0000
2026-04-11 21:51:06,intraday,GDX,LONG,27,99.43,entry (LONG),+0.0000
2026-04-11 21:52:10,intraday,EWH,LONG,322,23.88,entry (LONG),+0.0000
2026-04-11 21:52:12,intraday,SMH,LONG,8,436.98,entry (LONG),+0.0000
2026-04-11 21:52:13,intraday,GDX,LONG,27,99.43,entry (LONG),+0.0000
2026-04-11 21:52:21,swing,CIBR,SHORT,70,60.74,entry (SHORT),+0.0000
2026-04-11 21:52:24,swing,USMV,SHORT,152,92.75,entry (SHORT),+0.0000
2026-04-11 21:52:27,swing,EWY,SHORT,20,138.73,entry (SHORT),+0.0000
2026-04-11 21:52:32,swing,IBIT,SHORT,94,41.56,entry (SHORT),+0.0000
2026-04-11 21:53:22,intraday,EWH,LONG,322,23.88,entry (LONG),+0.0000
2026-04-11 21:53:24,intraday,SMH,LONG,8,436.98,entry (LONG),+0.0000
2026-04-11 21:53:25,intraday,GDX,LONG,27,99.43,entry (LONG),+0.0000
2026-04-11 21:54:30,intraday,EWH,LONG,322,23.88,entry (LONG),+0.0000
2026-04-11 21:54:31,intraday,SMH,LONG,8,436.98,entry (LONG),+0.0000
2026-04-11 21:54:33,intraday,GDX,LONG,27,99.43,entry (LONG),+0.0000
2026-04-11 21:55:38,intraday,EWH,LONG,322,23.88,entry (LONG),+0.0000
2026-04-11 21:55:39,intraday,SMH,LONG,8,436.98,entry (LONG),+0.0000
2026-04-11 21:55:40,intraday,GDX,LONG,27,99.43,entry (LONG),+0.0000
2026-04-11 21:56:45,intraday,EWH,LONG,322,23.88,entry (LONG),+0.0000
2026-04-11 21:56:47,intraday,SMH,LONG,8,436.98,entry (LONG),+0.0000
2026-04-11 21:56:48,intraday,GDX,LONG,27,99.43,entry (LONG),+0.0000
2026-04-11 21:57:47,swing,CIBR,SHORT,70,60.74,entry (SHORT),+0.0000
2026-04-11 21:57:49,swing,USMV,SHORT,152,92.75,entry (SHORT),+0.0000
2026-04-11 21:57:51,swing,EWY,SHORT,20,138.73,entry (SHORT),+0.0000
2026-04-11 21:57:53,intraday,EWH,LONG,322,23.88,entry (LONG),+0.0000
2026-04-11 21:57:55,intraday,SMH,LONG,8,436.98,entry (LONG),+0.0000
2026-04-11 21:57:55,swing,IBIT,SHORT,94,41.56,entry (SHORT),+0.0000
2026-04-11 21:57:56,intraday,GDX,LONG,27,99.43,entry (LONG),+0.0000
2026-04-11 21:59:01,intraday,EWH,LONG,322,23.88,entry (LONG),+0.0000
2026-04-11 21:59:02,intraday,SMH,LONG,8,436.98,entry (LONG),+0.0000
2026-04-11 21:59:03,intraday,GDX,LONG,27,99.43,entry (LONG),+0.0000
2026-04-11 22:00:12,intraday,EWH,LONG,322,23.88,entry (LONG),+0.0000
2026-04-11 22:00:15,intraday,SMH,LONG,8,436.98,entry (LONG),+0.0000
2026-04-11 22:00:16,intraday,GDX,LONG,27,99.43,entry (LONG),+0.0000
2026-04-11 22:01:21,intraday,EWH,LONG,322,23.88,entry (LONG),+0.0000
2026-04-11 22:01:23,intraday,SMH,LONG,8,436.98,entry (LONG),+0.0000
2026-04-11 22:01:24,intraday,GDX,LONG,27,99.43,entry (LONG),+0.0000
2026-04-11 22:02:29,intraday,EWH,LONG,322,23.88,entry (LONG),+0.0000
2026-04-11 22:02:31,intraday,SMH,LONG,8,436.98,entry (LONG),+0.0000
2026-04-11 22:02:32,intraday,GDX,LONG,27,99.43,entry (LONG),+0.0000
2026-04-11 22:03:13,swing,CIBR,SHORT,70,60.74,entry (SHORT),+0.0000
2026-04-11 22:03:15,swing,USMV,SHORT,152,92.75,entry (SHORT),+0.0000
2026-04-11 22:03:17,swing,EWY,SHORT,20,138.73,entry (SHORT),+0.0000
2026-04-11 22:03:21,swing,IBIT,SHORT,94,41.56,entry (SHORT),+0.0000
2026-04-11 22:03:37,intraday,EWH,LONG,322,23.88,entry (LONG),+0.0000
2026-04-11 22:03:40,intraday,SMH,LONG,8,436.98,entry (LONG),+0.0000
2026-04-11 22:03:41,intraday,GDX,LONG,27,99.43,entry (LONG),+0.0000
2026-04-11 22:04:46,intraday,EWH,LONG,322,23.88,entry (LONG),+0.0000
2026-04-11 22:04:48,intraday,SMH,LONG,8,436.98,entry (LONG),+0.0000
2026-04-11 22:04:49,intraday,GDX,LONG,27,99.43,entry (LONG),+0.0000
2026-04-11 22:05:54,intraday,EWH,LONG,322,23.88,entry (LONG),+0.0000
2026-04-11 22:05:56,intraday,SMH,LONG,8,436.98,entry (LONG),+0.0000
2026-04-11 22:05:57,intraday,GDX,LONG,27,99.43,entry (LONG),+0.0000
2026-04-11 22:07:02,intraday,EWH,LONG,322,23.88,entry (LONG),+0.0000
2026-04-11 22:07:04,intraday,SMH,LONG,8,436.98,entry (LONG),+0.0000
2026-04-11 22:07:05,intraday,GDX,LONG,27,99.43,entry (LONG),+0.0000
2026-04-11 22:08:10,intraday,EWH,LONG,322,23.88,entry (LONG),+0.0000
2026-04-11 22:08:11,intraday,SMH,LONG,8,436.98,entry (LONG),+0.0000
2026-04-11 22:08:12,intraday,GDX,LONG,27,99.43,entry (LONG),+0.0000
2026-04-11 22:08:39,swing,CIBR,SHORT,70,60.74,entry (SHORT),+0.0000
2026-04-11 22:08:41,swing,USMV,SHORT,152,92.75,entry (SHORT),+0.0000
2026-04-11 22:08:42,swing,EWY,SHORT,20,138.73,entry (SHORT),+0.0000
2026-04-11 22:08:47,swing,IBIT,SHORT,94,41.56,entry (SHORT),+0.0000
2026-04-11 22:09:18,intraday,EWH,LONG,322,23.88,entry (LONG),+0.0000
2026-04-11 22:09:19,intraday,SMH,LONG,8,436.98,entry (LONG),+0.0000
2026-04-11 22:09:20,intraday,GDX,LONG,27,99.43,entry (LONG),+0.0000
2026-04-11 22:10:26,intraday,EWH,LONG,322,23.88,entry (LONG),+0.0000
2026-04-11 22:10:27,intraday,SMH,LONG,8,436.98,entry (LONG),+0.0000
2026-04-11 22:10:28,intraday,GDX,LONG,27,99.43,entry (LONG),+0.0000
2026-04-11 22:11:33,intraday,EWH,LONG,322,23.88,entry (LONG),+0.0000
2026-04-11 22:11:35,intraday,SMH,LONG,8,436.98,entry (LONG),+0.0000
2026-04-11 22:11:36,intraday,GDX,LONG,27,99.43,entry (LONG),+0.0000
2026-04-11 22:12:43,intraday,EWH,LONG,322,23.88,entry (LONG),+0.0000
2026-04-11 22:12:44,intraday,SMH,LONG,8,436.98,entry (LONG),+0.0000
2026-04-11 22:12:46,intraday,GDX,LONG,27,99.43,entry (LONG),+0.0000
2026-04-11 22:13:50,intraday,EWH,LONG,322,23.88,entry (LONG),+0.0000
2026-04-11 22:13:52,intraday,SMH,LONG,8,436.98,entry (LONG),+0.0000
2026-04-11 22:13:53,intraday,GDX,LONG,27,99.43,entry (LONG),+0.0000
2026-04-11 22:14:06,swing,CIBR,SHORT,70,60.74,entry (SHORT),+0.0000
2026-04-11 22:14:08,swing,USMV,SHORT,152,92.75,entry (SHORT),+0.0000
2026-04-11 22:14:10,swing,EWY,SHORT,20,138.73,entry (SHORT),+0.0000
2026-04-11 22:14:15,swing,IBIT,SHORT,94,41.56,entry (SHORT),+0.0000
2026-04-11 22:14:58,intraday,EWH,LONG,322,23.88,entry (LONG),+0.0000
2026-04-11 22:15:00,intraday,SMH,LONG,8,436.98,entry (LONG),+0.0000
2026-04-11 22:15:01,intraday,GDX,LONG,27,99.43,entry (LONG),+0.0000
2026-04-11 22:16:07,intraday,EWH,LONG,322,23.88,entry (LONG),+0.0000
2026-04-11 22:16:08,intraday,SMH,LONG,8,436.98,entry (LONG),+0.0000
2026-04-11 22:16:09,intraday,GDX,LONG,27,99.43,entry (LONG),+0.0000
2026-04-11 22:17:15,intraday,EWH,LONG,322,23.88,entry (LONG),+0.0000
2026-04-11 22:17:17,intraday,SMH,LONG,8,436.98,entry (LONG),+0.0000
2026-04-11 22:17:18,intraday,GDX,LONG,27,99.43,entry (LONG),+0.0000
2026-04-11 22:18:23,intraday,EWH,LONG,322,23.88,entry (LONG),+0.0000
2026-04-11 22:18:25,intraday,SMH,LONG,8,436.98,entry (LONG),+0.0000
2026-04-11 22:18:26,intraday,GDX,LONG,27,99.43,entry (LONG),+0.0000
2026-04-11 22:19:32,intraday,EWH,LONG,322,23.88,entry (LONG),+0.0000
2026-04-11 22:19:34,intraday,SMH,LONG,8,436.98,entry (LONG),+0.0000
2026-04-11 22:19:35,intraday,GDX,LONG,27,99.43,entry (LONG),+0.0000
2026-04-11 22:19:39,swing,CIBR,SHORT,70,60.74,entry (SHORT),+0.0000
2026-04-11 22:19:42,swing,USMV,SHORT,152,92.75,entry (SHORT),+0.0000
2026-04-11 22:19:44,swing,EWY,SHORT,20,138.73,entry (SHORT),+0.0000
2026-04-11 22:19:48,swing,IBIT,SHORT,94,41.56,entry (SHORT),+0.0000
2026-04-11 22:20:50,intraday,EWH,LONG,322,23.88,entry (LONG),+0.0000
2026-04-11 22:20:52,intraday,SMH,LONG,8,436.98,entry (LONG),+0.0000
2026-04-11 22:20:53,intraday,GDX,LONG,27,99.43,entry (LONG),+0.0000
2026-04-11 22:21:58,intraday,EWH,LONG,322,23.88,entry (LONG),+0.0000
2026-04-11 22:22:00,intraday,SMH,LONG,8,436.98,entry (LONG),+0.0000
2026-04-11 22:22:01,intraday,GDX,LONG,27,99.43,entry (LONG),+0.0000
2026-04-11 22:23:06,intraday,EWH,LONG,322,23.88,entry (LONG),+0.0000
2026-04-11 22:23:08,intraday,SMH,LONG,8,436.98,entry (LONG),+0.0000
2026-04-11 22:23:09,intraday,GDX,LONG,27,99.43,entry (LONG),+0.0000
2026-04-11 22:24:15,intraday,EWH,LONG,322,23.88,entry (LONG),+0.0000
2026-04-11 22:24:16,intraday,SMH,LONG,8,436.98,entry (LONG),+0.0000
2026-04-11 22:24:18,intraday,GDX,LONG,27,99.43,entry (LONG),+0.0000
2026-04-11 22:25:20,swing,CIBR,SHORT,70,60.74,entry (SHORT),+0.0000
2026-04-11 22:25:22,swing,USMV,SHORT,152,92.75,entry (SHORT),+0.0000
2026-04-11 22:25:23,intraday,EWH,LONG,322,23.88,entry (LONG),+0.0000
2026-04-11 22:25:24,intraday,SMH,LONG,8,436.98,entry (LONG),+0.0000
2026-04-11 22:25:26,intraday,GDX,LONG,27,99.43,entry (LONG),+0.0000
2026-04-11 22:25:26,swing,EWY,SHORT,20,138.73,entry (SHORT),+0.0000
2026-04-11 22:25:31,swing,IBIT,SHORT,94,41.56,entry (SHORT),+0.0000
2026-04-11 22:26:31,intraday,EWH,LONG,322,23.88,entry (LONG),+0.0000
2026-04-11 22:26:32,intraday,SMH,LONG,8,436.98,entry (LONG),+0.0000
2026-04-11 22:26:34,intraday,GDX,LONG,27,99.43,entry (LONG),+0.0000
2026-04-11 22:27:43,intraday,EWH,LONG,322,23.88,entry (LONG),+0.0000
2026-04-11 22:27:45,intraday,SMH,LONG,8,436.98,entry (LONG),+0.0000
2026-04-11 22:27:47,intraday,GDX,LONG,27,99.43,entry (LONG),+0.0000
2026-04-11 22:28:52,intraday,EWH,LONG,322,23.88,entry (LONG),+0.0000
2026-04-11 22:28:54,intraday,SMH,LONG,8,436.98,entry (LONG),+0.0000
2026-04-11 22:28:55,intraday,GDX,LONG,27,99.43,entry (LONG),+0.0000
2026-04-11 22:30:00,intraday,EWH,LONG,322,23.88,entry (LONG),+0.0000
2026-04-11 22:30:02,intraday,SMH,LONG,8,436.98,entry (LONG),+0.0000
2026-04-11 22:30:03,intraday,GDX,LONG,27,99.43,entry (LONG),+0.0000
2026-04-11 22:30:55,swing,CIBR,SHORT,70,60.74,entry (SHORT),+0.0000
2026-04-11 22:30:58,swing,USMV,SHORT,152,92.75,entry (SHORT),+0.0000
2026-04-11 22:31:00,swing,EWY,SHORT,20,138.73,entry (SHORT),+0.0000
2026-04-11 22:31:06,swing,IBIT,SHORT,94,41.56,entry (SHORT),+0.0000
2026-04-11 22:31:08,intraday,EWH,LONG,322,23.88,entry (LONG),+0.0000
2026-04-11 22:31:16,intraday,SMH,LONG,8,436.98,entry (LONG),+0.0000
2026-04-11 22:31:17,intraday,GDX,LONG,27,99.43,entry (LONG),+0.0000
2026-04-11 22:32:23,intraday,EWH,LONG,322,23.88,entry (LONG),+0.0000
2026-04-11 22:32:25,intraday,SMH,LONG,8,436.98,entry (LONG),+0.0000
2026-04-11 22:32:26,intraday,GDX,LONG,27,99.43,entry (LONG),+0.0000
2026-04-11 22:33:32,intraday,EWH,LONG,322,23.88,entry (LONG),+0.0000
2026-04-11 22:33:34,intraday,SMH,LONG,8,436.98,entry (LONG),+0.0000
2026-04-11 22:33:36,intraday,GDX,LONG,27,99.43,entry (LONG),+0.0000
2026-04-11 22:34:42,intraday,EWH,LONG,322,23.88,entry (LONG),+0.0000
2026-04-11 22:34:44,intraday,SMH,LONG,8,436.98,entry (LONG),+0.0000
2026-04-11 22:34:45,intraday,GDX,LONG,27,99.43,entry (LONG),+0.0000
2026-04-11 22:36:05,intraday,EWH,LONG,322,23.88,entry (LONG),+0.0000
2026-04-11 22:36:07,intraday,SMH,LONG,8,436.98,entry (LONG),+0.0000
2026-04-11 22:36:09,intraday,GDX,LONG,27,99.43,entry (LONG),+0.0000
2026-04-11 22:36:23,swing,CIBR,SHORT,70,60.74,entry (SHORT),+0.0000
2026-04-11 22:36:26,swing,USMV,SHORT,152,92.75,entry (SHORT),+0.0000
2026-04-11 22:36:29,swing,EWY,SHORT,20,138.73,entry (SHORT),+0.0000
2026-04-11 22:36:36,swing,IBIT,SHORT,94,41.56,entry (SHORT),+0.0000
2026-04-11 22:37:14,intraday,EWH,LONG,322,23.88,entry (LONG),+0.0000
2026-04-11 22:37:16,intraday,SMH,LONG,8,436.98,entry (LONG),+0.0000
2026-04-11 22:37:17,intraday,GDX,LONG,27,99.43,entry (LONG),+0.0000
2026-04-11 22:38:22,intraday,EWH,LONG,322,23.88,entry (LONG),+0.0000
2026-04-11 22:38:24,intraday,SMH,LONG,8,436.98,entry (LONG),+0.0000
2026-04-11 22:38:25,intraday,GDX,LONG,27,99.43,entry (LONG),+0.0000
2026-04-11 22:39:31,intraday,EWH,LONG,322,23.88,entry (LONG),+0.0000
2026-04-11 22:39:33,intraday,SMH,LONG,8,436.98,entry (LONG),+0.0000
2026-04-11 22:39:34,intraday,GDX,LONG,27,99.43,entry (LONG),+0.0000
2026-04-11 22:40:39,intraday,EWH,LONG,322,23.88,entry (LONG),+0.0000
2026-04-11 22:40:41,intraday,SMH,LONG,8,436.98,entry (LONG),+0.0000
2026-04-11 22:40:42,intraday,GDX,LONG,27,99.43,entry (LONG),+0.0000
2026-04-11 22:41:47,intraday,EWH,LONG,322,23.88,entry (LONG),+0.0000
2026-04-11 22:41:49,intraday,SMH,LONG,8,436.98,entry (LONG),+0.0000
2026-04-11 22:41:50,intraday,GDX,LONG,27,99.43,entry (LONG),+0.0000
2026-04-11 22:41:54,swing,CIBR,SHORT,70,60.74,entry (SHORT),+0.0000
2026-04-11 22:41:56,swing,USMV,SHORT,152,92.75,entry (SHORT),+0.0000
2026-04-11 22:41:58,swing,EWY,SHORT,20,138.73,entry (SHORT),+0.0000
2026-04-11 22:42:03,swing,IBIT,SHORT,94,41.56,entry (SHORT),+0.0000
2026-04-11 22:42:56,intraday,EWH,LONG,322,23.88,entry (LONG),+0.0000
2026-04-11 22:42:58,intraday,SMH,LONG,8,436.98,entry (LONG),+0.0000
2026-04-11 22:42:59,intraday,GDX,LONG,27,99.43,entry (LONG),+0.0000
2026-04-11 22:44:04,intraday,EWH,LONG,322,23.88,entry (LONG),+0.0000
2026-04-11 22:44:06,intraday,SMH,LONG,8,436.98,entry (LONG),+0.0000
2026-04-11 22:44:07,intraday,GDX,LONG,27,99.43,entry (LONG),+0.0000
2026-04-11 22:45:13,intraday,EWH,LONG,322,23.88,entry (LONG),+0.0000
2026-04-11 22:45:15,intraday,SMH,LONG,8,436.98,entry (LONG),+0.0000
2026-04-11 22:45:16,intraday,GDX,LONG,27,99.43,entry (LONG),+0.0000
2026-04-11 22:46:21,intraday,EWH,LONG,322,23.88,entry (LONG),+0.0000
2026-04-11 22:46:25,intraday,SMH,LONG,8,436.98,entry (LONG),+0.0000
2026-04-11 22:46:26,intraday,GDX,LONG,27,99.43,entry (LONG),+0.0000
2026-04-11 22:47:20,swing,CIBR,SHORT,70,60.74,entry (SHORT),+0.0000
2026-04-11 22:47:22,swing,USMV,SHORT,152,92.75,entry (SHORT),+0.0000
2026-04-11 22:47:23,swing,EWY,SHORT,20,138.73,entry (SHORT),+0.0000
2026-04-11 22:47:29,swing,IBIT,SHORT,94,41.56,entry (SHORT),+0.0000
2026-04-11 22:47:31,intraday,EWH,LONG,322,23.88,entry (LONG),+0.0000
2026-04-11 22:47:33,intraday,SMH,LONG,8,436.98,entry (LONG),+0.0000
2026-04-11 22:47:34,intraday,GDX,LONG,27,99.43,entry (LONG),+0.0000
2026-04-11 22:48:40,intraday,EWH,LONG,322,23.88,entry (LONG),+0.0000
2026-04-11 22:48:41,intraday,SMH,LONG,8,436.98,entry (LONG),+0.0000
2026-04-11 22:48:42,intraday,GDX,LONG,27,99.43,entry (LONG),+0.0000
2026-04-11 22:49:48,intraday,EWH,LONG,322,23.88,entry (LONG),+0.0000
2026-04-11 22:49:50,intraday,SMH,LONG,8,436.98,entry (LONG),+0.0000
2026-04-11 22:49:51,intraday,GDX,LONG,27,99.43,entry (LONG),+0.0000
2026-04-11 22:50:56,intraday,EWH,LONG,322,23.88,entry (LONG),+0.0000
2026-04-11 22:50:58,intraday,SMH,LONG,8,436.98,entry (LONG),+0.0000
2026-04-11 22:50:59,intraday,GDX,LONG,27,99.43,entry (LONG),+0.0000
2026-04-11 22:52:04,intraday,EWH,LONG,322,23.88,entry (LONG),+0.0000
2026-04-11 22:52:06,intraday,SMH,LONG,8,436.98,entry (LONG),+0.0000
2026-04-11 22:52:07,intraday,GDX,LONG,27,99.43,entry (LONG),+0.0000
2026-04-11 22:52:47,swing,CIBR,SHORT,70,60.74,entry (SHORT),+0.0000
2026-04-11 22:52:49,swing,USMV,SHORT,152,92.75,entry (SHORT),+0.0000
2026-04-11 22:52:51,swing,EWY,SHORT,20,138.73,entry (SHORT),+0.0000
2026-04-11 22:52:56,swing,IBIT,SHORT,94,41.56,entry (SHORT),+0.0000
2026-04-11 22:53:12,intraday,EWH,LONG,322,23.88,entry (LONG),+0.0000
2026-04-11 22:53:14,intraday,SMH,LONG,8,436.98,entry (LONG),+0.0000
2026-04-11 22:53:15,intraday,GDX,LONG,27,99.43,entry (LONG),+0.0000
2026-04-11 22:54:20,intraday,EWH,LONG,322,23.88,entry (LONG),+0.0000
2026-04-11 22:54:22,intraday,SMH,LONG,8,436.98,entry (LONG),+0.0000
2026-04-11 22:54:23,intraday,GDX,LONG,27,99.43,entry (LONG),+0.0000
2026-04-11 22:55:30,intraday,EWH,LONG,322,23.88,entry (LONG),+0.0000
2026-04-11 22:55:32,intraday,SMH,LONG,8,436.98,entry (LONG),+0.0000
2026-04-11 22:55:33,intraday,GDX,LONG,27,99.43,entry (LONG),+0.0000
2026-04-11 22:56:39,intraday,EWH,LONG,322,23.88,entry (LONG),+0.0000
2026-04-11 22:56:41,intraday,SMH,LONG,8,436.98,entry (LONG),+0.0000
2026-04-11 22:56:42,intraday,GDX,LONG,27,99.43,entry (LONG),+0.0000
2026-04-11 22:57:47,intraday,EWH,LONG,322,23.88,entry (LONG),+0.0000
2026-04-11 22:57:48,intraday,SMH,LONG,8,436.98,entry (LONG),+0.0000
2026-04-11 22:57:50,intraday,GDX,LONG,27,99.43,entry (LONG),+0.0000
2026-04-11 22:58:15,swing,CIBR,SHORT,70,60.74,entry (SHORT),+0.0000
2026-04-11 22:58:17,swing,USMV,SHORT,152,92.75,entry (SHORT),+0.0000
2026-04-11 22:58:19,swing,EWY,SHORT,20,138.73,entry (SHORT),+0.0000
2026-04-11 22:58:23,swing,IBIT,SHORT,94,41.56,entry (SHORT),+0.0000
2026-04-11 22:58:57,intraday,EWH,LONG,322,23.88,entry (LONG),+0.0000
2026-04-11 22:58:59,intraday,SMH,LONG,8,436.98,entry (LONG),+0.0000
2026-04-11 22:59:00,intraday,GDX,LONG,27,99.43,entry (LONG),+0.0000
2026-04-11 23:00:11,intraday,EWH,LONG,322,23.88,entry (LONG),+0.0000
2026-04-11 23:00:12,intraday,SMH,LONG,8,436.98,entry (LONG),+0.0000
2026-04-11 23:00:13,intraday,GDX,LONG,27,99.43,entry (LONG),+0.0000
2026-04-11 23:01:19,intraday,EWH,LONG,322,23.88,entry (LONG),+0.0000
2026-04-11 23:01:20,intraday,SMH,LONG,8,436.98,entry (LONG),+0.0000
2026-04-11 23:01:22,intraday,GDX,LONG,27,99.43,entry (LONG),+0.0000
2026-04-11 23:02:28,intraday,EWH,LONG,322,23.88,entry (LONG),+0.0000
2026-04-11 23:02:30,intraday,SMH,LONG,8,436.98,entry (LONG),+0.0000
2026-04-11 23:02:31,intraday,GDX,LONG,27,99.43,entry (LONG),+0.0000
2026-04-11 23:03:36,intraday,EWH,LONG,322,23.88,entry (LONG),+0.0000
2026-04-11 23:03:38,intraday,SMH,LONG,8,436.98,entry (LONG),+0.0000
2026-04-11 23:03:39,intraday,GDX,LONG,27,99.43,entry (LONG),+0.0000
2026-04-11 23:03:39,swing,CIBR,SHORT,76,60.74,entry (SHORT),+0.0000
2026-04-11 23:03:41,swing,USMV,SHORT,152,92.75,entry (SHORT),+0.0000
2026-04-11 23:03:43,swing,EWY,SHORT,20,138.73,entry (SHORT),+0.0000
2026-04-11 23:03:48,swing,IBIT,SHORT,94,41.56,entry (SHORT),+0.0000
2026-04-11 23:04:47,intraday,EWH,LONG,322,23.88,entry (LONG),+0.0000
2026-04-11 23:04:49,intraday,SMH,LONG,8,436.98,entry (LONG),+0.0000
2026-04-11 23:04:50,intraday,GDX,LONG,27,99.43,entry (LONG),+0.0000
2026-04-11 23:05:55,intraday,EWH,LONG,322,23.88,entry (LONG),+0.0000
2026-04-11 23:05:56,intraday,SMH,LONG,8,436.98,entry (LONG),+0.0000
2026-04-11 23:05:57,intraday,GDX,LONG,27,99.43,entry (LONG),+0.0000
2026-04-11 23:07:03,intraday,EWH,LONG,322,23.88,entry (LONG),+0.0000
2026-04-11 23:07:05,intraday,SMH,LONG,8,436.98,entry (LONG),+0.0000
2026-04-11 23:07:06,intraday,GDX,LONG,27,99.43,entry (LONG),+0.0000
2026-04-11 23:08:11,intraday,EWH,LONG,322,23.88,entry (LONG),+0.0000
2026-04-11 23:08:12,intraday,SMH,LONG,8,436.98,entry (LONG),+0.0000
2026-04-11 23:08:13,intraday,GDX,LONG,27,99.43,entry (LONG),+0.0000
2026-04-11 23:09:03,swing,CIBR,SHORT,70,60.74,entry (SHORT),+0.0000
2026-04-11 23:09:05,swing,USMV,SHORT,152,92.75,entry (SHORT),+0.0000
2026-04-11 23:09:07,swing,EWY,SHORT,20,138.73,entry (SHORT),+0.0000
2026-04-11 23:09:11,swing,IBIT,SHORT,94,41.56,entry (SHORT),+0.0000
2026-04-11 23:09:18,intraday,EWH,LONG,322,23.88,entry (LONG),+0.0000
2026-04-11 23:09:20,intraday,SMH,LONG,8,436.98,entry (LONG),+0.0000
2026-04-11 23:09:21,intraday,GDX,LONG,27,99.43,entry (LONG),+0.0000
2026-04-11 23:10:26,intraday,EWH,LONG,322,23.88,entry (LONG),+0.0000
2026-04-11 23:10:27,intraday,SMH,LONG,8,436.98,entry (LONG),+0.0000
2026-04-11 23:10:29,intraday,GDX,LONG,27,99.43,entry (LONG),+0.0000
2026-04-11 23:11:34,intraday,EWH,LONG,322,23.88,entry (LONG),+0.0000
2026-04-11 23:11:35,intraday,SMH,LONG,8,436.98,entry (LONG),+0.0000
2026-04-11 23:11:36,intraday,GDX,LONG,27,99.43,entry (LONG),+0.0000
2026-04-11 23:12:41,intraday,EWH,LONG,322,23.88,entry (LONG),+0.0000
2026-04-11 23:12:44,intraday,SMH,LONG,8,436.98,entry (LONG),+0.0000
2026-04-11 23:12:45,intraday,GDX,LONG,27,99.43,entry (LONG),+0.0000
2026-04-11 23:13:49,intraday,EWH,LONG,322,23.88,entry (LONG),+0.0000
2026-04-11 23:13:51,intraday,SMH,LONG,8,436.98,entry (LONG),+0.0000
2026-04-11 23:13:52,intraday,GDX,LONG,27,99.43,entry (LONG),+0.0000
2026-04-11 23:14:27,swing,CIBR,SHORT,70,60.74,entry (SHORT),+0.0000
2026-04-11 23:14:29,swing,USMV,SHORT,152,92.75,entry (SHORT),+0.0000
2026-04-11 23:14:31,swing,EWY,SHORT,20,138.73,entry (SHORT),+0.0000
2026-04-11 23:14:35,swing,IBIT,SHORT,94,41.56,entry (SHORT),+0.0000
2026-04-11 23:14:57,intraday,EWH,LONG,322,23.88,entry (LONG),+0.0000
2026-04-11 23:14:59,intraday,SMH,LONG,8,436.98,entry (LONG),+0.0000
2026-04-11 23:15:00,intraday,GDX,LONG,27,99.43,entry (LONG),+0.0000
2026-04-11 23:16:06,intraday,EWH,LONG,322,23.88,entry (LONG),+0.0000
2026-04-11 23:16:08,intraday,SMH,LONG,8,436.98,entry (LONG),+0.0000
2026-04-11 23:16:09,intraday,GDX,LONG,27,99.43,entry (LONG),+0.0000
2026-04-11 23:17:14,intraday,EWH,LONG,322,23.88,entry (LONG),+0.0000
2026-04-11 23:17:16,intraday,SMH,LONG,8,436.98,entry (LONG),+0.0000
2026-04-11 23:17:17,intraday,GDX,LONG,27,99.43,entry (LONG),+0.0000
2026-04-11 23:18:22,intraday,EWH,LONG,322,23.88,entry (LONG),+0.0000
2026-04-11 23:18:23,intraday,SMH,LONG,8,436.98,entry (LONG),+0.0000
2026-04-11 23:18:24,intraday,GDX,LONG,27,99.43,entry (LONG),+0.0000
2026-04-11 23:19:29,intraday,EWH,LONG,322,23.88,entry (LONG),+0.0000
2026-04-11 23:19:31,intraday,SMH,LONG,8,436.98,entry (LONG),+0.0000
2026-04-11 23:19:32,intraday,GDX,LONG,27,99.43,entry (LONG),+0.0000
2026-04-11 23:19:56,swing,CIBR,SHORT,70,60.74,entry (SHORT),+0.0000
2026-04-11 23:19:58,swing,USMV,SHORT,152,92.75,entry (SHORT),+0.0000
2026-04-11 23:20:00,swing,EWY,SHORT,20,138.73,entry (SHORT),+0.0000
2026-04-11 23:20:05,swing,IBIT,SHORT,94,41.56,entry (SHORT),+0.0000
2026-04-11 23:20:41,intraday,EWH,LONG,322,23.88,entry (LONG),+0.0000
2026-04-11 23:20:43,intraday,SMH,LONG,8,436.98,entry (LONG),+0.0000
2026-04-11 23:20:44,intraday,GDX,LONG,27,99.43,entry (LONG),+0.0000
2026-04-11 23:21:49,intraday,EWH,LONG,322,23.88,entry (LONG),+0.0000
2026-04-11 23:21:50,intraday,SMH,LONG,8,436.98,entry (LONG),+0.0000
2026-04-11 23:21:51,intraday,GDX,LONG,27,99.43,entry (LONG),+0.0000
2026-04-11 23:22:57,intraday,EWH,LONG,322,23.88,entry (LONG),+0.0000
2026-04-11 23:22:58,intraday,SMH,LONG,8,436.98,entry (LONG),+0.0000
2026-04-11 23:22:59,intraday,GDX,LONG,27,99.43,entry (LONG),+0.0000
2026-04-11 23:24:16,intraday,EWH,LONG,322,23.88,entry (LONG),+0.0000
2026-04-11 23:24:17,intraday,SMH,LONG,8,436.98,entry (LONG),+0.0000
2026-04-11 23:24:18,intraday,GDX,LONG,27,99.43,entry (LONG),+0.0000
2026-04-11 23:25:29,intraday,EWH,LONG,322,23.88,entry (LONG),+0.0000
2026-04-11 23:25:31,intraday,SMH,LONG,8,436.98,entry (LONG),+0.0000
2026-04-11 23:25:32,intraday,GDX,LONG,27,99.43,entry (LONG),+0.0000
2026-04-11 23:25:33,swing,CIBR,SHORT,70,60.74,entry (SHORT),+0.0000
2026-04-11 23:25:36,swing,USMV,SHORT,152,92.75,entry (SHORT),+0.0000
2026-04-11 23:25:38,swing,EWY,SHORT,20,138.73,entry (SHORT),+0.0000
2026-04-11 23:25:45,swing,IBIT,SHORT,94,41.56,entry (SHORT),+0.0000
2026-04-11 23:26:46,intraday,EWH,LONG,322,23.88,entry (LONG),+0.0000
2026-04-11 23:26:48,intraday,SMH,LONG,8,436.98,entry (LONG),+0.0000
2026-04-11 23:26:49,intraday,GDX,LONG,27,99.43,entry (LONG),+0.0000
2026-04-11 23:27:55,intraday,EWH,LONG,322,23.88,entry (LONG),+0.0000
2026-04-11 23:27:57,intraday,SMH,LONG,8,436.98,entry (LONG),+0.0000
2026-04-11 23:27:58,intraday,GDX,LONG,27,99.43,entry (LONG),+0.0000
2026-04-11 23:29:03,intraday,EWH,LONG,322,23.88,entry (LONG),+0.0000
2026-04-11 23:29:04,intraday,SMH,LONG,8,436.98,entry (LONG),+0.0000
2026-04-11 23:29:05,intraday,GDX,LONG,27,99.43,entry (LONG),+0.0000
2026-04-11 23:30:10,intraday,EWH,LONG,322,23.88,entry (LONG),+0.0000
2026-04-11 23:30:12,intraday,SMH,LONG,8,436.98,entry (LONG),+0.0000
2026-04-11 23:30:13,intraday,GDX,LONG,27,99.43,entry (LONG),+0.0000
2026-04-11 23:31:18,intraday,EWH,LONG,322,23.88,entry (LONG),+0.0000
2026-04-11 23:31:20,intraday,SMH,LONG,8,436.98,entry (LONG),+0.0000
2026-04-11 23:31:21,intraday,GDX,LONG,27,99.43,entry (LONG),+0.0000
2026-04-11 23:31:59,swing,CIBR,SHORT,70,60.74,entry (SHORT),+0.0000
2026-04-11 23:32:01,swing,USMV,SHORT,152,92.75,entry (SHORT),+0.0000
2026-04-11 23:32:03,swing,EWY,SHORT,20,138.73,entry (SHORT),+0.0000
2026-04-11 23:32:08,swing,IBIT,SHORT,94,41.56,entry (SHORT),+0.0000
2026-04-11 23:32:26,intraday,EWH,LONG,322,23.88,entry (LONG),+0.0000
2026-04-11 23:32:28,intraday,SMH,LONG,8,436.98,entry (LONG),+0.0000
2026-04-11 23:32:29,intraday,GDX,LONG,27,99.43,entry (LONG),+0.0000
2026-04-11 23:33:34,intraday,EWH,LONG,322,23.88,entry (LONG),+0.0000
2026-04-11 23:33:36,intraday,SMH,LONG,8,436.98,entry (LONG),+0.0000
2026-04-11 23:33:37,intraday,GDX,LONG,27,99.43,entry (LONG),+0.0000
2026-04-11 23:34:41,intraday,EWH,LONG,322,23.88,entry (LONG),+0.0000
2026-04-11 23:34:45,intraday,SMH,LONG,8,436.98,entry (LONG),+0.0000
2026-04-11 23:34:46,intraday,GDX,LONG,27,99.43,entry (LONG),+0.0000
2026-04-11 23:36:05,intraday,EWH,LONG,322,23.88,entry (LONG),+0.0000
2026-04-11 23:36:06,intraday,SMH,LONG,8,436.98,entry (LONG),+0.0000
2026-04-11 23:36:08,intraday,GDX,LONG,27,99.43,entry (LONG),+0.0000
2026-04-11 23:37:13,intraday,EWH,LONG,322,23.88,entry (LONG),+0.0000
2026-04-11 23:37:15,intraday,SMH,LONG,8,436.98,entry (LONG),+0.0000
2026-04-11 23:37:16,intraday,GDX,LONG,27,99.43,entry (LONG),+0.0000
2026-04-11 23:37:26,swing,CIBR,SHORT,70,60.74,entry (SHORT),+0.0000
2026-04-11 23:37:28,swing,USMV,SHORT,152,92.75,entry (SHORT),+0.0000
2026-04-11 23:37:30,swing,EWY,SHORT,20,138.73,entry (SHORT),+0.0000
2026-04-11 23:37:36,swing,IBIT,SHORT,94,41.56,entry (SHORT),+0.0000
2026-04-11 23:38:21,intraday,EWH,LONG,322,23.88,entry (LONG),+0.0000
2026-04-11 23:38:22,intraday,SMH,LONG,8,436.98,entry (LONG),+0.0000
2026-04-11 23:38:23,intraday,GDX,LONG,27,99.43,entry (LONG),+0.0000
2026-04-11 23:39:29,intraday,EWH,LONG,322,23.88,entry (LONG),+0.0000
2026-04-11 23:39:31,intraday,SMH,LONG,8,436.98,entry (LONG),+0.0000
2026-04-11 23:39:32,intraday,GDX,LONG,27,99.43,entry (LONG),+0.0000
2026-04-11 23:40:37,intraday,EWH,LONG,322,23.88,entry (LONG),+0.0000
2026-04-11 23:40:39,intraday,SMH,LONG,8,436.98,entry (LONG),+0.0000
2026-04-11 23:40:40,intraday,GDX,LONG,27,99.43,entry (LONG),+0.0000
2026-04-11 23:41:45,intraday,EWH,LONG,322,23.88,entry (LONG),+0.0000
2026-04-11 23:41:47,intraday,SMH,LONG,8,436.98,entry (LONG),+0.0000
2026-04-11 23:41:48,intraday,GDX,LONG,27,99.43,entry (LONG),+0.0000
2026-04-11 23:42:53,intraday,EWH,LONG,322,23.88,entry (LONG),+0.0000
2026-04-11 23:42:54,swing,CIBR,SHORT,70,60.74,entry (SHORT),+0.0000
2026-04-11 23:42:55,intraday,SMH,LONG,8,436.98,entry (LONG),+0.0000
2026-04-11 23:42:56,swing,USMV,SHORT,152,92.75,entry (SHORT),+0.0000
2026-04-11 23:42:57,intraday,GDX,LONG,27,99.43,entry (LONG),+0.0000
2026-04-11 23:42:59,swing,EWY,SHORT,20,138.73,entry (SHORT),+0.0000
2026-04-11 23:43:04,swing,IBIT,SHORT,94,41.56,entry (SHORT),+0.0000
2026-04-11 23:44:02,intraday,EWH,LONG,322,23.88,entry (LONG),+0.0000
2026-04-11 23:44:04,intraday,SMH,LONG,8,436.98,entry (LONG),+0.0000
2026-04-11 23:44:06,intraday,GDX,LONG,27,99.43,entry (LONG),+0.0000
2026-04-11 23:45:11,intraday,EWH,LONG,322,23.88,entry (LONG),+0.0000
2026-04-11 23:45:13,intraday,SMH,LONG,8,436.98,entry (LONG),+0.0000
2026-04-11 23:45:14,intraday,GDX,LONG,27,99.43,entry (LONG),+0.0000
2026-04-11 23:46:19,intraday,EWH,LONG,322,23.88,entry (LONG),+0.0000
2026-04-11 23:46:22,intraday,SMH,LONG,8,436.98,entry (LONG),+0.0000
2026-04-11 23:46:23,intraday,GDX,LONG,27,99.43,entry (LONG),+0.0000
2026-04-11 23:47:29,intraday,EWH,LONG,322,23.88,entry (LONG),+0.0000
2026-04-11 23:47:31,intraday,SMH,LONG,8,436.98,entry (LONG),+0.0000
2026-04-11 23:47:32,intraday,GDX,LONG,27,99.43,entry (LONG),+0.0000
2026-04-11 23:48:20,swing,CIBR,SHORT,70,60.74,entry (SHORT),+0.0000
2026-04-11 23:48:22,swing,USMV,SHORT,152,92.75,entry (SHORT),+0.0000
2026-04-11 23:48:25,swing,EWY,SHORT,20,138.73,entry (SHORT),+0.0000
2026-04-11 23:48:30,swing,IBIT,SHORT,94,41.56,entry (SHORT),+0.0000
2026-04-11 23:48:38,intraday,EWH,LONG,322,23.88,entry (LONG),+0.0000
2026-04-11 23:48:40,intraday,SMH,LONG,8,436.98,entry (LONG),+0.0000
2026-04-11 23:48:41,intraday,GDX,LONG,27,99.43,entry (LONG),+0.0000
2026-04-11 23:49:47,intraday,EWH,LONG,322,23.88,entry (LONG),+0.0000
2026-04-11 23:49:48,intraday,SMH,LONG,8,436.98,entry (LONG),+0.0000
2026-04-11 23:49:50,intraday,GDX,LONG,27,99.43,entry (LONG),+0.0000
2026-04-11 23:50:56,intraday,EWH,LONG,322,23.88,entry (LONG),+0.0000
2026-04-11 23:50:59,intraday,SMH,LONG,8,436.98,entry (LONG),+0.0000
2026-04-11 23:51:00,intraday,GDX,LONG,27,99.43,entry (LONG),+0.0000
2026-04-11 23:52:06,intraday,EWH,LONG,322,23.88,entry (LONG),+0.0000
2026-04-11 23:52:08,intraday,SMH,LONG,8,436.98,entry (LONG),+0.0000
2026-04-11 23:52:10,intraday,GDX,LONG,27,99.43,entry (LONG),+0.0000
2026-04-11 23:53:22,intraday,EWH,LONG,322,23.88,entry (LONG),+0.0000
2026-04-11 23:53:24,intraday,SMH,LONG,8,436.98,entry (LONG),+0.0000
2026-04-11 23:53:25,intraday,GDX,LONG,27,99.43,entry (LONG),+0.0000
2026-04-11 23:53:48,swing,CIBR,SHORT,70,60.74,entry (SHORT),+0.0000
2026-04-11 23:53:51,swing,USMV,SHORT,152,92.75,entry (SHORT),+0.0000
2026-04-11 23:53:53,swing,EWY,SHORT,20,138.73,entry (SHORT),+0.0000
2026-04-11 23:54:00,swing,IBIT,SHORT,94,41.56,entry (SHORT),+0.0000
2026-04-11 23:54:30,intraday,EWH,LONG,322,23.88,entry (LONG),+0.0000
2026-04-11 23:54:32,intraday,SMH,LONG,8,436.98,entry (LONG),+0.0000
2026-04-11 23:54:33,intraday,GDX,LONG,27,99.43,entry (LONG),+0.0000
2026-04-11 23:55:38,intraday,EWH,LONG,322,23.88,entry (LONG),+0.0000
2026-04-11 23:55:40,intraday,SMH,LONG,8,436.98,entry (LONG),+0.0000
2026-04-11 23:55:41,intraday,GDX,LONG,27,99.43,entry (LONG),+0.0000
2026-04-11 23:56:47,intraday,EWH,LONG,322,23.88,entry (LONG),+0.0000
2026-04-11 23:56:49,intraday,SMH,LONG,8,436.98,entry (LONG),+0.0000
2026-04-11 23:56:50,intraday,GDX,LONG,27,99.43,entry (LONG),+0.0000
2026-04-11 23:57:57,intraday,EWH,LONG,322,23.88,entry (LONG),+0.0000
2026-04-11 23:57:59,intraday,SMH,LONG,8,436.98,entry (LONG),+0.0000
2026-04-11 23:58:00,intraday,GDX,LONG,27,99.43,entry (LONG),+0.0000
2026-04-11 23:59:06,intraday,EWH,LONG,322,23.88,entry (LONG),+0.0000
2026-04-11 23:59:08,intraday,SMH,LONG,8,436.98,entry (LONG),+0.0000
2026-04-11 23:59:10,intraday,GDX,LONG,27,99.43,entry (LONG),+0.0000
2026-04-11 23:59:17,swing,CIBR,SHORT,70,60.74,entry (SHORT),+0.0000
2026-04-11 23:59:19,swing,USMV,SHORT,152,92.75,entry (SHORT),+0.0000
2026-04-11 23:59:21,swing,EWY,SHORT,20,138.73,entry (SHORT),+0.0000
2026-04-11 23:59:26,swing,IBIT,SHORT,94,41.56,entry (SHORT),+0.0000
