{"mean": {"rsi14": 0.5405664420973294, "ret5": 0.00036572511632350797, "ret10": 0.000728021627118947, "wk_ret": 0.00036572511632350797, "mo_ret": 0.0015284150840866241, "vol20": 0.1758136333884025, "log_dollar_vol": 7.695266195776948, "vix": 16.483664647577097, "vix_chg": -6.09849025621658e-05, "vol_imbalance": 0.06187931007545867, "vwap_ratio": 1.000145473818965, "dv_accel": -0.0025969666801768806, "spread_proxy": 0.0014683325912748884}, "std": {"rsi14": 0.13113656915815178, "ret5": 0.004249791854808027, "ret10": 0.006069789177719324, "wk_ret": 0.004249791854808027, "mo_ret": 0.008225454808556, "vol20": 0.17635704453610535, "log_dollar_vol": 0.3984355719872063, "vix": 2.479053650448365, "vix_chg": 0.00806682661436303, "vol_imbalance": 0.5875512070187697, "vwap_ratio": 0.0016535857691016165, "dv_accel": 0.26781742493952315, "spread_proxy": 0.0014682620477154825}}