{"mean": {"rsi14": 0.49145275980045316, "ret5": -0.00017494698613574645, "ret10": -0.0003526604423758468, "wk_ret": -0.00017494698613574645, "mo_ret": -0.0007422968069035118, "vol20": 0.17453972646036206, "log_dollar_vol": 6.700799115185562, "vix": 16.48423850179014, "vix_chg": -6.100169818391247e-05, "vol_imbalance": 0.018471764701134874, "vwap_ratio": 0.9999658331420738, "dv_accel": -0.00025235622096595665, "spread_proxy": 0.001614348605369777}, "std": {"rsi14": 0.14036013738888564, "ret5": 0.0037631495186620976, "ret10": 0.005630942500781135, "wk_ret": 0.0037631495186620976, "mo_ret": 0.008621798322554892, "vol20": 0.1312292422159057, "log_dollar_vol": 0.3791369532227241, "vix": 2.4792491681690785, "vix_chg": 0.008067937607478358, "vol_imbalance": 0.6487797915881006, "vwap_ratio": 0.0019475777524380123, "dv_accel": 0.2569875688254514, "spread_proxy": 0.0012141143872099517}}