{"mean": {"rsi14": 0.5320907121345397, "ret5": 0.003467857773781058, "ret10": 0.0060484539819296475, "wk_ret": 0.003467857773781058, "mo_ret": 0.010740189430134304, "vol20": 0.26509648785793155, "log_dollar_vol": 8.4954371861844, "vix": 19.204827624110273, "vix_chg": 0.002799886280541109, "vol_imbalance": 0.08964516652372809, "vwap_ratio": 1.0020685300568197, "dv_accel": 0.00022266857332282975, "spread_proxy": 0.01995953277191194}, "std": {"rsi14": 0.11677349804203627, "ret5": 0.039787888341065135, "ret10": 0.05196002393877587, "wk_ret": 0.039787888341065135, "mo_ret": 0.07069759533819912, "vol20": 0.10201648093238361, "log_dollar_vol": 0.21694056559802596, "vix": 5.807086872262306, "vix_chg": 0.07913256271509442, "vol_imbalance": 0.6326439444024029, "vwap_ratio": 0.01995245412571601, "dv_accel": 0.16302265569464958, "spread_proxy": 0.010978720107452237}}