{"mean": {"rsi14": 0.5145395578022026, "ret5": 0.00016056715747572587, "ret10": 0.0003184286214936586, "wk_ret": 0.00016056715747572587, "mo_ret": 0.0006609974110034892, "vol20": 0.14441770231965884, "log_dollar_vol": 7.979398605428439, "vix": 16.483681893230603, "vix_chg": -6.095133904947336e-05, "vol_imbalance": 0.01635983287119059, "vwap_ratio": 1.0000960549859776, "dv_accel": -0.0020170727793510476, "spread_proxy": 0.0014434555147030043}, "std": {"rsi14": 0.12516244224643644, "ret5": 0.0025786406836375195, "ret10": 0.0036642060094891887, "wk_ret": 0.0025786406836375195, "mo_ret": 0.005512352695170044, "vol20": 0.09024910353496138, "log_dollar_vol": 0.2871703694275706, "vix": 2.478437400970236, "vix_chg": 0.008064606004338538, "vol_imbalance": 0.6382647477296393, "vwap_ratio": 0.0013244194344140601, "dv_accel": 0.21337303618540376, "spread_proxy": 0.0009474746295865059}}