{"mean": {"rsi14": 0.5184240335149246, "ret5": 0.0026831086286437872, "ret10": 0.005430381409449364, "wk_ret": 0.0026831086286437872, "mo_ret": 0.010905611090186736, "vol20": 0.20607866304159297, "log_dollar_vol": 9.77457511499031, "vix": 16.78506194690266, "vix_chg": 0.0031755772819106664, "vol_imbalance": 0.020676943870015386, "vwap_ratio": 1.001085051979402, "dv_accel": 0.0023942021771789553, "spread_proxy": 0.01618651284914384}, "std": {"rsi14": 0.11074444215237489, "ret5": 0.030033719476151414, "ret10": 0.04120495587128615, "wk_ret": 0.030033719476151414, "mo_ret": 0.05638221324481719, "vol20": 0.06888497543365009, "log_dollar_vol": 0.14923484770140122, "vix": 4.608664042902257, "vix_chg": 0.08456986602917317, "vol_imbalance": 0.6030542039475246, "vwap_ratio": 0.014464192629110846, "dv_accel": 0.12993265285402059, "spread_proxy": 0.008935638907486774}}