{"mean": {"rsi14": 0.517187428197345, "ret5": 6.270540836708475e-05, "ret10": 0.00012392895334832277, "wk_ret": 6.270540836708475e-05, "mo_ret": 0.00023186208287462198, "vol20": 0.13275516896493764, "log_dollar_vol": 8.304924130359598, "vix": 16.480809750630428, "vix_chg": -6.206140826724186e-05, "vol_imbalance": 0.030685865185336943, "vwap_ratio": 1.0000582510894807, "dv_accel": -0.016759040365024073, "spread_proxy": 0.0012607611206713752}, "std": {"rsi14": 0.1271773680780214, "ret5": 0.002653160284605621, "ret10": 0.0037886219389622546, "wk_ret": 0.002653160284605621, "mo_ret": 0.005640495263296504, "vol20": 0.09654964856199236, "log_dollar_vol": 0.3656725348921328, "vix": 2.483956816967559, "vix_chg": 0.00813772866106641, "vol_imbalance": 0.610996952343209, "vwap_ratio": 0.001303691121350391, "dv_accel": 0.35925479159888785, "spread_proxy": 0.0009432200757507993}}