{"mean": {"rsi14": 0.5549865326095228, "ret5": 0.0011358536095795449, "ret10": 0.002258696718188413, "wk_ret": 0.0011358536095795449, "mo_ret": 0.004777890829391536, "vol20": 0.4774178719897386, "log_dollar_vol": 7.6592849806316625, "vix": 16.483538800220146, "vix_chg": -6.095133904947336e-05, "vol_imbalance": 0.0881068583375326, "vwap_ratio": 1.0004086655476607, "dv_accel": -0.004328017922095928, "spread_proxy": 0.0038039809384837766}, "std": {"rsi14": 0.14703333331893442, "ret5": 0.010455239545033508, "ret10": 0.014951912352331408, "wk_ret": 0.010455239545033508, "mo_ret": 0.021659521609393183, "vol20": 0.4235501495349323, "log_dollar_vol": 0.4902846792560915, "vix": 2.47845146968708, "vix_chg": 0.008064606004338538, "vol_imbalance": 0.5868950416240287, "vwap_ratio": 0.0034331479049680698, "dv_accel": 0.25899151737910847, "spread_proxy": 0.0028280925392088177}}