{"mean": {"rsi14": 0.5770821753662237, "ret5": 0.004193290722958185, "ret10": 0.008377700944859923, "wk_ret": 0.004193290722958185, "mo_ret": 0.017778427693150328, "vol20": 0.13949741552865416, "log_dollar_vol": 10.501017072550507, "vix": 16.78506194690266, "vix_chg": 0.0031755772819106664, "vol_imbalance": 0.12950655368454234, "vwap_ratio": 1.0024256175701027, "dv_accel": 0.0014902398755585963, "spread_proxy": 0.010420562482317479}, "std": {"rsi14": 0.11773359042109742, "ret5": 0.020797990657956664, "ret10": 0.027991768660594923, "wk_ret": 0.020797990657956664, "mo_ret": 0.038748652145014016, "vol20": 0.08172681134719624, "log_dollar_vol": 0.13874595258551878, "vix": 4.608664042902257, "vix_chg": 0.08456986602917317, "vol_imbalance": 0.6156571987936643, "vwap_ratio": 0.01060190629464977, "dv_accel": 0.1079511277546001, "spread_proxy": 0.007765518389706144}}