{"mean": {"rsi14": 0.520212054154708, "ret5": 0.002189174534439204, "ret10": 0.00398914068222073, "wk_ret": 0.002189174534439204, "mo_ret": 0.009017603754201763, "vol20": 0.2518327755810064, "log_dollar_vol": 9.170894275353948, "vix": 19.204827624110273, "vix_chg": 0.002799886280541109, "vol_imbalance": 0.03689487049057479, "vwap_ratio": 1.0014270298830776, "dv_accel": -0.004510842242806671, "spread_proxy": 0.02061201438968828}, "std": {"rsi14": 0.11239079051720954, "ret5": 0.038771345567589335, "ret10": 0.05263547132889834, "wk_ret": 0.038771345567589335, "mo_ret": 0.07237126883861926, "vol20": 0.10276016624759719, "log_dollar_vol": 0.14722972154554959, "vix": 5.807086872262306, "vix_chg": 0.07913256271509442, "vol_imbalance": 0.6049166277565596, "vwap_ratio": 0.01934071546661699, "dv_accel": 0.11504346722828576, "spread_proxy": 0.010612434619911385}}